[
    {
        "org_ppa_guid": "2722039995",
        "contract_internal_id": "1_2022_06",
        "internal_id": "1_2022_06",
        "fias": "",
        "address": "Сибирская,32 ТСЖ\"Сибирская,32",
        "room_number": "",
        "gis_premises_id": "",
        "gis_block_id": "",
        "gis_room_id": "",
        "gis_account_id": "",
        "account_number": "1",
        "gis_account_service_id": "",
        "gis_account_unified_number": "",
        "total_square": "",
        "residential_square": "",
        "living_person_number": "",
        "timezone": "",
        "account_identifier": "1_2022_06_2022_06",
        "not_residential": ""
    },
    {
        "org_ppa_guid": "2722039995",
        "contract_internal_id": "10_2022_06",
        "internal_id": "10_2022_06",
        "fias": "",
        "address": "Сибирская,32 ТСЖ\"Сибирская,32",
        "room_number": "",
        "gis_premises_id": "",
        "gis_block_id": "",
        "gis_room_id": "",
        "gis_account_id": "",
        "account_number": "10",
        "gis_account_service_id": "",
        "gis_account_unified_number": "",
        "total_square": "",
        "residential_square": "",
        "living_person_number": "",
        "timezone": "",
        "account_identifier": "10_2022_06_2022_06",
        "not_residential": ""
    },
    {
        "org_ppa_guid": "2722039995",
        "contract_internal_id": "11_2022_06",
        "internal_id": "11_2022_06",
        "fias": "",
        "address": "Сибирская,32 ТСЖ\"Сибирская,32",
        "room_number": "",
        "gis_premises_id": "",
        "gis_block_id": "",
        "gis_room_id": "",
        "gis_account_id": "",
        "account_number": "11",
        "gis_account_service_id": "",
        "gis_account_unified_number": "",
        "total_square": "",
        "residential_square": "",
        "living_person_number": "",
        "timezone": "",
        "account_identifier": "11_2022_06_2022_06",
        "not_residential": ""
    },
    {
        "org_ppa_guid": "2722039995",
        "contract_internal_id": "12_2022_06",
        "internal_id": "12_2022_06",
        "fias": "",
        "address": "Сибирская,32 ТСЖ\"Сибирская,32",
        "room_number": "",
        "gis_premises_id": "",
        "gis_block_id": "",
        "gis_room_id": "",
        "gis_account_id": "",
        "account_number": "12",
        "gis_account_service_id": "",
        "gis_account_unified_number": "",
        "total_square": "",
        "residential_square": "",
        "living_person_number": "",
        "timezone": "",
        "account_identifier": "12_2022_06_2022_06",
        "not_residential": ""
    },
    {
        "org_ppa_guid": "2722039995",
        "contract_internal_id": "13_2022_06",
        "internal_id": "13_2022_06",
        "fias": "",
        "address": "Сибирская,32 ТСЖ\"Сибирская,32",
        "room_number": "",
        "gis_premises_id": "",
        "gis_block_id": "",
        "gis_room_id": "",
        "gis_account_id": "",
        "account_number": "13",
        "gis_account_service_id": "",
        "gis_account_unified_number": "",
        "total_square": "",
        "residential_square": "",
        "living_person_number": "",
        "timezone": "",
        "account_identifier": "13_2022_06_2022_06",
        "not_residential": ""
    },
    {
        "org_ppa_guid": "2722039995",
        "contract_internal_id": "14_2022_06",
        "internal_id": "14_2022_06",
        "fias": "",
        "address": "Сибирская,32 ТСЖ\"Сибирская,32",
        "room_number": "",
        "gis_premises_id": "",
        "gis_block_id": "",
        "gis_room_id": "",
        "gis_account_id": "",
        "account_number": "14",
        "gis_account_service_id": "",
        "gis_account_unified_number": "",
        "total_square": "",
        "residential_square": "",
        "living_person_number": "",
        "timezone": "",
        "account_identifier": "14_2022_06_2022_06",
        "not_residential": ""
    },
    {
        "org_ppa_guid": "2722039995",
        "contract_internal_id": "15_2022_06",
        "internal_id": "15_2022_06",
        "fias": "",
        "address": "Сибирская,32 ТСЖ\"Сибирская,32",
        "room_number": "",
        "gis_premises_id": "",
        "gis_block_id": "",
        "gis_room_id": "",
        "gis_account_id": "",
        "account_number": "15",
        "gis_account_service_id": "",
        "gis_account_unified_number": "",
        "total_square": "",
        "residential_square": "",
        "living_person_number": "",
        "timezone": "",
        "account_identifier": "15_2022_06_2022_06",
        "not_residential": ""
    },
    {
        "org_ppa_guid": "2722039995",
        "contract_internal_id": "16_2022_06",
        "internal_id": "16_2022_06",
        "fias": "",
        "address": "Сибирская,32 ТСЖ\"Сибирская,32",
        "room_number": "",
        "gis_premises_id": "",
        "gis_block_id": "",
        "gis_room_id": "",
        "gis_account_id": "",
        "account_number": "16",
        "gis_account_service_id": "",
        "gis_account_unified_number": "",
        "total_square": "",
        "residential_square": "",
        "living_person_number": "",
        "timezone": "",
        "account_identifier": "16_2022_06_2022_06",
        "not_residential": ""
    },
    {
        "org_ppa_guid": "2722039995",
        "contract_internal_id": "17_2022_06",
        "internal_id": "17_2022_06",
        "fias": "",
        "address": "Сибирская,32 ТСЖ\"Сибирская,32",
        "room_number": "",
        "gis_premises_id": "",
        "gis_block_id": "",
        "gis_room_id": "",
        "gis_account_id": "",
        "account_number": "17",
        "gis_account_service_id": "",
        "gis_account_unified_number": "",
        "total_square": "",
        "residential_square": "",
        "living_person_number": "",
        "timezone": "",
        "account_identifier": "17_2022_06_2022_06",
        "not_residential": ""
    },
    {
        "org_ppa_guid": "2722039995",
        "contract_internal_id": "18_2022_06",
        "internal_id": "18_2022_06",
        "fias": "",
        "address": "Сибирская,32 ТСЖ\"Сибирская,32",
        "room_number": "",
        "gis_premises_id": "",
        "gis_block_id": "",
        "gis_room_id": "",
        "gis_account_id": "",
        "account_number": "18",
        "gis_account_service_id": "",
        "gis_account_unified_number": "",
        "total_square": "",
        "residential_square": "",
        "living_person_number": "",
        "timezone": "",
        "account_identifier": "18_2022_06_2022_06",
        "not_residential": ""
    },
    {
        "org_ppa_guid": "2722039995",
        "contract_internal_id": "19_2022_06",
        "internal_id": "19_2022_06",
        "fias": "",
        "address": "Сибирская,32 ТСЖ\"Сибирская,32",
        "room_number": "",
        "gis_premises_id": "",
        "gis_block_id": "",
        "gis_room_id": "",
        "gis_account_id": "",
        "account_number": "19",
        "gis_account_service_id": "",
        "gis_account_unified_number": "",
        "total_square": "",
        "residential_square": "",
        "living_person_number": "",
        "timezone": "",
        "account_identifier": "19_2022_06_2022_06",
        "not_residential": ""
    },
    {
        "org_ppa_guid": "2722039995",
        "contract_internal_id": "2_2022_06",
        "internal_id": "2_2022_06",
        "fias": "",
        "address": "Сибирская,32 ТСЖ\"Сибирская,32",
        "room_number": "",
        "gis_premises_id": "",
        "gis_block_id": "",
        "gis_room_id": "",
        "gis_account_id": "",
        "account_number": "2",
        "gis_account_service_id": "",
        "gis_account_unified_number": "",
        "total_square": "",
        "residential_square": "",
        "living_person_number": "",
        "timezone": "",
        "account_identifier": "2_2022_06_2022_06",
        "not_residential": ""
    },
    {
        "org_ppa_guid": "2722039995",
        "contract_internal_id": "20_2022_06",
        "internal_id": "20_2022_06",
        "fias": "",
        "address": "Сибирская,32 ТСЖ\"Сибирская,32",
        "room_number": "",
        "gis_premises_id": "",
        "gis_block_id": "",
        "gis_room_id": "",
        "gis_account_id": "",
        "account_number": "20",
        "gis_account_service_id": "",
        "gis_account_unified_number": "",
        "total_square": "",
        "residential_square": "",
        "living_person_number": "",
        "timezone": "",
        "account_identifier": "20_2022_06_2022_06",
        "not_residential": ""
    },
    {
        "org_ppa_guid": "2722039995",
        "contract_internal_id": "21_2022_06",
        "internal_id": "21_2022_06",
        "fias": "",
        "address": "Сибирская,32 ТСЖ\"Сибирская,32",
        "room_number": "",
        "gis_premises_id": "",
        "gis_block_id": "",
        "gis_room_id": "",
        "gis_account_id": "",
        "account_number": "21",
        "gis_account_service_id": "",
        "gis_account_unified_number": "",
        "total_square": "",
        "residential_square": "",
        "living_person_number": "",
        "timezone": "",
        "account_identifier": "21_2022_06_2022_06",
        "not_residential": ""
    },
    {
        "org_ppa_guid": "2722039995",
        "contract_internal_id": "22_2022_06",
        "internal_id": "22_2022_06",
        "fias": "",
        "address": "Сибирская,32 ТСЖ\"Сибирская,32",
        "room_number": "",
        "gis_premises_id": "",
        "gis_block_id": "",
        "gis_room_id": "",
        "gis_account_id": "",
        "account_number": "22",
        "gis_account_service_id": "",
        "gis_account_unified_number": "",
        "total_square": "",
        "residential_square": "",
        "living_person_number": "",
        "timezone": "",
        "account_identifier": "22_2022_06_2022_06",
        "not_residential": ""
    },
    {
        "org_ppa_guid": "2722039995",
        "contract_internal_id": "23_2022_06",
        "internal_id": "23_2022_06",
        "fias": "",
        "address": "Сибирская,32 ТСЖ\"Сибирская,32",
        "room_number": "",
        "gis_premises_id": "",
        "gis_block_id": "",
        "gis_room_id": "",
        "gis_account_id": "",
        "account_number": "23",
        "gis_account_service_id": "",
        "gis_account_unified_number": "",
        "total_square": "",
        "residential_square": "",
        "living_person_number": "",
        "timezone": "",
        "account_identifier": "23_2022_06_2022_06",
        "not_residential": ""
    },
    {
        "org_ppa_guid": "2722039995",
        "contract_internal_id": "24_2022_06",
        "internal_id": "24_2022_06",
        "fias": "",
        "address": "Сибирская,32 ТСЖ\"Сибирская,32",
        "room_number": "",
        "gis_premises_id": "",
        "gis_block_id": "",
        "gis_room_id": "",
        "gis_account_id": "",
        "account_number": "24",
        "gis_account_service_id": "",
        "gis_account_unified_number": "",
        "total_square": "",
        "residential_square": "",
        "living_person_number": "",
        "timezone": "",
        "account_identifier": "24_2022_06_2022_06",
        "not_residential": ""
    },
    {
        "org_ppa_guid": "2722039995",
        "contract_internal_id": "25_2022_06",
        "internal_id": "25_2022_06",
        "fias": "",
        "address": "Сибирская,32 ТСЖ\"Сибирская,32",
        "room_number": "",
        "gis_premises_id": "",
        "gis_block_id": "",
        "gis_room_id": "",
        "gis_account_id": "",
        "account_number": "25",
        "gis_account_service_id": "",
        "gis_account_unified_number": "",
        "total_square": "",
        "residential_square": "",
        "living_person_number": "",
        "timezone": "",
        "account_identifier": "25_2022_06_2022_06",
        "not_residential": ""
    },
    {
        "org_ppa_guid": "2722039995",
        "contract_internal_id": "26_2022_06",
        "internal_id": "26_2022_06",
        "fias": "",
        "address": "Сибирская,32 ТСЖ\"Сибирская,32",
        "room_number": "",
        "gis_premises_id": "",
        "gis_block_id": "",
        "gis_room_id": "",
        "gis_account_id": "",
        "account_number": "26",
        "gis_account_service_id": "",
        "gis_account_unified_number": "",
        "total_square": "",
        "residential_square": "",
        "living_person_number": "",
        "timezone": "",
        "account_identifier": "26_2022_06_2022_06",
        "not_residential": ""
    },
    {
        "org_ppa_guid": "2722039995",
        "contract_internal_id": "27_2022_06",
        "internal_id": "27_2022_06",
        "fias": "",
        "address": "Сибирская,32 ТСЖ\"Сибирская,32",
        "room_number": "",
        "gis_premises_id": "",
        "gis_block_id": "",
        "gis_room_id": "",
        "gis_account_id": "",
        "account_number": "27",
        "gis_account_service_id": "",
        "gis_account_unified_number": "",
        "total_square": "",
        "residential_square": "",
        "living_person_number": "",
        "timezone": "",
        "account_identifier": "27_2022_06_2022_06",
        "not_residential": ""
    },
    {
        "org_ppa_guid": "2722039995",
        "contract_internal_id": "28_2022_06",
        "internal_id": "28_2022_06",
        "fias": "",
        "address": "Сибирская,32 ТСЖ\"Сибирская,32",
        "room_number": "",
        "gis_premises_id": "",
        "gis_block_id": "",
        "gis_room_id": "",
        "gis_account_id": "",
        "account_number": "28",
        "gis_account_service_id": "",
        "gis_account_unified_number": "",
        "total_square": "",
        "residential_square": "",
        "living_person_number": "",
        "timezone": "",
        "account_identifier": "28_2022_06_2022_06",
        "not_residential": ""
    },
    {
        "org_ppa_guid": "2722039995",
        "contract_internal_id": "29_2022_06",
        "internal_id": "29_2022_06",
        "fias": "",
        "address": "Сибирская,32 ТСЖ\"Сибирская,32",
        "room_number": "",
        "gis_premises_id": "",
        "gis_block_id": "",
        "gis_room_id": "",
        "gis_account_id": "",
        "account_number": "29",
        "gis_account_service_id": "",
        "gis_account_unified_number": "",
        "total_square": "",
        "residential_square": "",
        "living_person_number": "",
        "timezone": "",
        "account_identifier": "29_2022_06_2022_06",
        "not_residential": ""
    },
    {
        "org_ppa_guid": "2722039995",
        "contract_internal_id": "3_2022_06",
        "internal_id": "3_2022_06",
        "fias": "",
        "address": "Сибирская,32 ТСЖ\"Сибирская,32",
        "room_number": "",
        "gis_premises_id": "",
        "gis_block_id": "",
        "gis_room_id": "",
        "gis_account_id": "",
        "account_number": "3",
        "gis_account_service_id": "",
        "gis_account_unified_number": "",
        "total_square": "",
        "residential_square": "",
        "living_person_number": "",
        "timezone": "",
        "account_identifier": "3_2022_06_2022_06",
        "not_residential": ""
    },
    {
        "org_ppa_guid": "2722039995",
        "contract_internal_id": "30_2022_06",
        "internal_id": "30_2022_06",
        "fias": "",
        "address": "Сибирская,32 ТСЖ\"Сибирская,32",
        "room_number": "",
        "gis_premises_id": "",
        "gis_block_id": "",
        "gis_room_id": "",
        "gis_account_id": "",
        "account_number": "30",
        "gis_account_service_id": "",
        "gis_account_unified_number": "",
        "total_square": "",
        "residential_square": "",
        "living_person_number": "",
        "timezone": "",
        "account_identifier": "30_2022_06_2022_06",
        "not_residential": ""
    },
    {
        "org_ppa_guid": "2722039995",
        "contract_internal_id": "32_2022_06",
        "internal_id": "32_2022_06",
        "fias": "",
        "address": "Сибирская,32 ТСЖ\"Сибирская,32",
        "room_number": "",
        "gis_premises_id": "",
        "gis_block_id": "",
        "gis_room_id": "",
        "gis_account_id": "",
        "account_number": "32",
        "gis_account_service_id": "",
        "gis_account_unified_number": "",
        "total_square": "",
        "residential_square": "",
        "living_person_number": "",
        "timezone": "",
        "account_identifier": "32_2022_06_2022_06",
        "not_residential": ""
    },
    {
        "org_ppa_guid": "2722039995",
        "contract_internal_id": "33_2022_06",
        "internal_id": "33_2022_06",
        "fias": "",
        "address": "Сибирская,32 ТСЖ\"Сибирская,32",
        "room_number": "",
        "gis_premises_id": "",
        "gis_block_id": "",
        "gis_room_id": "",
        "gis_account_id": "",
        "account_number": "33",
        "gis_account_service_id": "",
        "gis_account_unified_number": "",
        "total_square": "",
        "residential_square": "",
        "living_person_number": "",
        "timezone": "",
        "account_identifier": "33_2022_06_2022_06",
        "not_residential": ""
    },
    {
        "org_ppa_guid": "2722039995",
        "contract_internal_id": "34_2022_06",
        "internal_id": "34_2022_06",
        "fias": "",
        "address": "Сибирская,32 ТСЖ\"Сибирская,32",
        "room_number": "",
        "gis_premises_id": "",
        "gis_block_id": "",
        "gis_room_id": "",
        "gis_account_id": "",
        "account_number": "34",
        "gis_account_service_id": "",
        "gis_account_unified_number": "",
        "total_square": "",
        "residential_square": "",
        "living_person_number": "",
        "timezone": "",
        "account_identifier": "34_2022_06_2022_06",
        "not_residential": ""
    },
    {
        "org_ppa_guid": "2722039995",
        "contract_internal_id": "35а_2022_06",
        "internal_id": "35а_2022_06",
        "fias": "",
        "address": "Сибирская,32 ТСЖ\"Сибирская,32",
        "room_number": "",
        "gis_premises_id": "",
        "gis_block_id": "",
        "gis_room_id": "",
        "gis_account_id": "",
        "account_number": "35а",
        "gis_account_service_id": "",
        "gis_account_unified_number": "",
        "total_square": "",
        "residential_square": "",
        "living_person_number": "",
        "timezone": "",
        "account_identifier": "35а_2022_06_2022_06",
        "not_residential": ""
    },
    {
        "org_ppa_guid": "2722039995",
        "contract_internal_id": "36_2022_06",
        "internal_id": "36_2022_06",
        "fias": "",
        "address": "Сибирская,32 ТСЖ\"Сибирская,32",
        "room_number": "",
        "gis_premises_id": "",
        "gis_block_id": "",
        "gis_room_id": "",
        "gis_account_id": "",
        "account_number": "36",
        "gis_account_service_id": "",
        "gis_account_unified_number": "",
        "total_square": "",
        "residential_square": "",
        "living_person_number": "",
        "timezone": "",
        "account_identifier": "36_2022_06_2022_06",
        "not_residential": ""
    },
    {
        "org_ppa_guid": "2722039995",
        "contract_internal_id": "37_2022_06",
        "internal_id": "37_2022_06",
        "fias": "",
        "address": "Сибирская,32 ТСЖ\"Сибирская,32",
        "room_number": "",
        "gis_premises_id": "",
        "gis_block_id": "",
        "gis_room_id": "",
        "gis_account_id": "",
        "account_number": "37",
        "gis_account_service_id": "",
        "gis_account_unified_number": "",
        "total_square": "",
        "residential_square": "",
        "living_person_number": "",
        "timezone": "",
        "account_identifier": "37_2022_06_2022_06",
        "not_residential": ""
    },
    {
        "org_ppa_guid": "2722039995",
        "contract_internal_id": "38_2022_06",
        "internal_id": "38_2022_06",
        "fias": "",
        "address": "Сибирская,32 ТСЖ\"Сибирская,32",
        "room_number": "",
        "gis_premises_id": "",
        "gis_block_id": "",
        "gis_room_id": "",
        "gis_account_id": "",
        "account_number": "38",
        "gis_account_service_id": "",
        "gis_account_unified_number": "",
        "total_square": "",
        "residential_square": "",
        "living_person_number": "",
        "timezone": "",
        "account_identifier": "38_2022_06_2022_06",
        "not_residential": ""
    },
    {
        "org_ppa_guid": "2722039995",
        "contract_internal_id": "39_2022_06",
        "internal_id": "39_2022_06",
        "fias": "",
        "address": "Сибирская,32 ТСЖ\"Сибирская,32",
        "room_number": "",
        "gis_premises_id": "",
        "gis_block_id": "",
        "gis_room_id": "",
        "gis_account_id": "",
        "account_number": "39",
        "gis_account_service_id": "",
        "gis_account_unified_number": "",
        "total_square": "",
        "residential_square": "",
        "living_person_number": "",
        "timezone": "",
        "account_identifier": "39_2022_06_2022_06",
        "not_residential": ""
    },
    {
        "org_ppa_guid": "2722039995",
        "contract_internal_id": "4_2022_06",
        "internal_id": "4_2022_06",
        "fias": "",
        "address": "Сибирская,32 ТСЖ\"Сибирская,32",
        "room_number": "",
        "gis_premises_id": "",
        "gis_block_id": "",
        "gis_room_id": "",
        "gis_account_id": "",
        "account_number": "4",
        "gis_account_service_id": "",
        "gis_account_unified_number": "",
        "total_square": "",
        "residential_square": "",
        "living_person_number": "",
        "timezone": "",
        "account_identifier": "4_2022_06_2022_06",
        "not_residential": ""
    },
    {
        "org_ppa_guid": "2722039995",
        "contract_internal_id": "40_2022_06",
        "internal_id": "40_2022_06",
        "fias": "",
        "address": "Сибирская,32 ТСЖ\"Сибирская,32",
        "room_number": "",
        "gis_premises_id": "",
        "gis_block_id": "",
        "gis_room_id": "",
        "gis_account_id": "",
        "account_number": "40",
        "gis_account_service_id": "",
        "gis_account_unified_number": "",
        "total_square": "",
        "residential_square": "",
        "living_person_number": "",
        "timezone": "",
        "account_identifier": "40_2022_06_2022_06",
        "not_residential": ""
    },
    {
        "org_ppa_guid": "2722039995",
        "contract_internal_id": "41_2022_06",
        "internal_id": "41_2022_06",
        "fias": "",
        "address": "Сибирская,32 ТСЖ\"Сибирская,32",
        "room_number": "",
        "gis_premises_id": "",
        "gis_block_id": "",
        "gis_room_id": "",
        "gis_account_id": "",
        "account_number": "41",
        "gis_account_service_id": "",
        "gis_account_unified_number": "",
        "total_square": "",
        "residential_square": "",
        "living_person_number": "",
        "timezone": "",
        "account_identifier": "41_2022_06_2022_06",
        "not_residential": ""
    },
    {
        "org_ppa_guid": "2722039995",
        "contract_internal_id": "42_2022_06",
        "internal_id": "42_2022_06",
        "fias": "",
        "address": "Сибирская,32 ТСЖ\"Сибирская,32",
        "room_number": "",
        "gis_premises_id": "",
        "gis_block_id": "",
        "gis_room_id": "",
        "gis_account_id": "",
        "account_number": "42",
        "gis_account_service_id": "",
        "gis_account_unified_number": "",
        "total_square": "",
        "residential_square": "",
        "living_person_number": "",
        "timezone": "",
        "account_identifier": "42_2022_06_2022_06",
        "not_residential": ""
    },
    {
        "org_ppa_guid": "2722039995",
        "contract_internal_id": "43_2022_06",
        "internal_id": "43_2022_06",
        "fias": "",
        "address": "Сибирская,32 ТСЖ\"Сибирская,32",
        "room_number": "",
        "gis_premises_id": "",
        "gis_block_id": "",
        "gis_room_id": "",
        "gis_account_id": "",
        "account_number": "43",
        "gis_account_service_id": "",
        "gis_account_unified_number": "",
        "total_square": "",
        "residential_square": "",
        "living_person_number": "",
        "timezone": "",
        "account_identifier": "43_2022_06_2022_06",
        "not_residential": ""
    },
    {
        "org_ppa_guid": "2722039995",
        "contract_internal_id": "44_2022_06",
        "internal_id": "44_2022_06",
        "fias": "",
        "address": "Сибирская,32 ТСЖ\"Сибирская,32",
        "room_number": "",
        "gis_premises_id": "",
        "gis_block_id": "",
        "gis_room_id": "",
        "gis_account_id": "",
        "account_number": "44",
        "gis_account_service_id": "",
        "gis_account_unified_number": "",
        "total_square": "",
        "residential_square": "",
        "living_person_number": "",
        "timezone": "",
        "account_identifier": "44_2022_06_2022_06",
        "not_residential": ""
    },
    {
        "org_ppa_guid": "2722039995",
        "contract_internal_id": "45_2022_06",
        "internal_id": "45_2022_06",
        "fias": "",
        "address": "Сибирская,32 ТСЖ\"Сибирская,32",
        "room_number": "",
        "gis_premises_id": "",
        "gis_block_id": "",
        "gis_room_id": "",
        "gis_account_id": "",
        "account_number": "45",
        "gis_account_service_id": "",
        "gis_account_unified_number": "",
        "total_square": "",
        "residential_square": "",
        "living_person_number": "",
        "timezone": "",
        "account_identifier": "45_2022_06_2022_06",
        "not_residential": ""
    },
    {
        "org_ppa_guid": "2722039995",
        "contract_internal_id": "47_2022_06",
        "internal_id": "47_2022_06",
        "fias": "",
        "address": "Сибирская,32 ТСЖ\"Сибирская,32",
        "room_number": "",
        "gis_premises_id": "",
        "gis_block_id": "",
        "gis_room_id": "",
        "gis_account_id": "",
        "account_number": "47",
        "gis_account_service_id": "",
        "gis_account_unified_number": "",
        "total_square": "",
        "residential_square": "",
        "living_person_number": "",
        "timezone": "",
        "account_identifier": "47_2022_06_2022_06",
        "not_residential": ""
    },
    {
        "org_ppa_guid": "2722039995",
        "contract_internal_id": "48_2022_06",
        "internal_id": "48_2022_06",
        "fias": "",
        "address": "Сибирская,32 ТСЖ\"Сибирская,32",
        "room_number": "",
        "gis_premises_id": "",
        "gis_block_id": "",
        "gis_room_id": "",
        "gis_account_id": "",
        "account_number": "48",
        "gis_account_service_id": "",
        "gis_account_unified_number": "",
        "total_square": "",
        "residential_square": "",
        "living_person_number": "",
        "timezone": "",
        "account_identifier": "48_2022_06_2022_06",
        "not_residential": ""
    },
    {
        "org_ppa_guid": "2722039995",
        "contract_internal_id": "49_2022_06",
        "internal_id": "49_2022_06",
        "fias": "",
        "address": "Сибирская,32 ТСЖ\"Сибирская,32",
        "room_number": "",
        "gis_premises_id": "",
        "gis_block_id": "",
        "gis_room_id": "",
        "gis_account_id": "",
        "account_number": "49",
        "gis_account_service_id": "",
        "gis_account_unified_number": "",
        "total_square": "",
        "residential_square": "",
        "living_person_number": "",
        "timezone": "",
        "account_identifier": "49_2022_06_2022_06",
        "not_residential": ""
    },
    {
        "org_ppa_guid": "2722039995",
        "contract_internal_id": "5_2022_06",
        "internal_id": "5_2022_06",
        "fias": "",
        "address": "Сибирская,32 ТСЖ\"Сибирская,32",
        "room_number": "",
        "gis_premises_id": "",
        "gis_block_id": "",
        "gis_room_id": "",
        "gis_account_id": "",
        "account_number": "5",
        "gis_account_service_id": "",
        "gis_account_unified_number": "",
        "total_square": "",
        "residential_square": "",
        "living_person_number": "",
        "timezone": "",
        "account_identifier": "5_2022_06_2022_06",
        "not_residential": ""
    },
    {
        "org_ppa_guid": "2722039995",
        "contract_internal_id": "50_2022_06",
        "internal_id": "50_2022_06",
        "fias": "",
        "address": "Сибирская,32 ТСЖ\"Сибирская,32",
        "room_number": "",
        "gis_premises_id": "",
        "gis_block_id": "",
        "gis_room_id": "",
        "gis_account_id": "",
        "account_number": "50",
        "gis_account_service_id": "",
        "gis_account_unified_number": "",
        "total_square": "",
        "residential_square": "",
        "living_person_number": "",
        "timezone": "",
        "account_identifier": "50_2022_06_2022_06",
        "not_residential": ""
    },
    {
        "org_ppa_guid": "2722039995",
        "contract_internal_id": "51_2022_06",
        "internal_id": "51_2022_06",
        "fias": "",
        "address": "Сибирская,32 ТСЖ\"Сибирская,32",
        "room_number": "",
        "gis_premises_id": "",
        "gis_block_id": "",
        "gis_room_id": "",
        "gis_account_id": "",
        "account_number": "51",
        "gis_account_service_id": "",
        "gis_account_unified_number": "",
        "total_square": "",
        "residential_square": "",
        "living_person_number": "",
        "timezone": "",
        "account_identifier": "51_2022_06_2022_06",
        "not_residential": ""
    },
    {
        "org_ppa_guid": "2722039995",
        "contract_internal_id": "52_2022_06",
        "internal_id": "52_2022_06",
        "fias": "",
        "address": "Сибирская,32 ТСЖ\"Сибирская,32",
        "room_number": "",
        "gis_premises_id": "",
        "gis_block_id": "",
        "gis_room_id": "",
        "gis_account_id": "",
        "account_number": "52",
        "gis_account_service_id": "",
        "gis_account_unified_number": "",
        "total_square": "",
        "residential_square": "",
        "living_person_number": "",
        "timezone": "",
        "account_identifier": "52_2022_06_2022_06",
        "not_residential": ""
    },
    {
        "org_ppa_guid": "2722039995",
        "contract_internal_id": "53_2022_06",
        "internal_id": "53_2022_06",
        "fias": "",
        "address": "Сибирская,32 ТСЖ\"Сибирская,32",
        "room_number": "",
        "gis_premises_id": "",
        "gis_block_id": "",
        "gis_room_id": "",
        "gis_account_id": "",
        "account_number": "53",
        "gis_account_service_id": "",
        "gis_account_unified_number": "",
        "total_square": "",
        "residential_square": "",
        "living_person_number": "",
        "timezone": "",
        "account_identifier": "53_2022_06_2022_06",
        "not_residential": ""
    },
    {
        "org_ppa_guid": "2722039995",
        "contract_internal_id": "54_2022_06",
        "internal_id": "54_2022_06",
        "fias": "",
        "address": "Сибирская,32 ТСЖ\"Сибирская,32",
        "room_number": "",
        "gis_premises_id": "",
        "gis_block_id": "",
        "gis_room_id": "",
        "gis_account_id": "",
        "account_number": "54",
        "gis_account_service_id": "",
        "gis_account_unified_number": "",
        "total_square": "",
        "residential_square": "",
        "living_person_number": "",
        "timezone": "",
        "account_identifier": "54_2022_06_2022_06",
        "not_residential": ""
    },
    {
        "org_ppa_guid": "2722039995",
        "contract_internal_id": "55_2022_06",
        "internal_id": "55_2022_06",
        "fias": "",
        "address": "Сибирская,32 ТСЖ\"Сибирская,32",
        "room_number": "",
        "gis_premises_id": "",
        "gis_block_id": "",
        "gis_room_id": "",
        "gis_account_id": "",
        "account_number": "55",
        "gis_account_service_id": "",
        "gis_account_unified_number": "",
        "total_square": "",
        "residential_square": "",
        "living_person_number": "",
        "timezone": "",
        "account_identifier": "55_2022_06_2022_06",
        "not_residential": ""
    },
    {
        "org_ppa_guid": "2722039995",
        "contract_internal_id": "56_2022_06",
        "internal_id": "56_2022_06",
        "fias": "",
        "address": "Сибирская,32 ТСЖ\"Сибирская,32",
        "room_number": "",
        "gis_premises_id": "",
        "gis_block_id": "",
        "gis_room_id": "",
        "gis_account_id": "",
        "account_number": "56",
        "gis_account_service_id": "",
        "gis_account_unified_number": "",
        "total_square": "",
        "residential_square": "",
        "living_person_number": "",
        "timezone": "",
        "account_identifier": "56_2022_06_2022_06",
        "not_residential": ""
    },
    {
        "org_ppa_guid": "2722039995",
        "contract_internal_id": "57_2022_06",
        "internal_id": "57_2022_06",
        "fias": "",
        "address": "Сибирская,32 ТСЖ\"Сибирская,32",
        "room_number": "",
        "gis_premises_id": "",
        "gis_block_id": "",
        "gis_room_id": "",
        "gis_account_id": "",
        "account_number": "57",
        "gis_account_service_id": "",
        "gis_account_unified_number": "",
        "total_square": "",
        "residential_square": "",
        "living_person_number": "",
        "timezone": "",
        "account_identifier": "57_2022_06_2022_06",
        "not_residential": ""
    },
    {
        "org_ppa_guid": "2722039995",
        "contract_internal_id": "58_2022_06",
        "internal_id": "58_2022_06",
        "fias": "",
        "address": "Сибирская,32 ТСЖ\"Сибирская,32",
        "room_number": "",
        "gis_premises_id": "",
        "gis_block_id": "",
        "gis_room_id": "",
        "gis_account_id": "",
        "account_number": "58",
        "gis_account_service_id": "",
        "gis_account_unified_number": "",
        "total_square": "",
        "residential_square": "",
        "living_person_number": "",
        "timezone": "",
        "account_identifier": "58_2022_06_2022_06",
        "not_residential": ""
    },
    {
        "org_ppa_guid": "2722039995",
        "contract_internal_id": "59_2022_06",
        "internal_id": "59_2022_06",
        "fias": "",
        "address": "Сибирская,32 ТСЖ\"Сибирская,32",
        "room_number": "",
        "gis_premises_id": "",
        "gis_block_id": "",
        "gis_room_id": "",
        "gis_account_id": "",
        "account_number": "59",
        "gis_account_service_id": "",
        "gis_account_unified_number": "",
        "total_square": "",
        "residential_square": "",
        "living_person_number": "",
        "timezone": "",
        "account_identifier": "59_2022_06_2022_06",
        "not_residential": ""
    },
    {
        "org_ppa_guid": "2722039995",
        "contract_internal_id": "60_2022_06",
        "internal_id": "60_2022_06",
        "fias": "",
        "address": "Сибирская,32 ТСЖ\"Сибирская,32",
        "room_number": "",
        "gis_premises_id": "",
        "gis_block_id": "",
        "gis_room_id": "",
        "gis_account_id": "",
        "account_number": "60",
        "gis_account_service_id": "",
        "gis_account_unified_number": "",
        "total_square": "",
        "residential_square": "",
        "living_person_number": "",
        "timezone": "",
        "account_identifier": "60_2022_06_2022_06",
        "not_residential": ""
    },
    {
        "org_ppa_guid": "2722039995",
        "contract_internal_id": "61_2022_06",
        "internal_id": "61_2022_06",
        "fias": "",
        "address": "Сибирская,32 ТСЖ\"Сибирская,32",
        "room_number": "",
        "gis_premises_id": "",
        "gis_block_id": "",
        "gis_room_id": "",
        "gis_account_id": "",
        "account_number": "61",
        "gis_account_service_id": "",
        "gis_account_unified_number": "",
        "total_square": "",
        "residential_square": "",
        "living_person_number": "",
        "timezone": "",
        "account_identifier": "61_2022_06_2022_06",
        "not_residential": ""
    },
    {
        "org_ppa_guid": "2722039995",
        "contract_internal_id": "62_2022_06",
        "internal_id": "62_2022_06",
        "fias": "",
        "address": "Сибирская,32 ТСЖ\"Сибирская,32",
        "room_number": "",
        "gis_premises_id": "",
        "gis_block_id": "",
        "gis_room_id": "",
        "gis_account_id": "",
        "account_number": "62",
        "gis_account_service_id": "",
        "gis_account_unified_number": "",
        "total_square": "",
        "residential_square": "",
        "living_person_number": "",
        "timezone": "",
        "account_identifier": "62_2022_06_2022_06",
        "not_residential": ""
    },
    {
        "org_ppa_guid": "2722039995",
        "contract_internal_id": "64_2022_06",
        "internal_id": "64_2022_06",
        "fias": "",
        "address": "Сибирская,32 ТСЖ\"Сибирская,32",
        "room_number": "",
        "gis_premises_id": "",
        "gis_block_id": "",
        "gis_room_id": "",
        "gis_account_id": "",
        "account_number": "64",
        "gis_account_service_id": "",
        "gis_account_unified_number": "",
        "total_square": "",
        "residential_square": "",
        "living_person_number": "",
        "timezone": "",
        "account_identifier": "64_2022_06_2022_06",
        "not_residential": ""
    },
    {
        "org_ppa_guid": "2722039995",
        "contract_internal_id": "65_2022_06",
        "internal_id": "65_2022_06",
        "fias": "",
        "address": "Сибирская,32 ТСЖ\"Сибирская,32",
        "room_number": "",
        "gis_premises_id": "",
        "gis_block_id": "",
        "gis_room_id": "",
        "gis_account_id": "",
        "account_number": "65",
        "gis_account_service_id": "",
        "gis_account_unified_number": "",
        "total_square": "",
        "residential_square": "",
        "living_person_number": "",
        "timezone": "",
        "account_identifier": "65_2022_06_2022_06",
        "not_residential": ""
    },
    {
        "org_ppa_guid": "2722039995",
        "contract_internal_id": "66_2022_06",
        "internal_id": "66_2022_06",
        "fias": "",
        "address": "Сибирская,32 ТСЖ\"Сибирская,32",
        "room_number": "",
        "gis_premises_id": "",
        "gis_block_id": "",
        "gis_room_id": "",
        "gis_account_id": "",
        "account_number": "66",
        "gis_account_service_id": "",
        "gis_account_unified_number": "",
        "total_square": "",
        "residential_square": "",
        "living_person_number": "",
        "timezone": "",
        "account_identifier": "66_2022_06_2022_06",
        "not_residential": ""
    },
    {
        "org_ppa_guid": "2722039995",
        "contract_internal_id": "67_2022_06",
        "internal_id": "67_2022_06",
        "fias": "",
        "address": "Сибирская,32 ТСЖ\"Сибирская,32",
        "room_number": "",
        "gis_premises_id": "",
        "gis_block_id": "",
        "gis_room_id": "",
        "gis_account_id": "",
        "account_number": "67",
        "gis_account_service_id": "",
        "gis_account_unified_number": "",
        "total_square": "",
        "residential_square": "",
        "living_person_number": "",
        "timezone": "",
        "account_identifier": "67_2022_06_2022_06",
        "not_residential": ""
    },
    {
        "org_ppa_guid": "2722039995",
        "contract_internal_id": "68_2022_06",
        "internal_id": "68_2022_06",
        "fias": "",
        "address": "Сибирская,32 ТСЖ\"Сибирская,32",
        "room_number": "",
        "gis_premises_id": "",
        "gis_block_id": "",
        "gis_room_id": "",
        "gis_account_id": "",
        "account_number": "68",
        "gis_account_service_id": "",
        "gis_account_unified_number": "",
        "total_square": "",
        "residential_square": "",
        "living_person_number": "",
        "timezone": "",
        "account_identifier": "68_2022_06_2022_06",
        "not_residential": ""
    },
    {
        "org_ppa_guid": "2722039995",
        "contract_internal_id": "69_2022_06",
        "internal_id": "69_2022_06",
        "fias": "",
        "address": "Сибирская,32 ТСЖ\"Сибирская,32",
        "room_number": "",
        "gis_premises_id": "",
        "gis_block_id": "",
        "gis_room_id": "",
        "gis_account_id": "",
        "account_number": "69",
        "gis_account_service_id": "",
        "gis_account_unified_number": "",
        "total_square": "",
        "residential_square": "",
        "living_person_number": "",
        "timezone": "",
        "account_identifier": "69_2022_06_2022_06",
        "not_residential": ""
    },
    {
        "org_ppa_guid": "2722039995",
        "contract_internal_id": "7_2022_06",
        "internal_id": "7_2022_06",
        "fias": "",
        "address": "Сибирская,32 ТСЖ\"Сибирская,32",
        "room_number": "",
        "gis_premises_id": "",
        "gis_block_id": "",
        "gis_room_id": "",
        "gis_account_id": "",
        "account_number": "7",
        "gis_account_service_id": "",
        "gis_account_unified_number": "",
        "total_square": "",
        "residential_square": "",
        "living_person_number": "",
        "timezone": "",
        "account_identifier": "7_2022_06_2022_06",
        "not_residential": ""
    },
    {
        "org_ppa_guid": "2722039995",
        "contract_internal_id": "70_2022_06",
        "internal_id": "70_2022_06",
        "fias": "",
        "address": "Сибирская,32 ТСЖ\"Сибирская,32",
        "room_number": "",
        "gis_premises_id": "",
        "gis_block_id": "",
        "gis_room_id": "",
        "gis_account_id": "",
        "account_number": "70",
        "gis_account_service_id": "",
        "gis_account_unified_number": "",
        "total_square": "",
        "residential_square": "",
        "living_person_number": "",
        "timezone": "",
        "account_identifier": "70_2022_06_2022_06",
        "not_residential": ""
    },
    {
        "org_ppa_guid": "2722039995",
        "contract_internal_id": "71_2022_06",
        "internal_id": "71_2022_06",
        "fias": "",
        "address": "Сибирская,32 ТСЖ\"Сибирская,32",
        "room_number": "",
        "gis_premises_id": "",
        "gis_block_id": "",
        "gis_room_id": "",
        "gis_account_id": "",
        "account_number": "71",
        "gis_account_service_id": "",
        "gis_account_unified_number": "",
        "total_square": "",
        "residential_square": "",
        "living_person_number": "",
        "timezone": "",
        "account_identifier": "71_2022_06_2022_06",
        "not_residential": ""
    },
    {
        "org_ppa_guid": "2722039995",
        "contract_internal_id": "72_2022_06",
        "internal_id": "72_2022_06",
        "fias": "",
        "address": "Сибирская,32 ТСЖ\"Сибирская,32",
        "room_number": "",
        "gis_premises_id": "",
        "gis_block_id": "",
        "gis_room_id": "",
        "gis_account_id": "",
        "account_number": "72",
        "gis_account_service_id": "",
        "gis_account_unified_number": "",
        "total_square": "",
        "residential_square": "",
        "living_person_number": "",
        "timezone": "",
        "account_identifier": "72_2022_06_2022_06",
        "not_residential": ""
    },
    {
        "org_ppa_guid": "2722039995",
        "contract_internal_id": "73_2022_06",
        "internal_id": "73_2022_06",
        "fias": "",
        "address": "Сибирская,32 ТСЖ\"Сибирская,32",
        "room_number": "",
        "gis_premises_id": "",
        "gis_block_id": "",
        "gis_room_id": "",
        "gis_account_id": "",
        "account_number": "73",
        "gis_account_service_id": "",
        "gis_account_unified_number": "",
        "total_square": "",
        "residential_square": "",
        "living_person_number": "",
        "timezone": "",
        "account_identifier": "73_2022_06_2022_06",
        "not_residential": ""
    },
    {
        "org_ppa_guid": "2722039995",
        "contract_internal_id": "74_2022_06",
        "internal_id": "74_2022_06",
        "fias": "",
        "address": "Сибирская,32 ТСЖ\"Сибирская,32",
        "room_number": "",
        "gis_premises_id": "",
        "gis_block_id": "",
        "gis_room_id": "",
        "gis_account_id": "",
        "account_number": "74",
        "gis_account_service_id": "",
        "gis_account_unified_number": "",
        "total_square": "",
        "residential_square": "",
        "living_person_number": "",
        "timezone": "",
        "account_identifier": "74_2022_06_2022_06",
        "not_residential": ""
    },
    {
        "org_ppa_guid": "2722039995",
        "contract_internal_id": "75_2022_06",
        "internal_id": "75_2022_06",
        "fias": "",
        "address": "Сибирская,32 ТСЖ\"Сибирская,32",
        "room_number": "",
        "gis_premises_id": "",
        "gis_block_id": "",
        "gis_room_id": "",
        "gis_account_id": "",
        "account_number": "75",
        "gis_account_service_id": "",
        "gis_account_unified_number": "",
        "total_square": "",
        "residential_square": "",
        "living_person_number": "",
        "timezone": "",
        "account_identifier": "75_2022_06_2022_06",
        "not_residential": ""
    },
    {
        "org_ppa_guid": "2722039995",
        "contract_internal_id": "77_2022_06",
        "internal_id": "77_2022_06",
        "fias": "",
        "address": "Сибирская,32 ТСЖ\"Сибирская,32",
        "room_number": "",
        "gis_premises_id": "",
        "gis_block_id": "",
        "gis_room_id": "",
        "gis_account_id": "",
        "account_number": "77",
        "gis_account_service_id": "",
        "gis_account_unified_number": "",
        "total_square": "",
        "residential_square": "",
        "living_person_number": "",
        "timezone": "",
        "account_identifier": "77_2022_06_2022_06",
        "not_residential": ""
    },
    {
        "org_ppa_guid": "2722039995",
        "contract_internal_id": "78_2022_06",
        "internal_id": "78_2022_06",
        "fias": "",
        "address": "Сибирская,32 ТСЖ\"Сибирская,32",
        "room_number": "",
        "gis_premises_id": "",
        "gis_block_id": "",
        "gis_room_id": "",
        "gis_account_id": "",
        "account_number": "78",
        "gis_account_service_id": "",
        "gis_account_unified_number": "",
        "total_square": "",
        "residential_square": "",
        "living_person_number": "",
        "timezone": "",
        "account_identifier": "78_2022_06_2022_06",
        "not_residential": ""
    },
    {
        "org_ppa_guid": "2722039995",
        "contract_internal_id": "79_2022_06",
        "internal_id": "79_2022_06",
        "fias": "",
        "address": "Сибирская,32 ТСЖ\"Сибирская,32",
        "room_number": "",
        "gis_premises_id": "",
        "gis_block_id": "",
        "gis_room_id": "",
        "gis_account_id": "",
        "account_number": "79",
        "gis_account_service_id": "",
        "gis_account_unified_number": "",
        "total_square": "",
        "residential_square": "",
        "living_person_number": "",
        "timezone": "",
        "account_identifier": "79_2022_06_2022_06",
        "not_residential": ""
    },
    {
        "org_ppa_guid": "2722039995",
        "contract_internal_id": "8_2022_06",
        "internal_id": "8_2022_06",
        "fias": "",
        "address": "Сибирская,32 ТСЖ\"Сибирская,32",
        "room_number": "",
        "gis_premises_id": "",
        "gis_block_id": "",
        "gis_room_id": "",
        "gis_account_id": "",
        "account_number": "8",
        "gis_account_service_id": "",
        "gis_account_unified_number": "",
        "total_square": "",
        "residential_square": "",
        "living_person_number": "",
        "timezone": "",
        "account_identifier": "8_2022_06_2022_06",
        "not_residential": ""
    },
    {
        "org_ppa_guid": "2722039995",
        "contract_internal_id": "80_2022_06",
        "internal_id": "80_2022_06",
        "fias": "",
        "address": "Сибирская,32 ТСЖ\"Сибирская,32",
        "room_number": "",
        "gis_premises_id": "",
        "gis_block_id": "",
        "gis_room_id": "",
        "gis_account_id": "",
        "account_number": "80",
        "gis_account_service_id": "",
        "gis_account_unified_number": "",
        "total_square": "",
        "residential_square": "",
        "living_person_number": "",
        "timezone": "",
        "account_identifier": "80_2022_06_2022_06",
        "not_residential": ""
    },
    {
        "org_ppa_guid": "2722039995",
        "contract_internal_id": "81_2022_06",
        "internal_id": "81_2022_06",
        "fias": "",
        "address": "Сибирская,32 ТСЖ\"Сибирская,32",
        "room_number": "",
        "gis_premises_id": "",
        "gis_block_id": "",
        "gis_room_id": "",
        "gis_account_id": "",
        "account_number": "81",
        "gis_account_service_id": "",
        "gis_account_unified_number": "",
        "total_square": "",
        "residential_square": "",
        "living_person_number": "",
        "timezone": "",
        "account_identifier": "81_2022_06_2022_06",
        "not_residential": ""
    },
    {
        "org_ppa_guid": "2722039995",
        "contract_internal_id": "82_2022_06",
        "internal_id": "82_2022_06",
        "fias": "",
        "address": "Сибирская,32 ТСЖ\"Сибирская,32",
        "room_number": "",
        "gis_premises_id": "",
        "gis_block_id": "",
        "gis_room_id": "",
        "gis_account_id": "",
        "account_number": "82",
        "gis_account_service_id": "",
        "gis_account_unified_number": "",
        "total_square": "",
        "residential_square": "",
        "living_person_number": "",
        "timezone": "",
        "account_identifier": "82_2022_06_2022_06",
        "not_residential": ""
    },
    {
        "org_ppa_guid": "2722039995",
        "contract_internal_id": "83_2022_06",
        "internal_id": "83_2022_06",
        "fias": "",
        "address": "Сибирская,32 ТСЖ\"Сибирская,32",
        "room_number": "",
        "gis_premises_id": "",
        "gis_block_id": "",
        "gis_room_id": "",
        "gis_account_id": "",
        "account_number": "83",
        "gis_account_service_id": "",
        "gis_account_unified_number": "",
        "total_square": "",
        "residential_square": "",
        "living_person_number": "",
        "timezone": "",
        "account_identifier": "83_2022_06_2022_06",
        "not_residential": ""
    },
    {
        "org_ppa_guid": "2722039995",
        "contract_internal_id": "84_2022_06",
        "internal_id": "84_2022_06",
        "fias": "",
        "address": "Сибирская,32 ТСЖ\"Сибирская,32",
        "room_number": "",
        "gis_premises_id": "",
        "gis_block_id": "",
        "gis_room_id": "",
        "gis_account_id": "",
        "account_number": "84",
        "gis_account_service_id": "",
        "gis_account_unified_number": "",
        "total_square": "",
        "residential_square": "",
        "living_person_number": "",
        "timezone": "",
        "account_identifier": "84_2022_06_2022_06",
        "not_residential": ""
    },
    {
        "org_ppa_guid": "2722039995",
        "contract_internal_id": "86_2022_06",
        "internal_id": "86_2022_06",
        "fias": "",
        "address": "Сибирская,32 ТСЖ\"Сибирская,32",
        "room_number": "",
        "gis_premises_id": "",
        "gis_block_id": "",
        "gis_room_id": "",
        "gis_account_id": "",
        "account_number": "86",
        "gis_account_service_id": "",
        "gis_account_unified_number": "",
        "total_square": "",
        "residential_square": "",
        "living_person_number": "",
        "timezone": "",
        "account_identifier": "86_2022_06_2022_06",
        "not_residential": ""
    },
    {
        "org_ppa_guid": "2722039995",
        "contract_internal_id": "87_2022_06",
        "internal_id": "87_2022_06",
        "fias": "",
        "address": "Сибирская,32 ТСЖ\"Сибирская,32",
        "room_number": "",
        "gis_premises_id": "",
        "gis_block_id": "",
        "gis_room_id": "",
        "gis_account_id": "",
        "account_number": "87",
        "gis_account_service_id": "",
        "gis_account_unified_number": "",
        "total_square": "",
        "residential_square": "",
        "living_person_number": "",
        "timezone": "",
        "account_identifier": "87_2022_06_2022_06",
        "not_residential": ""
    },
    {
        "org_ppa_guid": "2722039995",
        "contract_internal_id": "88_2022_06",
        "internal_id": "88_2022_06",
        "fias": "",
        "address": "Сибирская,32 ТСЖ\"Сибирская,32",
        "room_number": "",
        "gis_premises_id": "",
        "gis_block_id": "",
        "gis_room_id": "",
        "gis_account_id": "",
        "account_number": "88",
        "gis_account_service_id": "",
        "gis_account_unified_number": "",
        "total_square": "",
        "residential_square": "",
        "living_person_number": "",
        "timezone": "",
        "account_identifier": "88_2022_06_2022_06",
        "not_residential": ""
    },
    {
        "org_ppa_guid": "2722039995",
        "contract_internal_id": "89_2022_06",
        "internal_id": "89_2022_06",
        "fias": "",
        "address": "Сибирская,32 ТСЖ\"Сибирская,32",
        "room_number": "",
        "gis_premises_id": "",
        "gis_block_id": "",
        "gis_room_id": "",
        "gis_account_id": "",
        "account_number": "89",
        "gis_account_service_id": "",
        "gis_account_unified_number": "",
        "total_square": "",
        "residential_square": "",
        "living_person_number": "",
        "timezone": "",
        "account_identifier": "89_2022_06_2022_06",
        "not_residential": ""
    },
    {
        "org_ppa_guid": "2722039995",
        "contract_internal_id": "9_2022_06",
        "internal_id": "9_2022_06",
        "fias": "",
        "address": "Сибирская,32 ТСЖ\"Сибирская,32",
        "room_number": "",
        "gis_premises_id": "",
        "gis_block_id": "",
        "gis_room_id": "",
        "gis_account_id": "",
        "account_number": "9",
        "gis_account_service_id": "",
        "gis_account_unified_number": "",
        "total_square": "",
        "residential_square": "",
        "living_person_number": "",
        "timezone": "",
        "account_identifier": "9_2022_06_2022_06",
        "not_residential": ""
    },
    {
        "org_ppa_guid": "2722039995",
        "contract_internal_id": "90_2022_06",
        "internal_id": "90_2022_06",
        "fias": "",
        "address": "Сибирская,32 ТСЖ\"Сибирская,32",
        "room_number": "",
        "gis_premises_id": "",
        "gis_block_id": "",
        "gis_room_id": "",
        "gis_account_id": "",
        "account_number": "90",
        "gis_account_service_id": "",
        "gis_account_unified_number": "",
        "total_square": "",
        "residential_square": "",
        "living_person_number": "",
        "timezone": "",
        "account_identifier": "90_2022_06_2022_06",
        "not_residential": ""
    },
    {
        "org_ppa_guid": "2722039995",
        "contract_internal_id": "91_2022_06",
        "internal_id": "91_2022_06",
        "fias": "",
        "address": "Сибирская,32 ТСЖ\"Сибирская,32",
        "room_number": "",
        "gis_premises_id": "",
        "gis_block_id": "",
        "gis_room_id": "",
        "gis_account_id": "",
        "account_number": "91",
        "gis_account_service_id": "",
        "gis_account_unified_number": "",
        "total_square": "",
        "residential_square": "",
        "living_person_number": "",
        "timezone": "",
        "account_identifier": "91_2022_06_2022_06",
        "not_residential": ""
    }
]