[
    {
        "org_ppa_guid": "2722039995",
        "internal_id": "1_2022_02",
        "pp_internal_id": "1_2022_02",
        "calc_value": "535.75",
        "tariff": "",
        "service_internal_id": "ХВС",
        "rr": "",
        "recalculation": "",
        "accounting_period_total": "535.75"
    },
    {
        "org_ppa_guid": "2722039995",
        "internal_id": "10_2022_02",
        "pp_internal_id": "10_2022_02",
        "calc_value": "1986.65",
        "tariff": "",
        "service_internal_id": "ХВС",
        "rr": "",
        "recalculation": "",
        "accounting_period_total": "1986.65"
    },
    {
        "org_ppa_guid": "2722039995",
        "internal_id": "11_2022_02",
        "pp_internal_id": "11_2022_02",
        "calc_value": "628.53",
        "tariff": "",
        "service_internal_id": "ХВС",
        "rr": "",
        "recalculation": "",
        "accounting_period_total": "628.53"
    },
    {
        "org_ppa_guid": "2722039995",
        "internal_id": "12_2022_02",
        "pp_internal_id": "12_2022_02",
        "calc_value": "908.93",
        "tariff": "",
        "service_internal_id": "ХВС",
        "rr": "",
        "recalculation": "",
        "accounting_period_total": "908.93"
    },
    {
        "org_ppa_guid": "2722039995",
        "internal_id": "13_2022_02",
        "pp_internal_id": "13_2022_02",
        "calc_value": "10908.18",
        "tariff": "",
        "service_internal_id": "ХВС",
        "rr": "",
        "recalculation": "",
        "accounting_period_total": "10908.18"
    },
    {
        "org_ppa_guid": "2722039995",
        "internal_id": "14_2022_02",
        "pp_internal_id": "14_2022_02",
        "calc_value": "470.27",
        "tariff": "",
        "service_internal_id": "ХВС",
        "rr": "",
        "recalculation": "",
        "accounting_period_total": "470.27"
    },
    {
        "org_ppa_guid": "2722039995",
        "internal_id": "15_2022_02",
        "pp_internal_id": "15_2022_02",
        "calc_value": "1100.4",
        "tariff": "",
        "service_internal_id": "ХВС",
        "rr": "",
        "recalculation": "",
        "accounting_period_total": "1100.4"
    },
    {
        "org_ppa_guid": "2722039995",
        "internal_id": "16_2022_02",
        "pp_internal_id": "16_2022_02",
        "calc_value": "648.21",
        "tariff": "",
        "service_internal_id": "ХВС",
        "rr": "",
        "recalculation": "",
        "accounting_period_total": "648.21"
    },
    {
        "org_ppa_guid": "2722039995",
        "internal_id": "17_2022_02",
        "pp_internal_id": "17_2022_02",
        "calc_value": "445.34",
        "tariff": "",
        "service_internal_id": "ХВС",
        "rr": "",
        "recalculation": "",
        "accounting_period_total": "445.34"
    },
    {
        "org_ppa_guid": "2722039995",
        "internal_id": "18_2022_02",
        "pp_internal_id": "18_2022_02",
        "calc_value": "980.04",
        "tariff": "",
        "service_internal_id": "ХВС",
        "rr": "",
        "recalculation": "",
        "accounting_period_total": "980.04"
    },
    {
        "org_ppa_guid": "2722039995",
        "internal_id": "19_2022_02",
        "pp_internal_id": "19_2022_02",
        "calc_value": "327.15",
        "tariff": "",
        "service_internal_id": "ХВС",
        "rr": "",
        "recalculation": "",
        "accounting_period_total": "327.15"
    },
    {
        "org_ppa_guid": "2722039995",
        "internal_id": "2_2022_02",
        "pp_internal_id": "2_2022_02",
        "calc_value": "461.19",
        "tariff": "",
        "service_internal_id": "ХВС",
        "rr": "",
        "recalculation": "",
        "accounting_period_total": "461.19"
    },
    {
        "org_ppa_guid": "2722039995",
        "internal_id": "20_2022_02",
        "pp_internal_id": "20_2022_02",
        "calc_value": "40.57",
        "tariff": "",
        "service_internal_id": "Электроэнергия",
        "rr": "",
        "recalculation": "",
        "accounting_period_total": "40.57"
    },
    {
        "org_ppa_guid": "2722039995",
        "internal_id": "21_2022_02",
        "pp_internal_id": "21_2022_02",
        "calc_value": "962.2",
        "tariff": "",
        "service_internal_id": "ХВС",
        "rr": "",
        "recalculation": "",
        "accounting_period_total": "962.2"
    },
    {
        "org_ppa_guid": "2722039995",
        "internal_id": "22_2022_02",
        "pp_internal_id": "22_2022_02",
        "calc_value": "491.54",
        "tariff": "",
        "service_internal_id": "ХВС",
        "rr": "",
        "recalculation": "",
        "accounting_period_total": "491.54"
    },
    {
        "org_ppa_guid": "2722039995",
        "internal_id": "23_2022_02",
        "pp_internal_id": "23_2022_02",
        "calc_value": "483.56",
        "tariff": "",
        "service_internal_id": "ХВС",
        "rr": "",
        "recalculation": "",
        "accounting_period_total": "483.56"
    },
    {
        "org_ppa_guid": "2722039995",
        "internal_id": "24_2022_02",
        "pp_internal_id": "24_2022_02",
        "calc_value": "490.33",
        "tariff": "",
        "service_internal_id": "ХВС",
        "rr": "",
        "recalculation": "",
        "accounting_period_total": "490.33"
    },
    {
        "org_ppa_guid": "2722039995",
        "internal_id": "25_2022_02",
        "pp_internal_id": "25_2022_02",
        "calc_value": "7.76",
        "tariff": "",
        "service_internal_id": "ХВС",
        "rr": "",
        "recalculation": "",
        "accounting_period_total": "7.76"
    },
    {
        "org_ppa_guid": "2722039995",
        "internal_id": "26_2022_02",
        "pp_internal_id": "26_2022_02",
        "calc_value": "556.82",
        "tariff": "",
        "service_internal_id": "ХВС",
        "rr": "",
        "recalculation": "",
        "accounting_period_total": "556.82"
    },
    {
        "org_ppa_guid": "2722039995",
        "internal_id": "27_2022_02",
        "pp_internal_id": "27_2022_02",
        "calc_value": "430.43",
        "tariff": "",
        "service_internal_id": "ХВС",
        "rr": "",
        "recalculation": "",
        "accounting_period_total": "430.43"
    },
    {
        "org_ppa_guid": "2722039995",
        "internal_id": "28_2022_02",
        "pp_internal_id": "28_2022_02",
        "calc_value": "1210.66",
        "tariff": "",
        "service_internal_id": "ХВС",
        "rr": "",
        "recalculation": "",
        "accounting_period_total": "1210.66"
    },
    {
        "org_ppa_guid": "2722039995",
        "internal_id": "29_2022_02",
        "pp_internal_id": "29_2022_02",
        "calc_value": "592.75",
        "tariff": "",
        "service_internal_id": "ХВС",
        "rr": "",
        "recalculation": "",
        "accounting_period_total": "592.75"
    },
    {
        "org_ppa_guid": "2722039995",
        "internal_id": "3_2022_02",
        "pp_internal_id": "3_2022_02",
        "calc_value": "752.22",
        "tariff": "",
        "service_internal_id": "ХВС",
        "rr": "",
        "recalculation": "",
        "accounting_period_total": "752.22"
    },
    {
        "org_ppa_guid": "2722039995",
        "internal_id": "30_2022_02",
        "pp_internal_id": "30_2022_02",
        "calc_value": "558.45",
        "tariff": "",
        "service_internal_id": "ХВС",
        "rr": "",
        "recalculation": "",
        "accounting_period_total": "558.45"
    },
    {
        "org_ppa_guid": "2722039995",
        "internal_id": "32_2022_02",
        "pp_internal_id": "32_2022_02",
        "calc_value": "41.23",
        "tariff": "",
        "service_internal_id": "Электроэнергия",
        "rr": "",
        "recalculation": "",
        "accounting_period_total": "41.23"
    },
    {
        "org_ppa_guid": "2722039995",
        "internal_id": "33_2022_02",
        "pp_internal_id": "33_2022_02",
        "calc_value": "1108.54",
        "tariff": "",
        "service_internal_id": "ХВС",
        "rr": "",
        "recalculation": "",
        "accounting_period_total": "1108.54"
    },
    {
        "org_ppa_guid": "2722039995",
        "internal_id": "34_2022_02",
        "pp_internal_id": "34_2022_02",
        "calc_value": "399.29",
        "tariff": "",
        "service_internal_id": "ХВС",
        "rr": "",
        "recalculation": "",
        "accounting_period_total": "399.29"
    },
    {
        "org_ppa_guid": "2722039995",
        "internal_id": "35а_2022_02",
        "pp_internal_id": "35а_2022_02",
        "calc_value": "706.04",
        "tariff": "",
        "service_internal_id": "ХВС",
        "rr": "",
        "recalculation": "",
        "accounting_period_total": "706.04"
    },
    {
        "org_ppa_guid": "2722039995",
        "internal_id": "36_2022_02",
        "pp_internal_id": "36_2022_02",
        "calc_value": "213.95",
        "tariff": "",
        "service_internal_id": "ХВС",
        "rr": "",
        "recalculation": "",
        "accounting_period_total": "213.95"
    },
    {
        "org_ppa_guid": "2722039995",
        "internal_id": "37_2022_02",
        "pp_internal_id": "37_2022_02",
        "calc_value": "41.58",
        "tariff": "",
        "service_internal_id": "ХВС",
        "rr": "",
        "recalculation": "",
        "accounting_period_total": "41.58"
    },
    {
        "org_ppa_guid": "2722039995",
        "internal_id": "38_2022_02",
        "pp_internal_id": "38_2022_02",
        "calc_value": "321.17",
        "tariff": "",
        "service_internal_id": "ХВС",
        "rr": "",
        "recalculation": "",
        "accounting_period_total": "321.17"
    },
    {
        "org_ppa_guid": "2722039995",
        "internal_id": "39_2022_02",
        "pp_internal_id": "39_2022_02",
        "calc_value": "1134.21",
        "tariff": "",
        "service_internal_id": "ХВС",
        "rr": "",
        "recalculation": "",
        "accounting_period_total": "1134.21"
    },
    {
        "org_ppa_guid": "2722039995",
        "internal_id": "4_2022_02",
        "pp_internal_id": "4_2022_02",
        "calc_value": "659.28",
        "tariff": "",
        "service_internal_id": "ХВС",
        "rr": "",
        "recalculation": "",
        "accounting_period_total": "659.28"
    },
    {
        "org_ppa_guid": "2722039995",
        "internal_id": "40_2022_02",
        "pp_internal_id": "40_2022_02",
        "calc_value": "137.38",
        "tariff": "",
        "service_internal_id": "ХВС",
        "rr": "",
        "recalculation": "",
        "accounting_period_total": "137.38"
    },
    {
        "org_ppa_guid": "2722039995",
        "internal_id": "41_2022_02",
        "pp_internal_id": "41_2022_02",
        "calc_value": "41.52",
        "tariff": "",
        "service_internal_id": "Электроэнергия",
        "rr": "",
        "recalculation": "",
        "accounting_period_total": "41.52"
    },
    {
        "org_ppa_guid": "2722039995",
        "internal_id": "42_2022_02",
        "pp_internal_id": "42_2022_02",
        "calc_value": "62.95",
        "tariff": "",
        "service_internal_id": "Электроэнергия",
        "rr": "",
        "recalculation": "",
        "accounting_period_total": "62.95"
    },
    {
        "org_ppa_guid": "2722039995",
        "internal_id": "43_2022_02",
        "pp_internal_id": "43_2022_02",
        "calc_value": "62.85",
        "tariff": "",
        "service_internal_id": "Электроэнергия",
        "rr": "",
        "recalculation": "",
        "accounting_period_total": "62.85"
    },
    {
        "org_ppa_guid": "2722039995",
        "internal_id": "44_2022_02",
        "pp_internal_id": "44_2022_02",
        "calc_value": "87.35",
        "tariff": "",
        "service_internal_id": "ХВС",
        "rr": "",
        "recalculation": "",
        "accounting_period_total": "87.35"
    },
    {
        "org_ppa_guid": "2722039995",
        "internal_id": "45_2022_02",
        "pp_internal_id": "45_2022_02",
        "calc_value": "532.54",
        "tariff": "",
        "service_internal_id": "ХВС",
        "rr": "",
        "recalculation": "",
        "accounting_period_total": "532.54"
    },
    {
        "org_ppa_guid": "2722039995",
        "internal_id": "47_2022_02",
        "pp_internal_id": "47_2022_02",
        "calc_value": "355.54",
        "tariff": "",
        "service_internal_id": "ХВС",
        "rr": "",
        "recalculation": "",
        "accounting_period_total": "355.54"
    },
    {
        "org_ppa_guid": "2722039995",
        "internal_id": "48_2022_02",
        "pp_internal_id": "48_2022_02",
        "calc_value": "737.49",
        "tariff": "",
        "service_internal_id": "ХВС",
        "rr": "",
        "recalculation": "",
        "accounting_period_total": "737.49"
    },
    {
        "org_ppa_guid": "2722039995",
        "internal_id": "49_2022_02",
        "pp_internal_id": "49_2022_02",
        "calc_value": "814.07",
        "tariff": "",
        "service_internal_id": "ХВС",
        "rr": "",
        "recalculation": "",
        "accounting_period_total": "814.07"
    },
    {
        "org_ppa_guid": "2722039995",
        "internal_id": "5_2022_02",
        "pp_internal_id": "5_2022_02",
        "calc_value": "543.94",
        "tariff": "",
        "service_internal_id": "ХВС",
        "rr": "",
        "recalculation": "",
        "accounting_period_total": "543.94"
    },
    {
        "org_ppa_guid": "2722039995",
        "internal_id": "50_2022_02",
        "pp_internal_id": "50_2022_02",
        "calc_value": "1751.03",
        "tariff": "",
        "service_internal_id": "ХВС",
        "rr": "",
        "recalculation": "",
        "accounting_period_total": "1751.03"
    },
    {
        "org_ppa_guid": "2722039995",
        "internal_id": "51_2022_02",
        "pp_internal_id": "51_2022_02",
        "calc_value": "597.18",
        "tariff": "",
        "service_internal_id": "ХВС",
        "rr": "",
        "recalculation": "",
        "accounting_period_total": "597.18"
    },
    {
        "org_ppa_guid": "2722039995",
        "internal_id": "52_2022_02",
        "pp_internal_id": "52_2022_02",
        "calc_value": "294.15",
        "tariff": "",
        "service_internal_id": "ХВС",
        "rr": "",
        "recalculation": "",
        "accounting_period_total": "294.15"
    },
    {
        "org_ppa_guid": "2722039995",
        "internal_id": "53_2022_02",
        "pp_internal_id": "53_2022_02",
        "calc_value": "554.7",
        "tariff": "",
        "service_internal_id": "ХВС",
        "rr": "",
        "recalculation": "",
        "accounting_period_total": "554.7"
    },
    {
        "org_ppa_guid": "2722039995",
        "internal_id": "54_2022_02",
        "pp_internal_id": "54_2022_02",
        "calc_value": "161.39",
        "tariff": "",
        "service_internal_id": "ХВС",
        "rr": "",
        "recalculation": "",
        "accounting_period_total": "161.39"
    },
    {
        "org_ppa_guid": "2722039995",
        "internal_id": "55_2022_02",
        "pp_internal_id": "55_2022_02",
        "calc_value": "1269.88",
        "tariff": "",
        "service_internal_id": "ХВС",
        "rr": "",
        "recalculation": "",
        "accounting_period_total": "1269.88"
    },
    {
        "org_ppa_guid": "2722039995",
        "internal_id": "56_2022_02",
        "pp_internal_id": "56_2022_02",
        "calc_value": "925.2",
        "tariff": "",
        "service_internal_id": "ХВС",
        "rr": "",
        "recalculation": "",
        "accounting_period_total": "925.2"
    },
    {
        "org_ppa_guid": "2722039995",
        "internal_id": "57_2022_02",
        "pp_internal_id": "57_2022_02",
        "calc_value": "61.8",
        "tariff": "",
        "service_internal_id": "Электроэнергия",
        "rr": "",
        "recalculation": "",
        "accounting_period_total": "61.8"
    },
    {
        "org_ppa_guid": "2722039995",
        "internal_id": "58_2022_02",
        "pp_internal_id": "58_2022_02",
        "calc_value": "2.64",
        "tariff": "",
        "service_internal_id": "ХВС",
        "rr": "",
        "recalculation": "",
        "accounting_period_total": "2.64"
    },
    {
        "org_ppa_guid": "2722039995",
        "internal_id": "59_2022_02",
        "pp_internal_id": "59_2022_02",
        "calc_value": "109.49",
        "tariff": "",
        "service_internal_id": "ХВС",
        "rr": "",
        "recalculation": "",
        "accounting_period_total": "109.49"
    },
    {
        "org_ppa_guid": "2722039995",
        "internal_id": "60_2022_02",
        "pp_internal_id": "60_2022_02",
        "calc_value": "228.79",
        "tariff": "",
        "service_internal_id": "ХВС",
        "rr": "",
        "recalculation": "",
        "accounting_period_total": "228.79"
    },
    {
        "org_ppa_guid": "2722039995",
        "internal_id": "61_2022_02",
        "pp_internal_id": "61_2022_02",
        "calc_value": "211.17",
        "tariff": "",
        "service_internal_id": "ХВС",
        "rr": "",
        "recalculation": "",
        "accounting_period_total": "211.17"
    },
    {
        "org_ppa_guid": "2722039995",
        "internal_id": "62_2022_02",
        "pp_internal_id": "62_2022_02",
        "calc_value": "624.85",
        "tariff": "",
        "service_internal_id": "ХВС",
        "rr": "",
        "recalculation": "",
        "accounting_period_total": "624.85"
    },
    {
        "org_ppa_guid": "2722039995",
        "internal_id": "64_2022_02",
        "pp_internal_id": "64_2022_02",
        "calc_value": "601.24",
        "tariff": "",
        "service_internal_id": "ХВС",
        "rr": "",
        "recalculation": "",
        "accounting_period_total": "601.24"
    },
    {
        "org_ppa_guid": "2722039995",
        "internal_id": "65_2022_02",
        "pp_internal_id": "65_2022_02",
        "calc_value": "41.33",
        "tariff": "",
        "service_internal_id": "Электроэнергия",
        "rr": "",
        "recalculation": "",
        "accounting_period_total": "41.33"
    },
    {
        "org_ppa_guid": "2722039995",
        "internal_id": "66_2022_02",
        "pp_internal_id": "66_2022_02",
        "calc_value": "224.64",
        "tariff": "",
        "service_internal_id": "ХВС",
        "rr": "",
        "recalculation": "",
        "accounting_period_total": "224.64"
    },
    {
        "org_ppa_guid": "2722039995",
        "internal_id": "67_2022_02",
        "pp_internal_id": "67_2022_02",
        "calc_value": "924.33",
        "tariff": "",
        "service_internal_id": "ХВС",
        "rr": "",
        "recalculation": "",
        "accounting_period_total": "924.33"
    },
    {
        "org_ppa_guid": "2722039995",
        "internal_id": "68_2022_02",
        "pp_internal_id": "68_2022_02",
        "calc_value": "579.54",
        "tariff": "",
        "service_internal_id": "ХВС",
        "rr": "",
        "recalculation": "",
        "accounting_period_total": "579.54"
    },
    {
        "org_ppa_guid": "2722039995",
        "internal_id": "69_2022_02",
        "pp_internal_id": "69_2022_02",
        "calc_value": "12.95",
        "tariff": "",
        "service_internal_id": "ХВС",
        "rr": "",
        "recalculation": "",
        "accounting_period_total": "12.95"
    },
    {
        "org_ppa_guid": "2722039995",
        "internal_id": "7_2022_02",
        "pp_internal_id": "7_2022_02",
        "calc_value": "198.4",
        "tariff": "",
        "service_internal_id": "ХВС",
        "rr": "",
        "recalculation": "",
        "accounting_period_total": "198.4"
    },
    {
        "org_ppa_guid": "2722039995",
        "internal_id": "70_2022_02",
        "pp_internal_id": "70_2022_02",
        "calc_value": "1129.37",
        "tariff": "",
        "service_internal_id": "ХВС",
        "rr": "",
        "recalculation": "",
        "accounting_period_total": "1129.37"
    },
    {
        "org_ppa_guid": "2722039995",
        "internal_id": "71_2022_02",
        "pp_internal_id": "71_2022_02",
        "calc_value": "194.85",
        "tariff": "",
        "service_internal_id": "ХВС",
        "rr": "",
        "recalculation": "",
        "accounting_period_total": "194.85"
    },
    {
        "org_ppa_guid": "2722039995",
        "internal_id": "72_2022_02",
        "pp_internal_id": "72_2022_02",
        "calc_value": "161.53",
        "tariff": "",
        "service_internal_id": "ХВС",
        "rr": "",
        "recalculation": "",
        "accounting_period_total": "161.53"
    },
    {
        "org_ppa_guid": "2722039995",
        "internal_id": "73_2022_02",
        "pp_internal_id": "73_2022_02",
        "calc_value": "486.96",
        "tariff": "",
        "service_internal_id": "ХВС",
        "rr": "",
        "recalculation": "",
        "accounting_period_total": "486.96"
    },
    {
        "org_ppa_guid": "2722039995",
        "internal_id": "74_2022_02",
        "pp_internal_id": "74_2022_02",
        "calc_value": "370.01",
        "tariff": "",
        "service_internal_id": "ХВС",
        "rr": "",
        "recalculation": "",
        "accounting_period_total": "370.01"
    },
    {
        "org_ppa_guid": "2722039995",
        "internal_id": "75_2022_02",
        "pp_internal_id": "75_2022_02",
        "calc_value": "1047.77",
        "tariff": "",
        "service_internal_id": "ХВС",
        "rr": "",
        "recalculation": "",
        "accounting_period_total": "1047.77"
    },
    {
        "org_ppa_guid": "2722039995",
        "internal_id": "77_2022_02",
        "pp_internal_id": "77_2022_02",
        "calc_value": "366.37",
        "tariff": "",
        "service_internal_id": "ХВС",
        "rr": "",
        "recalculation": "",
        "accounting_period_total": "366.37"
    },
    {
        "org_ppa_guid": "2722039995",
        "internal_id": "78_2022_02",
        "pp_internal_id": "78_2022_02",
        "calc_value": "36.69",
        "tariff": "",
        "service_internal_id": "ХВС",
        "rr": "",
        "recalculation": "",
        "accounting_period_total": "36.69"
    },
    {
        "org_ppa_guid": "2722039995",
        "internal_id": "79_2022_02",
        "pp_internal_id": "79_2022_02",
        "calc_value": "826.09",
        "tariff": "",
        "service_internal_id": "ХВС",
        "rr": "",
        "recalculation": "",
        "accounting_period_total": "826.09"
    },
    {
        "org_ppa_guid": "2722039995",
        "internal_id": "8_2022_02",
        "pp_internal_id": "8_2022_02",
        "calc_value": "1313.27",
        "tariff": "",
        "service_internal_id": "ХВС",
        "rr": "",
        "recalculation": "",
        "accounting_period_total": "1313.27"
    },
    {
        "org_ppa_guid": "2722039995",
        "internal_id": "80_2022_02",
        "pp_internal_id": "80_2022_02",
        "calc_value": "68.98",
        "tariff": "",
        "service_internal_id": "ХВС",
        "rr": "",
        "recalculation": "",
        "accounting_period_total": "68.98"
    },
    {
        "org_ppa_guid": "2722039995",
        "internal_id": "81_2022_02",
        "pp_internal_id": "81_2022_02",
        "calc_value": "39.81",
        "tariff": "",
        "service_internal_id": "Электроэнергия",
        "rr": "",
        "recalculation": "",
        "accounting_period_total": "39.81"
    },
    {
        "org_ppa_guid": "2722039995",
        "internal_id": "82_2022_02",
        "pp_internal_id": "82_2022_02",
        "calc_value": "1991.3",
        "tariff": "",
        "service_internal_id": "ХВС",
        "rr": "",
        "recalculation": "",
        "accounting_period_total": "1991.3"
    },
    {
        "org_ppa_guid": "2722039995",
        "internal_id": "83_2022_02",
        "pp_internal_id": "83_2022_02",
        "calc_value": "315.99",
        "tariff": "",
        "service_internal_id": "ХВС",
        "rr": "",
        "recalculation": "",
        "accounting_period_total": "315.99"
    },
    {
        "org_ppa_guid": "2722039995",
        "internal_id": "84_2022_02",
        "pp_internal_id": "84_2022_02",
        "calc_value": "338.39",
        "tariff": "",
        "service_internal_id": "ХВС",
        "rr": "",
        "recalculation": "",
        "accounting_period_total": "338.39"
    },
    {
        "org_ppa_guid": "2722039995",
        "internal_id": "86_2022_02",
        "pp_internal_id": "86_2022_02",
        "calc_value": "853.41",
        "tariff": "",
        "service_internal_id": "ХВС",
        "rr": "",
        "recalculation": "",
        "accounting_period_total": "853.41"
    },
    {
        "org_ppa_guid": "2722039995",
        "internal_id": "87_2022_02",
        "pp_internal_id": "87_2022_02",
        "calc_value": "633.82",
        "tariff": "",
        "service_internal_id": "ХВС",
        "rr": "",
        "recalculation": "",
        "accounting_period_total": "633.82"
    },
    {
        "org_ppa_guid": "2722039995",
        "internal_id": "88_2022_02",
        "pp_internal_id": "88_2022_02",
        "calc_value": "372.36",
        "tariff": "",
        "service_internal_id": "ХВС",
        "rr": "",
        "recalculation": "",
        "accounting_period_total": "372.36"
    },
    {
        "org_ppa_guid": "2722039995",
        "internal_id": "89_2022_02",
        "pp_internal_id": "89_2022_02",
        "calc_value": "225.52",
        "tariff": "",
        "service_internal_id": "ХВС",
        "rr": "",
        "recalculation": "",
        "accounting_period_total": "225.52"
    },
    {
        "org_ppa_guid": "2722039995",
        "internal_id": "9_2022_02",
        "pp_internal_id": "9_2022_02",
        "calc_value": "185.16",
        "tariff": "",
        "service_internal_id": "ХВС",
        "rr": "",
        "recalculation": "",
        "accounting_period_total": "185.16"
    },
    {
        "org_ppa_guid": "2722039995",
        "internal_id": "90_2022_02",
        "pp_internal_id": "90_2022_02",
        "calc_value": "207.04",
        "tariff": "",
        "service_internal_id": "ХВС",
        "rr": "",
        "recalculation": "",
        "accounting_period_total": "207.04"
    },
    {
        "org_ppa_guid": "2722039995",
        "internal_id": "91_2022_02",
        "pp_internal_id": "91_2022_02",
        "calc_value": "1373.81",
        "tariff": "",
        "service_internal_id": "ХВС",
        "rr": "",
        "recalculation": "",
        "accounting_period_total": "51759.350000000006"
    }
]