[
    {
        "org_ppa_guid": "2722039995",
        "internal_id": "1_2022_06",
        "pp_internal_id": "1_2022_06",
        "calc_value": "340.4",
        "tariff": "",
        "service_internal_id": "ХВС",
        "rr": "",
        "recalculation": "",
        "accounting_period_total": "340.4"
    },
    {
        "org_ppa_guid": "2722039995",
        "internal_id": "10_2022_06",
        "pp_internal_id": "10_2022_06",
        "calc_value": "566.18",
        "tariff": "",
        "service_internal_id": "ХВС",
        "rr": "",
        "recalculation": "",
        "accounting_period_total": "566.18"
    },
    {
        "org_ppa_guid": "2722039995",
        "internal_id": "11_2022_06",
        "pp_internal_id": "11_2022_06",
        "calc_value": "494.57",
        "tariff": "",
        "service_internal_id": "ХВС",
        "rr": "",
        "recalculation": "",
        "accounting_period_total": "494.57"
    },
    {
        "org_ppa_guid": "2722039995",
        "internal_id": "12_2022_06",
        "pp_internal_id": "12_2022_06",
        "calc_value": "998.3",
        "tariff": "",
        "service_internal_id": "ХВС",
        "rr": "",
        "recalculation": "",
        "accounting_period_total": "998.3"
    },
    {
        "org_ppa_guid": "2722039995",
        "internal_id": "13_2022_06",
        "pp_internal_id": "13_2022_06",
        "calc_value": "847.92",
        "tariff": "",
        "service_internal_id": "ХВС",
        "rr": "",
        "recalculation": "",
        "accounting_period_total": "847.92"
    },
    {
        "org_ppa_guid": "2722039995",
        "internal_id": "14_2022_06",
        "pp_internal_id": "14_2022_06",
        "calc_value": "363.68",
        "tariff": "",
        "service_internal_id": "ХВС",
        "rr": "",
        "recalculation": "",
        "accounting_period_total": "363.68"
    },
    {
        "org_ppa_guid": "2722039995",
        "internal_id": "15_2022_06",
        "pp_internal_id": "15_2022_06",
        "calc_value": "997.83",
        "tariff": "",
        "service_internal_id": "ХВС",
        "rr": "",
        "recalculation": "",
        "accounting_period_total": "997.83"
    },
    {
        "org_ppa_guid": "2722039995",
        "internal_id": "16_2022_06",
        "pp_internal_id": "16_2022_06",
        "calc_value": "504.69",
        "tariff": "",
        "service_internal_id": "ХВС",
        "rr": "",
        "recalculation": "",
        "accounting_period_total": "504.69"
    },
    {
        "org_ppa_guid": "2722039995",
        "internal_id": "17_2022_06",
        "pp_internal_id": "17_2022_06",
        "calc_value": "453.61",
        "tariff": "",
        "service_internal_id": "ХВС",
        "rr": "",
        "recalculation": "",
        "accounting_period_total": "453.61"
    },
    {
        "org_ppa_guid": "2722039995",
        "internal_id": "18_2022_06",
        "pp_internal_id": "18_2022_06",
        "calc_value": "813.3",
        "tariff": "",
        "service_internal_id": "ХВС",
        "rr": "",
        "recalculation": "",
        "accounting_period_total": "813.3"
    },
    {
        "org_ppa_guid": "2722039995",
        "internal_id": "19_2022_06",
        "pp_internal_id": "19_2022_06",
        "calc_value": "211.07",
        "tariff": "",
        "service_internal_id": "ХВС",
        "rr": "",
        "recalculation": "",
        "accounting_period_total": "211.07"
    },
    {
        "org_ppa_guid": "2722039995",
        "internal_id": "2_2022_06",
        "pp_internal_id": "2_2022_06",
        "calc_value": "434.86",
        "tariff": "",
        "service_internal_id": "ХВС",
        "rr": "",
        "recalculation": "",
        "accounting_period_total": "434.86"
    },
    {
        "org_ppa_guid": "2722039995",
        "internal_id": "20_2022_06",
        "pp_internal_id": "20_2022_06",
        "calc_value": "40.57",
        "tariff": "",
        "service_internal_id": "Электроэнергия",
        "rr": "",
        "recalculation": "",
        "accounting_period_total": "40.57"
    },
    {
        "org_ppa_guid": "2722039995",
        "internal_id": "21_2022_06",
        "pp_internal_id": "21_2022_06",
        "calc_value": "851.15",
        "tariff": "",
        "service_internal_id": "ХВС",
        "rr": "",
        "recalculation": "",
        "accounting_period_total": "851.15"
    },
    {
        "org_ppa_guid": "2722039995",
        "internal_id": "22_2022_06",
        "pp_internal_id": "22_2022_06",
        "calc_value": "462.82",
        "tariff": "",
        "service_internal_id": "ХВС",
        "rr": "",
        "recalculation": "",
        "accounting_period_total": "462.82"
    },
    {
        "org_ppa_guid": "2722039995",
        "internal_id": "23_2022_06",
        "pp_internal_id": "23_2022_06",
        "calc_value": "425.91",
        "tariff": "",
        "service_internal_id": "ХВС",
        "rr": "",
        "recalculation": "",
        "accounting_period_total": "425.91"
    },
    {
        "org_ppa_guid": "2722039995",
        "internal_id": "24_2022_06",
        "pp_internal_id": "24_2022_06",
        "calc_value": "504.81",
        "tariff": "",
        "service_internal_id": "ХВС",
        "rr": "",
        "recalculation": "",
        "accounting_period_total": "504.81"
    },
    {
        "org_ppa_guid": "2722039995",
        "internal_id": "25_2022_06",
        "pp_internal_id": "25_2022_06",
        "calc_value": "82.85",
        "tariff": "",
        "service_internal_id": "ХВС",
        "rr": "",
        "recalculation": "",
        "accounting_period_total": "82.85"
    },
    {
        "org_ppa_guid": "2722039995",
        "internal_id": "26_2022_06",
        "pp_internal_id": "26_2022_06",
        "calc_value": "420.9",
        "tariff": "",
        "service_internal_id": "ХВС",
        "rr": "",
        "recalculation": "",
        "accounting_period_total": "420.9"
    },
    {
        "org_ppa_guid": "2722039995",
        "internal_id": "27_2022_06",
        "pp_internal_id": "27_2022_06",
        "calc_value": "424.4",
        "tariff": "",
        "service_internal_id": "ХВС",
        "rr": "",
        "recalculation": "",
        "accounting_period_total": "424.4"
    },
    {
        "org_ppa_guid": "2722039995",
        "internal_id": "28_2022_06",
        "pp_internal_id": "28_2022_06",
        "calc_value": "902.45",
        "tariff": "",
        "service_internal_id": "ХВС",
        "rr": "",
        "recalculation": "",
        "accounting_period_total": "902.45"
    },
    {
        "org_ppa_guid": "2722039995",
        "internal_id": "29_2022_06",
        "pp_internal_id": "29_2022_06",
        "calc_value": "626.87",
        "tariff": "",
        "service_internal_id": "ХВС",
        "rr": "",
        "recalculation": "",
        "accounting_period_total": "626.87"
    },
    {
        "org_ppa_guid": "2722039995",
        "internal_id": "3_2022_06",
        "pp_internal_id": "3_2022_06",
        "calc_value": "708.84",
        "tariff": "",
        "service_internal_id": "ХВС",
        "rr": "",
        "recalculation": "",
        "accounting_period_total": "708.84"
    },
    {
        "org_ppa_guid": "2722039995",
        "internal_id": "30_2022_06",
        "pp_internal_id": "30_2022_06",
        "calc_value": "561.05",
        "tariff": "",
        "service_internal_id": "ХВС",
        "rr": "",
        "recalculation": "",
        "accounting_period_total": "561.05"
    },
    {
        "org_ppa_guid": "2722039995",
        "internal_id": "32_2022_06",
        "pp_internal_id": "32_2022_06",
        "calc_value": "170.52",
        "tariff": "",
        "service_internal_id": "ХВС",
        "rr": "",
        "recalculation": "",
        "accounting_period_total": "170.52"
    },
    {
        "org_ppa_guid": "2722039995",
        "internal_id": "33_2022_06",
        "pp_internal_id": "33_2022_06",
        "calc_value": "284.01",
        "tariff": "",
        "service_internal_id": "ХВС",
        "rr": "",
        "recalculation": "",
        "accounting_period_total": "284.01"
    },
    {
        "org_ppa_guid": "2722039995",
        "internal_id": "34_2022_06",
        "pp_internal_id": "34_2022_06",
        "calc_value": "243.03",
        "tariff": "",
        "service_internal_id": "ХВС",
        "rr": "",
        "recalculation": "",
        "accounting_period_total": "243.03"
    },
    {
        "org_ppa_guid": "2722039995",
        "internal_id": "35а_2022_06",
        "pp_internal_id": "35а_2022_06",
        "calc_value": "579.9",
        "tariff": "",
        "service_internal_id": "ХВС",
        "rr": "",
        "recalculation": "",
        "accounting_period_total": "579.9"
    },
    {
        "org_ppa_guid": "2722039995",
        "internal_id": "36_2022_06",
        "pp_internal_id": "36_2022_06",
        "calc_value": "202.78",
        "tariff": "",
        "service_internal_id": "ХВС",
        "rr": "",
        "recalculation": "",
        "accounting_period_total": "202.78"
    },
    {
        "org_ppa_guid": "2722039995",
        "internal_id": "37_2022_06",
        "pp_internal_id": "37_2022_06",
        "calc_value": "109.26",
        "tariff": "",
        "service_internal_id": "ХВС",
        "rr": "",
        "recalculation": "",
        "accounting_period_total": "109.26"
    },
    {
        "org_ppa_guid": "2722039995",
        "internal_id": "38_2022_06",
        "pp_internal_id": "38_2022_06",
        "calc_value": "182.15",
        "tariff": "",
        "service_internal_id": "ХВС",
        "rr": "",
        "recalculation": "",
        "accounting_period_total": "182.15"
    },
    {
        "org_ppa_guid": "2722039995",
        "internal_id": "39_2022_06",
        "pp_internal_id": "39_2022_06",
        "calc_value": "1152.4",
        "tariff": "",
        "service_internal_id": "ХВС",
        "rr": "",
        "recalculation": "",
        "accounting_period_total": "1152.4"
    },
    {
        "org_ppa_guid": "2722039995",
        "internal_id": "4_2022_06",
        "pp_internal_id": "4_2022_06",
        "calc_value": "422.13",
        "tariff": "",
        "service_internal_id": "ХВС",
        "rr": "",
        "recalculation": "",
        "accounting_period_total": "422.13"
    },
    {
        "org_ppa_guid": "2722039995",
        "internal_id": "40_2022_06",
        "pp_internal_id": "40_2022_06",
        "calc_value": "87.65",
        "tariff": "",
        "service_internal_id": "ХВС",
        "rr": "",
        "recalculation": "",
        "accounting_period_total": "87.65"
    },
    {
        "org_ppa_guid": "2722039995",
        "internal_id": "41_2022_06",
        "pp_internal_id": "41_2022_06",
        "calc_value": "41.52",
        "tariff": "",
        "service_internal_id": "Электроэнергия",
        "rr": "",
        "recalculation": "",
        "accounting_period_total": "41.52"
    },
    {
        "org_ppa_guid": "2722039995",
        "internal_id": "42_2022_06",
        "pp_internal_id": "42_2022_06",
        "calc_value": "51.54",
        "tariff": "",
        "service_internal_id": "ХВС",
        "rr": "",
        "recalculation": "",
        "accounting_period_total": "51.54"
    },
    {
        "org_ppa_guid": "2722039995",
        "internal_id": "43_2022_06",
        "pp_internal_id": "43_2022_06",
        "calc_value": "62.85",
        "tariff": "",
        "service_internal_id": "Электроэнергия",
        "rr": "",
        "recalculation": "",
        "accounting_period_total": "62.85"
    },
    {
        "org_ppa_guid": "2722039995",
        "internal_id": "44_2022_06",
        "pp_internal_id": "44_2022_06",
        "calc_value": "113.57",
        "tariff": "",
        "service_internal_id": "ХВС",
        "rr": "",
        "recalculation": "",
        "accounting_period_total": "113.57"
    },
    {
        "org_ppa_guid": "2722039995",
        "internal_id": "45_2022_06",
        "pp_internal_id": "45_2022_06",
        "calc_value": "1315.88",
        "tariff": "",
        "service_internal_id": "ХВС",
        "rr": "",
        "recalculation": "",
        "accounting_period_total": "1315.88"
    },
    {
        "org_ppa_guid": "2722039995",
        "internal_id": "47_2022_06",
        "pp_internal_id": "47_2022_06",
        "calc_value": "300.51",
        "tariff": "",
        "service_internal_id": "ХВС",
        "rr": "",
        "recalculation": "",
        "accounting_period_total": "300.51"
    },
    {
        "org_ppa_guid": "2722039995",
        "internal_id": "48_2022_06",
        "pp_internal_id": "48_2022_06",
        "calc_value": "678.97",
        "tariff": "",
        "service_internal_id": "ХВС",
        "rr": "",
        "recalculation": "",
        "accounting_period_total": "678.97"
    },
    {
        "org_ppa_guid": "2722039995",
        "internal_id": "49_2022_06",
        "pp_internal_id": "49_2022_06",
        "calc_value": "773.15",
        "tariff": "",
        "service_internal_id": "ХВС",
        "rr": "",
        "recalculation": "",
        "accounting_period_total": "773.15"
    },
    {
        "org_ppa_guid": "2722039995",
        "internal_id": "5_2022_06",
        "pp_internal_id": "5_2022_06",
        "calc_value": "434.75",
        "tariff": "",
        "service_internal_id": "ХВС",
        "rr": "",
        "recalculation": "",
        "accounting_period_total": "434.75"
    },
    {
        "org_ppa_guid": "2722039995",
        "internal_id": "50_2022_06",
        "pp_internal_id": "50_2022_06",
        "calc_value": "1695.83",
        "tariff": "",
        "service_internal_id": "ХВС",
        "rr": "",
        "recalculation": "",
        "accounting_period_total": "1695.83"
    },
    {
        "org_ppa_guid": "2722039995",
        "internal_id": "51_2022_06",
        "pp_internal_id": "51_2022_06",
        "calc_value": "656.86",
        "tariff": "",
        "service_internal_id": "ХВС",
        "rr": "",
        "recalculation": "",
        "accounting_period_total": "656.86"
    },
    {
        "org_ppa_guid": "2722039995",
        "internal_id": "52_2022_06",
        "pp_internal_id": "52_2022_06",
        "calc_value": "283.62",
        "tariff": "",
        "service_internal_id": "ХВС",
        "rr": "",
        "recalculation": "",
        "accounting_period_total": "283.62"
    },
    {
        "org_ppa_guid": "2722039995",
        "internal_id": "53_2022_06",
        "pp_internal_id": "53_2022_06",
        "calc_value": "510.77",
        "tariff": "",
        "service_internal_id": "ХВС",
        "rr": "",
        "recalculation": "",
        "accounting_period_total": "510.77"
    },
    {
        "org_ppa_guid": "2722039995",
        "internal_id": "54_2022_06",
        "pp_internal_id": "54_2022_06",
        "calc_value": "54.04",
        "tariff": "",
        "service_internal_id": "ХВС",
        "rr": "",
        "recalculation": "",
        "accounting_period_total": "54.04"
    },
    {
        "org_ppa_guid": "2722039995",
        "internal_id": "55_2022_06",
        "pp_internal_id": "55_2022_06",
        "calc_value": "1246.79",
        "tariff": "",
        "service_internal_id": "ХВС",
        "rr": "",
        "recalculation": "",
        "accounting_period_total": "1246.79"
    },
    {
        "org_ppa_guid": "2722039995",
        "internal_id": "56_2022_06",
        "pp_internal_id": "56_2022_06",
        "calc_value": "767.97",
        "tariff": "",
        "service_internal_id": "ХВС",
        "rr": "",
        "recalculation": "",
        "accounting_period_total": "767.97"
    },
    {
        "org_ppa_guid": "2722039995",
        "internal_id": "57_2022_06",
        "pp_internal_id": "57_2022_06",
        "calc_value": "11.65",
        "tariff": "",
        "service_internal_id": "ХВС",
        "rr": "",
        "recalculation": "",
        "accounting_period_total": "11.65"
    },
    {
        "org_ppa_guid": "2722039995",
        "internal_id": "58_2022_06",
        "pp_internal_id": "58_2022_06",
        "calc_value": "25.39",
        "tariff": "",
        "service_internal_id": "ХВС",
        "rr": "",
        "recalculation": "",
        "accounting_period_total": "25.39"
    },
    {
        "org_ppa_guid": "2722039995",
        "internal_id": "59_2022_06",
        "pp_internal_id": "59_2022_06",
        "calc_value": "3.58",
        "tariff": "",
        "service_internal_id": "ХВС",
        "rr": "",
        "recalculation": "",
        "accounting_period_total": "3.58"
    },
    {
        "org_ppa_guid": "2722039995",
        "internal_id": "60_2022_06",
        "pp_internal_id": "60_2022_06",
        "calc_value": "243.98",
        "tariff": "",
        "service_internal_id": "ХВС",
        "rr": "",
        "recalculation": "",
        "accounting_period_total": "243.98"
    },
    {
        "org_ppa_guid": "2722039995",
        "internal_id": "61_2022_06",
        "pp_internal_id": "61_2022_06",
        "calc_value": "849.35",
        "tariff": "",
        "service_internal_id": "ХВС",
        "rr": "",
        "recalculation": "",
        "accounting_period_total": "849.35"
    },
    {
        "org_ppa_guid": "2722039995",
        "internal_id": "62_2022_06",
        "pp_internal_id": "62_2022_06",
        "calc_value": "1787.21",
        "tariff": "",
        "service_internal_id": "ХВС",
        "rr": "",
        "recalculation": "",
        "accounting_period_total": "1787.21"
    },
    {
        "org_ppa_guid": "2722039995",
        "internal_id": "64_2022_06",
        "pp_internal_id": "64_2022_06",
        "calc_value": "474.64",
        "tariff": "",
        "service_internal_id": "ХВС",
        "rr": "",
        "recalculation": "",
        "accounting_period_total": "474.64"
    },
    {
        "org_ppa_guid": "2722039995",
        "internal_id": "65_2022_06",
        "pp_internal_id": "65_2022_06",
        "calc_value": "837.2",
        "tariff": "",
        "service_internal_id": "ХВС",
        "rr": "",
        "recalculation": "",
        "accounting_period_total": "837.2"
    },
    {
        "org_ppa_guid": "2722039995",
        "internal_id": "66_2022_06",
        "pp_internal_id": "66_2022_06",
        "calc_value": "199.36",
        "tariff": "",
        "service_internal_id": "ХВС",
        "rr": "",
        "recalculation": "",
        "accounting_period_total": "199.36"
    },
    {
        "org_ppa_guid": "2722039995",
        "internal_id": "67_2022_06",
        "pp_internal_id": "67_2022_06",
        "calc_value": "821.27",
        "tariff": "",
        "service_internal_id": "ХВС",
        "rr": "",
        "recalculation": "",
        "accounting_period_total": "821.27"
    },
    {
        "org_ppa_guid": "2722039995",
        "internal_id": "68_2022_06",
        "pp_internal_id": "68_2022_06",
        "calc_value": "317.07",
        "tariff": "",
        "service_internal_id": "ХВС",
        "rr": "",
        "recalculation": "",
        "accounting_period_total": "317.07"
    },
    {
        "org_ppa_guid": "2722039995",
        "internal_id": "69_2022_06",
        "pp_internal_id": "69_2022_06",
        "calc_value": "28.79",
        "tariff": "",
        "service_internal_id": "ХВС",
        "rr": "",
        "recalculation": "",
        "accounting_period_total": "28.79"
    },
    {
        "org_ppa_guid": "2722039995",
        "internal_id": "7_2022_06",
        "pp_internal_id": "7_2022_06",
        "calc_value": "102.43",
        "tariff": "",
        "service_internal_id": "ХВС",
        "rr": "",
        "recalculation": "",
        "accounting_period_total": "102.43"
    },
    {
        "org_ppa_guid": "2722039995",
        "internal_id": "70_2022_06",
        "pp_internal_id": "70_2022_06",
        "calc_value": "353.2",
        "tariff": "",
        "service_internal_id": "ХВС",
        "rr": "",
        "recalculation": "",
        "accounting_period_total": "353.2"
    },
    {
        "org_ppa_guid": "2722039995",
        "internal_id": "71_2022_06",
        "pp_internal_id": "71_2022_06",
        "calc_value": "256.6",
        "tariff": "",
        "service_internal_id": "ХВС",
        "rr": "",
        "recalculation": "",
        "accounting_period_total": "256.6"
    },
    {
        "org_ppa_guid": "2722039995",
        "internal_id": "72_2022_06",
        "pp_internal_id": "72_2022_06",
        "calc_value": "154.41",
        "tariff": "",
        "service_internal_id": "ХВС",
        "rr": "",
        "recalculation": "",
        "accounting_period_total": "154.41"
    },
    {
        "org_ppa_guid": "2722039995",
        "internal_id": "73_2022_06",
        "pp_internal_id": "73_2022_06",
        "calc_value": "587.53",
        "tariff": "",
        "service_internal_id": "ХВС",
        "rr": "",
        "recalculation": "",
        "accounting_period_total": "587.53"
    },
    {
        "org_ppa_guid": "2722039995",
        "internal_id": "74_2022_06",
        "pp_internal_id": "74_2022_06",
        "calc_value": "324.54",
        "tariff": "",
        "service_internal_id": "ХВС",
        "rr": "",
        "recalculation": "",
        "accounting_period_total": "324.54"
    },
    {
        "org_ppa_guid": "2722039995",
        "internal_id": "75_2022_06",
        "pp_internal_id": "75_2022_06",
        "calc_value": "430.67",
        "tariff": "",
        "service_internal_id": "ХВС",
        "rr": "",
        "recalculation": "",
        "accounting_period_total": "430.67"
    },
    {
        "org_ppa_guid": "2722039995",
        "internal_id": "77_2022_06",
        "pp_internal_id": "77_2022_06",
        "calc_value": "324.68",
        "tariff": "",
        "service_internal_id": "ХВС",
        "rr": "",
        "recalculation": "",
        "accounting_period_total": "324.68"
    },
    {
        "org_ppa_guid": "2722039995",
        "internal_id": "78_2022_06",
        "pp_internal_id": "78_2022_06",
        "calc_value": "129.8",
        "tariff": "",
        "service_internal_id": "ХВС",
        "rr": "",
        "recalculation": "",
        "accounting_period_total": "129.8"
    },
    {
        "org_ppa_guid": "2722039995",
        "internal_id": "79_2022_06",
        "pp_internal_id": "79_2022_06",
        "calc_value": "821.59",
        "tariff": "",
        "service_internal_id": "ХВС",
        "rr": "",
        "recalculation": "",
        "accounting_period_total": "821.59"
    },
    {
        "org_ppa_guid": "2722039995",
        "internal_id": "8_2022_06",
        "pp_internal_id": "8_2022_06",
        "calc_value": "2520.27",
        "tariff": "",
        "service_internal_id": "ХВС",
        "rr": "",
        "recalculation": "",
        "accounting_period_total": "2520.27"
    },
    {
        "org_ppa_guid": "2722039995",
        "internal_id": "80_2022_06",
        "pp_internal_id": "80_2022_06",
        "calc_value": "50.49",
        "tariff": "",
        "service_internal_id": "ХВС",
        "rr": "",
        "recalculation": "",
        "accounting_period_total": "50.49"
    },
    {
        "org_ppa_guid": "2722039995",
        "internal_id": "81_2022_06",
        "pp_internal_id": "81_2022_06",
        "calc_value": "39.81",
        "tariff": "",
        "service_internal_id": "Электроэнергия",
        "rr": "",
        "recalculation": "",
        "accounting_period_total": "39.81"
    },
    {
        "org_ppa_guid": "2722039995",
        "internal_id": "82_2022_06",
        "pp_internal_id": "82_2022_06",
        "calc_value": "1666.24",
        "tariff": "",
        "service_internal_id": "ХВС",
        "rr": "",
        "recalculation": "",
        "accounting_period_total": "1666.24"
    },
    {
        "org_ppa_guid": "2722039995",
        "internal_id": "83_2022_06",
        "pp_internal_id": "83_2022_06",
        "calc_value": "589.53",
        "tariff": "",
        "service_internal_id": "ХВС",
        "rr": "",
        "recalculation": "",
        "accounting_period_total": "589.53"
    },
    {
        "org_ppa_guid": "2722039995",
        "internal_id": "84_2022_06",
        "pp_internal_id": "84_2022_06",
        "calc_value": "342.05",
        "tariff": "",
        "service_internal_id": "ХВС",
        "rr": "",
        "recalculation": "",
        "accounting_period_total": "342.05"
    },
    {
        "org_ppa_guid": "2722039995",
        "internal_id": "86_2022_06",
        "pp_internal_id": "86_2022_06",
        "calc_value": "748.9",
        "tariff": "",
        "service_internal_id": "ХВС",
        "rr": "",
        "recalculation": "",
        "accounting_period_total": "748.9"
    },
    {
        "org_ppa_guid": "2722039995",
        "internal_id": "87_2022_06",
        "pp_internal_id": "87_2022_06",
        "calc_value": "626.59",
        "tariff": "",
        "service_internal_id": "ХВС",
        "rr": "",
        "recalculation": "",
        "accounting_period_total": "626.59"
    },
    {
        "org_ppa_guid": "2722039995",
        "internal_id": "88_2022_06",
        "pp_internal_id": "88_2022_06",
        "calc_value": "210.94",
        "tariff": "",
        "service_internal_id": "ХВС",
        "rr": "",
        "recalculation": "",
        "accounting_period_total": "210.94"
    },
    {
        "org_ppa_guid": "2722039995",
        "internal_id": "89_2022_06",
        "pp_internal_id": "89_2022_06",
        "calc_value": "251.0",
        "tariff": "",
        "service_internal_id": "ХВС",
        "rr": "",
        "recalculation": "",
        "accounting_period_total": "251.0"
    },
    {
        "org_ppa_guid": "2722039995",
        "internal_id": "9_2022_06",
        "pp_internal_id": "9_2022_06",
        "calc_value": "202.79",
        "tariff": "",
        "service_internal_id": "ХВС",
        "rr": "",
        "recalculation": "",
        "accounting_period_total": "202.79"
    },
    {
        "org_ppa_guid": "2722039995",
        "internal_id": "90_2022_06",
        "pp_internal_id": "90_2022_06",
        "calc_value": "200.65",
        "tariff": "",
        "service_internal_id": "ХВС",
        "rr": "",
        "recalculation": "",
        "accounting_period_total": "200.65"
    },
    {
        "org_ppa_guid": "2722039995",
        "internal_id": "91_2022_06",
        "pp_internal_id": "91_2022_06",
        "calc_value": "1047.1",
        "tariff": "",
        "service_internal_id": "ХВС",
        "rr": "",
        "recalculation": "",
        "accounting_period_total": "44973.03999999999"
    }
]