[
    {
        "org_ppa_guid": "2722039995",
        "internal_id": "1_2022_01",
        "account_internal_id": "1_2022_01",
        "gis_id": "1_2022_01",
        "month": "01.01.2022",
        "credit": "2283.5",
        "saldo": "2091.75",
        "payment_value": "2283.5",
        "payment_date": "01.01.2022",
        "bill_value": "",
        "account_number": "",
        "bank_bik": ""
    },
    {
        "org_ppa_guid": "2722039995",
        "internal_id": "10_2022_01",
        "account_internal_id": "10_2022_01",
        "gis_id": "10_2022_01",
        "month": "01.01.2022",
        "credit": "13734.3",
        "saldo": "12056.61",
        "payment_value": "5000.0",
        "payment_date": "01.01.2022",
        "bill_value": "",
        "account_number": "",
        "bank_bik": ""
    },
    {
        "org_ppa_guid": "2722039995",
        "internal_id": "11_2022_01",
        "account_internal_id": "11_2022_01",
        "gis_id": "11_2022_01",
        "month": "01.01.2022",
        "credit": "3936.27",
        "saldo": "3608.5",
        "payment_value": "3936.27",
        "payment_date": "01.01.2022",
        "bill_value": "",
        "account_number": "",
        "bank_bik": ""
    },
    {
        "org_ppa_guid": "2722039995",
        "internal_id": "12_2022_01",
        "account_internal_id": "12_2022_01",
        "gis_id": "12_2022_01",
        "month": "01.01.2022",
        "credit": "12200.63",
        "saldo": "5015.92",
        "payment_value": "12200.63",
        "payment_date": "01.01.2022",
        "bill_value": "",
        "account_number": "",
        "bank_bik": ""
    },
    {
        "org_ppa_guid": "2722039995",
        "internal_id": "13_2022_01",
        "account_internal_id": "13_2022_01",
        "gis_id": "13_2022_01",
        "month": "01.01.2022",
        "credit": "42275.46",
        "saldo": "46308.21",
        "payment_value": "0.0",
        "payment_date": "",
        "bill_value": "",
        "account_number": "",
        "bank_bik": ""
    },
    {
        "org_ppa_guid": "2722039995",
        "internal_id": "14_2022_01",
        "account_internal_id": "14_2022_01",
        "gis_id": "14_2022_01",
        "month": "01.01.2022",
        "credit": "2214.97",
        "saldo": "1930.88",
        "payment_value": "2214.97",
        "payment_date": "01.01.2022",
        "bill_value": "",
        "account_number": "",
        "bank_bik": ""
    },
    {
        "org_ppa_guid": "2722039995",
        "internal_id": "15_2022_01",
        "account_internal_id": "15_2022_01",
        "gis_id": "15_2022_01",
        "month": "01.01.2022",
        "credit": "3759.57",
        "saldo": "3444.9",
        "payment_value": "3759.57",
        "payment_date": "01.01.2022",
        "bill_value": "",
        "account_number": "",
        "bank_bik": ""
    },
    {
        "org_ppa_guid": "2722039995",
        "internal_id": "16_2022_01",
        "account_internal_id": "16_2022_01",
        "gis_id": "16_2022_01",
        "month": "01.01.2022",
        "credit": "9316.87",
        "saldo": "9161.12",
        "payment_value": "3000.0",
        "payment_date": "01.01.2022",
        "bill_value": "",
        "account_number": "",
        "bank_bik": ""
    },
    {
        "org_ppa_guid": "2722039995",
        "internal_id": "17_2022_01",
        "account_internal_id": "17_2022_01",
        "gis_id": "17_2022_01",
        "month": "01.01.2022",
        "credit": "3760.34",
        "saldo": "3523.83",
        "payment_value": "3760.34",
        "payment_date": "01.01.2022",
        "bill_value": "",
        "account_number": "",
        "bank_bik": ""
    },
    {
        "org_ppa_guid": "2722039995",
        "internal_id": "18_2022_01",
        "account_internal_id": "18_2022_01",
        "gis_id": "18_2022_01",
        "month": "01.01.2022",
        "credit": "5300.74",
        "saldo": "4933.53",
        "payment_value": "5300.74",
        "payment_date": "01.01.2022",
        "bill_value": "",
        "account_number": "",
        "bank_bik": ""
    },
    {
        "org_ppa_guid": "2722039995",
        "internal_id": "19_2022_01",
        "account_internal_id": "19_2022_01",
        "gis_id": "19_2022_01",
        "month": "01.01.2022",
        "credit": "1998.53",
        "saldo": "2004.09",
        "payment_value": "1998.53",
        "payment_date": "01.01.2022",
        "bill_value": "",
        "account_number": "",
        "bank_bik": ""
    },
    {
        "org_ppa_guid": "2722039995",
        "internal_id": "2_2022_01",
        "account_internal_id": "2_2022_01",
        "gis_id": "2_2022_01",
        "month": "01.01.2022",
        "credit": "2439.28",
        "saldo": "2152.45",
        "payment_value": "2439.28",
        "payment_date": "01.01.2022",
        "bill_value": "",
        "account_number": "",
        "bank_bik": ""
    },
    {
        "org_ppa_guid": "2722039995",
        "internal_id": "20_2022_01",
        "account_internal_id": "20_2022_01",
        "gis_id": "20_2022_01",
        "month": "01.01.2022",
        "credit": "3343.37",
        "saldo": "4985.71",
        "payment_value": "0.0",
        "payment_date": "",
        "bill_value": "",
        "account_number": "",
        "bank_bik": ""
    },
    {
        "org_ppa_guid": "2722039995",
        "internal_id": "21_2022_01",
        "account_internal_id": "21_2022_01",
        "gis_id": "21_2022_01",
        "month": "01.01.2022",
        "credit": "3286.6",
        "saldo": "3183.16",
        "payment_value": "3286.6",
        "payment_date": "01.01.2022",
        "bill_value": "",
        "account_number": "",
        "bank_bik": ""
    },
    {
        "org_ppa_guid": "2722039995",
        "internal_id": "22_2022_01",
        "account_internal_id": "22_2022_01",
        "gis_id": "22_2022_01",
        "month": "01.01.2022",
        "credit": "2951.5",
        "saldo": "2801.66",
        "payment_value": "2951.5",
        "payment_date": "01.01.2022",
        "bill_value": "",
        "account_number": "",
        "bank_bik": ""
    },
    {
        "org_ppa_guid": "2722039995",
        "internal_id": "23_2022_01",
        "account_internal_id": "23_2022_01",
        "gis_id": "23_2022_01",
        "month": "01.01.2022",
        "credit": "3872.48",
        "saldo": "3586.57",
        "payment_value": "3872.48",
        "payment_date": "01.01.2022",
        "bill_value": "",
        "account_number": "",
        "bank_bik": ""
    },
    {
        "org_ppa_guid": "2722039995",
        "internal_id": "24_2022_01",
        "account_internal_id": "24_2022_01",
        "gis_id": "24_2022_01",
        "month": "01.01.2022",
        "credit": "4565.73",
        "saldo": "4170.78",
        "payment_value": "4565.73",
        "payment_date": "01.01.2022",
        "bill_value": "",
        "account_number": "",
        "bank_bik": ""
    },
    {
        "org_ppa_guid": "2722039995",
        "internal_id": "25_2022_01",
        "account_internal_id": "25_2022_01",
        "gis_id": "25_2022_01",
        "month": "01.01.2022",
        "credit": "1919.73",
        "saldo": "3537.38",
        "payment_value": "0.0",
        "payment_date": "",
        "bill_value": "",
        "account_number": "",
        "bank_bik": ""
    },
    {
        "org_ppa_guid": "2722039995",
        "internal_id": "26_2022_01",
        "account_internal_id": "26_2022_01",
        "gis_id": "26_2022_01",
        "month": "01.01.2022",
        "credit": "1709.48",
        "saldo": "2272.21",
        "payment_value": "1709.48",
        "payment_date": "01.01.2022",
        "bill_value": "",
        "account_number": "",
        "bank_bik": ""
    },
    {
        "org_ppa_guid": "2722039995",
        "internal_id": "27_2022_01",
        "account_internal_id": "27_2022_01",
        "gis_id": "27_2022_01",
        "month": "01.01.2022",
        "credit": "3007.02",
        "saldo": "2670.86",
        "payment_value": "3007.02",
        "payment_date": "01.01.2022",
        "bill_value": "",
        "account_number": "",
        "bank_bik": ""
    },
    {
        "org_ppa_guid": "2722039995",
        "internal_id": "28_2022_01",
        "account_internal_id": "28_2022_01",
        "gis_id": "28_2022_01",
        "month": "01.01.2022",
        "credit": "3204.92",
        "saldo": "3162.46",
        "payment_value": "3204.92",
        "payment_date": "01.01.2022",
        "bill_value": "",
        "account_number": "",
        "bank_bik": ""
    },
    {
        "org_ppa_guid": "2722039995",
        "internal_id": "29_2022_01",
        "account_internal_id": "29_2022_01",
        "gis_id": "29_2022_01",
        "month": "01.01.2022",
        "credit": "3978.55",
        "saldo": "3706.67",
        "payment_value": "3978.55",
        "payment_date": "01.01.2022",
        "bill_value": "",
        "account_number": "",
        "bank_bik": ""
    },
    {
        "org_ppa_guid": "2722039995",
        "internal_id": "3_2022_01",
        "account_internal_id": "3_2022_01",
        "gis_id": "3_2022_01",
        "month": "01.01.2022",
        "credit": "3271.31",
        "saldo": "3523.76",
        "payment_value": "3271.31",
        "payment_date": "01.01.2022",
        "bill_value": "",
        "account_number": "",
        "bank_bik": ""
    },
    {
        "org_ppa_guid": "2722039995",
        "internal_id": "30_2022_01",
        "account_internal_id": "30_2022_01",
        "gis_id": "30_2022_01",
        "month": "01.01.2022",
        "credit": "4636.83",
        "saldo": "4263.33",
        "payment_value": "4636.83",
        "payment_date": "01.01.2022",
        "bill_value": "",
        "account_number": "",
        "bank_bik": ""
    },
    {
        "org_ppa_guid": "2722039995",
        "internal_id": "32_2022_01",
        "account_internal_id": "32_2022_01",
        "gis_id": "32_2022_01",
        "month": "01.01.2022",
        "credit": "8401.24",
        "saldo": "10350.94",
        "payment_value": "0.0",
        "payment_date": "",
        "bill_value": "",
        "account_number": "",
        "bank_bik": ""
    },
    {
        "org_ppa_guid": "2722039995",
        "internal_id": "33_2022_01",
        "account_internal_id": "33_2022_01",
        "gis_id": "33_2022_01",
        "month": "01.01.2022",
        "credit": "10213.12",
        "saldo": "6693.96",
        "payment_value": "6729.63",
        "payment_date": "01.01.2022",
        "bill_value": "",
        "account_number": "",
        "bank_bik": ""
    },
    {
        "org_ppa_guid": "2722039995",
        "internal_id": "34_2022_01",
        "account_internal_id": "34_2022_01",
        "gis_id": "34_2022_01",
        "month": "01.01.2022",
        "credit": "2893.56",
        "saldo": "5549.31",
        "payment_value": "0.0",
        "payment_date": "",
        "bill_value": "",
        "account_number": "",
        "bank_bik": ""
    },
    {
        "org_ppa_guid": "2722039995",
        "internal_id": "35а_2022_01",
        "account_internal_id": "35а_2022_01",
        "gis_id": "35а_2022_01",
        "month": "01.01.2022",
        "credit": "2978.6",
        "saldo": "2872.79",
        "payment_value": "2979.0",
        "payment_date": "01.01.2022",
        "bill_value": "",
        "account_number": "",
        "bank_bik": ""
    },
    {
        "org_ppa_guid": "2722039995",
        "internal_id": "36_2022_01",
        "account_internal_id": "36_2022_01",
        "gis_id": "36_2022_01",
        "month": "01.01.2022",
        "credit": "2486.54",
        "saldo": "2210.97",
        "payment_value": "2486.54",
        "payment_date": "01.01.2022",
        "bill_value": "",
        "account_number": "",
        "bank_bik": ""
    },
    {
        "org_ppa_guid": "2722039995",
        "internal_id": "37_2022_01",
        "account_internal_id": "37_2022_01",
        "gis_id": "37_2022_01",
        "month": "01.01.2022",
        "credit": "1799.82",
        "saldo": "1760.6",
        "payment_value": "1799.82",
        "payment_date": "01.01.2022",
        "bill_value": "",
        "account_number": "",
        "bank_bik": ""
    },
    {
        "org_ppa_guid": "2722039995",
        "internal_id": "38_2022_01",
        "account_internal_id": "38_2022_01",
        "gis_id": "38_2022_01",
        "month": "01.01.2022",
        "credit": "-251.51",
        "saldo": "4500.61",
        "payment_value": "0.0",
        "payment_date": "",
        "bill_value": "",
        "account_number": "",
        "bank_bik": ""
    },
    {
        "org_ppa_guid": "2722039995",
        "internal_id": "39_2022_01",
        "account_internal_id": "39_2022_01",
        "gis_id": "39_2022_01",
        "month": "01.01.2022",
        "credit": "3332.01",
        "saldo": "2931.97",
        "payment_value": "3332.01",
        "payment_date": "01.01.2022",
        "bill_value": "",
        "account_number": "",
        "bank_bik": ""
    },
    {
        "org_ppa_guid": "2722039995",
        "internal_id": "4_2022_01",
        "account_internal_id": "4_2022_01",
        "gis_id": "4_2022_01",
        "month": "01.01.2022",
        "credit": "7172.83",
        "saldo": "5030.04",
        "payment_value": "5000.0",
        "payment_date": "01.01.2022",
        "bill_value": "",
        "account_number": "",
        "bank_bik": ""
    },
    {
        "org_ppa_guid": "2722039995",
        "internal_id": "40_2022_01",
        "account_internal_id": "40_2022_01",
        "gis_id": "40_2022_01",
        "month": "01.01.2022",
        "credit": "-1770.85",
        "saldo": "-3882.42",
        "payment_value": "3700.0",
        "payment_date": "01.01.2022",
        "bill_value": "",
        "account_number": "",
        "bank_bik": ""
    },
    {
        "org_ppa_guid": "2722039995",
        "internal_id": "41_2022_01",
        "account_internal_id": "41_2022_01",
        "gis_id": "41_2022_01",
        "month": "01.01.2022",
        "credit": "-605.47",
        "saldo": "-1702.2",
        "payment_value": "2900.0",
        "payment_date": "01.01.2022",
        "bill_value": "",
        "account_number": "",
        "bank_bik": ""
    },
    {
        "org_ppa_guid": "2722039995",
        "internal_id": "42_2022_01",
        "account_internal_id": "42_2022_01",
        "gis_id": "42_2022_01",
        "month": "01.01.2022",
        "credit": "1857.98",
        "saldo": "1037.7",
        "payment_value": "3500.0",
        "payment_date": "01.01.2022",
        "bill_value": "",
        "account_number": "",
        "bank_bik": ""
    },
    {
        "org_ppa_guid": "2722039995",
        "internal_id": "43_2022_01",
        "account_internal_id": "43_2022_01",
        "gis_id": "43_2022_01",
        "month": "01.01.2022",
        "credit": "1658.68",
        "saldo": "831.53",
        "payment_value": "3500.0",
        "payment_date": "01.01.2022",
        "bill_value": "",
        "account_number": "",
        "bank_bik": ""
    },
    {
        "org_ppa_guid": "2722039995",
        "internal_id": "44_2022_01",
        "account_internal_id": "44_2022_01",
        "gis_id": "44_2022_01",
        "month": "01.01.2022",
        "credit": "1915.12",
        "saldo": "1680.18",
        "payment_value": "2000.0",
        "payment_date": "01.01.2022",
        "bill_value": "",
        "account_number": "",
        "bank_bik": ""
    },
    {
        "org_ppa_guid": "2722039995",
        "internal_id": "45_2022_01",
        "account_internal_id": "45_2022_01",
        "gis_id": "45_2022_01",
        "month": "01.01.2022",
        "credit": "-5449.11",
        "saldo": "-2734.43",
        "payment_value": "0.0",
        "payment_date": "",
        "bill_value": "",
        "account_number": "",
        "bank_bik": ""
    },
    {
        "org_ppa_guid": "2722039995",
        "internal_id": "47_2022_01",
        "account_internal_id": "47_2022_01",
        "gis_id": "47_2022_01",
        "month": "01.01.2022",
        "credit": "2458.12",
        "saldo": "2222.1",
        "payment_value": "2458.12",
        "payment_date": "01.01.2022",
        "bill_value": "",
        "account_number": "",
        "bank_bik": ""
    },
    {
        "org_ppa_guid": "2722039995",
        "internal_id": "48_2022_01",
        "account_internal_id": "48_2022_01",
        "gis_id": "48_2022_01",
        "month": "01.01.2022",
        "credit": "2135.46",
        "saldo": "3765.21",
        "payment_value": "2135.46",
        "payment_date": "01.01.2022",
        "bill_value": "",
        "account_number": "",
        "bank_bik": ""
    },
    {
        "org_ppa_guid": "2722039995",
        "internal_id": "49_2022_01",
        "account_internal_id": "49_2022_01",
        "gis_id": "49_2022_01",
        "month": "01.01.2022",
        "credit": "3605.51",
        "saldo": "3226.1",
        "payment_value": "3605.51",
        "payment_date": "01.01.2022",
        "bill_value": "",
        "account_number": "",
        "bank_bik": ""
    },
    {
        "org_ppa_guid": "2722039995",
        "internal_id": "5_2022_01",
        "account_internal_id": "5_2022_01",
        "gis_id": "5_2022_01",
        "month": "01.01.2022",
        "credit": "0.0",
        "saldo": "0.0",
        "payment_value": "4912.0",
        "payment_date": "01.01.2022",
        "bill_value": "",
        "account_number": "",
        "bank_bik": ""
    },
    {
        "org_ppa_guid": "2722039995",
        "internal_id": "50_2022_01",
        "account_internal_id": "50_2022_01",
        "gis_id": "50_2022_01",
        "month": "01.01.2022",
        "credit": "25223.65",
        "saldo": "31498.62",
        "payment_value": "0.0",
        "payment_date": "",
        "bill_value": "",
        "account_number": "",
        "bank_bik": ""
    },
    {
        "org_ppa_guid": "2722039995",
        "internal_id": "51_2022_01",
        "account_internal_id": "51_2022_01",
        "gis_id": "51_2022_01",
        "month": "01.01.2022",
        "credit": "2339.92",
        "saldo": "2020.87",
        "payment_value": "2339.92",
        "payment_date": "01.01.2022",
        "bill_value": "",
        "account_number": "",
        "bank_bik": ""
    },
    {
        "org_ppa_guid": "2722039995",
        "internal_id": "52_2022_01",
        "account_internal_id": "52_2022_01",
        "gis_id": "52_2022_01",
        "month": "01.01.2022",
        "credit": "1854.73",
        "saldo": "1801.4",
        "payment_value": "1854.73",
        "payment_date": "01.01.2022",
        "bill_value": "",
        "account_number": "",
        "bank_bik": ""
    },
    {
        "org_ppa_guid": "2722039995",
        "internal_id": "53_2022_01",
        "account_internal_id": "53_2022_01",
        "gis_id": "53_2022_01",
        "month": "01.01.2022",
        "credit": "6066.89",
        "saldo": "5545.88",
        "payment_value": "6066.89",
        "payment_date": "01.01.2022",
        "bill_value": "",
        "account_number": "",
        "bank_bik": ""
    },
    {
        "org_ppa_guid": "2722039995",
        "internal_id": "54_2022_01",
        "account_internal_id": "54_2022_01",
        "gis_id": "54_2022_01",
        "month": "01.01.2022",
        "credit": "2507.07",
        "saldo": "2136.12",
        "payment_value": "2507.07",
        "payment_date": "01.01.2022",
        "bill_value": "",
        "account_number": "",
        "bank_bik": ""
    },
    {
        "org_ppa_guid": "2722039995",
        "internal_id": "55_2022_01",
        "account_internal_id": "55_2022_01",
        "gis_id": "55_2022_01",
        "month": "01.01.2022",
        "credit": "4831.31",
        "saldo": "4486.26",
        "payment_value": "4831.31",
        "payment_date": "01.01.2022",
        "bill_value": "",
        "account_number": "",
        "bank_bik": ""
    },
    {
        "org_ppa_guid": "2722039995",
        "internal_id": "56_2022_01",
        "account_internal_id": "56_2022_01",
        "gis_id": "56_2022_01",
        "month": "01.01.2022",
        "credit": "3453.95",
        "saldo": "3208.26",
        "payment_value": "3453.95",
        "payment_date": "01.01.2022",
        "bill_value": "",
        "account_number": "",
        "bank_bik": ""
    },
    {
        "org_ppa_guid": "2722039995",
        "internal_id": "57_2022_01",
        "account_internal_id": "57_2022_01",
        "gis_id": "57_2022_01",
        "month": "01.01.2022",
        "credit": "2427.54",
        "saldo": "2272.2",
        "payment_value": "2427.54",
        "payment_date": "01.01.2022",
        "bill_value": "",
        "account_number": "",
        "bank_bik": ""
    },
    {
        "org_ppa_guid": "2722039995",
        "internal_id": "58_2022_01",
        "account_internal_id": "58_2022_01",
        "gis_id": "58_2022_01",
        "month": "01.01.2022",
        "credit": "1623.35",
        "saldo": "1614.58",
        "payment_value": "1623.35",
        "payment_date": "01.01.2022",
        "bill_value": "",
        "account_number": "",
        "bank_bik": ""
    },
    {
        "org_ppa_guid": "2722039995",
        "internal_id": "59_2022_01",
        "account_internal_id": "59_2022_01",
        "gis_id": "59_2022_01",
        "month": "01.01.2022",
        "credit": "3491.98",
        "saldo": "5010.3",
        "payment_value": "0.0",
        "payment_date": "",
        "bill_value": "",
        "account_number": "",
        "bank_bik": ""
    },
    {
        "org_ppa_guid": "2722039995",
        "internal_id": "60_2022_01",
        "account_internal_id": "60_2022_01",
        "gis_id": "60_2022_01",
        "month": "01.01.2022",
        "credit": "5556.51",
        "saldo": "5177.37",
        "payment_value": "5556.51",
        "payment_date": "01.01.2022",
        "bill_value": "",
        "account_number": "",
        "bank_bik": ""
    },
    {
        "org_ppa_guid": "2722039995",
        "internal_id": "61_2022_01",
        "account_internal_id": "61_2022_01",
        "gis_id": "61_2022_01",
        "month": "01.01.2022",
        "credit": "2759.16",
        "saldo": "2401.23",
        "payment_value": "2760.0",
        "payment_date": "01.01.2022",
        "bill_value": "",
        "account_number": "",
        "bank_bik": ""
    },
    {
        "org_ppa_guid": "2722039995",
        "internal_id": "62_2022_01",
        "account_internal_id": "62_2022_01",
        "gis_id": "62_2022_01",
        "month": "01.01.2022",
        "credit": "3348.55",
        "saldo": "2835.89",
        "payment_value": "3348.55",
        "payment_date": "01.01.2022",
        "bill_value": "",
        "account_number": "",
        "bank_bik": ""
    },
    {
        "org_ppa_guid": "2722039995",
        "internal_id": "64_2022_01",
        "account_internal_id": "64_2022_01",
        "gis_id": "64_2022_01",
        "month": "01.01.2022",
        "credit": "3239.89",
        "saldo": "2625.98",
        "payment_value": "3239.89",
        "payment_date": "01.01.2022",
        "bill_value": "",
        "account_number": "",
        "bank_bik": ""
    },
    {
        "org_ppa_guid": "2722039995",
        "internal_id": "65_2022_01",
        "account_internal_id": "65_2022_01",
        "gis_id": "65_2022_01",
        "month": "01.01.2022",
        "credit": "3915.04",
        "saldo": "4285.75",
        "payment_value": "1880.38",
        "payment_date": "01.01.2022",
        "bill_value": "",
        "account_number": "",
        "bank_bik": ""
    },
    {
        "org_ppa_guid": "2722039995",
        "internal_id": "66_2022_01",
        "account_internal_id": "66_2022_01",
        "gis_id": "66_2022_01",
        "month": "01.01.2022",
        "credit": "1913.85",
        "saldo": "1787.29",
        "payment_value": "1913.85",
        "payment_date": "01.01.2022",
        "bill_value": "",
        "account_number": "",
        "bank_bik": ""
    },
    {
        "org_ppa_guid": "2722039995",
        "internal_id": "67_2022_01",
        "account_internal_id": "67_2022_01",
        "gis_id": "67_2022_01",
        "month": "01.01.2022",
        "credit": "6246.53",
        "saldo": "5922.61",
        "payment_value": "6246.53",
        "payment_date": "01.01.2022",
        "bill_value": "",
        "account_number": "",
        "bank_bik": ""
    },
    {
        "org_ppa_guid": "2722039995",
        "internal_id": "68_2022_01",
        "account_internal_id": "68_2022_01",
        "gis_id": "68_2022_01",
        "month": "01.01.2022",
        "credit": "2650.39",
        "saldo": "2627.97",
        "payment_value": "2650.39",
        "payment_date": "01.01.2022",
        "bill_value": "",
        "account_number": "",
        "bank_bik": ""
    },
    {
        "org_ppa_guid": "2722039995",
        "internal_id": "69_2022_01",
        "account_internal_id": "69_2022_01",
        "gis_id": "69_2022_01",
        "month": "01.01.2022",
        "credit": "3254.04",
        "saldo": "3264.14",
        "payment_value": "3254.04",
        "payment_date": "01.01.2022",
        "bill_value": "",
        "account_number": "",
        "bank_bik": ""
    },
    {
        "org_ppa_guid": "2722039995",
        "internal_id": "7_2022_01",
        "account_internal_id": "7_2022_01",
        "gis_id": "7_2022_01",
        "month": "01.01.2022",
        "credit": "1731.92",
        "saldo": "1971.74",
        "payment_value": "1731.92",
        "payment_date": "01.01.2022",
        "bill_value": "",
        "account_number": "",
        "bank_bik": ""
    },
    {
        "org_ppa_guid": "2722039995",
        "internal_id": "70_2022_01",
        "account_internal_id": "70_2022_01",
        "gis_id": "70_2022_01",
        "month": "01.01.2022",
        "credit": "3477.77",
        "saldo": "6824.47",
        "payment_value": "0.0",
        "payment_date": "",
        "bill_value": "",
        "account_number": "",
        "bank_bik": ""
    },
    {
        "org_ppa_guid": "2722039995",
        "internal_id": "71_2022_01",
        "account_internal_id": "71_2022_01",
        "gis_id": "71_2022_01",
        "month": "01.01.2022",
        "credit": "2775.69",
        "saldo": "2388.25",
        "payment_value": "2775.69",
        "payment_date": "01.01.2022",
        "bill_value": "",
        "account_number": "",
        "bank_bik": ""
    },
    {
        "org_ppa_guid": "2722039995",
        "internal_id": "72_2022_01",
        "account_internal_id": "72_2022_01",
        "gis_id": "72_2022_01",
        "month": "01.01.2022",
        "credit": "1811.65",
        "saldo": "1696.77",
        "payment_value": "1811.65",
        "payment_date": "01.01.2022",
        "bill_value": "",
        "account_number": "",
        "bank_bik": ""
    },
    {
        "org_ppa_guid": "2722039995",
        "internal_id": "73_2022_01",
        "account_internal_id": "73_2022_01",
        "gis_id": "73_2022_01",
        "month": "01.01.2022",
        "credit": "2455.17",
        "saldo": "2151.39",
        "payment_value": "2455.17",
        "payment_date": "01.01.2022",
        "bill_value": "",
        "account_number": "",
        "bank_bik": ""
    },
    {
        "org_ppa_guid": "2722039995",
        "internal_id": "74_2022_01",
        "account_internal_id": "74_2022_01",
        "gis_id": "74_2022_01",
        "month": "01.01.2022",
        "credit": "4003.31",
        "saldo": "3533.62",
        "payment_value": "4003.31",
        "payment_date": "01.01.2022",
        "bill_value": "",
        "account_number": "",
        "bank_bik": ""
    },
    {
        "org_ppa_guid": "2722039995",
        "internal_id": "75_2022_01",
        "account_internal_id": "75_2022_01",
        "gis_id": "75_2022_01",
        "month": "01.01.2022",
        "credit": "14988.52",
        "saldo": "14883.81",
        "payment_value": "5000.0",
        "payment_date": "01.01.2022",
        "bill_value": "",
        "account_number": "",
        "bank_bik": ""
    },
    {
        "org_ppa_guid": "2722039995",
        "internal_id": "77_2022_01",
        "account_internal_id": "77_2022_01",
        "gis_id": "77_2022_01",
        "month": "01.01.2022",
        "credit": "2871.42",
        "saldo": "2709.43",
        "payment_value": "2871.42",
        "payment_date": "01.01.2022",
        "bill_value": "",
        "account_number": "",
        "bank_bik": ""
    },
    {
        "org_ppa_guid": "2722039995",
        "internal_id": "78_2022_01",
        "account_internal_id": "78_2022_01",
        "gis_id": "78_2022_01",
        "month": "01.01.2022",
        "credit": "5094.74",
        "saldo": "-179.44",
        "payment_value": "7555.11",
        "payment_date": "01.01.2022",
        "bill_value": "",
        "account_number": "",
        "bank_bik": ""
    },
    {
        "org_ppa_guid": "2722039995",
        "internal_id": "79_2022_01",
        "account_internal_id": "79_2022_01",
        "gis_id": "79_2022_01",
        "month": "01.01.2022",
        "credit": "2870.96",
        "saldo": "2455.2",
        "payment_value": "2870.96",
        "payment_date": "01.01.2022",
        "bill_value": "",
        "account_number": "",
        "bank_bik": ""
    },
    {
        "org_ppa_guid": "2722039995",
        "internal_id": "8_2022_01",
        "account_internal_id": "8_2022_01",
        "gis_id": "8_2022_01",
        "month": "01.01.2022",
        "credit": "4409.95",
        "saldo": "8591.31",
        "payment_value": "0.0",
        "payment_date": "",
        "bill_value": "",
        "account_number": "",
        "bank_bik": ""
    },
    {
        "org_ppa_guid": "2722039995",
        "internal_id": "80_2022_01",
        "account_internal_id": "80_2022_01",
        "gis_id": "80_2022_01",
        "month": "01.01.2022",
        "credit": "1713.33",
        "saldo": "1539.15",
        "payment_value": "1713.33",
        "payment_date": "01.01.2022",
        "bill_value": "",
        "account_number": "",
        "bank_bik": ""
    },
    {
        "org_ppa_guid": "2722039995",
        "internal_id": "81_2022_01",
        "account_internal_id": "81_2022_01",
        "gis_id": "81_2022_01",
        "month": "01.01.2022",
        "credit": "1563.5",
        "saldo": "-153.89",
        "payment_value": "3243.51",
        "payment_date": "01.01.2022",
        "bill_value": "",
        "account_number": "",
        "bank_bik": ""
    },
    {
        "org_ppa_guid": "2722039995",
        "internal_id": "82_2022_01",
        "account_internal_id": "82_2022_01",
        "gis_id": "82_2022_01",
        "month": "01.01.2022",
        "credit": "7104.44",
        "saldo": "4406.85",
        "payment_value": "5959.14",
        "payment_date": "01.01.2022",
        "bill_value": "",
        "account_number": "",
        "bank_bik": ""
    },
    {
        "org_ppa_guid": "2722039995",
        "internal_id": "83_2022_01",
        "account_internal_id": "83_2022_01",
        "gis_id": "83_2022_01",
        "month": "01.01.2022",
        "credit": "-1472.78",
        "saldo": "-953.23",
        "payment_value": "0.0",
        "payment_date": "",
        "bill_value": "",
        "account_number": "",
        "bank_bik": ""
    },
    {
        "org_ppa_guid": "2722039995",
        "internal_id": "84_2022_01",
        "account_internal_id": "84_2022_01",
        "gis_id": "84_2022_01",
        "month": "01.01.2022",
        "credit": "2933.65",
        "saldo": "2652.41",
        "payment_value": "2933.65",
        "payment_date": "01.01.2022",
        "bill_value": "",
        "account_number": "",
        "bank_bik": ""
    },
    {
        "org_ppa_guid": "2722039995",
        "internal_id": "86_2022_01",
        "account_internal_id": "86_2022_01",
        "gis_id": "86_2022_01",
        "month": "01.01.2022",
        "credit": "2612.1",
        "saldo": "2553.77",
        "payment_value": "2612.1",
        "payment_date": "01.01.2022",
        "bill_value": "",
        "account_number": "",
        "bank_bik": ""
    },
    {
        "org_ppa_guid": "2722039995",
        "internal_id": "87_2022_01",
        "account_internal_id": "87_2022_01",
        "gis_id": "87_2022_01",
        "month": "01.01.2022",
        "credit": "2198.83",
        "saldo": "2217.33",
        "payment_value": "2198.83",
        "payment_date": "01.01.2022",
        "bill_value": "",
        "account_number": "",
        "bank_bik": ""
    },
    {
        "org_ppa_guid": "2722039995",
        "internal_id": "88_2022_01",
        "account_internal_id": "88_2022_01",
        "gis_id": "88_2022_01",
        "month": "01.01.2022",
        "credit": "2644.4",
        "saldo": "2511.45",
        "payment_value": "2644.4",
        "payment_date": "01.01.2022",
        "bill_value": "",
        "account_number": "",
        "bank_bik": ""
    },
    {
        "org_ppa_guid": "2722039995",
        "internal_id": "89_2022_01",
        "account_internal_id": "89_2022_01",
        "gis_id": "89_2022_01",
        "month": "01.01.2022",
        "credit": "2180.38",
        "saldo": "1930.13",
        "payment_value": "2180.38",
        "payment_date": "01.01.2022",
        "bill_value": "",
        "account_number": "",
        "bank_bik": ""
    },
    {
        "org_ppa_guid": "2722039995",
        "internal_id": "9_2022_01",
        "account_internal_id": "9_2022_01",
        "gis_id": "9_2022_01",
        "month": "01.01.2022",
        "credit": "5547.74",
        "saldo": "2298.25",
        "payment_value": "5547.74",
        "payment_date": "01.01.2022",
        "bill_value": "",
        "account_number": "",
        "bank_bik": ""
    },
    {
        "org_ppa_guid": "2722039995",
        "internal_id": "90_2022_01",
        "account_internal_id": "90_2022_01",
        "gis_id": "90_2022_01",
        "month": "01.01.2022",
        "credit": "3626.42",
        "saldo": "1706.26",
        "payment_value": "3626.42",
        "payment_date": "01.01.2022",
        "bill_value": "",
        "account_number": "",
        "bank_bik": ""
    },
    {
        "org_ppa_guid": "2722039995",
        "internal_id": "91_2022_01",
        "account_internal_id": "91_2022_01",
        "gis_id": "91_2022_01",
        "month": "01.01.2022",
        "credit": "6590.69",
        "saldo": "6661.35",
        "payment_value": "6590.69",
        "payment_date": "01.01.2022",
        "bill_value": "",
        "account_number": "",
        "bank_bik": ""
    }
]