[
    {
        "org_ppa_guid": "2722039995",
        "internal_id": "1_2022_02",
        "account_internal_id": "1_2022_02",
        "gis_id": "1_2022_02",
        "month": "01.02.2022",
        "credit": "2091.75",
        "saldo": "2267.06",
        "payment_value": "2091.75",
        "payment_date": "01.02.2022",
        "bill_value": "",
        "account_number": "",
        "bank_bik": ""
    },
    {
        "org_ppa_guid": "2722039995",
        "internal_id": "10_2022_02",
        "account_internal_id": "10_2022_02",
        "gis_id": "10_2022_02",
        "month": "01.02.2022",
        "credit": "12056.61",
        "saldo": "3316.01",
        "payment_value": "12056.61",
        "payment_date": "01.02.2022",
        "bill_value": "",
        "account_number": "",
        "bank_bik": ""
    },
    {
        "org_ppa_guid": "2722039995",
        "internal_id": "11_2022_02",
        "account_internal_id": "11_2022_02",
        "gis_id": "11_2022_02",
        "month": "01.02.2022",
        "credit": "3608.5",
        "saldo": "3886.11",
        "payment_value": "3608.5",
        "payment_date": "01.02.2022",
        "bill_value": "",
        "account_number": "",
        "bank_bik": ""
    },
    {
        "org_ppa_guid": "2722039995",
        "internal_id": "12_2022_02",
        "account_internal_id": "12_2022_02",
        "gis_id": "12_2022_02",
        "month": "01.02.2022",
        "credit": "5015.92",
        "saldo": "5080.11",
        "payment_value": "5015.92",
        "payment_date": "01.02.2022",
        "bill_value": "",
        "account_number": "",
        "bank_bik": ""
    },
    {
        "org_ppa_guid": "2722039995",
        "internal_id": "13_2022_02",
        "account_internal_id": "13_2022_02",
        "gis_id": "13_2022_02",
        "month": "01.02.2022",
        "credit": "46308.21",
        "saldo": "10427.44",
        "payment_value": "39384.92",
        "payment_date": "01.02.2022",
        "bill_value": "",
        "account_number": "",
        "bank_bik": ""
    },
    {
        "org_ppa_guid": "2722039995",
        "internal_id": "14_2022_02",
        "account_internal_id": "14_2022_02",
        "gis_id": "14_2022_02",
        "month": "01.02.2022",
        "credit": "1930.88",
        "saldo": "2138.0",
        "payment_value": "1930.88",
        "payment_date": "01.02.2022",
        "bill_value": "",
        "account_number": "",
        "bank_bik": ""
    },
    {
        "org_ppa_guid": "2722039995",
        "internal_id": "15_2022_02",
        "account_internal_id": "15_2022_02",
        "gis_id": "15_2022_02",
        "month": "01.02.2022",
        "credit": "3444.9",
        "saldo": "3593.1",
        "payment_value": "3444.9",
        "payment_date": "01.02.2022",
        "bill_value": "",
        "account_number": "",
        "bank_bik": ""
    },
    {
        "org_ppa_guid": "2722039995",
        "internal_id": "16_2022_02",
        "account_internal_id": "16_2022_02",
        "gis_id": "16_2022_02",
        "month": "01.02.2022",
        "credit": "9161.12",
        "saldo": "8273.79",
        "payment_value": "4000.0",
        "payment_date": "01.02.2022",
        "bill_value": "",
        "account_number": "",
        "bank_bik": ""
    },
    {
        "org_ppa_guid": "2722039995",
        "internal_id": "17_2022_02",
        "account_internal_id": "17_2022_02",
        "gis_id": "17_2022_02",
        "month": "01.02.2022",
        "credit": "3523.83",
        "saldo": "3836.56",
        "payment_value": "3523.83",
        "payment_date": "01.02.2022",
        "bill_value": "",
        "account_number": "",
        "bank_bik": ""
    },
    {
        "org_ppa_guid": "2722039995",
        "internal_id": "18_2022_02",
        "account_internal_id": "18_2022_02",
        "gis_id": "18_2022_02",
        "month": "01.02.2022",
        "credit": "4933.53",
        "saldo": "5108.33",
        "payment_value": "4933.53",
        "payment_date": "01.02.2022",
        "bill_value": "",
        "account_number": "",
        "bank_bik": ""
    },
    {
        "org_ppa_guid": "2722039995",
        "internal_id": "19_2022_02",
        "account_internal_id": "19_2022_02",
        "gis_id": "19_2022_02",
        "month": "01.02.2022",
        "credit": "2004.09",
        "saldo": "2296.52",
        "payment_value": "2004.09",
        "payment_date": "01.02.2022",
        "bill_value": "",
        "account_number": "",
        "bank_bik": ""
    },
    {
        "org_ppa_guid": "2722039995",
        "internal_id": "2_2022_02",
        "account_internal_id": "2_2022_02",
        "gis_id": "2_2022_02",
        "month": "01.02.2022",
        "credit": "2152.45",
        "saldo": "2251.96",
        "payment_value": "2152.45",
        "payment_date": "01.02.2022",
        "bill_value": "",
        "account_number": "",
        "bank_bik": ""
    },
    {
        "org_ppa_guid": "2722039995",
        "internal_id": "20_2022_02",
        "account_internal_id": "20_2022_02",
        "gis_id": "20_2022_02",
        "month": "01.02.2022",
        "credit": "4985.71",
        "saldo": "6656.11",
        "payment_value": "0.0",
        "payment_date": "",
        "bill_value": "",
        "account_number": "",
        "bank_bik": ""
    },
    {
        "org_ppa_guid": "2722039995",
        "internal_id": "21_2022_02",
        "account_internal_id": "21_2022_02",
        "gis_id": "21_2022_02",
        "month": "01.02.2022",
        "credit": "3183.16",
        "saldo": "3256.65",
        "payment_value": "3183.16",
        "payment_date": "01.02.2022",
        "bill_value": "",
        "account_number": "",
        "bank_bik": ""
    },
    {
        "org_ppa_guid": "2722039995",
        "internal_id": "22_2022_02",
        "account_internal_id": "22_2022_02",
        "gis_id": "22_2022_02",
        "month": "01.02.2022",
        "credit": "2801.66",
        "saldo": "2945.98",
        "payment_value": "2801.66",
        "payment_date": "01.02.2022",
        "bill_value": "",
        "account_number": "",
        "bank_bik": ""
    },
    {
        "org_ppa_guid": "2722039995",
        "internal_id": "23_2022_02",
        "account_internal_id": "23_2022_02",
        "gis_id": "23_2022_02",
        "month": "01.02.2022",
        "credit": "3586.57",
        "saldo": "3675.65",
        "payment_value": "3586.57",
        "payment_date": "01.02.2022",
        "bill_value": "",
        "account_number": "",
        "bank_bik": ""
    },
    {
        "org_ppa_guid": "2722039995",
        "internal_id": "24_2022_02",
        "account_internal_id": "24_2022_02",
        "gis_id": "24_2022_02",
        "month": "01.02.2022",
        "credit": "4170.78",
        "saldo": "4613.37",
        "payment_value": "4170.78",
        "payment_date": "01.02.2022",
        "bill_value": "",
        "account_number": "",
        "bank_bik": ""
    },
    {
        "org_ppa_guid": "2722039995",
        "internal_id": "25_2022_02",
        "account_internal_id": "25_2022_02",
        "gis_id": "25_2022_02",
        "month": "01.02.2022",
        "credit": "3537.38",
        "saldo": "1607.14",
        "payment_value": "3537.38",
        "payment_date": "01.02.2022",
        "bill_value": "",
        "account_number": "",
        "bank_bik": ""
    },
    {
        "org_ppa_guid": "2722039995",
        "internal_id": "26_2022_02",
        "account_internal_id": "26_2022_02",
        "gis_id": "26_2022_02",
        "month": "01.02.2022",
        "credit": "2272.21",
        "saldo": "2114.21",
        "payment_value": "2272.21",
        "payment_date": "01.02.2022",
        "bill_value": "",
        "account_number": "",
        "bank_bik": ""
    },
    {
        "org_ppa_guid": "2722039995",
        "internal_id": "27_2022_02",
        "account_internal_id": "27_2022_02",
        "gis_id": "27_2022_02",
        "month": "01.02.2022",
        "credit": "2670.86",
        "saldo": "3095.79",
        "payment_value": "2670.86",
        "payment_date": "01.02.2022",
        "bill_value": "",
        "account_number": "",
        "bank_bik": ""
    },
    {
        "org_ppa_guid": "2722039995",
        "internal_id": "28_2022_02",
        "account_internal_id": "28_2022_02",
        "gis_id": "28_2022_02",
        "month": "01.02.2022",
        "credit": "3162.46",
        "saldo": "3639.5",
        "payment_value": "3162.46",
        "payment_date": "01.02.2022",
        "bill_value": "",
        "account_number": "",
        "bank_bik": ""
    },
    {
        "org_ppa_guid": "2722039995",
        "internal_id": "29_2022_02",
        "account_internal_id": "29_2022_02",
        "gis_id": "29_2022_02",
        "month": "01.02.2022",
        "credit": "3706.67",
        "saldo": "3858.81",
        "payment_value": "3706.67",
        "payment_date": "01.02.2022",
        "bill_value": "",
        "account_number": "",
        "bank_bik": ""
    },
    {
        "org_ppa_guid": "2722039995",
        "internal_id": "3_2022_02",
        "account_internal_id": "3_2022_02",
        "gis_id": "3_2022_02",
        "month": "01.02.2022",
        "credit": "3523.76",
        "saldo": "3242.36",
        "payment_value": "3523.76",
        "payment_date": "01.02.2022",
        "bill_value": "",
        "account_number": "",
        "bank_bik": ""
    },
    {
        "org_ppa_guid": "2722039995",
        "internal_id": "30_2022_02",
        "account_internal_id": "30_2022_02",
        "gis_id": "30_2022_02",
        "month": "01.02.2022",
        "credit": "4263.33",
        "saldo": "4620.03",
        "payment_value": "4263.33",
        "payment_date": "01.02.2022",
        "bill_value": "",
        "account_number": "",
        "bank_bik": ""
    },
    {
        "org_ppa_guid": "2722039995",
        "internal_id": "32_2022_02",
        "account_internal_id": "32_2022_02",
        "gis_id": "32_2022_02",
        "month": "01.02.2022",
        "credit": "10350.94",
        "saldo": "12197.47",
        "payment_value": "0.0",
        "payment_date": "",
        "bill_value": "",
        "account_number": "",
        "bank_bik": ""
    },
    {
        "org_ppa_guid": "2722039995",
        "internal_id": "33_2022_02",
        "account_internal_id": "33_2022_02",
        "gis_id": "33_2022_02",
        "month": "01.02.2022",
        "credit": "6693.96",
        "saldo": "2970.66",
        "payment_value": "6693.96",
        "payment_date": "01.02.2022",
        "bill_value": "",
        "account_number": "",
        "bank_bik": ""
    },
    {
        "org_ppa_guid": "2722039995",
        "internal_id": "34_2022_02",
        "account_internal_id": "34_2022_02",
        "gis_id": "34_2022_02",
        "month": "01.02.2022",
        "credit": "5549.31",
        "saldo": "-149.01",
        "payment_value": "8442.87",
        "payment_date": "01.02.2022",
        "bill_value": "",
        "account_number": "",
        "bank_bik": ""
    },
    {
        "org_ppa_guid": "2722039995",
        "internal_id": "35а_2022_02",
        "account_internal_id": "35а_2022_02",
        "gis_id": "35а_2022_02",
        "month": "01.02.2022",
        "credit": "2872.79",
        "saldo": "2887.63",
        "payment_value": "2872.79",
        "payment_date": "01.02.2022",
        "bill_value": "",
        "account_number": "",
        "bank_bik": ""
    },
    {
        "org_ppa_guid": "2722039995",
        "internal_id": "36_2022_02",
        "account_internal_id": "36_2022_02",
        "gis_id": "36_2022_02",
        "month": "01.02.2022",
        "credit": "2210.97",
        "saldo": "2480.0",
        "payment_value": "2210.97",
        "payment_date": "01.02.2022",
        "bill_value": "",
        "account_number": "",
        "bank_bik": ""
    },
    {
        "org_ppa_guid": "2722039995",
        "internal_id": "37_2022_02",
        "account_internal_id": "37_2022_02",
        "gis_id": "37_2022_02",
        "month": "01.02.2022",
        "credit": "1760.6",
        "saldo": "1792.36",
        "payment_value": "1760.6",
        "payment_date": "01.02.2022",
        "bill_value": "",
        "account_number": "",
        "bank_bik": ""
    },
    {
        "org_ppa_guid": "2722039995",
        "internal_id": "38_2022_02",
        "account_internal_id": "38_2022_02",
        "gis_id": "38_2022_02",
        "month": "01.02.2022",
        "credit": "4500.61",
        "saldo": "9476.03",
        "payment_value": "0.0",
        "payment_date": "",
        "bill_value": "",
        "account_number": "",
        "bank_bik": ""
    },
    {
        "org_ppa_guid": "2722039995",
        "internal_id": "39_2022_02",
        "account_internal_id": "39_2022_02",
        "gis_id": "39_2022_02",
        "month": "01.02.2022",
        "credit": "2931.97",
        "saldo": "3653.34",
        "payment_value": "2931.97",
        "payment_date": "01.02.2022",
        "bill_value": "",
        "account_number": "",
        "bank_bik": ""
    },
    {
        "org_ppa_guid": "2722039995",
        "internal_id": "4_2022_02",
        "account_internal_id": "4_2022_02",
        "gis_id": "4_2022_02",
        "month": "01.02.2022",
        "credit": "5030.04",
        "saldo": "3034.66",
        "payment_value": "5030.04",
        "payment_date": "01.02.2022",
        "bill_value": "",
        "account_number": "",
        "bank_bik": ""
    },
    {
        "org_ppa_guid": "2722039995",
        "internal_id": "40_2022_02",
        "account_internal_id": "40_2022_02",
        "gis_id": "40_2022_02",
        "month": "01.02.2022",
        "credit": "-3882.42",
        "saldo": "-3962.93",
        "payment_value": "1800.0",
        "payment_date": "01.02.2022",
        "bill_value": "",
        "account_number": "",
        "bank_bik": ""
    },
    {
        "org_ppa_guid": "2722039995",
        "internal_id": "41_2022_02",
        "account_internal_id": "41_2022_02",
        "gis_id": "41_2022_02",
        "month": "01.02.2022",
        "credit": "-1702.2",
        "saldo": "101.07",
        "payment_value": "0.0",
        "payment_date": "",
        "bill_value": "",
        "account_number": "",
        "bank_bik": ""
    },
    {
        "org_ppa_guid": "2722039995",
        "internal_id": "42_2022_02",
        "account_internal_id": "42_2022_02",
        "gis_id": "42_2022_02",
        "month": "01.02.2022",
        "credit": "1037.7",
        "saldo": "3678.03",
        "payment_value": "0.0",
        "payment_date": "",
        "bill_value": "",
        "account_number": "",
        "bank_bik": ""
    },
    {
        "org_ppa_guid": "2722039995",
        "internal_id": "43_2022_02",
        "account_internal_id": "43_2022_02",
        "gis_id": "43_2022_02",
        "month": "01.02.2022",
        "credit": "831.53",
        "saldo": "3504.38",
        "payment_value": "0.0",
        "payment_date": "",
        "bill_value": "",
        "account_number": "",
        "bank_bik": ""
    },
    {
        "org_ppa_guid": "2722039995",
        "internal_id": "44_2022_02",
        "account_internal_id": "44_2022_02",
        "gis_id": "44_2022_02",
        "month": "01.02.2022",
        "credit": "1680.18",
        "saldo": "1888.87",
        "payment_value": "1680.18",
        "payment_date": "01.02.2022",
        "bill_value": "",
        "account_number": "",
        "bank_bik": ""
    },
    {
        "org_ppa_guid": "2722039995",
        "internal_id": "45_2022_02",
        "account_internal_id": "45_2022_02",
        "gis_id": "45_2022_02",
        "month": "01.02.2022",
        "credit": "-2734.43",
        "saldo": "62.71",
        "payment_value": "0.0",
        "payment_date": "",
        "bill_value": "",
        "account_number": "",
        "bank_bik": ""
    },
    {
        "org_ppa_guid": "2722039995",
        "internal_id": "47_2022_02",
        "account_internal_id": "47_2022_02",
        "gis_id": "47_2022_02",
        "month": "01.02.2022",
        "credit": "2222.1",
        "saldo": "2569.07",
        "payment_value": "2222.1",
        "payment_date": "01.02.2022",
        "bill_value": "",
        "account_number": "",
        "bank_bik": ""
    },
    {
        "org_ppa_guid": "2722039995",
        "internal_id": "48_2022_02",
        "account_internal_id": "48_2022_02",
        "gis_id": "48_2022_02",
        "month": "01.02.2022",
        "credit": "3765.21",
        "saldo": "4042.39",
        "payment_value": "3765.21",
        "payment_date": "01.02.2022",
        "bill_value": "",
        "account_number": "",
        "bank_bik": ""
    },
    {
        "org_ppa_guid": "2722039995",
        "internal_id": "49_2022_02",
        "account_internal_id": "49_2022_02",
        "gis_id": "49_2022_02",
        "month": "01.02.2022",
        "credit": "3226.1",
        "saldo": "3440.26",
        "payment_value": "3226.1",
        "payment_date": "01.02.2022",
        "bill_value": "",
        "account_number": "",
        "bank_bik": ""
    },
    {
        "org_ppa_guid": "2722039995",
        "internal_id": "5_2022_02",
        "account_internal_id": "5_2022_02",
        "gis_id": "5_2022_02",
        "month": "01.02.2022",
        "credit": "0.0",
        "saldo": "0.0",
        "payment_value": "0.0",
        "payment_date": "",
        "bill_value": "",
        "account_number": "",
        "bank_bik": ""
    },
    {
        "org_ppa_guid": "2722039995",
        "internal_id": "50_2022_02",
        "account_internal_id": "50_2022_02",
        "gis_id": "50_2022_02",
        "month": "01.02.2022",
        "credit": "31498.62",
        "saldo": "38089.04",
        "payment_value": "0.0",
        "payment_date": "",
        "bill_value": "",
        "account_number": "",
        "bank_bik": ""
    },
    {
        "org_ppa_guid": "2722039995",
        "internal_id": "51_2022_02",
        "account_internal_id": "51_2022_02",
        "gis_id": "51_2022_02",
        "month": "01.02.2022",
        "credit": "2020.87",
        "saldo": "2343.54",
        "payment_value": "2020.87",
        "payment_date": "01.02.2022",
        "bill_value": "",
        "account_number": "",
        "bank_bik": ""
    },
    {
        "org_ppa_guid": "2722039995",
        "internal_id": "52_2022_02",
        "account_internal_id": "52_2022_02",
        "gis_id": "52_2022_02",
        "month": "01.02.2022",
        "credit": "1801.4",
        "saldo": "1900.85",
        "payment_value": "1801.4",
        "payment_date": "01.02.2022",
        "bill_value": "",
        "account_number": "",
        "bank_bik": ""
    },
    {
        "org_ppa_guid": "2722039995",
        "internal_id": "53_2022_02",
        "account_internal_id": "53_2022_02",
        "gis_id": "53_2022_02",
        "month": "01.02.2022",
        "credit": "5545.88",
        "saldo": "5631.53",
        "payment_value": "5545.88",
        "payment_date": "01.02.2022",
        "bill_value": "",
        "account_number": "",
        "bank_bik": ""
    },
    {
        "org_ppa_guid": "2722039995",
        "internal_id": "54_2022_02",
        "account_internal_id": "54_2022_02",
        "gis_id": "54_2022_02",
        "month": "01.02.2022",
        "credit": "2136.12",
        "saldo": "2375.49",
        "payment_value": "2136.12",
        "payment_date": "01.02.2022",
        "bill_value": "",
        "account_number": "",
        "bank_bik": ""
    },
    {
        "org_ppa_guid": "2722039995",
        "internal_id": "55_2022_02",
        "account_internal_id": "55_2022_02",
        "gis_id": "55_2022_02",
        "month": "01.02.2022",
        "credit": "4486.26",
        "saldo": "4771.48",
        "payment_value": "4486.26",
        "payment_date": "01.02.2022",
        "bill_value": "",
        "account_number": "",
        "bank_bik": ""
    },
    {
        "org_ppa_guid": "2722039995",
        "internal_id": "56_2022_02",
        "account_internal_id": "56_2022_02",
        "gis_id": "56_2022_02",
        "month": "01.02.2022",
        "credit": "3208.26",
        "saldo": "3101.92",
        "payment_value": "3208.26",
        "payment_date": "01.02.2022",
        "bill_value": "",
        "account_number": "",
        "bank_bik": ""
    },
    {
        "org_ppa_guid": "2722039995",
        "internal_id": "57_2022_02",
        "account_internal_id": "57_2022_02",
        "gis_id": "57_2022_02",
        "month": "01.02.2022",
        "credit": "2272.2",
        "saldo": "4686.63",
        "payment_value": "0.0",
        "payment_date": "",
        "bill_value": "",
        "account_number": "",
        "bank_bik": ""
    },
    {
        "org_ppa_guid": "2722039995",
        "internal_id": "58_2022_02",
        "account_internal_id": "58_2022_02",
        "gis_id": "58_2022_02",
        "month": "01.02.2022",
        "credit": "1614.58",
        "saldo": "1614.58",
        "payment_value": "1614.58",
        "payment_date": "01.02.2022",
        "bill_value": "",
        "account_number": "",
        "bank_bik": ""
    },
    {
        "org_ppa_guid": "2722039995",
        "internal_id": "59_2022_02",
        "account_internal_id": "59_2022_02",
        "gis_id": "59_2022_02",
        "month": "01.02.2022",
        "credit": "5010.3",
        "saldo": "3118.11",
        "payment_value": "3491.98",
        "payment_date": "01.02.2022",
        "bill_value": "",
        "account_number": "",
        "bank_bik": ""
    },
    {
        "org_ppa_guid": "2722039995",
        "internal_id": "60_2022_02",
        "account_internal_id": "60_2022_02",
        "gis_id": "60_2022_02",
        "month": "01.02.2022",
        "credit": "5177.37",
        "saldo": "5490.7",
        "payment_value": "5177.37",
        "payment_date": "01.02.2022",
        "bill_value": "",
        "account_number": "",
        "bank_bik": ""
    },
    {
        "org_ppa_guid": "2722039995",
        "internal_id": "61_2022_02",
        "account_internal_id": "61_2022_02",
        "gis_id": "61_2022_02",
        "month": "01.02.2022",
        "credit": "2401.23",
        "saldo": "5091.4",
        "payment_value": "0.0",
        "payment_date": "",
        "bill_value": "",
        "account_number": "",
        "bank_bik": ""
    },
    {
        "org_ppa_guid": "2722039995",
        "internal_id": "62_2022_02",
        "account_internal_id": "62_2022_02",
        "gis_id": "62_2022_02",
        "month": "01.02.2022",
        "credit": "2835.89",
        "saldo": "5720.79",
        "payment_value": "0.0",
        "payment_date": "",
        "bill_value": "",
        "account_number": "",
        "bank_bik": ""
    },
    {
        "org_ppa_guid": "2722039995",
        "internal_id": "64_2022_02",
        "account_internal_id": "64_2022_02",
        "gis_id": "64_2022_02",
        "month": "01.02.2022",
        "credit": "2625.98",
        "saldo": "3193.66",
        "payment_value": "2625.98",
        "payment_date": "01.02.2022",
        "bill_value": "",
        "account_number": "",
        "bank_bik": ""
    },
    {
        "org_ppa_guid": "2722039995",
        "internal_id": "65_2022_02",
        "account_internal_id": "65_2022_02",
        "gis_id": "65_2022_02",
        "month": "01.02.2022",
        "credit": "4285.75",
        "saldo": "6091.75",
        "payment_value": "0.0",
        "payment_date": "",
        "bill_value": "",
        "account_number": "",
        "bank_bik": ""
    },
    {
        "org_ppa_guid": "2722039995",
        "internal_id": "66_2022_02",
        "account_internal_id": "66_2022_02",
        "gis_id": "66_2022_02",
        "month": "01.02.2022",
        "credit": "1787.29",
        "saldo": "1831.59",
        "payment_value": "1787.29",
        "payment_date": "01.02.2022",
        "bill_value": "",
        "account_number": "",
        "bank_bik": ""
    },
    {
        "org_ppa_guid": "2722039995",
        "internal_id": "67_2022_02",
        "account_internal_id": "67_2022_02",
        "gis_id": "67_2022_02",
        "month": "01.02.2022",
        "credit": "5922.61",
        "saldo": "6514.04",
        "payment_value": "5922.61",
        "payment_date": "01.02.2022",
        "bill_value": "",
        "account_number": "",
        "bank_bik": ""
    },
    {
        "org_ppa_guid": "2722039995",
        "internal_id": "68_2022_02",
        "account_internal_id": "68_2022_02",
        "gis_id": "68_2022_02",
        "month": "01.02.2022",
        "credit": "2627.97",
        "saldo": "-83.15",
        "payment_value": "5255.94",
        "payment_date": "01.02.2022",
        "bill_value": "",
        "account_number": "",
        "bank_bik": ""
    },
    {
        "org_ppa_guid": "2722039995",
        "internal_id": "69_2022_02",
        "account_internal_id": "69_2022_02",
        "gis_id": "69_2022_02",
        "month": "01.02.2022",
        "credit": "3264.14",
        "saldo": "3236.6",
        "payment_value": "3264.14",
        "payment_date": "01.02.2022",
        "bill_value": "",
        "account_number": "",
        "bank_bik": ""
    },
    {
        "org_ppa_guid": "2722039995",
        "internal_id": "7_2022_02",
        "account_internal_id": "7_2022_02",
        "gis_id": "7_2022_02",
        "month": "01.02.2022",
        "credit": "1971.74",
        "saldo": "1727.59",
        "payment_value": "1971.74",
        "payment_date": "01.02.2022",
        "bill_value": "",
        "account_number": "",
        "bank_bik": ""
    },
    {
        "org_ppa_guid": "2722039995",
        "internal_id": "70_2022_02",
        "account_internal_id": "70_2022_02",
        "gis_id": "70_2022_02",
        "month": "01.02.2022",
        "credit": "6824.47",
        "saldo": "3287.62",
        "payment_value": "6824.47",
        "payment_date": "01.02.2022",
        "bill_value": "",
        "account_number": "",
        "bank_bik": ""
    },
    {
        "org_ppa_guid": "2722039995",
        "internal_id": "71_2022_02",
        "account_internal_id": "71_2022_02",
        "gis_id": "71_2022_02",
        "month": "01.02.2022",
        "credit": "2388.25",
        "saldo": "2797.78",
        "payment_value": "2388.25",
        "payment_date": "01.02.2022",
        "bill_value": "",
        "account_number": "",
        "bank_bik": ""
    },
    {
        "org_ppa_guid": "2722039995",
        "internal_id": "72_2022_02",
        "account_internal_id": "72_2022_02",
        "gis_id": "72_2022_02",
        "month": "01.02.2022",
        "credit": "1696.77",
        "saldo": "1833.49",
        "payment_value": "1696.77",
        "payment_date": "01.02.2022",
        "bill_value": "",
        "account_number": "",
        "bank_bik": ""
    },
    {
        "org_ppa_guid": "2722039995",
        "internal_id": "73_2022_02",
        "account_internal_id": "73_2022_02",
        "gis_id": "73_2022_02",
        "month": "01.02.2022",
        "credit": "2151.39",
        "saldo": "2278.0",
        "payment_value": "2151.39",
        "payment_date": "01.02.2022",
        "bill_value": "",
        "account_number": "",
        "bank_bik": ""
    },
    {
        "org_ppa_guid": "2722039995",
        "internal_id": "74_2022_02",
        "account_internal_id": "74_2022_02",
        "gis_id": "74_2022_02",
        "month": "01.02.2022",
        "credit": "3533.62",
        "saldo": "3799.15",
        "payment_value": "3533.62",
        "payment_date": "01.02.2022",
        "bill_value": "",
        "account_number": "",
        "bank_bik": ""
    },
    {
        "org_ppa_guid": "2722039995",
        "internal_id": "75_2022_02",
        "account_internal_id": "75_2022_02",
        "gis_id": "75_2022_02",
        "month": "01.02.2022",
        "credit": "14883.81",
        "saldo": "15350.72",
        "payment_value": "4700.0",
        "payment_date": "01.02.2022",
        "bill_value": "",
        "account_number": "",
        "bank_bik": ""
    },
    {
        "org_ppa_guid": "2722039995",
        "internal_id": "77_2022_02",
        "account_internal_id": "77_2022_02",
        "gis_id": "77_2022_02",
        "month": "01.02.2022",
        "credit": "2709.43",
        "saldo": "2880.93",
        "payment_value": "2709.43",
        "payment_date": "01.02.2022",
        "bill_value": "",
        "account_number": "",
        "bank_bik": ""
    },
    {
        "org_ppa_guid": "2722039995",
        "internal_id": "78_2022_02",
        "account_internal_id": "78_2022_02",
        "gis_id": "78_2022_02",
        "month": "01.02.2022",
        "credit": "-179.44",
        "saldo": "2263.99",
        "payment_value": "0.0",
        "payment_date": "",
        "bill_value": "",
        "account_number": "",
        "bank_bik": ""
    },
    {
        "org_ppa_guid": "2722039995",
        "internal_id": "79_2022_02",
        "account_internal_id": "79_2022_02",
        "gis_id": "79_2022_02",
        "month": "01.02.2022",
        "credit": "2455.2",
        "saldo": "2673.8",
        "payment_value": "2455.2",
        "payment_date": "01.02.2022",
        "bill_value": "",
        "account_number": "",
        "bank_bik": ""
    },
    {
        "org_ppa_guid": "2722039995",
        "internal_id": "8_2022_02",
        "account_internal_id": "8_2022_02",
        "gis_id": "8_2022_02",
        "month": "01.02.2022",
        "credit": "8591.31",
        "saldo": "13004.68",
        "payment_value": "0.0",
        "payment_date": "",
        "bill_value": "",
        "account_number": "",
        "bank_bik": ""
    },
    {
        "org_ppa_guid": "2722039995",
        "internal_id": "80_2022_02",
        "account_internal_id": "80_2022_02",
        "gis_id": "80_2022_02",
        "month": "01.02.2022",
        "credit": "1539.15",
        "saldo": "1738.64",
        "payment_value": "1539.15",
        "payment_date": "01.02.2022",
        "bill_value": "",
        "account_number": "",
        "bank_bik": ""
    },
    {
        "org_ppa_guid": "2722039995",
        "internal_id": "81_2022_02",
        "account_internal_id": "81_2022_02",
        "gis_id": "81_2022_02",
        "month": "01.02.2022",
        "credit": "-153.89",
        "saldo": "1401.17",
        "payment_value": "0.0",
        "payment_date": "",
        "bill_value": "",
        "account_number": "",
        "bank_bik": ""
    },
    {
        "org_ppa_guid": "2722039995",
        "internal_id": "82_2022_02",
        "account_internal_id": "82_2022_02",
        "gis_id": "82_2022_02",
        "month": "01.02.2022",
        "credit": "4406.85",
        "saldo": "3414.2",
        "payment_value": "4406.85",
        "payment_date": "01.02.2022",
        "bill_value": "",
        "account_number": "",
        "bank_bik": ""
    },
    {
        "org_ppa_guid": "2722039995",
        "internal_id": "83_2022_02",
        "account_internal_id": "83_2022_02",
        "gis_id": "83_2022_02",
        "month": "01.02.2022",
        "credit": "-953.23",
        "saldo": "-393.59",
        "payment_value": "0.0",
        "payment_date": "",
        "bill_value": "",
        "account_number": "",
        "bank_bik": ""
    },
    {
        "org_ppa_guid": "2722039995",
        "internal_id": "84_2022_02",
        "account_internal_id": "84_2022_02",
        "gis_id": "84_2022_02",
        "month": "01.02.2022",
        "credit": "2652.41",
        "saldo": "2861.91",
        "payment_value": "2652.41",
        "payment_date": "01.02.2022",
        "bill_value": "",
        "account_number": "",
        "bank_bik": ""
    },
    {
        "org_ppa_guid": "2722039995",
        "internal_id": "86_2022_02",
        "account_internal_id": "86_2022_02",
        "gis_id": "86_2022_02",
        "month": "01.02.2022",
        "credit": "2553.77",
        "saldo": "2513.08",
        "payment_value": "2553.77",
        "payment_date": "01.02.2022",
        "bill_value": "",
        "account_number": "",
        "bank_bik": ""
    },
    {
        "org_ppa_guid": "2722039995",
        "internal_id": "87_2022_02",
        "account_internal_id": "87_2022_02",
        "gis_id": "87_2022_02",
        "month": "01.02.2022",
        "credit": "2217.33",
        "saldo": "2277.3",
        "payment_value": "2217.33",
        "payment_date": "01.02.2022",
        "bill_value": "",
        "account_number": "",
        "bank_bik": ""
    },
    {
        "org_ppa_guid": "2722039995",
        "internal_id": "88_2022_02",
        "account_internal_id": "88_2022_02",
        "gis_id": "88_2022_02",
        "month": "01.02.2022",
        "credit": "2511.45",
        "saldo": "2745.02",
        "payment_value": "2511.45",
        "payment_date": "01.02.2022",
        "bill_value": "",
        "account_number": "",
        "bank_bik": ""
    },
    {
        "org_ppa_guid": "2722039995",
        "internal_id": "89_2022_02",
        "account_internal_id": "89_2022_02",
        "gis_id": "89_2022_02",
        "month": "01.02.2022",
        "credit": "1930.13",
        "saldo": "2163.59",
        "payment_value": "1930.13",
        "payment_date": "01.02.2022",
        "bill_value": "",
        "account_number": "",
        "bank_bik": ""
    },
    {
        "org_ppa_guid": "2722039995",
        "internal_id": "9_2022_02",
        "account_internal_id": "9_2022_02",
        "gis_id": "9_2022_02",
        "month": "01.02.2022",
        "credit": "2298.25",
        "saldo": "2598.24",
        "payment_value": "2298.25",
        "payment_date": "01.02.2022",
        "bill_value": "",
        "account_number": "",
        "bank_bik": ""
    },
    {
        "org_ppa_guid": "2722039995",
        "internal_id": "90_2022_02",
        "account_internal_id": "90_2022_02",
        "gis_id": "90_2022_02",
        "month": "01.02.2022",
        "credit": "1706.26",
        "saldo": "1878.95",
        "payment_value": "1706.26",
        "payment_date": "01.02.2022",
        "bill_value": "",
        "account_number": "",
        "bank_bik": ""
    },
    {
        "org_ppa_guid": "2722039995",
        "internal_id": "91_2022_02",
        "account_internal_id": "91_2022_02",
        "gis_id": "91_2022_02",
        "month": "01.02.2022",
        "credit": "6661.35",
        "saldo": "6805.84",
        "payment_value": "6661.35",
        "payment_date": "01.02.2022",
        "bill_value": "",
        "account_number": "",
        "bank_bik": ""
    }
]