[
    {
        "org_ppa_guid": "2901184942",
        "internal_id": "1_2022_06",
        "pp_internal_id": "1_2022_06",
        "calc_value": "1109.64",
        "tariff": "",
        "service_internal_id": "ХВС",
        "rr": "",
        "recalculation": "",
        "accounting_period_total": "1109.64"
    },
    {
        "org_ppa_guid": "2901184942",
        "internal_id": "2_2022_06",
        "pp_internal_id": "2_2022_06",
        "calc_value": "951.12",
        "tariff": "",
        "service_internal_id": "ХВС",
        "rr": "",
        "recalculation": "",
        "accounting_period_total": "951.12"
    },
    {
        "org_ppa_guid": "2901184942",
        "internal_id": "3_2022_06",
        "pp_internal_id": "3_2022_06",
        "calc_value": "4227.13",
        "tariff": "",
        "service_internal_id": "Услуги",
        "rr": "",
        "recalculation": "",
        "accounting_period_total": "4227.13"
    },
    {
        "org_ppa_guid": "2901184942",
        "internal_id": "4_2022_06",
        "pp_internal_id": "4_2022_06",
        "calc_value": "792.6",
        "tariff": "",
        "service_internal_id": "ХВС",
        "rr": "",
        "recalculation": "",
        "accounting_period_total": "792.6"
    },
    {
        "org_ppa_guid": "2901184942",
        "internal_id": "5_2022_06",
        "pp_internal_id": "5_2022_06",
        "calc_value": "1347.42",
        "tariff": "",
        "service_internal_id": "ХВС",
        "rr": "",
        "recalculation": "",
        "accounting_period_total": "1347.42"
    },
    {
        "org_ppa_guid": "2901184942",
        "internal_id": "6_2022_06",
        "pp_internal_id": "6_2022_06",
        "calc_value": "634.08",
        "tariff": "",
        "service_internal_id": "ХВС",
        "rr": "",
        "recalculation": "",
        "accounting_period_total": "634.08"
    },
    {
        "org_ppa_guid": "2901184942",
        "internal_id": "7_2022_06",
        "pp_internal_id": "7_2022_06",
        "calc_value": "1030.38",
        "tariff": "",
        "service_internal_id": "ХВС",
        "rr": "",
        "recalculation": "",
        "accounting_period_total": "1030.38"
    },
    {
        "org_ppa_guid": "2901184942",
        "internal_id": "8_2022_06",
        "pp_internal_id": "8_2022_06",
        "calc_value": "871.86",
        "tariff": "",
        "service_internal_id": "ХВС",
        "rr": "",
        "recalculation": "",
        "accounting_period_total": "871.86"
    },
    {
        "org_ppa_guid": "2901184942",
        "internal_id": "9_2022_06",
        "pp_internal_id": "9_2022_06",
        "calc_value": "4161.46",
        "tariff": "",
        "service_internal_id": "Услуги",
        "rr": "",
        "recalculation": "",
        "accounting_period_total": "4161.46"
    },
    {
        "org_ppa_guid": "2901184942",
        "internal_id": "43_2022_06",
        "pp_internal_id": "43_2022_06",
        "calc_value": "317.04",
        "tariff": "",
        "service_internal_id": "ХВС",
        "rr": "",
        "recalculation": "",
        "accounting_period_total": "317.04"
    },
    {
        "org_ppa_guid": "2901184942",
        "internal_id": "11_2022_06",
        "pp_internal_id": "11_2022_06",
        "calc_value": "1902.24",
        "tariff": "",
        "service_internal_id": "ХВС",
        "rr": "",
        "recalculation": "",
        "accounting_period_total": "1902.24"
    },
    {
        "org_ppa_guid": "2901184942",
        "internal_id": "12_2022_06",
        "pp_internal_id": "12_2022_06",
        "calc_value": "554.82",
        "tariff": "",
        "service_internal_id": "ХВС",
        "rr": "",
        "recalculation": "",
        "accounting_period_total": "554.82"
    },
    {
        "org_ppa_guid": "2901184942",
        "internal_id": "13_2022_06",
        "pp_internal_id": "13_2022_06",
        "calc_value": "634.08",
        "tariff": "",
        "service_internal_id": "ХВС",
        "rr": "",
        "recalculation": "",
        "accounting_period_total": "634.08"
    },
    {
        "org_ppa_guid": "2901184942",
        "internal_id": "14_2022_06",
        "pp_internal_id": "14_2022_06",
        "calc_value": "951.12",
        "tariff": "",
        "service_internal_id": "ХВС",
        "rr": "",
        "recalculation": "",
        "accounting_period_total": "951.12"
    },
    {
        "org_ppa_guid": "2901184942",
        "internal_id": "16_2022_06",
        "pp_internal_id": "16_2022_06",
        "calc_value": "317.04",
        "tariff": "",
        "service_internal_id": "ХВС",
        "rr": "",
        "recalculation": "",
        "accounting_period_total": "317.04"
    },
    {
        "org_ppa_guid": "2901184942",
        "internal_id": "17_2022_06",
        "pp_internal_id": "17_2022_06",
        "calc_value": "1030.38",
        "tariff": "",
        "service_internal_id": "ХВС",
        "rr": "",
        "recalculation": "",
        "accounting_period_total": "1030.38"
    },
    {
        "org_ppa_guid": "2901184942",
        "internal_id": "18_2022_06",
        "pp_internal_id": "18_2022_06",
        "calc_value": "396.3",
        "tariff": "",
        "service_internal_id": "ХВС",
        "rr": "",
        "recalculation": "",
        "accounting_period_total": "396.3"
    },
    {
        "org_ppa_guid": "2901184942",
        "internal_id": "19_2022_06",
        "pp_internal_id": "19_2022_06",
        "calc_value": "554.82",
        "tariff": "",
        "service_internal_id": "ХВС",
        "rr": "",
        "recalculation": "",
        "accounting_period_total": "554.82"
    },
    {
        "org_ppa_guid": "2901184942",
        "internal_id": "20_2022_06",
        "pp_internal_id": "20_2022_06",
        "calc_value": "2615.58",
        "tariff": "",
        "service_internal_id": "ХВС",
        "rr": "",
        "recalculation": "",
        "accounting_period_total": "2615.58"
    },
    {
        "org_ppa_guid": "2901184942",
        "internal_id": "21_2022_06",
        "pp_internal_id": "21_2022_06",
        "calc_value": "634.08",
        "tariff": "",
        "service_internal_id": "ХВС",
        "rr": "",
        "recalculation": "",
        "accounting_period_total": "634.08"
    },
    {
        "org_ppa_guid": "2901184942",
        "internal_id": "22_2022_06",
        "pp_internal_id": "22_2022_06",
        "calc_value": "11614.32",
        "tariff": "",
        "service_internal_id": "Услуги",
        "rr": "",
        "recalculation": "",
        "accounting_period_total": "11614.32"
    },
    {
        "org_ppa_guid": "2901184942",
        "internal_id": "23_2022_06",
        "pp_internal_id": "23_2022_06",
        "calc_value": "1268.16",
        "tariff": "",
        "service_internal_id": "ХВС",
        "rr": "",
        "recalculation": "",
        "accounting_period_total": "1268.16"
    },
    {
        "org_ppa_guid": "2901184942",
        "internal_id": "25_2022_06",
        "pp_internal_id": "25_2022_06",
        "calc_value": "634.08",
        "tariff": "",
        "service_internal_id": "ХВС",
        "rr": "",
        "recalculation": "",
        "accounting_period_total": "634.08"
    },
    {
        "org_ppa_guid": "2901184942",
        "internal_id": "26_2022_06",
        "pp_internal_id": "26_2022_06",
        "calc_value": "634.08",
        "tariff": "",
        "service_internal_id": "ХВС",
        "rr": "",
        "recalculation": "",
        "accounting_period_total": "634.08"
    },
    {
        "org_ppa_guid": "2901184942",
        "internal_id": "27_2022_06",
        "pp_internal_id": "27_2022_06",
        "calc_value": "1902.24",
        "tariff": "",
        "service_internal_id": "ХВС",
        "rr": "",
        "recalculation": "",
        "accounting_period_total": "1902.24"
    },
    {
        "org_ppa_guid": "2901184942",
        "internal_id": "29_2022_06",
        "pp_internal_id": "29_2022_06",
        "calc_value": "554.82",
        "tariff": "",
        "service_internal_id": "ХВС",
        "rr": "",
        "recalculation": "",
        "accounting_period_total": "554.82"
    },
    {
        "org_ppa_guid": "2901184942",
        "internal_id": "30_2022_06",
        "pp_internal_id": "30_2022_06",
        "calc_value": "317.04",
        "tariff": "",
        "service_internal_id": "ХВС",
        "rr": "",
        "recalculation": "",
        "accounting_period_total": "317.04"
    },
    {
        "org_ppa_guid": "2901184942",
        "internal_id": "31_2022_06",
        "pp_internal_id": "31_2022_06",
        "calc_value": "396.3",
        "tariff": "",
        "service_internal_id": "ХВС",
        "rr": "",
        "recalculation": "",
        "accounting_period_total": "396.3"
    },
    {
        "org_ppa_guid": "2901184942",
        "internal_id": "32_2022_06",
        "pp_internal_id": "32_2022_06",
        "calc_value": "1268.16",
        "tariff": "",
        "service_internal_id": "ХВС",
        "rr": "",
        "recalculation": "",
        "accounting_period_total": "1268.16"
    },
    {
        "org_ppa_guid": "2901184942",
        "internal_id": "33_2022_06",
        "pp_internal_id": "33_2022_06",
        "calc_value": "317.04",
        "tariff": "",
        "service_internal_id": "ХВС",
        "rr": "",
        "recalculation": "",
        "accounting_period_total": "317.04"
    },
    {
        "org_ppa_guid": "2901184942",
        "internal_id": "34_2022_06",
        "pp_internal_id": "34_2022_06",
        "calc_value": "634.08",
        "tariff": "",
        "service_internal_id": "ХВС",
        "rr": "",
        "recalculation": "",
        "accounting_period_total": "634.08"
    },
    {
        "org_ppa_guid": "2901184942",
        "internal_id": "35_2022_06",
        "pp_internal_id": "35_2022_06",
        "calc_value": "1902.24",
        "tariff": "",
        "service_internal_id": "ХВС",
        "rr": "",
        "recalculation": "",
        "accounting_period_total": "1902.24"
    },
    {
        "org_ppa_guid": "2901184942",
        "internal_id": "36_2022_06",
        "pp_internal_id": "36_2022_06",
        "calc_value": "317.04",
        "tariff": "",
        "service_internal_id": "ХВС",
        "rr": "",
        "recalculation": "",
        "accounting_period_total": "317.04"
    },
    {
        "org_ppa_guid": "2901184942",
        "internal_id": "37_2022_06",
        "pp_internal_id": "37_2022_06",
        "calc_value": "475.56",
        "tariff": "",
        "service_internal_id": "ХВС",
        "rr": "",
        "recalculation": "",
        "accounting_period_total": "475.56"
    },
    {
        "org_ppa_guid": "2901184942",
        "internal_id": "38_2022_06",
        "pp_internal_id": "38_2022_06",
        "calc_value": "2536.32",
        "tariff": "",
        "service_internal_id": "ХВС",
        "rr": "",
        "recalculation": "",
        "accounting_period_total": "2536.32"
    },
    {
        "org_ppa_guid": "2901184942",
        "internal_id": "39_2022_06",
        "pp_internal_id": "39_2022_06",
        "calc_value": "554.82",
        "tariff": "",
        "service_internal_id": "ХВС",
        "rr": "",
        "recalculation": "",
        "accounting_period_total": "554.82"
    }
]