[
    {
        "org_ppa_guid": "2901184942",
        "internal_id": "1_2022_06",
        "account_internal_id": "1_2022_06",
        "gis_id": "1_2022_06",
        "month": "01.06.2022",
        "credit": "10613.69",
        "saldo": "11198.58",
        "payment_value": "10198.58",
        "payment_date": "01.06.2022",
        "bill_value": "",
        "account_number": "",
        "bank_bik": ""
    },
    {
        "org_ppa_guid": "2901184942",
        "internal_id": "2_2022_06",
        "account_internal_id": "2_2022_06",
        "gis_id": "2_2022_06",
        "month": "01.06.2022",
        "credit": "9771.52",
        "saldo": "10440.51",
        "payment_value": "9771.52",
        "payment_date": "01.06.2022",
        "bill_value": "",
        "account_number": "",
        "bank_bik": ""
    },
    {
        "org_ppa_guid": "2901184942",
        "internal_id": "3_2022_06",
        "account_internal_id": "3_2022_06",
        "gis_id": "3_2022_06",
        "month": "01.06.2022",
        "credit": "4304.2",
        "saldo": "4226.33",
        "payment_value": "4305.0",
        "payment_date": "01.06.2022",
        "bill_value": "",
        "account_number": "",
        "bank_bik": ""
    },
    {
        "org_ppa_guid": "2901184942",
        "internal_id": "4_2022_06",
        "account_internal_id": "4_2022_06",
        "gis_id": "4_2022_06",
        "month": "01.06.2022",
        "credit": "9645.34",
        "saldo": "10741.63",
        "payment_value": "9645.34",
        "payment_date": "01.06.2022",
        "bill_value": "",
        "account_number": "",
        "bank_bik": ""
    },
    {
        "org_ppa_guid": "2901184942",
        "internal_id": "5_2022_06",
        "account_internal_id": "5_2022_06",
        "gis_id": "5_2022_06",
        "month": "01.06.2022",
        "credit": "11992.24",
        "saldo": "11264.19",
        "payment_value": "11992.24",
        "payment_date": "01.06.2022",
        "bill_value": "",
        "account_number": "",
        "bank_bik": ""
    },
    {
        "org_ppa_guid": "2901184942",
        "internal_id": "6_2022_06",
        "account_internal_id": "6_2022_06",
        "gis_id": "6_2022_06",
        "month": "01.06.2022",
        "credit": "-14681.91",
        "saldo": "-9433.96",
        "payment_value": "0.0",
        "payment_date": "",
        "bill_value": "",
        "account_number": "",
        "bank_bik": ""
    },
    {
        "org_ppa_guid": "2901184942",
        "internal_id": "7_2022_06",
        "account_internal_id": "7_2022_06",
        "gis_id": "7_2022_06",
        "month": "01.06.2022",
        "credit": "15493.18",
        "saldo": "11119.14",
        "payment_value": "15493.18",
        "payment_date": "01.06.2022",
        "bill_value": "",
        "account_number": "",
        "bank_bik": ""
    },
    {
        "org_ppa_guid": "2901184942",
        "internal_id": "8_2022_06",
        "account_internal_id": "8_2022_06",
        "gis_id": "8_2022_06",
        "month": "01.06.2022",
        "credit": "21470.52",
        "saldo": "20979.7",
        "payment_value": "11000.0",
        "payment_date": "01.06.2022",
        "bill_value": "",
        "account_number": "",
        "bank_bik": ""
    },
    {
        "org_ppa_guid": "2901184942",
        "internal_id": "9_2022_06",
        "account_internal_id": "9_2022_06",
        "gis_id": "9_2022_06",
        "month": "01.06.2022",
        "credit": "3551.59",
        "saldo": "3713.05",
        "payment_value": "4000.0",
        "payment_date": "01.06.2022",
        "bill_value": "",
        "account_number": "",
        "bank_bik": ""
    },
    {
        "org_ppa_guid": "2901184942",
        "internal_id": "43_2022_06",
        "account_internal_id": "43_2022_06",
        "gis_id": "43_2022_06",
        "month": "01.06.2022",
        "credit": "52624.95",
        "saldo": "12136.93",
        "payment_value": "52624.95",
        "payment_date": "01.06.2022",
        "bill_value": "",
        "account_number": "",
        "bank_bik": ""
    },
    {
        "org_ppa_guid": "2901184942",
        "internal_id": "11_2022_06",
        "account_internal_id": "11_2022_06",
        "gis_id": "11_2022_06",
        "month": "01.06.2022",
        "credit": "22507.39",
        "saldo": "11918.9",
        "payment_value": "22507.39",
        "payment_date": "01.06.2022",
        "bill_value": "",
        "account_number": "",
        "bank_bik": ""
    },
    {
        "org_ppa_guid": "2901184942",
        "internal_id": "12_2022_06",
        "account_internal_id": "12_2022_06",
        "gis_id": "12_2022_06",
        "month": "01.06.2022",
        "credit": "8438.78",
        "saldo": "9108.5",
        "payment_value": "8438.78",
        "payment_date": "01.06.2022",
        "bill_value": "",
        "account_number": "",
        "bank_bik": ""
    },
    {
        "org_ppa_guid": "2901184942",
        "internal_id": "13_2022_06",
        "account_internal_id": "13_2022_06",
        "gis_id": "13_2022_06",
        "month": "01.06.2022",
        "credit": "8790.06",
        "saldo": "4279.19",
        "payment_value": "8790.06",
        "payment_date": "01.06.2022",
        "bill_value": "",
        "account_number": "",
        "bank_bik": ""
    },
    {
        "org_ppa_guid": "2901184942",
        "internal_id": "14_2022_06",
        "account_internal_id": "14_2022_06",
        "gis_id": "14_2022_06",
        "month": "01.06.2022",
        "credit": "7248.47",
        "saldo": "7984.76",
        "payment_value": "7249.47",
        "payment_date": "01.06.2022",
        "bill_value": "",
        "account_number": "",
        "bank_bik": ""
    },
    {
        "org_ppa_guid": "2901184942",
        "internal_id": "16_2022_06",
        "account_internal_id": "16_2022_06",
        "gis_id": "16_2022_06",
        "month": "01.06.2022",
        "credit": "9246.73",
        "saldo": "10043.9",
        "payment_value": "9246.73",
        "payment_date": "01.06.2022",
        "bill_value": "",
        "account_number": "",
        "bank_bik": ""
    },
    {
        "org_ppa_guid": "2901184942",
        "internal_id": "17_2022_06",
        "account_internal_id": "17_2022_06",
        "gis_id": "17_2022_06",
        "month": "01.06.2022",
        "credit": "9609.55",
        "saldo": "10659.69",
        "payment_value": "9609.55",
        "payment_date": "01.06.2022",
        "bill_value": "",
        "account_number": "",
        "bank_bik": ""
    },
    {
        "org_ppa_guid": "2901184942",
        "internal_id": "18_2022_06",
        "account_internal_id": "18_2022_06",
        "gis_id": "18_2022_06",
        "month": "01.06.2022",
        "credit": "4586.43",
        "saldo": "4862.01",
        "payment_value": "4586.43",
        "payment_date": "01.06.2022",
        "bill_value": "",
        "account_number": "",
        "bank_bik": ""
    },
    {
        "org_ppa_guid": "2901184942",
        "internal_id": "19_2022_06",
        "account_internal_id": "19_2022_06",
        "gis_id": "19_2022_06",
        "month": "01.06.2022",
        "credit": "10493.96",
        "saldo": "10429.6",
        "payment_value": "10493.96",
        "payment_date": "01.06.2022",
        "bill_value": "",
        "account_number": "",
        "bank_bik": ""
    },
    {
        "org_ppa_guid": "2901184942",
        "internal_id": "20_2022_06",
        "account_internal_id": "20_2022_06",
        "gis_id": "20_2022_06",
        "month": "01.06.2022",
        "credit": "7727.8",
        "saldo": "13436.92",
        "payment_value": "7727.8",
        "payment_date": "01.06.2022",
        "bill_value": "",
        "account_number": "",
        "bank_bik": ""
    },
    {
        "org_ppa_guid": "2901184942",
        "internal_id": "21_2022_06",
        "account_internal_id": "21_2022_06",
        "gis_id": "21_2022_06",
        "month": "01.06.2022",
        "credit": "4870.54",
        "saldo": "5223.31",
        "payment_value": "4870.54",
        "payment_date": "01.06.2022",
        "bill_value": "",
        "account_number": "",
        "bank_bik": ""
    },
    {
        "org_ppa_guid": "2901184942",
        "internal_id": "22_2022_06",
        "account_internal_id": "22_2022_06",
        "gis_id": "22_2022_06",
        "month": "01.06.2022",
        "credit": "10639.39",
        "saldo": "22253.71",
        "payment_value": "0.0",
        "payment_date": "",
        "bill_value": "",
        "account_number": "",
        "bank_bik": ""
    },
    {
        "org_ppa_guid": "2901184942",
        "internal_id": "23_2022_06",
        "account_internal_id": "23_2022_06",
        "gis_id": "23_2022_06",
        "month": "01.06.2022",
        "credit": "38520.13",
        "saldo": "26626.15",
        "payment_value": "25000.0",
        "payment_date": "01.06.2022",
        "bill_value": "",
        "account_number": "",
        "bank_bik": ""
    },
    {
        "org_ppa_guid": "2901184942",
        "internal_id": "25_2022_06",
        "account_internal_id": "25_2022_06",
        "gis_id": "25_2022_06",
        "month": "01.06.2022",
        "credit": "72602.05",
        "saldo": "13341.03",
        "payment_value": "72602.05",
        "payment_date": "01.06.2022",
        "bill_value": "",
        "account_number": "",
        "bank_bik": ""
    },
    {
        "org_ppa_guid": "2901184942",
        "internal_id": "26_2022_06",
        "account_internal_id": "26_2022_06",
        "gis_id": "26_2022_06",
        "month": "01.06.2022",
        "credit": "55370.12",
        "saldo": "55321.24",
        "payment_value": "10000.0",
        "payment_date": "01.06.2022",
        "bill_value": "",
        "account_number": "",
        "bank_bik": ""
    },
    {
        "org_ppa_guid": "2901184942",
        "internal_id": "27_2022_06",
        "account_internal_id": "27_2022_06",
        "gis_id": "27_2022_06",
        "month": "01.06.2022",
        "credit": "10340.85",
        "saldo": "11007.81",
        "payment_value": "10340.85",
        "payment_date": "01.06.2022",
        "bill_value": "",
        "account_number": "",
        "bank_bik": ""
    },
    {
        "org_ppa_guid": "2901184942",
        "internal_id": "29_2022_06",
        "account_internal_id": "29_2022_06",
        "gis_id": "29_2022_06",
        "month": "01.06.2022",
        "credit": "10455.97",
        "saldo": "10745.32",
        "payment_value": "10460.0",
        "payment_date": "01.06.2022",
        "bill_value": "",
        "account_number": "",
        "bank_bik": ""
    },
    {
        "org_ppa_guid": "2901184942",
        "internal_id": "30_2022_06",
        "account_internal_id": "30_2022_06",
        "gis_id": "30_2022_06",
        "month": "01.06.2022",
        "credit": "5269.18",
        "saldo": "5586.77",
        "payment_value": "5269.18",
        "payment_date": "01.06.2022",
        "bill_value": "",
        "account_number": "",
        "bank_bik": ""
    },
    {
        "org_ppa_guid": "2901184942",
        "internal_id": "31_2022_06",
        "account_internal_id": "31_2022_06",
        "gis_id": "31_2022_06",
        "month": "01.06.2022",
        "credit": "10066.3",
        "saldo": "11017.83",
        "payment_value": "10066.3",
        "payment_date": "01.06.2022",
        "bill_value": "",
        "account_number": "",
        "bank_bik": ""
    },
    {
        "org_ppa_guid": "2901184942",
        "internal_id": "32_2022_06",
        "account_internal_id": "32_2022_06",
        "gis_id": "32_2022_06",
        "month": "01.06.2022",
        "credit": "11214.82",
        "saldo": "12055.4",
        "payment_value": "11214.82",
        "payment_date": "01.06.2022",
        "bill_value": "",
        "account_number": "",
        "bank_bik": ""
    },
    {
        "org_ppa_guid": "2901184942",
        "internal_id": "33_2022_06",
        "account_internal_id": "33_2022_06",
        "gis_id": "33_2022_06",
        "month": "01.06.2022",
        "credit": "5409.47",
        "saldo": "5915.27",
        "payment_value": "5409.44",
        "payment_date": "01.06.2022",
        "bill_value": "",
        "account_number": "",
        "bank_bik": ""
    },
    {
        "org_ppa_guid": "2901184942",
        "internal_id": "34_2022_06",
        "account_internal_id": "34_2022_06",
        "gis_id": "34_2022_06",
        "month": "01.06.2022",
        "credit": "12353.91",
        "saldo": "11214.57",
        "payment_value": "12353.91",
        "payment_date": "01.06.2022",
        "bill_value": "",
        "account_number": "",
        "bank_bik": ""
    },
    {
        "org_ppa_guid": "2901184942",
        "internal_id": "35_2022_06",
        "account_internal_id": "35_2022_06",
        "gis_id": "35_2022_06",
        "month": "01.06.2022",
        "credit": "12265.71",
        "saldo": "13109.05",
        "payment_value": "12265.71",
        "payment_date": "01.06.2022",
        "bill_value": "",
        "account_number": "",
        "bank_bik": ""
    },
    {
        "org_ppa_guid": "2901184942",
        "internal_id": "36_2022_06",
        "account_internal_id": "36_2022_06",
        "gis_id": "36_2022_06",
        "month": "01.06.2022",
        "credit": "9178.59",
        "saldo": "9549.25",
        "payment_value": "5536.4",
        "payment_date": "01.06.2022",
        "bill_value": "",
        "account_number": "",
        "bank_bik": ""
    },
    {
        "org_ppa_guid": "2901184942",
        "internal_id": "37_2022_06",
        "account_internal_id": "37_2022_06",
        "gis_id": "37_2022_06",
        "month": "01.06.2022",
        "credit": "12885.41",
        "saldo": "13904.4",
        "payment_value": "12885.41",
        "payment_date": "01.06.2022",
        "bill_value": "",
        "account_number": "",
        "bank_bik": ""
    },
    {
        "org_ppa_guid": "2901184942",
        "internal_id": "38_2022_06",
        "account_internal_id": "38_2022_06",
        "gis_id": "38_2022_06",
        "month": "01.06.2022",
        "credit": "0.0",
        "saldo": "18059.72",
        "payment_value": "19029.15",
        "payment_date": "01.06.2022",
        "bill_value": "",
        "account_number": "",
        "bank_bik": ""
    },
    {
        "org_ppa_guid": "2901184942",
        "internal_id": "39_2022_06",
        "account_internal_id": "39_2022_06",
        "gis_id": "39_2022_06",
        "month": "01.06.2022",
        "credit": "5979.52",
        "saldo": "6358.44",
        "payment_value": "5979.52",
        "payment_date": "01.06.2022",
        "bill_value": "",
        "account_number": "",
        "bank_bik": ""
    }
]