[
    {
        "org_ppa_guid": "2901184942",
        "internal_id": "1_2022_06",
        "account_internal_id": "1_2022_06",
        "gis_id": "1_2022_06",
        "month": "01.06.2022",
        "credit": "1126.48",
        "saldo": "1126.48",
        "payment_value": "1126.48",
        "payment_date": "01.06.2022",
        "bill_value": "",
        "account_number": "",
        "bank_bik": ""
    },
    {
        "org_ppa_guid": "2901184942",
        "internal_id": "2_2022_06",
        "account_internal_id": "2_2022_06",
        "gis_id": "2_2022_06",
        "month": "01.06.2022",
        "credit": "1193.7",
        "saldo": "1190.36",
        "payment_value": "1085.0",
        "payment_date": "01.06.2022",
        "bill_value": "",
        "account_number": "",
        "bank_bik": ""
    },
    {
        "org_ppa_guid": "2901184942",
        "internal_id": "3_2022_06",
        "account_internal_id": "3_2022_06",
        "gis_id": "3_2022_06",
        "month": "01.06.2022",
        "credit": "512.65",
        "saldo": "512.59",
        "payment_value": "513.0",
        "payment_date": "01.06.2022",
        "bill_value": "",
        "account_number": "",
        "bank_bik": ""
    },
    {
        "org_ppa_guid": "2901184942",
        "internal_id": "42_2022_06",
        "account_internal_id": "42_2022_06",
        "gis_id": "42_2022_06",
        "month": "01.06.2022",
        "credit": "14025.04",
        "saldo": "20791.86",
        "payment_value": "0.0",
        "payment_date": "",
        "bill_value": "",
        "account_number": "",
        "bank_bik": ""
    },
    {
        "org_ppa_guid": "2901184942",
        "internal_id": "4_2022_06",
        "account_internal_id": "4_2022_06",
        "gis_id": "4_2022_06",
        "month": "01.06.2022",
        "credit": "1137.43",
        "saldo": "1137.43",
        "payment_value": "1137.43",
        "payment_date": "01.06.2022",
        "bill_value": "",
        "account_number": "",
        "bank_bik": ""
    },
    {
        "org_ppa_guid": "2901184942",
        "internal_id": "5_2022_06",
        "account_internal_id": "5_2022_06",
        "gis_id": "5_2022_06",
        "month": "01.06.2022",
        "credit": "1091.62",
        "saldo": "2183.24",
        "payment_value": "0.0",
        "payment_date": "",
        "bill_value": "",
        "account_number": "",
        "bank_bik": ""
    },
    {
        "org_ppa_guid": "2901184942",
        "internal_id": "6_2022_06",
        "account_internal_id": "6_2022_06",
        "gis_id": "6_2022_06",
        "month": "01.06.2022",
        "credit": "4344.33",
        "saldo": "4857.27",
        "payment_value": "0.0",
        "payment_date": "",
        "bill_value": "",
        "account_number": "",
        "bank_bik": ""
    },
    {
        "org_ppa_guid": "2901184942",
        "internal_id": "7_2022_06",
        "account_internal_id": "7_2022_06",
        "gis_id": "7_2022_06",
        "month": "01.06.2022",
        "credit": "1140.42",
        "saldo": "1140.42",
        "payment_value": "1140.42",
        "payment_date": "01.06.2022",
        "bill_value": "",
        "account_number": "",
        "bank_bik": ""
    },
    {
        "org_ppa_guid": "2901184942",
        "internal_id": "8_2022_06",
        "account_internal_id": "8_2022_06",
        "gis_id": "8_2022_06",
        "month": "01.06.2022",
        "credit": "1703.32",
        "saldo": "1688.96",
        "payment_value": "1100.0",
        "payment_date": "01.06.2022",
        "bill_value": "",
        "account_number": "",
        "bank_bik": ""
    },
    {
        "org_ppa_guid": "2901184942",
        "internal_id": "9_2022_06",
        "account_internal_id": "9_2022_06",
        "gis_id": "9_2022_06",
        "month": "01.06.2022",
        "credit": "676.99",
        "saldo": "631.96",
        "payment_value": "550.0",
        "payment_date": "01.06.2022",
        "bill_value": "",
        "account_number": "",
        "bank_bik": ""
    },
    {
        "org_ppa_guid": "2901184942",
        "internal_id": "43_2022_06",
        "account_internal_id": "43_2022_06",
        "gis_id": "43_2022_06",
        "month": "01.06.2022",
        "credit": "1406.35",
        "saldo": "1406.35",
        "payment_value": "1406.35",
        "payment_date": "01.06.2022",
        "bill_value": "",
        "account_number": "",
        "bank_bik": ""
    },
    {
        "org_ppa_guid": "2901184942",
        "internal_id": "11_2022_06",
        "account_internal_id": "11_2022_06",
        "gis_id": "11_2022_06",
        "month": "01.06.2022",
        "credit": "1071.68",
        "saldo": "2146.36",
        "payment_value": "0.0",
        "payment_date": "",
        "bill_value": "",
        "account_number": "",
        "bank_bik": ""
    },
    {
        "org_ppa_guid": "2901184942",
        "internal_id": "12_2022_06",
        "account_internal_id": "12_2022_06",
        "gis_id": "12_2022_06",
        "month": "01.06.2022",
        "credit": "968.11",
        "saldo": "968.11",
        "payment_value": "968.11",
        "payment_date": "01.06.2022",
        "bill_value": "",
        "account_number": "",
        "bank_bik": ""
    },
    {
        "org_ppa_guid": "2901184942",
        "internal_id": "13_2022_06",
        "account_internal_id": "13_2022_06",
        "gis_id": "13_2022_06",
        "month": "01.06.2022",
        "credit": "762.01",
        "saldo": "816.33",
        "payment_value": "332.13",
        "payment_date": "01.06.2022",
        "bill_value": "",
        "account_number": "",
        "bank_bik": ""
    },
    {
        "org_ppa_guid": "2901184942",
        "internal_id": "14_2022_06",
        "account_internal_id": "14_2022_06",
        "gis_id": "14_2022_06",
        "month": "01.06.2022",
        "credit": "824.69",
        "saldo": "825.68",
        "payment_value": "824.69",
        "payment_date": "01.06.2022",
        "bill_value": "",
        "account_number": "",
        "bank_bik": ""
    },
    {
        "org_ppa_guid": "2901184942",
        "internal_id": "16_2022_06",
        "account_internal_id": "16_2022_06",
        "gis_id": "16_2022_06",
        "month": "01.06.2022",
        "credit": "1152.37",
        "saldo": "1152.37",
        "payment_value": "1152.37",
        "payment_date": "01.06.2022",
        "bill_value": "",
        "account_number": "",
        "bank_bik": ""
    },
    {
        "org_ppa_guid": "2901184942",
        "internal_id": "17_2022_06",
        "account_internal_id": "17_2022_06",
        "gis_id": "17_2022_06",
        "month": "01.06.2022",
        "credit": "1070.7",
        "saldo": "1070.7",
        "payment_value": "1070.7",
        "payment_date": "01.06.2022",
        "bill_value": "",
        "account_number": "",
        "bank_bik": ""
    },
    {
        "org_ppa_guid": "2901184942",
        "internal_id": "18_2022_06",
        "account_internal_id": "18_2022_06",
        "gis_id": "18_2022_06",
        "month": "01.06.2022",
        "credit": "499.99",
        "saldo": "499.98",
        "payment_value": "500.0",
        "payment_date": "01.06.2022",
        "bill_value": "",
        "account_number": "",
        "bank_bik": ""
    },
    {
        "org_ppa_guid": "2901184942",
        "internal_id": "19_2022_06",
        "account_internal_id": "19_2022_06",
        "gis_id": "19_2022_06",
        "month": "01.06.2022",
        "credit": "1156.36",
        "saldo": "1156.36",
        "payment_value": "1156.36",
        "payment_date": "01.06.2022",
        "bill_value": "",
        "account_number": "",
        "bank_bik": ""
    },
    {
        "org_ppa_guid": "2901184942",
        "internal_id": "20_2022_06",
        "account_internal_id": "20_2022_06",
        "gis_id": "20_2022_06",
        "month": "01.06.2022",
        "credit": "1075.68",
        "saldo": "2151.36",
        "payment_value": "0.0",
        "payment_date": "",
        "bill_value": "",
        "account_number": "",
        "bank_bik": ""
    },
    {
        "org_ppa_guid": "2901184942",
        "internal_id": "21_2022_06",
        "account_internal_id": "21_2022_06",
        "gis_id": "21_2022_06",
        "month": "01.06.2022",
        "credit": "509.95",
        "saldo": "509.95",
        "payment_value": "509.95",
        "payment_date": "01.06.2022",
        "bill_value": "",
        "account_number": "",
        "bank_bik": ""
    },
    {
        "org_ppa_guid": "2901184942",
        "internal_id": "22_2022_06",
        "account_internal_id": "22_2022_06",
        "gis_id": "22_2022_06",
        "month": "01.06.2022",
        "credit": "2818.68",
        "saldo": "1409.34",
        "payment_value": "2818.68",
        "payment_date": "01.06.2022",
        "bill_value": "",
        "account_number": "",
        "bank_bik": ""
    },
    {
        "org_ppa_guid": "2901184942",
        "internal_id": "23_2022_06",
        "account_internal_id": "23_2022_06",
        "gis_id": "23_2022_06",
        "month": "01.06.2022",
        "credit": "7633.02",
        "saldo": "8975.63",
        "payment_value": "0.0",
        "payment_date": "",
        "bill_value": "",
        "account_number": "",
        "bank_bik": ""
    },
    {
        "org_ppa_guid": "2901184942",
        "internal_id": "25_2022_06",
        "account_internal_id": "25_2022_06",
        "gis_id": "25_2022_06",
        "month": "01.06.2022",
        "credit": "1495.0",
        "saldo": "2990.0",
        "payment_value": "0.0",
        "payment_date": "",
        "bill_value": "",
        "account_number": "",
        "bank_bik": ""
    },
    {
        "org_ppa_guid": "2901184942",
        "internal_id": "26_2022_06",
        "account_internal_id": "26_2022_06",
        "gis_id": "26_2022_06",
        "month": "01.06.2022",
        "credit": "23233.22",
        "saldo": "24316.87",
        "payment_value": "0.0",
        "payment_date": "",
        "bill_value": "",
        "account_number": "",
        "bank_bik": ""
    },
    {
        "org_ppa_guid": "2901184942",
        "internal_id": "27_2022_06",
        "account_internal_id": "27_2022_06",
        "gis_id": "27_2022_06",
        "month": "01.06.2022",
        "credit": "964.13",
        "saldo": "964.13",
        "payment_value": "964.13",
        "payment_date": "01.06.2022",
        "bill_value": "",
        "account_number": "",
        "bank_bik": ""
    },
    {
        "org_ppa_guid": "2901184942",
        "internal_id": "29_2022_06",
        "account_internal_id": "29_2022_06",
        "gis_id": "29_2022_06",
        "month": "01.06.2022",
        "credit": "1223.09",
        "saldo": "1146.18",
        "payment_value": "1300.0",
        "payment_date": "01.06.2022",
        "bill_value": "",
        "account_number": "",
        "bank_bik": ""
    },
    {
        "org_ppa_guid": "2901184942",
        "internal_id": "30_2022_06",
        "account_internal_id": "30_2022_06",
        "gis_id": "30_2022_06",
        "month": "01.06.2022",
        "credit": "625.49",
        "saldo": "625.49",
        "payment_value": "625.49",
        "payment_date": "01.06.2022",
        "bill_value": "",
        "account_number": "",
        "bank_bik": ""
    },
    {
        "org_ppa_guid": "2901184942",
        "internal_id": "31_2022_06",
        "account_internal_id": "31_2022_06",
        "gis_id": "31_2022_06",
        "month": "01.06.2022",
        "credit": "1260.94",
        "saldo": "1260.94",
        "payment_value": "1260.94",
        "payment_date": "01.06.2022",
        "bill_value": "",
        "account_number": "",
        "bank_bik": ""
    },
    {
        "org_ppa_guid": "2901184942",
        "internal_id": "32_2022_06",
        "account_internal_id": "32_2022_06",
        "gis_id": "32_2022_06",
        "month": "01.06.2022",
        "credit": "1215.12",
        "saldo": "1215.12",
        "payment_value": "1215.12",
        "payment_date": "01.06.2022",
        "bill_value": "",
        "account_number": "",
        "bank_bik": ""
    },
    {
        "org_ppa_guid": "2901184942",
        "internal_id": "33_2022_06",
        "account_internal_id": "33_2022_06",
        "gis_id": "33_2022_06",
        "month": "01.06.2022",
        "credit": "651.38",
        "saldo": "651.38",
        "payment_value": "651.38",
        "payment_date": "01.06.2022",
        "bill_value": "",
        "account_number": "",
        "bank_bik": ""
    },
    {
        "org_ppa_guid": "2901184942",
        "internal_id": "34_2022_06",
        "account_internal_id": "34_2022_06",
        "gis_id": "34_2022_06",
        "month": "01.06.2022",
        "credit": "-987.37",
        "saldo": "268.59",
        "payment_value": "0.0",
        "payment_date": "",
        "bill_value": "",
        "account_number": "",
        "bank_bik": ""
    },
    {
        "org_ppa_guid": "2901184942",
        "internal_id": "35_2022_06",
        "account_internal_id": "35_2022_06",
        "gis_id": "35_2022_06",
        "month": "01.06.2022",
        "credit": "1219.1",
        "saldo": "1219.1",
        "payment_value": "1219.1",
        "payment_date": "01.06.2022",
        "bill_value": "",
        "account_number": "",
        "bank_bik": ""
    },
    {
        "org_ppa_guid": "2901184942",
        "internal_id": "36_2022_06",
        "account_internal_id": "36_2022_06",
        "gis_id": "36_2022_06",
        "month": "01.06.2022",
        "credit": "-1133.35",
        "saldo": "-482.96",
        "payment_value": "0.0",
        "payment_date": "",
        "bill_value": "",
        "account_number": "",
        "bank_bik": ""
    },
    {
        "org_ppa_guid": "2901184942",
        "internal_id": "37_2022_06",
        "account_internal_id": "37_2022_06",
        "gis_id": "37_2022_06",
        "month": "01.06.2022",
        "credit": "1587.62",
        "saldo": "1587.62",
        "payment_value": "1587.62",
        "payment_date": "01.06.2022",
        "bill_value": "",
        "account_number": "",
        "bank_bik": ""
    },
    {
        "org_ppa_guid": "2901184942",
        "internal_id": "38_2022_06",
        "account_internal_id": "38_2022_06",
        "gis_id": "38_2022_06",
        "month": "01.06.2022",
        "credit": "1730.05",
        "saldo": "1730.05",
        "payment_value": "1730.05",
        "payment_date": "01.06.2022",
        "bill_value": "",
        "account_number": "",
        "bank_bik": ""
    },
    {
        "org_ppa_guid": "2901184942",
        "internal_id": "39_2022_06",
        "account_internal_id": "39_2022_06",
        "gis_id": "39_2022_06",
        "month": "01.06.2022",
        "credit": "709.55",
        "saldo": "662.34",
        "payment_value": "709.55",
        "payment_date": "01.06.2022",
        "bill_value": "",
        "account_number": "",
        "bank_bik": ""
    }
]