[
    {
        "org_ppa_guid": "2901184942",
        "internal_id": "1_2022_06",
        "account_internal_id": "1_2022_06",
        "gis_id": "1_2022_06",
        "month": "01.06.2022",
        "credit": "10339.99",
        "saldo": "9527.04",
        "payment_value": "10340.0",
        "payment_date": "01.06.2022",
        "bill_value": "",
        "account_number": "",
        "bank_bik": ""
    },
    {
        "org_ppa_guid": "2901184942",
        "internal_id": "2_2022_06",
        "account_internal_id": "2_2022_06",
        "gis_id": "2_2022_06",
        "month": "01.06.2022",
        "credit": "19790.69",
        "saldo": "9292.58",
        "payment_value": "19790.69",
        "payment_date": "01.06.2022",
        "bill_value": "",
        "account_number": "",
        "bank_bik": ""
    },
    {
        "org_ppa_guid": "2901184942",
        "internal_id": "3_2022_06",
        "account_internal_id": "3_2022_06",
        "gis_id": "3_2022_06",
        "month": "01.06.2022",
        "credit": "3905.51",
        "saldo": "3748.61",
        "payment_value": "3906.0",
        "payment_date": "01.06.2022",
        "bill_value": "",
        "account_number": "",
        "bank_bik": ""
    },
    {
        "org_ppa_guid": "2901184942",
        "internal_id": "4_2022_06",
        "account_internal_id": "4_2022_06",
        "gis_id": "4_2022_06",
        "month": "01.06.2022",
        "credit": "10074.73",
        "saldo": "8553.92",
        "payment_value": "10700.0",
        "payment_date": "01.06.2022",
        "bill_value": "",
        "account_number": "",
        "bank_bik": ""
    },
    {
        "org_ppa_guid": "2901184942",
        "internal_id": "5_2022_06",
        "account_internal_id": "5_2022_06",
        "gis_id": "5_2022_06",
        "month": "01.06.2022",
        "credit": "24791.45",
        "saldo": "36184.19",
        "payment_value": "0.0",
        "payment_date": "",
        "bill_value": "",
        "account_number": "",
        "bank_bik": ""
    },
    {
        "org_ppa_guid": "2901184942",
        "internal_id": "6_2022_06",
        "account_internal_id": "6_2022_06",
        "gis_id": "6_2022_06",
        "month": "01.06.2022",
        "credit": "-14665.48",
        "saldo": "-10054.08",
        "payment_value": "0.0",
        "payment_date": "",
        "bill_value": "",
        "account_number": "",
        "bank_bik": ""
    },
    {
        "org_ppa_guid": "2901184942",
        "internal_id": "7_2022_06",
        "account_internal_id": "7_2022_06",
        "gis_id": "7_2022_06",
        "month": "01.06.2022",
        "credit": "8332.17",
        "saldo": "16588.73",
        "payment_value": "0.0",
        "payment_date": "",
        "bill_value": "",
        "account_number": "",
        "bank_bik": ""
    },
    {
        "org_ppa_guid": "2901184942",
        "internal_id": "8_2022_06",
        "account_internal_id": "8_2022_06",
        "gis_id": "8_2022_06",
        "month": "01.06.2022",
        "credit": "20100.59",
        "saldo": "18500.31",
        "payment_value": "11000.0",
        "payment_date": "01.06.2022",
        "bill_value": "",
        "account_number": "",
        "bank_bik": ""
    },
    {
        "org_ppa_guid": "2901184942",
        "internal_id": "9_2022_06",
        "account_internal_id": "9_2022_06",
        "gis_id": "9_2022_06",
        "month": "01.06.2022",
        "credit": "4576.23",
        "saldo": "4111.04",
        "payment_value": "4000.0",
        "payment_date": "01.06.2022",
        "bill_value": "",
        "account_number": "",
        "bank_bik": ""
    },
    {
        "org_ppa_guid": "2901184942",
        "internal_id": "43_2022_06",
        "account_internal_id": "43_2022_06",
        "gis_id": "43_2022_06",
        "month": "01.06.2022",
        "credit": "12305.55",
        "saldo": "23129.39",
        "payment_value": "0.0",
        "payment_date": "",
        "bill_value": "",
        "account_number": "",
        "bank_bik": ""
    },
    {
        "org_ppa_guid": "2901184942",
        "internal_id": "11_2022_06",
        "account_internal_id": "11_2022_06",
        "gis_id": "11_2022_06",
        "month": "01.06.2022",
        "credit": "22833.24",
        "saldo": "10585.25",
        "payment_value": "22833.24",
        "payment_date": "01.06.2022",
        "bill_value": "",
        "account_number": "",
        "bank_bik": ""
    },
    {
        "org_ppa_guid": "2901184942",
        "internal_id": "12_2022_06",
        "account_internal_id": "12_2022_06",
        "gis_id": "12_2022_06",
        "month": "01.06.2022",
        "credit": "7937.52",
        "saldo": "7561.81",
        "payment_value": "7937.52",
        "payment_date": "01.06.2022",
        "bill_value": "",
        "account_number": "",
        "bank_bik": ""
    },
    {
        "org_ppa_guid": "2901184942",
        "internal_id": "13_2022_06",
        "account_internal_id": "13_2022_06",
        "gis_id": "13_2022_06",
        "month": "01.06.2022",
        "credit": "4897.34",
        "saldo": "-4791.64",
        "payment_value": "14000.0",
        "payment_date": "01.06.2022",
        "bill_value": "",
        "account_number": "",
        "bank_bik": ""
    },
    {
        "org_ppa_guid": "2901184942",
        "internal_id": "14_2022_06",
        "account_internal_id": "14_2022_06",
        "gis_id": "14_2022_06",
        "month": "01.06.2022",
        "credit": "7091.26",
        "saldo": "8400.89",
        "payment_value": "7091.26",
        "payment_date": "01.06.2022",
        "bill_value": "",
        "account_number": "",
        "bank_bik": ""
    },
    {
        "org_ppa_guid": "2901184942",
        "internal_id": "16_2022_06",
        "account_internal_id": "16_2022_06",
        "gis_id": "16_2022_06",
        "month": "01.06.2022",
        "credit": "8966.73",
        "saldo": "8613.85",
        "payment_value": "8966.73",
        "payment_date": "01.06.2022",
        "bill_value": "",
        "account_number": "",
        "bank_bik": ""
    },
    {
        "org_ppa_guid": "2901184942",
        "internal_id": "17_2022_06",
        "account_internal_id": "17_2022_06",
        "gis_id": "17_2022_06",
        "month": "01.06.2022",
        "credit": "8564.38",
        "saldo": "8395.02",
        "payment_value": "8564.38",
        "payment_date": "01.06.2022",
        "bill_value": "",
        "account_number": "",
        "bank_bik": ""
    },
    {
        "org_ppa_guid": "2901184942",
        "internal_id": "18_2022_06",
        "account_internal_id": "18_2022_06",
        "gis_id": "18_2022_06",
        "month": "01.06.2022",
        "credit": "5192.68",
        "saldo": "4919.3",
        "payment_value": "5200.0",
        "payment_date": "01.06.2022",
        "bill_value": "",
        "account_number": "",
        "bank_bik": ""
    },
    {
        "org_ppa_guid": "2901184942",
        "internal_id": "19_2022_06",
        "account_internal_id": "19_2022_06",
        "gis_id": "19_2022_06",
        "month": "01.06.2022",
        "credit": "9427.98",
        "saldo": "10168.35",
        "payment_value": "9427.98",
        "payment_date": "01.06.2022",
        "bill_value": "",
        "account_number": "",
        "bank_bik": ""
    },
    {
        "org_ppa_guid": "2901184942",
        "internal_id": "20_2022_06",
        "account_internal_id": "20_2022_06",
        "gis_id": "20_2022_06",
        "month": "01.06.2022",
        "credit": "24543.68",
        "saldo": "8350.62",
        "payment_value": "24543.68",
        "payment_date": "01.06.2022",
        "bill_value": "",
        "account_number": "",
        "bank_bik": ""
    },
    {
        "org_ppa_guid": "2901184942",
        "internal_id": "21_2022_06",
        "account_internal_id": "21_2022_06",
        "gis_id": "21_2022_06",
        "month": "01.06.2022",
        "credit": "4746.63",
        "saldo": "4590.48",
        "payment_value": "4746.63",
        "payment_date": "01.06.2022",
        "bill_value": "",
        "account_number": "",
        "bank_bik": ""
    },
    {
        "org_ppa_guid": "2901184942",
        "internal_id": "22_2022_06",
        "account_internal_id": "22_2022_06",
        "gis_id": "22_2022_06",
        "month": "01.06.2022",
        "credit": "32550.67",
        "saldo": "9865.38",
        "payment_value": "32550.67",
        "payment_date": "01.06.2022",
        "bill_value": "",
        "account_number": "",
        "bank_bik": ""
    },
    {
        "org_ppa_guid": "2901184942",
        "internal_id": "23_2022_06",
        "account_internal_id": "23_2022_06",
        "gis_id": "23_2022_06",
        "month": "01.06.2022",
        "credit": "23477.2",
        "saldo": "24917.1",
        "payment_value": "10000.0",
        "payment_date": "01.06.2022",
        "bill_value": "",
        "account_number": "",
        "bank_bik": ""
    },
    {
        "org_ppa_guid": "2901184942",
        "internal_id": "25_2022_06",
        "account_internal_id": "25_2022_06",
        "gis_id": "25_2022_06",
        "month": "01.06.2022",
        "credit": "25284.64",
        "saldo": "11485.79",
        "payment_value": "25284.64",
        "payment_date": "01.06.2022",
        "bill_value": "",
        "account_number": "",
        "bank_bik": ""
    },
    {
        "org_ppa_guid": "2901184942",
        "internal_id": "26_2022_06",
        "account_internal_id": "26_2022_06",
        "gis_id": "26_2022_06",
        "month": "01.06.2022",
        "credit": "59259.44",
        "saldo": "67865.8",
        "payment_value": "0.0",
        "payment_date": "",
        "bill_value": "",
        "account_number": "",
        "bank_bik": ""
    },
    {
        "org_ppa_guid": "2901184942",
        "internal_id": "27_2022_06",
        "account_internal_id": "27_2022_06",
        "gis_id": "27_2022_06",
        "month": "01.06.2022",
        "credit": "10106.59",
        "saldo": "9811.36",
        "payment_value": "10106.59",
        "payment_date": "01.06.2022",
        "bill_value": "",
        "account_number": "",
        "bank_bik": ""
    },
    {
        "org_ppa_guid": "2901184942",
        "internal_id": "29_2022_06",
        "account_internal_id": "29_2022_06",
        "gis_id": "29_2022_06",
        "month": "01.06.2022",
        "credit": "10451.52",
        "saldo": "9060.37",
        "payment_value": "10500.0",
        "payment_date": "01.06.2022",
        "bill_value": "",
        "account_number": "",
        "bank_bik": ""
    },
    {
        "org_ppa_guid": "2901184942",
        "internal_id": "30_2022_06",
        "account_internal_id": "30_2022_06",
        "gis_id": "30_2022_06",
        "month": "01.06.2022",
        "credit": "5196.46",
        "saldo": "5084.17",
        "payment_value": "5196.46",
        "payment_date": "01.06.2022",
        "bill_value": "",
        "account_number": "",
        "bank_bik": ""
    },
    {
        "org_ppa_guid": "2901184942",
        "internal_id": "31_2022_06",
        "account_internal_id": "31_2022_06",
        "gis_id": "31_2022_06",
        "month": "01.06.2022",
        "credit": "9839.18",
        "saldo": "10085.19",
        "payment_value": "9639.18",
        "payment_date": "01.06.2022",
        "bill_value": "",
        "account_number": "",
        "bank_bik": ""
    },
    {
        "org_ppa_guid": "2901184942",
        "internal_id": "32_2022_06",
        "account_internal_id": "32_2022_06",
        "gis_id": "32_2022_06",
        "month": "01.06.2022",
        "credit": "10919.58",
        "saldo": "10547.48",
        "payment_value": "10919.58",
        "payment_date": "01.06.2022",
        "bill_value": "",
        "account_number": "",
        "bank_bik": ""
    },
    {
        "org_ppa_guid": "2901184942",
        "internal_id": "33_2022_06",
        "account_internal_id": "33_2022_06",
        "gis_id": "33_2022_06",
        "month": "01.06.2022",
        "credit": "5227.14",
        "saldo": "10571.84",
        "payment_value": "0.0",
        "payment_date": "",
        "bill_value": "",
        "account_number": "",
        "bank_bik": ""
    },
    {
        "org_ppa_guid": "2901184942",
        "internal_id": "34_2022_06",
        "account_internal_id": "34_2022_06",
        "gis_id": "34_2022_06",
        "month": "01.06.2022",
        "credit": "16195.99",
        "saldo": "11967.0",
        "payment_value": "13000.0",
        "payment_date": "01.06.2022",
        "bill_value": "",
        "account_number": "",
        "bank_bik": ""
    },
    {
        "org_ppa_guid": "2901184942",
        "internal_id": "35_2022_06",
        "account_internal_id": "35_2022_06",
        "gis_id": "35_2022_06",
        "month": "01.06.2022",
        "credit": "11969.51",
        "saldo": "23565.7",
        "payment_value": "0.0",
        "payment_date": "",
        "bill_value": "",
        "account_number": "",
        "bank_bik": ""
    },
    {
        "org_ppa_guid": "2901184942",
        "internal_id": "36_2022_06",
        "account_internal_id": "36_2022_06",
        "gis_id": "36_2022_06",
        "month": "01.06.2022",
        "credit": "14769.1",
        "saldo": "4826.33",
        "payment_value": "14769.1",
        "payment_date": "01.06.2022",
        "bill_value": "",
        "account_number": "",
        "bank_bik": ""
    },
    {
        "org_ppa_guid": "2901184942",
        "internal_id": "37_2022_06",
        "account_internal_id": "37_2022_06",
        "gis_id": "37_2022_06",
        "month": "01.06.2022",
        "credit": "12110.94",
        "saldo": "11739.87",
        "payment_value": "12110.94",
        "payment_date": "01.06.2022",
        "bill_value": "",
        "account_number": "",
        "bank_bik": ""
    },
    {
        "org_ppa_guid": "2901184942",
        "internal_id": "38_2022_06",
        "account_internal_id": "38_2022_06",
        "gis_id": "38_2022_06",
        "month": "01.06.2022",
        "credit": "16010.43",
        "saldo": "15357.97",
        "payment_value": "16010.43",
        "payment_date": "01.06.2022",
        "bill_value": "",
        "account_number": "",
        "bank_bik": ""
    },
    {
        "org_ppa_guid": "2901184942",
        "internal_id": "39_2022_06",
        "account_internal_id": "39_2022_06",
        "gis_id": "39_2022_06",
        "month": "01.06.2022",
        "credit": "5739.33",
        "saldo": "5615.77",
        "payment_value": "5739.33",
        "payment_date": "01.06.2022",
        "bill_value": "",
        "account_number": "",
        "bank_bik": ""
    }
]