[
    {
        "org_ppa_guid": "2901184942",
        "contract_internal_id": "1_2022_06",
        "internal_id": "1_2022_06",
        "fias": "",
        "address": "Гайдаровец",
        "room_number": "",
        "gis_premises_id": "",
        "gis_block_id": "",
        "gis_room_id": "",
        "gis_account_id": "",
        "account_number": "1",
        "gis_account_service_id": "",
        "gis_account_unified_number": "",
        "total_square": "113.1",
        "residential_square": "",
        "living_person_number": "4",
        "timezone": "",
        "account_identifier": "1_2022_06_2022_06",
        "not_residential": ""
    },
    {
        "org_ppa_guid": "2901184942",
        "contract_internal_id": "2_2022_06",
        "internal_id": "2_2022_06",
        "fias": "",
        "address": "Гайдаровец",
        "room_number": "",
        "gis_premises_id": "",
        "gis_block_id": "",
        "gis_room_id": "",
        "gis_account_id": "",
        "account_number": "2",
        "gis_account_service_id": "",
        "gis_account_unified_number": "",
        "total_square": "108.6",
        "residential_square": "",
        "living_person_number": "3",
        "timezone": "",
        "account_identifier": "2_2022_06_2022_06",
        "not_residential": ""
    },
    {
        "org_ppa_guid": "2901184942",
        "contract_internal_id": "3_2022_06",
        "internal_id": "3_2022_06",
        "fias": "",
        "address": "Гайдаровец",
        "room_number": "",
        "gis_premises_id": "",
        "gis_block_id": "",
        "gis_room_id": "",
        "gis_account_id": "",
        "account_number": "3",
        "gis_account_service_id": "",
        "gis_account_unified_number": "",
        "total_square": "51.5",
        "residential_square": "",
        "living_person_number": "4",
        "timezone": "",
        "account_identifier": "3_2022_06_2022_06",
        "not_residential": ""
    },
    {
        "org_ppa_guid": "2901184942",
        "contract_internal_id": "42_2022_06",
        "internal_id": "42_2022_06",
        "fias": "",
        "address": "Гайдаровец",
        "room_number": "",
        "gis_premises_id": "",
        "gis_block_id": "",
        "gis_room_id": "",
        "gis_account_id": "",
        "account_number": "42",
        "gis_account_service_id": "",
        "gis_account_unified_number": "",
        "total_square": "679.4",
        "residential_square": "",
        "living_person_number": "",
        "timezone": "",
        "account_identifier": "42_2022_06_2022_06",
        "not_residential": ""
    },
    {
        "org_ppa_guid": "2901184942",
        "contract_internal_id": "4_2022_06",
        "internal_id": "4_2022_06",
        "fias": "",
        "address": "Гайдаровец",
        "room_number": "",
        "gis_premises_id": "",
        "gis_block_id": "",
        "gis_room_id": "",
        "gis_account_id": "",
        "account_number": "4",
        "gis_account_service_id": "",
        "gis_account_unified_number": "",
        "total_square": "114.2",
        "residential_square": "",
        "living_person_number": "2",
        "timezone": "",
        "account_identifier": "4_2022_06_2022_06",
        "not_residential": ""
    },
    {
        "org_ppa_guid": "2901184942",
        "contract_internal_id": "5_2022_06",
        "internal_id": "5_2022_06",
        "fias": "",
        "address": "Гайдаровец",
        "room_number": "",
        "gis_premises_id": "",
        "gis_block_id": "",
        "gis_room_id": "",
        "gis_account_id": "",
        "account_number": "5",
        "gis_account_service_id": "",
        "gis_account_unified_number": "",
        "total_square": "109.6",
        "residential_square": "",
        "living_person_number": "4",
        "timezone": "",
        "account_identifier": "5_2022_06_2022_06",
        "not_residential": ""
    },
    {
        "org_ppa_guid": "2901184942",
        "contract_internal_id": "6_2022_06",
        "internal_id": "6_2022_06",
        "fias": "",
        "address": "Гайдаровец",
        "room_number": "",
        "gis_premises_id": "",
        "gis_block_id": "",
        "gis_room_id": "",
        "gis_account_id": "",
        "account_number": "6",
        "gis_account_service_id": "",
        "gis_account_unified_number": "",
        "total_square": "51.5",
        "residential_square": "",
        "living_person_number": "1",
        "timezone": "",
        "account_identifier": "6_2022_06_2022_06",
        "not_residential": ""
    },
    {
        "org_ppa_guid": "2901184942",
        "contract_internal_id": "7_2022_06",
        "internal_id": "7_2022_06",
        "fias": "",
        "address": "Гайдаровец",
        "room_number": "",
        "gis_premises_id": "",
        "gis_block_id": "",
        "gis_room_id": "",
        "gis_account_id": "",
        "account_number": "7",
        "gis_account_service_id": "",
        "gis_account_unified_number": "",
        "total_square": "114.5",
        "residential_square": "",
        "living_person_number": "5",
        "timezone": "",
        "account_identifier": "7_2022_06_2022_06",
        "not_residential": ""
    },
    {
        "org_ppa_guid": "2901184942",
        "contract_internal_id": "8_2022_06",
        "internal_id": "8_2022_06",
        "fias": "",
        "address": "Гайдаровец",
        "room_number": "",
        "gis_premises_id": "",
        "gis_block_id": "",
        "gis_room_id": "",
        "gis_account_id": "",
        "account_number": "8",
        "gis_account_service_id": "",
        "gis_account_unified_number": "",
        "total_square": "109.0",
        "residential_square": "",
        "living_person_number": "3",
        "timezone": "",
        "account_identifier": "8_2022_06_2022_06",
        "not_residential": ""
    },
    {
        "org_ppa_guid": "2901184942",
        "contract_internal_id": "9_2022_06",
        "internal_id": "9_2022_06",
        "fias": "",
        "address": "Гайдаровец",
        "room_number": "",
        "gis_premises_id": "",
        "gis_block_id": "",
        "gis_room_id": "",
        "gis_account_id": "",
        "account_number": "9",
        "gis_account_service_id": "",
        "gis_account_unified_number": "",
        "total_square": "50.7",
        "residential_square": "",
        "living_person_number": "",
        "timezone": "",
        "account_identifier": "9_2022_06_2022_06",
        "not_residential": ""
    },
    {
        "org_ppa_guid": "2901184942",
        "contract_internal_id": "43_2022_06",
        "internal_id": "43_2022_06",
        "fias": "",
        "address": "Гайдаровец",
        "room_number": "",
        "gis_premises_id": "",
        "gis_block_id": "",
        "gis_room_id": "",
        "gis_account_id": "",
        "account_number": "43",
        "gis_account_service_id": "",
        "gis_account_unified_number": "",
        "total_square": "141.2",
        "residential_square": "",
        "living_person_number": "1",
        "timezone": "",
        "account_identifier": "43_2022_06_2022_06",
        "not_residential": ""
    },
    {
        "org_ppa_guid": "2901184942",
        "contract_internal_id": "11_2022_06",
        "internal_id": "11_2022_06",
        "fias": "",
        "address": "Гайдаровец",
        "room_number": "",
        "gis_premises_id": "",
        "gis_block_id": "",
        "gis_room_id": "",
        "gis_account_id": "",
        "account_number": "11",
        "gis_account_service_id": "",
        "gis_account_unified_number": "",
        "total_square": "107.9",
        "residential_square": "",
        "living_person_number": "3",
        "timezone": "",
        "account_identifier": "11_2022_06_2022_06",
        "not_residential": ""
    },
    {
        "org_ppa_guid": "2901184942",
        "contract_internal_id": "12_2022_06",
        "internal_id": "12_2022_06",
        "fias": "",
        "address": "Гайдаровец",
        "room_number": "",
        "gis_premises_id": "",
        "gis_block_id": "",
        "gis_room_id": "",
        "gis_account_id": "",
        "account_number": "12",
        "gis_account_service_id": "",
        "gis_account_unified_number": "",
        "total_square": "98.7",
        "residential_square": "",
        "living_person_number": "2",
        "timezone": "",
        "account_identifier": "12_2022_06_2022_06",
        "not_residential": ""
    },
    {
        "org_ppa_guid": "2901184942",
        "contract_internal_id": "13_2022_06",
        "internal_id": "13_2022_06",
        "fias": "",
        "address": "Гайдаровец",
        "room_number": "",
        "gis_premises_id": "",
        "gis_block_id": "",
        "gis_room_id": "",
        "gis_account_id": "",
        "account_number": "13",
        "gis_account_service_id": "",
        "gis_account_unified_number": "",
        "total_square": "38.8",
        "residential_square": "",
        "living_person_number": "2",
        "timezone": "",
        "account_identifier": "13_2022_06_2022_06",
        "not_residential": ""
    },
    {
        "org_ppa_guid": "2901184942",
        "contract_internal_id": "14_2022_06",
        "internal_id": "14_2022_06",
        "fias": "",
        "address": "Гайдаровец",
        "room_number": "",
        "gis_premises_id": "",
        "gis_block_id": "",
        "gis_room_id": "",
        "gis_account_id": "",
        "account_number": "14",
        "gis_account_service_id": "",
        "gis_account_unified_number": "",
        "total_square": "82.9",
        "residential_square": "",
        "living_person_number": "2",
        "timezone": "",
        "account_identifier": "14_2022_06_2022_06",
        "not_residential": ""
    },
    {
        "org_ppa_guid": "2901184942",
        "contract_internal_id": "16_2022_06",
        "internal_id": "16_2022_06",
        "fias": "",
        "address": "Гайдаровец",
        "room_number": "",
        "gis_premises_id": "",
        "gis_block_id": "",
        "gis_room_id": "",
        "gis_account_id": "",
        "account_number": "16",
        "gis_account_service_id": "",
        "gis_account_unified_number": "",
        "total_square": "115.7",
        "residential_square": "",
        "living_person_number": "1",
        "timezone": "",
        "account_identifier": "16_2022_06_2022_06",
        "not_residential": ""
    },
    {
        "org_ppa_guid": "2901184942",
        "contract_internal_id": "17_2022_06",
        "internal_id": "17_2022_06",
        "fias": "",
        "address": "Гайдаровец",
        "room_number": "",
        "gis_premises_id": "",
        "gis_block_id": "",
        "gis_room_id": "",
        "gis_account_id": "",
        "account_number": "17",
        "gis_account_service_id": "",
        "gis_account_unified_number": "",
        "total_square": "107.5",
        "residential_square": "",
        "living_person_number": "1",
        "timezone": "",
        "account_identifier": "17_2022_06_2022_06",
        "not_residential": ""
    },
    {
        "org_ppa_guid": "2901184942",
        "contract_internal_id": "18_2022_06",
        "internal_id": "18_2022_06",
        "fias": "",
        "address": "Гайдаровец",
        "room_number": "",
        "gis_premises_id": "",
        "gis_block_id": "",
        "gis_room_id": "",
        "gis_account_id": "",
        "account_number": "18",
        "gis_account_service_id": "",
        "gis_account_unified_number": "",
        "total_square": "50.2",
        "residential_square": "",
        "living_person_number": "2",
        "timezone": "",
        "account_identifier": "18_2022_06_2022_06",
        "not_residential": ""
    },
    {
        "org_ppa_guid": "2901184942",
        "contract_internal_id": "19_2022_06",
        "internal_id": "19_2022_06",
        "fias": "",
        "address": "Гайдаровец",
        "room_number": "",
        "gis_premises_id": "",
        "gis_block_id": "",
        "gis_room_id": "",
        "gis_account_id": "",
        "account_number": "19",
        "gis_account_service_id": "",
        "gis_account_unified_number": "",
        "total_square": "116.1",
        "residential_square": "",
        "living_person_number": "",
        "timezone": "",
        "account_identifier": "19_2022_06_2022_06",
        "not_residential": ""
    },
    {
        "org_ppa_guid": "2901184942",
        "contract_internal_id": "20_2022_06",
        "internal_id": "20_2022_06",
        "fias": "",
        "address": "Гайдаровец",
        "room_number": "",
        "gis_premises_id": "",
        "gis_block_id": "",
        "gis_room_id": "",
        "gis_account_id": "",
        "account_number": "20",
        "gis_account_service_id": "",
        "gis_account_unified_number": "",
        "total_square": "108.0",
        "residential_square": "",
        "living_person_number": "3",
        "timezone": "",
        "account_identifier": "20_2022_06_2022_06",
        "not_residential": ""
    },
    {
        "org_ppa_guid": "2901184942",
        "contract_internal_id": "21_2022_06",
        "internal_id": "21_2022_06",
        "fias": "",
        "address": "Гайдаровец",
        "room_number": "",
        "gis_premises_id": "",
        "gis_block_id": "",
        "gis_room_id": "",
        "gis_account_id": "",
        "account_number": "21",
        "gis_account_service_id": "",
        "gis_account_unified_number": "",
        "total_square": "51.2",
        "residential_square": "",
        "living_person_number": "1",
        "timezone": "",
        "account_identifier": "21_2022_06_2022_06",
        "not_residential": ""
    },
    {
        "org_ppa_guid": "2901184942",
        "contract_internal_id": "22_2022_06",
        "internal_id": "22_2022_06",
        "fias": "",
        "address": "Гайдаровец",
        "room_number": "",
        "gis_premises_id": "",
        "gis_block_id": "",
        "gis_room_id": "",
        "gis_account_id": "",
        "account_number": "22",
        "gis_account_service_id": "",
        "gis_account_unified_number": "",
        "total_square": "141.5",
        "residential_square": "",
        "living_person_number": "5",
        "timezone": "",
        "account_identifier": "22_2022_06_2022_06",
        "not_residential": ""
    },
    {
        "org_ppa_guid": "2901184942",
        "contract_internal_id": "23_2022_06",
        "internal_id": "23_2022_06",
        "fias": "",
        "address": "Гайдаровец",
        "room_number": "",
        "gis_premises_id": "",
        "gis_block_id": "",
        "gis_room_id": "",
        "gis_account_id": "",
        "account_number": "23",
        "gis_account_service_id": "",
        "gis_account_unified_number": "",
        "total_square": "134.8",
        "residential_square": "",
        "living_person_number": "2",
        "timezone": "",
        "account_identifier": "23_2022_06_2022_06",
        "not_residential": ""
    },
    {
        "org_ppa_guid": "2901184942",
        "contract_internal_id": "25_2022_06",
        "internal_id": "25_2022_06",
        "fias": "",
        "address": "Гайдаровец",
        "room_number": "",
        "gis_premises_id": "",
        "gis_block_id": "",
        "gis_room_id": "",
        "gis_account_id": "",
        "account_number": "25",
        "gis_account_service_id": "",
        "gis_account_unified_number": "",
        "total_square": "150.1",
        "residential_square": "",
        "living_person_number": "",
        "timezone": "",
        "account_identifier": "25_2022_06_2022_06",
        "not_residential": ""
    },
    {
        "org_ppa_guid": "2901184942",
        "contract_internal_id": "26_2022_06",
        "internal_id": "26_2022_06",
        "fias": "",
        "address": "Гайдаровец",
        "room_number": "",
        "gis_premises_id": "",
        "gis_block_id": "",
        "gis_room_id": "",
        "gis_account_id": "",
        "account_number": "26",
        "gis_account_service_id": "",
        "gis_account_unified_number": "",
        "total_square": "108.8",
        "residential_square": "",
        "living_person_number": "1",
        "timezone": "",
        "account_identifier": "26_2022_06_2022_06",
        "not_residential": ""
    },
    {
        "org_ppa_guid": "2901184942",
        "contract_internal_id": "27_2022_06",
        "internal_id": "27_2022_06",
        "fias": "",
        "address": "Гайдаровец",
        "room_number": "",
        "gis_premises_id": "",
        "gis_block_id": "",
        "gis_room_id": "",
        "gis_account_id": "",
        "account_number": "27",
        "gis_account_service_id": "",
        "gis_account_unified_number": "",
        "total_square": "96.8",
        "residential_square": "",
        "living_person_number": "3",
        "timezone": "",
        "account_identifier": "27_2022_06_2022_06",
        "not_residential": ""
    },
    {
        "org_ppa_guid": "2901184942",
        "contract_internal_id": "29_2022_06",
        "internal_id": "29_2022_06",
        "fias": "",
        "address": "Гайдаровец",
        "room_number": "",
        "gis_premises_id": "",
        "gis_block_id": "",
        "gis_room_id": "",
        "gis_account_id": "",
        "account_number": "29",
        "gis_account_service_id": "",
        "gis_account_unified_number": "",
        "total_square": "122.8",
        "residential_square": "",
        "living_person_number": "4",
        "timezone": "",
        "account_identifier": "29_2022_06_2022_06",
        "not_residential": ""
    },
    {
        "org_ppa_guid": "2901184942",
        "contract_internal_id": "30_2022_06",
        "internal_id": "30_2022_06",
        "fias": "",
        "address": "Гайдаровец",
        "room_number": "",
        "gis_premises_id": "",
        "gis_block_id": "",
        "gis_room_id": "",
        "gis_account_id": "",
        "account_number": "30",
        "gis_account_service_id": "",
        "gis_account_unified_number": "",
        "total_square": "62.8",
        "residential_square": "",
        "living_person_number": "2",
        "timezone": "",
        "account_identifier": "30_2022_06_2022_06",
        "not_residential": ""
    },
    {
        "org_ppa_guid": "2901184942",
        "contract_internal_id": "31_2022_06",
        "internal_id": "31_2022_06",
        "fias": "",
        "address": "Гайдаровец",
        "room_number": "",
        "gis_premises_id": "",
        "gis_block_id": "",
        "gis_room_id": "",
        "gis_account_id": "",
        "account_number": "31",
        "gis_account_service_id": "",
        "gis_account_unified_number": "",
        "total_square": "126.6",
        "residential_square": "",
        "living_person_number": "2",
        "timezone": "",
        "account_identifier": "31_2022_06_2022_06",
        "not_residential": ""
    },
    {
        "org_ppa_guid": "2901184942",
        "contract_internal_id": "32_2022_06",
        "internal_id": "32_2022_06",
        "fias": "",
        "address": "Гайдаровец",
        "room_number": "",
        "gis_premises_id": "",
        "gis_block_id": "",
        "gis_room_id": "",
        "gis_account_id": "",
        "account_number": "32",
        "gis_account_service_id": "",
        "gis_account_unified_number": "",
        "total_square": "122.0",
        "residential_square": "",
        "living_person_number": "2",
        "timezone": "",
        "account_identifier": "32_2022_06_2022_06",
        "not_residential": ""
    },
    {
        "org_ppa_guid": "2901184942",
        "contract_internal_id": "33_2022_06",
        "internal_id": "33_2022_06",
        "fias": "",
        "address": "Гайдаровец",
        "room_number": "",
        "gis_premises_id": "",
        "gis_block_id": "",
        "gis_room_id": "",
        "gis_account_id": "",
        "account_number": "33",
        "gis_account_service_id": "",
        "gis_account_unified_number": "",
        "total_square": "65.4",
        "residential_square": "",
        "living_person_number": "1",
        "timezone": "",
        "account_identifier": "33_2022_06_2022_06",
        "not_residential": ""
    },
    {
        "org_ppa_guid": "2901184942",
        "contract_internal_id": "34_2022_06",
        "internal_id": "34_2022_06",
        "fias": "",
        "address": "Гайдаровец",
        "room_number": "",
        "gis_premises_id": "",
        "gis_block_id": "",
        "gis_room_id": "",
        "gis_account_id": "",
        "account_number": "34",
        "gis_account_service_id": "",
        "gis_account_unified_number": "",
        "total_square": "126.1",
        "residential_square": "",
        "living_person_number": "2",
        "timezone": "",
        "account_identifier": "34_2022_06_2022_06",
        "not_residential": ""
    },
    {
        "org_ppa_guid": "2901184942",
        "contract_internal_id": "35_2022_06",
        "internal_id": "35_2022_06",
        "fias": "",
        "address": "Гайдаровец",
        "room_number": "",
        "gis_premises_id": "",
        "gis_block_id": "",
        "gis_room_id": "",
        "gis_account_id": "",
        "account_number": "35",
        "gis_account_service_id": "",
        "gis_account_unified_number": "",
        "total_square": "122.4",
        "residential_square": "",
        "living_person_number": "3",
        "timezone": "",
        "account_identifier": "35_2022_06_2022_06",
        "not_residential": ""
    },
    {
        "org_ppa_guid": "2901184942",
        "contract_internal_id": "36_2022_06",
        "internal_id": "36_2022_06",
        "fias": "",
        "address": "Гайдаровец",
        "room_number": "",
        "gis_premises_id": "",
        "gis_block_id": "",
        "gis_room_id": "",
        "gis_account_id": "",
        "account_number": "36",
        "gis_account_service_id": "",
        "gis_account_unified_number": "",
        "total_square": "65.3",
        "residential_square": "",
        "living_person_number": "1",
        "timezone": "",
        "account_identifier": "36_2022_06_2022_06",
        "not_residential": ""
    },
    {
        "org_ppa_guid": "2901184942",
        "contract_internal_id": "37_2022_06",
        "internal_id": "37_2022_06",
        "fias": "",
        "address": "Гайдаровец",
        "room_number": "",
        "gis_premises_id": "",
        "gis_block_id": "",
        "gis_room_id": "",
        "gis_account_id": "",
        "account_number": "37",
        "gis_account_service_id": "",
        "gis_account_unified_number": "",
        "total_square": "159.4",
        "residential_square": "",
        "living_person_number": "1",
        "timezone": "",
        "account_identifier": "37_2022_06_2022_06",
        "not_residential": ""
    },
    {
        "org_ppa_guid": "2901184942",
        "contract_internal_id": "38_2022_06",
        "internal_id": "38_2022_06",
        "fias": "",
        "address": "Гайдаровец",
        "room_number": "",
        "gis_premises_id": "",
        "gis_block_id": "",
        "gis_room_id": "",
        "gis_account_id": "",
        "account_number": "38",
        "gis_account_service_id": "",
        "gis_account_unified_number": "",
        "total_square": "173.7",
        "residential_square": "",
        "living_person_number": "6",
        "timezone": "",
        "account_identifier": "38_2022_06_2022_06",
        "not_residential": ""
    },
    {
        "org_ppa_guid": "2901184942",
        "contract_internal_id": "39_2022_06",
        "internal_id": "39_2022_06",
        "fias": "",
        "address": "Гайдаровец",
        "room_number": "",
        "gis_premises_id": "",
        "gis_block_id": "",
        "gis_room_id": "",
        "gis_account_id": "",
        "account_number": "39",
        "gis_account_service_id": "",
        "gis_account_unified_number": "",
        "total_square": "66.5",
        "residential_square": "",
        "living_person_number": "2",
        "timezone": "",
        "account_identifier": "39_2022_06_2022_06",
        "not_residential": ""
    }
]