[
    {
        "org_ppa_guid": "2901184942",
        "internal_id": "1_2022_06",
        "account_internal_id": "1_2022_06",
        "gis_id": "1_2022_06",
        "month": "01.06.2022",
        "credit": "10583.32",
        "saldo": "10613.69",
        "payment_value": "10583.32",
        "payment_date": "01.06.2022",
        "bill_value": "",
        "account_number": "",
        "bank_bik": ""
    },
    {
        "org_ppa_guid": "2901184942",
        "internal_id": "2_2022_06",
        "account_internal_id": "2_2022_06",
        "gis_id": "2_2022_06",
        "month": "01.06.2022",
        "credit": "10512.07",
        "saldo": "9771.52",
        "payment_value": "10512.07",
        "payment_date": "01.06.2022",
        "bill_value": "",
        "account_number": "",
        "bank_bik": ""
    },
    {
        "org_ppa_guid": "2901184942",
        "internal_id": "3_2022_06",
        "account_internal_id": "3_2022_06",
        "gis_id": "3_2022_06",
        "month": "01.06.2022",
        "credit": "4025.77",
        "saldo": "4304.2",
        "payment_value": "4026.0",
        "payment_date": "01.06.2022",
        "bill_value": "",
        "account_number": "",
        "bank_bik": ""
    },
    {
        "org_ppa_guid": "2901184942",
        "internal_id": "4_2022_06",
        "account_internal_id": "4_2022_06",
        "gis_id": "4_2022_06",
        "month": "01.06.2022",
        "credit": "9652.4",
        "saldo": "9645.34",
        "payment_value": "9652.4",
        "payment_date": "01.06.2022",
        "bill_value": "",
        "account_number": "",
        "bank_bik": ""
    },
    {
        "org_ppa_guid": "2901184942",
        "internal_id": "5_2022_06",
        "account_internal_id": "5_2022_06",
        "gis_id": "5_2022_06",
        "month": "01.06.2022",
        "credit": "53694.4",
        "saldo": "11992.24",
        "payment_value": "53694.4",
        "payment_date": "01.06.2022",
        "bill_value": "",
        "account_number": "",
        "bank_bik": ""
    },
    {
        "org_ppa_guid": "2901184942",
        "internal_id": "6_2022_06",
        "account_internal_id": "6_2022_06",
        "gis_id": "6_2022_06",
        "month": "01.06.2022",
        "credit": "-19575.02",
        "saldo": "-14681.91",
        "payment_value": "0.0",
        "payment_date": "",
        "bill_value": "",
        "account_number": "",
        "bank_bik": ""
    },
    {
        "org_ppa_guid": "2901184942",
        "internal_id": "7_2022_06",
        "account_internal_id": "7_2022_06",
        "gis_id": "7_2022_06",
        "month": "01.06.2022",
        "credit": "9675.41",
        "saldo": "15493.18",
        "payment_value": "9675.41",
        "payment_date": "01.06.2022",
        "bill_value": "",
        "account_number": "",
        "bank_bik": ""
    },
    {
        "org_ppa_guid": "2901184942",
        "internal_id": "8_2022_06",
        "account_internal_id": "8_2022_06",
        "gis_id": "8_2022_06",
        "month": "01.06.2022",
        "credit": "22712.35",
        "saldo": "21470.52",
        "payment_value": "11000.0",
        "payment_date": "01.06.2022",
        "bill_value": "",
        "account_number": "",
        "bank_bik": ""
    },
    {
        "org_ppa_guid": "2901184942",
        "internal_id": "9_2022_06",
        "account_internal_id": "9_2022_06",
        "gis_id": "9_2022_06",
        "month": "01.06.2022",
        "credit": "3739.46",
        "saldo": "3551.59",
        "payment_value": "4000.0",
        "payment_date": "01.06.2022",
        "bill_value": "",
        "account_number": "",
        "bank_bik": ""
    },
    {
        "org_ppa_guid": "2901184942",
        "internal_id": "43_2022_06",
        "account_internal_id": "43_2022_06",
        "gis_id": "43_2022_06",
        "month": "01.06.2022",
        "credit": "42008.12",
        "saldo": "52624.95",
        "payment_value": "0.0",
        "payment_date": "",
        "bill_value": "",
        "account_number": "",
        "bank_bik": ""
    },
    {
        "org_ppa_guid": "2901184942",
        "internal_id": "11_2022_06",
        "account_internal_id": "11_2022_06",
        "gis_id": "11_2022_06",
        "month": "01.06.2022",
        "credit": "11331.92",
        "saldo": "22507.39",
        "payment_value": "0.0",
        "payment_date": "",
        "bill_value": "",
        "account_number": "",
        "bank_bik": ""
    },
    {
        "org_ppa_guid": "2901184942",
        "internal_id": "12_2022_06",
        "account_internal_id": "12_2022_06",
        "gis_id": "12_2022_06",
        "month": "01.06.2022",
        "credit": "8658.99",
        "saldo": "8438.78",
        "payment_value": "8658.99",
        "payment_date": "01.06.2022",
        "bill_value": "",
        "account_number": "",
        "bank_bik": ""
    },
    {
        "org_ppa_guid": "2901184942",
        "internal_id": "13_2022_06",
        "account_internal_id": "13_2022_06",
        "gis_id": "13_2022_06",
        "month": "01.06.2022",
        "credit": "9004.85",
        "saldo": "8790.06",
        "payment_value": "4694.62",
        "payment_date": "01.06.2022",
        "bill_value": "",
        "account_number": "",
        "bank_bik": ""
    },
    {
        "org_ppa_guid": "2901184942",
        "internal_id": "14_2022_06",
        "account_internal_id": "14_2022_06",
        "gis_id": "14_2022_06",
        "month": "01.06.2022",
        "credit": "8189.54",
        "saldo": "7248.47",
        "payment_value": "8189.54",
        "payment_date": "01.06.2022",
        "bill_value": "",
        "account_number": "",
        "bank_bik": ""
    },
    {
        "org_ppa_guid": "2901184942",
        "internal_id": "16_2022_06",
        "account_internal_id": "16_2022_06",
        "gis_id": "16_2022_06",
        "month": "01.06.2022",
        "credit": "9414.49",
        "saldo": "9246.73",
        "payment_value": "9414.49",
        "payment_date": "01.06.2022",
        "bill_value": "",
        "account_number": "",
        "bank_bik": ""
    },
    {
        "org_ppa_guid": "2901184942",
        "internal_id": "17_2022_06",
        "account_internal_id": "17_2022_06",
        "gis_id": "17_2022_06",
        "month": "01.06.2022",
        "credit": "9527.64",
        "saldo": "9609.55",
        "payment_value": "9527.64",
        "payment_date": "01.06.2022",
        "bill_value": "",
        "account_number": "",
        "bank_bik": ""
    },
    {
        "org_ppa_guid": "2901184942",
        "internal_id": "18_2022_06",
        "account_internal_id": "18_2022_06",
        "gis_id": "18_2022_06",
        "month": "01.06.2022",
        "credit": "4896.68",
        "saldo": "4586.43",
        "payment_value": "5100.0",
        "payment_date": "01.06.2022",
        "bill_value": "",
        "account_number": "",
        "bank_bik": ""
    },
    {
        "org_ppa_guid": "2901184942",
        "internal_id": "19_2022_06",
        "account_internal_id": "19_2022_06",
        "gis_id": "19_2022_06",
        "month": "01.06.2022",
        "credit": "11562.42",
        "saldo": "10493.96",
        "payment_value": "11562.42",
        "payment_date": "01.06.2022",
        "bill_value": "",
        "account_number": "",
        "bank_bik": ""
    },
    {
        "org_ppa_guid": "2901184942",
        "internal_id": "20_2022_06",
        "account_internal_id": "20_2022_06",
        "gis_id": "20_2022_06",
        "month": "01.06.2022",
        "credit": "8514.9",
        "saldo": "7727.8",
        "payment_value": "10398.4",
        "payment_date": "01.06.2022",
        "bill_value": "",
        "account_number": "",
        "bank_bik": ""
    },
    {
        "org_ppa_guid": "2901184942",
        "internal_id": "21_2022_06",
        "account_internal_id": "21_2022_06",
        "gis_id": "21_2022_06",
        "month": "01.06.2022",
        "credit": "4944.79",
        "saldo": "4870.54",
        "payment_value": "4944.79",
        "payment_date": "01.06.2022",
        "bill_value": "",
        "account_number": "",
        "bank_bik": ""
    },
    {
        "org_ppa_guid": "2901184942",
        "internal_id": "22_2022_06",
        "account_internal_id": "22_2022_06",
        "gis_id": "22_2022_06",
        "month": "01.06.2022",
        "credit": "15049.51",
        "saldo": "10639.39",
        "payment_value": "15049.51",
        "payment_date": "01.06.2022",
        "bill_value": "",
        "account_number": "",
        "bank_bik": ""
    },
    {
        "org_ppa_guid": "2901184942",
        "internal_id": "23_2022_06",
        "account_internal_id": "23_2022_06",
        "gis_id": "23_2022_06",
        "month": "01.06.2022",
        "credit": "26342.87",
        "saldo": "38520.13",
        "payment_value": "0.0",
        "payment_date": "",
        "bill_value": "",
        "account_number": "",
        "bank_bik": ""
    },
    {
        "org_ppa_guid": "2901184942",
        "internal_id": "25_2022_06",
        "account_internal_id": "25_2022_06",
        "gis_id": "25_2022_06",
        "month": "01.06.2022",
        "credit": "60295.21",
        "saldo": "72602.05",
        "payment_value": "0.0",
        "payment_date": "",
        "bill_value": "",
        "account_number": "",
        "bank_bik": ""
    },
    {
        "org_ppa_guid": "2901184942",
        "internal_id": "26_2022_06",
        "account_internal_id": "26_2022_06",
        "gis_id": "26_2022_06",
        "month": "01.06.2022",
        "credit": "46168.62",
        "saldo": "55370.12",
        "payment_value": "0.0",
        "payment_date": "",
        "bill_value": "",
        "account_number": "",
        "bank_bik": ""
    },
    {
        "org_ppa_guid": "2901184942",
        "internal_id": "27_2022_06",
        "account_internal_id": "27_2022_06",
        "gis_id": "27_2022_06",
        "month": "01.06.2022",
        "credit": "10481.21",
        "saldo": "10340.85",
        "payment_value": "10481.21",
        "payment_date": "01.06.2022",
        "bill_value": "",
        "account_number": "",
        "bank_bik": ""
    },
    {
        "org_ppa_guid": "2901184942",
        "internal_id": "29_2022_06",
        "account_internal_id": "29_2022_06",
        "gis_id": "29_2022_06",
        "month": "01.06.2022",
        "credit": "9602.9",
        "saldo": "10455.97",
        "payment_value": "9605.0",
        "payment_date": "01.06.2022",
        "bill_value": "",
        "account_number": "",
        "bank_bik": ""
    },
    {
        "org_ppa_guid": "2901184942",
        "internal_id": "30_2022_06",
        "account_internal_id": "30_2022_06",
        "gis_id": "30_2022_06",
        "month": "01.06.2022",
        "credit": "5518.75",
        "saldo": "5269.18",
        "payment_value": "5518.75",
        "payment_date": "01.06.2022",
        "bill_value": "",
        "account_number": "",
        "bank_bik": ""
    },
    {
        "org_ppa_guid": "2901184942",
        "internal_id": "31_2022_06",
        "account_internal_id": "31_2022_06",
        "gis_id": "31_2022_06",
        "month": "01.06.2022",
        "credit": "10444.23",
        "saldo": "10066.3",
        "payment_value": "10444.23",
        "payment_date": "01.06.2022",
        "bill_value": "",
        "account_number": "",
        "bank_bik": ""
    },
    {
        "org_ppa_guid": "2901184942",
        "internal_id": "32_2022_06",
        "account_internal_id": "32_2022_06",
        "gis_id": "32_2022_06",
        "month": "01.06.2022",
        "credit": "11391.72",
        "saldo": "11214.82",
        "payment_value": "11391.72",
        "payment_date": "01.06.2022",
        "bill_value": "",
        "account_number": "",
        "bank_bik": ""
    },
    {
        "org_ppa_guid": "2901184942",
        "internal_id": "33_2022_06",
        "account_internal_id": "33_2022_06",
        "gis_id": "33_2022_06",
        "month": "01.06.2022",
        "credit": "5991.63",
        "saldo": "5409.47",
        "payment_value": "6867.71",
        "payment_date": "01.06.2022",
        "bill_value": "",
        "account_number": "",
        "bank_bik": ""
    },
    {
        "org_ppa_guid": "2901184942",
        "internal_id": "34_2022_06",
        "account_internal_id": "34_2022_06",
        "gis_id": "34_2022_06",
        "month": "01.06.2022",
        "credit": "12898.47",
        "saldo": "12353.91",
        "payment_value": "13000.0",
        "payment_date": "01.06.2022",
        "bill_value": "",
        "account_number": "",
        "bank_bik": ""
    },
    {
        "org_ppa_guid": "2901184942",
        "internal_id": "35_2022_06",
        "account_internal_id": "35_2022_06",
        "gis_id": "35_2022_06",
        "month": "01.06.2022",
        "credit": "12443.19",
        "saldo": "12265.71",
        "payment_value": "12443.19",
        "payment_date": "01.06.2022",
        "bill_value": "",
        "account_number": "",
        "bank_bik": ""
    },
    {
        "org_ppa_guid": "2901184942",
        "internal_id": "36_2022_06",
        "account_internal_id": "36_2022_06",
        "gis_id": "36_2022_06",
        "month": "01.06.2022",
        "credit": "9820.52",
        "saldo": "9178.59",
        "payment_value": "6178.33",
        "payment_date": "01.06.2022",
        "bill_value": "",
        "account_number": "",
        "bank_bik": ""
    },
    {
        "org_ppa_guid": "2901184942",
        "internal_id": "37_2022_06",
        "account_internal_id": "37_2022_06",
        "gis_id": "37_2022_06",
        "month": "01.06.2022",
        "credit": "13037.27",
        "saldo": "12885.41",
        "payment_value": "13037.27",
        "payment_date": "01.06.2022",
        "bill_value": "",
        "account_number": "",
        "bank_bik": ""
    },
    {
        "org_ppa_guid": "2901184942",
        "internal_id": "38_2022_06",
        "account_internal_id": "38_2022_06",
        "gis_id": "38_2022_06",
        "month": "01.06.2022",
        "credit": "17107.21",
        "saldo": "0.0",
        "payment_value": "17107.21",
        "payment_date": "01.06.2022",
        "bill_value": "",
        "account_number": "",
        "bank_bik": ""
    },
    {
        "org_ppa_guid": "2901184942",
        "internal_id": "39_2022_06",
        "account_internal_id": "39_2022_06",
        "gis_id": "39_2022_06",
        "month": "01.06.2022",
        "credit": "5996.68",
        "saldo": "5979.52",
        "payment_value": "5996.68",
        "payment_date": "01.06.2022",
        "bill_value": "",
        "account_number": "",
        "bank_bik": ""
    }
]