[
    {
        "org_ppa_guid": "5024214314",
        "internal_id": "10000-1_2022_01",
        "pp_internal_id": "10000-1_2022_01",
        "calc_value": "44605.0",
        "tariff": "",
        "service_internal_id": "Услуги",
        "rr": "",
        "recalculation": "",
        "accounting_period_total": "44605.0"
    },
    {
        "org_ppa_guid": "5024214314",
        "internal_id": "10000-10_2022_01",
        "pp_internal_id": "10000-10_2022_01",
        "calc_value": "44602.0",
        "tariff": "",
        "service_internal_id": "Услуги",
        "rr": "",
        "recalculation": "",
        "accounting_period_total": "44602.0"
    },
    {
        "org_ppa_guid": "5024214314",
        "internal_id": "10000-11_2022_01",
        "pp_internal_id": "10000-11_2022_01",
        "calc_value": "44616.0",
        "tariff": "",
        "service_internal_id": "Услуги",
        "rr": "",
        "recalculation": "",
        "accounting_period_total": "44616.0"
    },
    {
        "org_ppa_guid": "5024214314",
        "internal_id": "10000-12_2022_01",
        "pp_internal_id": "10000-12_2022_01",
        "calc_value": "44603.0",
        "tariff": "",
        "service_internal_id": "Услуги",
        "rr": "",
        "recalculation": "",
        "accounting_period_total": "44603.0"
    },
    {
        "org_ppa_guid": "5024214314",
        "internal_id": "10000-13_2022_01",
        "pp_internal_id": "10000-13_2022_01",
        "calc_value": "44594.0",
        "tariff": "",
        "service_internal_id": "Услуги",
        "rr": "",
        "recalculation": "",
        "accounting_period_total": "44594.0"
    },
    {
        "org_ppa_guid": "5024214314",
        "internal_id": "10000-14_2022_01",
        "pp_internal_id": "10000-14_2022_01",
        "calc_value": "44600.0",
        "tariff": "",
        "service_internal_id": "Услуги",
        "rr": "",
        "recalculation": "",
        "accounting_period_total": "44600.0"
    },
    {
        "org_ppa_guid": "5024214314",
        "internal_id": "10000-16_2022_01",
        "pp_internal_id": "10000-16_2022_01",
        "calc_value": "44596.0",
        "tariff": "",
        "service_internal_id": "Услуги",
        "rr": "",
        "recalculation": "",
        "accounting_period_total": "44596.0"
    },
    {
        "org_ppa_guid": "5024214314",
        "internal_id": "10000-17_2022_01",
        "pp_internal_id": "10000-17_2022_01",
        "calc_value": "44614.0",
        "tariff": "",
        "service_internal_id": "Услуги",
        "rr": "",
        "recalculation": "",
        "accounting_period_total": "44614.0"
    },
    {
        "org_ppa_guid": "5024214314",
        "internal_id": "10000-18_2022_01",
        "pp_internal_id": "10000-18_2022_01",
        "calc_value": "44596.0",
        "tariff": "",
        "service_internal_id": "Услуги",
        "rr": "",
        "recalculation": "",
        "accounting_period_total": "44596.0"
    },
    {
        "org_ppa_guid": "5024214314",
        "internal_id": "10000-19_2022_01",
        "pp_internal_id": "10000-19_2022_01",
        "calc_value": "44597.0",
        "tariff": "",
        "service_internal_id": "Услуги",
        "rr": "",
        "recalculation": "",
        "accounting_period_total": "44597.0"
    },
    {
        "org_ppa_guid": "5024214314",
        "internal_id": "10000-2_2022_01",
        "pp_internal_id": "10000-2_2022_01",
        "calc_value": "44600.0",
        "tariff": "",
        "service_internal_id": "Услуги",
        "rr": "",
        "recalculation": "",
        "accounting_period_total": "44600.0"
    },
    {
        "org_ppa_guid": "5024214314",
        "internal_id": "10000-20_2022_01",
        "pp_internal_id": "10000-20_2022_01",
        "calc_value": "44616.0",
        "tariff": "",
        "service_internal_id": "Услуги",
        "rr": "",
        "recalculation": "",
        "accounting_period_total": "44616.0"
    },
    {
        "org_ppa_guid": "5024214314",
        "internal_id": "10000-21_2022_01",
        "pp_internal_id": "10000-21_2022_01",
        "calc_value": "44613.0",
        "tariff": "",
        "service_internal_id": "Услуги",
        "rr": "",
        "recalculation": "",
        "accounting_period_total": "44613.0"
    },
    {
        "org_ppa_guid": "5024214314",
        "internal_id": "10000-22_2022_01",
        "pp_internal_id": "10000-22_2022_01",
        "calc_value": "44616.0",
        "tariff": "",
        "service_internal_id": "Услуги",
        "rr": "",
        "recalculation": "",
        "accounting_period_total": "44616.0"
    },
    {
        "org_ppa_guid": "5024214314",
        "internal_id": "10000-24_2022_01",
        "pp_internal_id": "10000-24_2022_01",
        "calc_value": "44603.0",
        "tariff": "",
        "service_internal_id": "Услуги",
        "rr": "",
        "recalculation": "",
        "accounting_period_total": "44603.0"
    },
    {
        "org_ppa_guid": "5024214314",
        "internal_id": "10000-25_2022_01",
        "pp_internal_id": "10000-25_2022_01",
        "calc_value": "44594.0",
        "tariff": "",
        "service_internal_id": "Услуги",
        "rr": "",
        "recalculation": "",
        "accounting_period_total": "44594.0"
    },
    {
        "org_ppa_guid": "5024214314",
        "internal_id": "10000-26_2022_01",
        "pp_internal_id": "10000-26_2022_01",
        "calc_value": "44602.0",
        "tariff": "",
        "service_internal_id": "Услуги",
        "rr": "",
        "recalculation": "",
        "accounting_period_total": "44602.0"
    },
    {
        "org_ppa_guid": "5024214314",
        "internal_id": "10000-27_2022_01",
        "pp_internal_id": "10000-27_2022_01",
        "calc_value": "44596.0",
        "tariff": "",
        "service_internal_id": "Услуги",
        "rr": "",
        "recalculation": "",
        "accounting_period_total": "44596.0"
    },
    {
        "org_ppa_guid": "5024214314",
        "internal_id": "10000-28_2022_01",
        "pp_internal_id": "10000-28_2022_01",
        "calc_value": "44609.0",
        "tariff": "",
        "service_internal_id": "Услуги",
        "rr": "",
        "recalculation": "",
        "accounting_period_total": "44609.0"
    },
    {
        "org_ppa_guid": "5024214314",
        "internal_id": "10000-29_2022_01",
        "pp_internal_id": "10000-29_2022_01",
        "calc_value": "44607.0",
        "tariff": "",
        "service_internal_id": "Услуги",
        "rr": "",
        "recalculation": "",
        "accounting_period_total": "44607.0"
    },
    {
        "org_ppa_guid": "5024214314",
        "internal_id": "10000-3_2022_01",
        "pp_internal_id": "10000-3_2022_01",
        "calc_value": "44603.0",
        "tariff": "",
        "service_internal_id": "Услуги",
        "rr": "",
        "recalculation": "",
        "accounting_period_total": "44603.0"
    },
    {
        "org_ppa_guid": "5024214314",
        "internal_id": "10000-30_2022_01",
        "pp_internal_id": "10000-30_2022_01",
        "calc_value": "44595.0",
        "tariff": "",
        "service_internal_id": "Услуги",
        "rr": "",
        "recalculation": "",
        "accounting_period_total": "44595.0"
    },
    {
        "org_ppa_guid": "5024214314",
        "internal_id": "10000-34_2022_01",
        "pp_internal_id": "10000-34_2022_01",
        "calc_value": "44599.0",
        "tariff": "",
        "service_internal_id": "Услуги",
        "rr": "",
        "recalculation": "",
        "accounting_period_total": "44599.0"
    },
    {
        "org_ppa_guid": "5024214314",
        "internal_id": "10000-35_2022_01",
        "pp_internal_id": "10000-35_2022_01",
        "calc_value": "44605.0",
        "tariff": "",
        "service_internal_id": "Услуги",
        "rr": "",
        "recalculation": "",
        "accounting_period_total": "44605.0"
    },
    {
        "org_ppa_guid": "5024214314",
        "internal_id": "10000-36_2022_01",
        "pp_internal_id": "10000-36_2022_01",
        "calc_value": "44613.0",
        "tariff": "",
        "service_internal_id": "Услуги",
        "rr": "",
        "recalculation": "",
        "accounting_period_total": "44613.0"
    },
    {
        "org_ppa_guid": "5024214314",
        "internal_id": "10000-37_2022_01",
        "pp_internal_id": "10000-37_2022_01",
        "calc_value": "44594.0",
        "tariff": "",
        "service_internal_id": "Услуги",
        "rr": "",
        "recalculation": "",
        "accounting_period_total": "44594.0"
    },
    {
        "org_ppa_guid": "5024214314",
        "internal_id": "10000-38_2022_01",
        "pp_internal_id": "10000-38_2022_01",
        "calc_value": "44599.0",
        "tariff": "",
        "service_internal_id": "Услуги",
        "rr": "",
        "recalculation": "",
        "accounting_period_total": "44099.66"
    },
    {
        "org_ppa_guid": "5024214314",
        "internal_id": "10000-39_2022_01",
        "pp_internal_id": "10000-39_2022_01",
        "calc_value": "44613.0",
        "tariff": "",
        "service_internal_id": "Услуги",
        "rr": "",
        "recalculation": "",
        "accounting_period_total": "44613.0"
    },
    {
        "org_ppa_guid": "5024214314",
        "internal_id": "10000-4_2022_01",
        "pp_internal_id": "10000-4_2022_01",
        "calc_value": "44603.0",
        "tariff": "",
        "service_internal_id": "Услуги",
        "rr": "",
        "recalculation": "",
        "accounting_period_total": "44603.0"
    },
    {
        "org_ppa_guid": "5024214314",
        "internal_id": "10000-40_2022_01",
        "pp_internal_id": "10000-40_2022_01",
        "calc_value": "44602.0",
        "tariff": "",
        "service_internal_id": "Услуги",
        "rr": "",
        "recalculation": "",
        "accounting_period_total": "44602.0"
    },
    {
        "org_ppa_guid": "5024214314",
        "internal_id": "10000-41_2022_01",
        "pp_internal_id": "10000-41_2022_01",
        "calc_value": "44613.0",
        "tariff": "",
        "service_internal_id": "Услуги",
        "rr": "",
        "recalculation": "",
        "accounting_period_total": "44613.0"
    },
    {
        "org_ppa_guid": "5024214314",
        "internal_id": "10000-42_2022_01",
        "pp_internal_id": "10000-42_2022_01",
        "calc_value": "44605.0",
        "tariff": "",
        "service_internal_id": "Услуги",
        "rr": "",
        "recalculation": "",
        "accounting_period_total": "44605.0"
    },
    {
        "org_ppa_guid": "5024214314",
        "internal_id": "10000-44_2022_01",
        "pp_internal_id": "10000-44_2022_01",
        "calc_value": "44616.0",
        "tariff": "",
        "service_internal_id": "Услуги",
        "rr": "",
        "recalculation": "",
        "accounting_period_total": "43149.27"
    },
    {
        "org_ppa_guid": "5024214314",
        "internal_id": "10000-46_2022_01",
        "pp_internal_id": "10000-46_2022_01",
        "calc_value": "44610.0",
        "tariff": "",
        "service_internal_id": "Услуги",
        "rr": "",
        "recalculation": "",
        "accounting_period_total": "44610.0"
    },
    {
        "org_ppa_guid": "5024214314",
        "internal_id": "10000-47_2022_01",
        "pp_internal_id": "10000-47_2022_01",
        "calc_value": "44619.0",
        "tariff": "",
        "service_internal_id": "Услуги",
        "rr": "",
        "recalculation": "",
        "accounting_period_total": "44619.0"
    },
    {
        "org_ppa_guid": "5024214314",
        "internal_id": "10000-48_2022_01",
        "pp_internal_id": "10000-48_2022_01",
        "calc_value": "44601.0",
        "tariff": "",
        "service_internal_id": "Услуги",
        "rr": "",
        "recalculation": "",
        "accounting_period_total": "44601.0"
    },
    {
        "org_ppa_guid": "5024214314",
        "internal_id": "10000-49_2022_01",
        "pp_internal_id": "10000-49_2022_01",
        "calc_value": "44597.0",
        "tariff": "",
        "service_internal_id": "Услуги",
        "rr": "",
        "recalculation": "",
        "accounting_period_total": "44597.0"
    },
    {
        "org_ppa_guid": "5024214314",
        "internal_id": "10000-5_2022_01",
        "pp_internal_id": "10000-5_2022_01",
        "calc_value": "44596.0",
        "tariff": "",
        "service_internal_id": "Услуги",
        "rr": "",
        "recalculation": "",
        "accounting_period_total": "44596.0"
    },
    {
        "org_ppa_guid": "5024214314",
        "internal_id": "10000-50_2022_01",
        "pp_internal_id": "10000-50_2022_01",
        "calc_value": "44596.0",
        "tariff": "",
        "service_internal_id": "Услуги",
        "rr": "",
        "recalculation": "",
        "accounting_period_total": "44596.0"
    },
    {
        "org_ppa_guid": "5024214314",
        "internal_id": "10000-51_2022_01",
        "pp_internal_id": "10000-51_2022_01",
        "calc_value": "44603.0",
        "tariff": "",
        "service_internal_id": "Услуги",
        "rr": "",
        "recalculation": "",
        "accounting_period_total": "44603.0"
    },
    {
        "org_ppa_guid": "5024214314",
        "internal_id": "10000-52_2022_01",
        "pp_internal_id": "10000-52_2022_01",
        "calc_value": "44601.0",
        "tariff": "",
        "service_internal_id": "Услуги",
        "rr": "",
        "recalculation": "",
        "accounting_period_total": "44601.0"
    },
    {
        "org_ppa_guid": "5024214314",
        "internal_id": "10000-53_2022_01",
        "pp_internal_id": "10000-53_2022_01",
        "calc_value": "44607.0",
        "tariff": "",
        "service_internal_id": "Услуги",
        "rr": "",
        "recalculation": "",
        "accounting_period_total": "44568.0"
    },
    {
        "org_ppa_guid": "5024214314",
        "internal_id": "10000-54_2022_01",
        "pp_internal_id": "10000-54_2022_01",
        "calc_value": "44597.0",
        "tariff": "",
        "service_internal_id": "Услуги",
        "rr": "",
        "recalculation": "",
        "accounting_period_total": "44597.0"
    },
    {
        "org_ppa_guid": "5024214314",
        "internal_id": "10000-55_2022_01",
        "pp_internal_id": "10000-55_2022_01",
        "calc_value": "44594.0",
        "tariff": "",
        "service_internal_id": "Услуги",
        "rr": "",
        "recalculation": "",
        "accounting_period_total": "44594.0"
    },
    {
        "org_ppa_guid": "5024214314",
        "internal_id": "10000-57_2022_01",
        "pp_internal_id": "10000-57_2022_01",
        "calc_value": "44607.0",
        "tariff": "",
        "service_internal_id": "Услуги",
        "rr": "",
        "recalculation": "",
        "accounting_period_total": "44607.0"
    },
    {
        "org_ppa_guid": "5024214314",
        "internal_id": "10000-58_2022_01",
        "pp_internal_id": "10000-58_2022_01",
        "calc_value": "44599.0",
        "tariff": "",
        "service_internal_id": "Услуги",
        "rr": "",
        "recalculation": "",
        "accounting_period_total": "44599.0"
    },
    {
        "org_ppa_guid": "5024214314",
        "internal_id": "10000-59_2022_01",
        "pp_internal_id": "10000-59_2022_01",
        "calc_value": "44594.0",
        "tariff": "",
        "service_internal_id": "Услуги",
        "rr": "",
        "recalculation": "",
        "accounting_period_total": "44594.0"
    },
    {
        "org_ppa_guid": "5024214314",
        "internal_id": "10000-6_2022_01",
        "pp_internal_id": "10000-6_2022_01",
        "calc_value": "44596.0",
        "tariff": "",
        "service_internal_id": "Услуги",
        "rr": "",
        "recalculation": "",
        "accounting_period_total": "44596.0"
    },
    {
        "org_ppa_guid": "5024214314",
        "internal_id": "10000-60_2022_01",
        "pp_internal_id": "10000-60_2022_01",
        "calc_value": "44599.0",
        "tariff": "",
        "service_internal_id": "Услуги",
        "rr": "",
        "recalculation": "",
        "accounting_period_total": "44599.0"
    },
    {
        "org_ppa_guid": "5024214314",
        "internal_id": "10000-61_2022_01",
        "pp_internal_id": "10000-61_2022_01",
        "calc_value": "44616.0",
        "tariff": "",
        "service_internal_id": "Услуги",
        "rr": "",
        "recalculation": "",
        "accounting_period_total": "44616.0"
    },
    {
        "org_ppa_guid": "5024214314",
        "internal_id": "10000-62_2022_01",
        "pp_internal_id": "10000-62_2022_01",
        "calc_value": "44600.0",
        "tariff": "",
        "service_internal_id": "Услуги",
        "rr": "",
        "recalculation": "",
        "accounting_period_total": "44600.0"
    },
    {
        "org_ppa_guid": "5024214314",
        "internal_id": "10000-63_2022_01",
        "pp_internal_id": "10000-63_2022_01",
        "calc_value": "44602.0",
        "tariff": "",
        "service_internal_id": "Услуги",
        "rr": "",
        "recalculation": "",
        "accounting_period_total": "44602.0"
    },
    {
        "org_ppa_guid": "5024214314",
        "internal_id": "10000-64_2022_01",
        "pp_internal_id": "10000-64_2022_01",
        "calc_value": "44596.0",
        "tariff": "",
        "service_internal_id": "Услуги",
        "rr": "",
        "recalculation": "",
        "accounting_period_total": "44596.0"
    },
    {
        "org_ppa_guid": "5024214314",
        "internal_id": "10000-65_2022_01",
        "pp_internal_id": "10000-65_2022_01",
        "calc_value": "44602.0",
        "tariff": "",
        "service_internal_id": "Услуги",
        "rr": "",
        "recalculation": "",
        "accounting_period_total": "44602.0"
    },
    {
        "org_ppa_guid": "5024214314",
        "internal_id": "10000-68_2022_01",
        "pp_internal_id": "10000-68_2022_01",
        "calc_value": "44599.0",
        "tariff": "",
        "service_internal_id": "Услуги",
        "rr": "",
        "recalculation": "",
        "accounting_period_total": "44599.0"
    },
    {
        "org_ppa_guid": "5024214314",
        "internal_id": "10000-69_2022_01",
        "pp_internal_id": "10000-69_2022_01",
        "calc_value": "44601.0",
        "tariff": "",
        "service_internal_id": "Услуги",
        "rr": "",
        "recalculation": "",
        "accounting_period_total": "44601.0"
    },
    {
        "org_ppa_guid": "5024214314",
        "internal_id": "10000-7_2022_01",
        "pp_internal_id": "10000-7_2022_01",
        "calc_value": "44599.0",
        "tariff": "",
        "service_internal_id": "Услуги",
        "rr": "",
        "recalculation": "",
        "accounting_period_total": "44599.0"
    },
    {
        "org_ppa_guid": "5024214314",
        "internal_id": "10000-70_2022_01",
        "pp_internal_id": "10000-70_2022_01",
        "calc_value": "44599.0",
        "tariff": "",
        "service_internal_id": "Услуги",
        "rr": "",
        "recalculation": "",
        "accounting_period_total": "44599.0"
    },
    {
        "org_ppa_guid": "5024214314",
        "internal_id": "10000-71_2022_01",
        "pp_internal_id": "10000-71_2022_01",
        "calc_value": "44602.0",
        "tariff": "",
        "service_internal_id": "Услуги",
        "rr": "",
        "recalculation": "",
        "accounting_period_total": "44602.0"
    },
    {
        "org_ppa_guid": "5024214314",
        "internal_id": "10000-72_2022_01",
        "pp_internal_id": "10000-72_2022_01",
        "calc_value": "44595.0",
        "tariff": "",
        "service_internal_id": "Услуги",
        "rr": "",
        "recalculation": "",
        "accounting_period_total": "44595.0"
    },
    {
        "org_ppa_guid": "5024214314",
        "internal_id": "10000-73_2022_01",
        "pp_internal_id": "10000-73_2022_01",
        "calc_value": "44610.0",
        "tariff": "",
        "service_internal_id": "Услуги",
        "rr": "",
        "recalculation": "",
        "accounting_period_total": "44610.0"
    },
    {
        "org_ppa_guid": "5024214314",
        "internal_id": "10000-74_2022_01",
        "pp_internal_id": "10000-74_2022_01",
        "calc_value": "44599.0",
        "tariff": "",
        "service_internal_id": "Услуги",
        "rr": "",
        "recalculation": "",
        "accounting_period_total": "44599.0"
    },
    {
        "org_ppa_guid": "5024214314",
        "internal_id": "10000-76_2022_01",
        "pp_internal_id": "10000-76_2022_01",
        "calc_value": "44603.0",
        "tariff": "",
        "service_internal_id": "Услуги",
        "rr": "",
        "recalculation": "",
        "accounting_period_total": "44603.0"
    },
    {
        "org_ppa_guid": "5024214314",
        "internal_id": "10000-78_2022_01",
        "pp_internal_id": "10000-78_2022_01",
        "calc_value": "44602.0",
        "tariff": "",
        "service_internal_id": "Услуги",
        "rr": "",
        "recalculation": "",
        "accounting_period_total": "44602.0"
    },
    {
        "org_ppa_guid": "5024214314",
        "internal_id": "10000-80_2022_01",
        "pp_internal_id": "10000-80_2022_01",
        "calc_value": "44595.0",
        "tariff": "",
        "service_internal_id": "Услуги",
        "rr": "",
        "recalculation": "",
        "accounting_period_total": "44595.0"
    },
    {
        "org_ppa_guid": "5024214314",
        "internal_id": "10000-81_2022_01",
        "pp_internal_id": "10000-81_2022_01",
        "calc_value": "44610.0",
        "tariff": "",
        "service_internal_id": "Услуги",
        "rr": "",
        "recalculation": "",
        "accounting_period_total": "44610.0"
    },
    {
        "org_ppa_guid": "5024214314",
        "internal_id": "10000-82_2022_01",
        "pp_internal_id": "10000-82_2022_01",
        "calc_value": "44596.0",
        "tariff": "",
        "service_internal_id": "Услуги",
        "rr": "",
        "recalculation": "",
        "accounting_period_total": "44596.0"
    },
    {
        "org_ppa_guid": "5024214314",
        "internal_id": "10000-83_2022_01",
        "pp_internal_id": "10000-83_2022_01",
        "calc_value": "44596.0",
        "tariff": "",
        "service_internal_id": "Услуги",
        "rr": "",
        "recalculation": "",
        "accounting_period_total": "44596.0"
    },
    {
        "org_ppa_guid": "5024214314",
        "internal_id": "10000-84_2022_01",
        "pp_internal_id": "10000-84_2022_01",
        "calc_value": "44606.0",
        "tariff": "",
        "service_internal_id": "Услуги",
        "rr": "",
        "recalculation": "",
        "accounting_period_total": "44606.0"
    },
    {
        "org_ppa_guid": "5024214314",
        "internal_id": "10000-85_2022_01",
        "pp_internal_id": "10000-85_2022_01",
        "calc_value": "44595.0",
        "tariff": "",
        "service_internal_id": "Услуги",
        "rr": "",
        "recalculation": "",
        "accounting_period_total": "44595.0"
    },
    {
        "org_ppa_guid": "5024214314",
        "internal_id": "10000-87_2022_01",
        "pp_internal_id": "10000-87_2022_01",
        "calc_value": "44616.0",
        "tariff": "",
        "service_internal_id": "Услуги",
        "rr": "",
        "recalculation": "",
        "accounting_period_total": "44616.0"
    },
    {
        "org_ppa_guid": "5024214314",
        "internal_id": "10000-88_2022_01",
        "pp_internal_id": "10000-88_2022_01",
        "calc_value": "44616.0",
        "tariff": "",
        "service_internal_id": "Услуги",
        "rr": "",
        "recalculation": "",
        "accounting_period_total": "44616.0"
    },
    {
        "org_ppa_guid": "5024214314",
        "internal_id": "10000-89_2022_01",
        "pp_internal_id": "10000-89_2022_01",
        "calc_value": "44601.0",
        "tariff": "",
        "service_internal_id": "Услуги",
        "rr": "",
        "recalculation": "",
        "accounting_period_total": "44601.0"
    },
    {
        "org_ppa_guid": "5024214314",
        "internal_id": "10000-9_2022_01",
        "pp_internal_id": "10000-9_2022_01",
        "calc_value": "44601.0",
        "tariff": "",
        "service_internal_id": "Услуги",
        "rr": "",
        "recalculation": "",
        "accounting_period_total": "44601.0"
    },
    {
        "org_ppa_guid": "5024214314",
        "internal_id": "10000-90_2022_01",
        "pp_internal_id": "10000-90_2022_01",
        "calc_value": "44606.0",
        "tariff": "",
        "service_internal_id": "Услуги",
        "rr": "",
        "recalculation": "",
        "accounting_period_total": "44606.0"
    },
    {
        "org_ppa_guid": "5024214314",
        "internal_id": "10000-91_2022_01",
        "pp_internal_id": "10000-91_2022_01",
        "calc_value": "44603.0",
        "tariff": "",
        "service_internal_id": "Услуги",
        "rr": "",
        "recalculation": "",
        "accounting_period_total": "44603.0"
    },
    {
        "org_ppa_guid": "5024214314",
        "internal_id": "10000-92_2022_01",
        "pp_internal_id": "10000-92_2022_01",
        "calc_value": "44608.0",
        "tariff": "",
        "service_internal_id": "Услуги",
        "rr": "",
        "recalculation": "",
        "accounting_period_total": "44608.0"
    },
    {
        "org_ppa_guid": "5024214314",
        "internal_id": "10000-93_2022_01",
        "pp_internal_id": "10000-93_2022_01",
        "calc_value": "44615.0",
        "tariff": "",
        "service_internal_id": "Услуги",
        "rr": "",
        "recalculation": "",
        "accounting_period_total": "44615.0"
    },
    {
        "org_ppa_guid": "5024214314",
        "internal_id": "10000-94_2022_01",
        "pp_internal_id": "10000-94_2022_01",
        "calc_value": "44592.0",
        "tariff": "",
        "service_internal_id": "Услуги",
        "rr": "",
        "recalculation": "",
        "accounting_period_total": "44592.0"
    },
    {
        "org_ppa_guid": "5024214314",
        "internal_id": "10000-95_2022_01",
        "pp_internal_id": "10000-95_2022_01",
        "calc_value": "44603.0",
        "tariff": "",
        "service_internal_id": "Услуги",
        "rr": "",
        "recalculation": "",
        "accounting_period_total": "44603.0"
    },
    {
        "org_ppa_guid": "5024214314",
        "internal_id": "10000-96_2022_01",
        "pp_internal_id": "10000-96_2022_01",
        "calc_value": "44603.0",
        "tariff": "",
        "service_internal_id": "Услуги",
        "rr": "",
        "recalculation": "",
        "accounting_period_total": "44603.0"
    },
    {
        "org_ppa_guid": "5024214314",
        "internal_id": "10000-97_2022_01",
        "pp_internal_id": "10000-97_2022_01",
        "calc_value": "44602.0",
        "tariff": "",
        "service_internal_id": "Услуги",
        "rr": "",
        "recalculation": "",
        "accounting_period_total": "44602.0"
    }
]