[
    {
        "org_ppa_guid": "5024214314",
        "contract_internal_id": "10000-1_2022_04",
        "internal_id": "10000-1_2022_04",
        "fias": "",
        "address": "ПЕРВЫЙ",
        "room_number": "",
        "gis_premises_id": "",
        "gis_block_id": "",
        "gis_room_id": "",
        "gis_account_id": "",
        "account_number": "10000-1",
        "gis_account_service_id": "",
        "gis_account_unified_number": "",
        "total_square": "",
        "residential_square": "",
        "living_person_number": "",
        "timezone": "",
        "account_identifier": "10000-1_2022_04_2022_04",
        "not_residential": ""
    },
    {
        "org_ppa_guid": "5024214314",
        "contract_internal_id": "10000-10_2022_04",
        "internal_id": "10000-10_2022_04",
        "fias": "",
        "address": "ПЕРВЫЙ",
        "room_number": "",
        "gis_premises_id": "",
        "gis_block_id": "",
        "gis_room_id": "",
        "gis_account_id": "",
        "account_number": "10000-10",
        "gis_account_service_id": "",
        "gis_account_unified_number": "",
        "total_square": "",
        "residential_square": "",
        "living_person_number": "",
        "timezone": "",
        "account_identifier": "10000-10_2022_04_2022_04",
        "not_residential": ""
    },
    {
        "org_ppa_guid": "5024214314",
        "contract_internal_id": "10000-11_2022_04",
        "internal_id": "10000-11_2022_04",
        "fias": "",
        "address": "ПЕРВЫЙ",
        "room_number": "",
        "gis_premises_id": "",
        "gis_block_id": "",
        "gis_room_id": "",
        "gis_account_id": "",
        "account_number": "10000-11",
        "gis_account_service_id": "",
        "gis_account_unified_number": "",
        "total_square": "",
        "residential_square": "",
        "living_person_number": "",
        "timezone": "",
        "account_identifier": "10000-11_2022_04_2022_04",
        "not_residential": ""
    },
    {
        "org_ppa_guid": "5024214314",
        "contract_internal_id": "10000-12_2022_04",
        "internal_id": "10000-12_2022_04",
        "fias": "",
        "address": "ПЕРВЫЙ",
        "room_number": "",
        "gis_premises_id": "",
        "gis_block_id": "",
        "gis_room_id": "",
        "gis_account_id": "",
        "account_number": "10000-12",
        "gis_account_service_id": "",
        "gis_account_unified_number": "",
        "total_square": "",
        "residential_square": "",
        "living_person_number": "",
        "timezone": "",
        "account_identifier": "10000-12_2022_04_2022_04",
        "not_residential": ""
    },
    {
        "org_ppa_guid": "5024214314",
        "contract_internal_id": "10000-13_2022_04",
        "internal_id": "10000-13_2022_04",
        "fias": "",
        "address": "ПЕРВЫЙ",
        "room_number": "",
        "gis_premises_id": "",
        "gis_block_id": "",
        "gis_room_id": "",
        "gis_account_id": "",
        "account_number": "10000-13",
        "gis_account_service_id": "",
        "gis_account_unified_number": "",
        "total_square": "",
        "residential_square": "",
        "living_person_number": "",
        "timezone": "",
        "account_identifier": "10000-13_2022_04_2022_04",
        "not_residential": ""
    },
    {
        "org_ppa_guid": "5024214314",
        "contract_internal_id": "10000-14_2022_04",
        "internal_id": "10000-14_2022_04",
        "fias": "",
        "address": "ПЕРВЫЙ",
        "room_number": "",
        "gis_premises_id": "",
        "gis_block_id": "",
        "gis_room_id": "",
        "gis_account_id": "",
        "account_number": "10000-14",
        "gis_account_service_id": "",
        "gis_account_unified_number": "",
        "total_square": "",
        "residential_square": "",
        "living_person_number": "",
        "timezone": "",
        "account_identifier": "10000-14_2022_04_2022_04",
        "not_residential": ""
    },
    {
        "org_ppa_guid": "5024214314",
        "contract_internal_id": "10000-15_2022_04",
        "internal_id": "10000-15_2022_04",
        "fias": "",
        "address": "ПЕРВЫЙ",
        "room_number": "",
        "gis_premises_id": "",
        "gis_block_id": "",
        "gis_room_id": "",
        "gis_account_id": "",
        "account_number": "10000-15",
        "gis_account_service_id": "",
        "gis_account_unified_number": "",
        "total_square": "",
        "residential_square": "",
        "living_person_number": "",
        "timezone": "",
        "account_identifier": "10000-15_2022_04_2022_04",
        "not_residential": ""
    },
    {
        "org_ppa_guid": "5024214314",
        "contract_internal_id": "10000-16_2022_04",
        "internal_id": "10000-16_2022_04",
        "fias": "",
        "address": "ПЕРВЫЙ",
        "room_number": "",
        "gis_premises_id": "",
        "gis_block_id": "",
        "gis_room_id": "",
        "gis_account_id": "",
        "account_number": "10000-16",
        "gis_account_service_id": "",
        "gis_account_unified_number": "",
        "total_square": "",
        "residential_square": "",
        "living_person_number": "",
        "timezone": "",
        "account_identifier": "10000-16_2022_04_2022_04",
        "not_residential": ""
    },
    {
        "org_ppa_guid": "5024214314",
        "contract_internal_id": "10000-17_2022_04",
        "internal_id": "10000-17_2022_04",
        "fias": "",
        "address": "ПЕРВЫЙ",
        "room_number": "",
        "gis_premises_id": "",
        "gis_block_id": "",
        "gis_room_id": "",
        "gis_account_id": "",
        "account_number": "10000-17",
        "gis_account_service_id": "",
        "gis_account_unified_number": "",
        "total_square": "",
        "residential_square": "",
        "living_person_number": "",
        "timezone": "",
        "account_identifier": "10000-17_2022_04_2022_04",
        "not_residential": ""
    },
    {
        "org_ppa_guid": "5024214314",
        "contract_internal_id": "10000-18_2022_04",
        "internal_id": "10000-18_2022_04",
        "fias": "",
        "address": "ПЕРВЫЙ",
        "room_number": "",
        "gis_premises_id": "",
        "gis_block_id": "",
        "gis_room_id": "",
        "gis_account_id": "",
        "account_number": "10000-18",
        "gis_account_service_id": "",
        "gis_account_unified_number": "",
        "total_square": "",
        "residential_square": "",
        "living_person_number": "",
        "timezone": "",
        "account_identifier": "10000-18_2022_04_2022_04",
        "not_residential": ""
    },
    {
        "org_ppa_guid": "5024214314",
        "contract_internal_id": "10000-19_2022_04",
        "internal_id": "10000-19_2022_04",
        "fias": "",
        "address": "ПЕРВЫЙ",
        "room_number": "",
        "gis_premises_id": "",
        "gis_block_id": "",
        "gis_room_id": "",
        "gis_account_id": "",
        "account_number": "10000-19",
        "gis_account_service_id": "",
        "gis_account_unified_number": "",
        "total_square": "",
        "residential_square": "",
        "living_person_number": "",
        "timezone": "",
        "account_identifier": "10000-19_2022_04_2022_04",
        "not_residential": ""
    },
    {
        "org_ppa_guid": "5024214314",
        "contract_internal_id": "10000-2_2022_04",
        "internal_id": "10000-2_2022_04",
        "fias": "",
        "address": "ПЕРВЫЙ",
        "room_number": "",
        "gis_premises_id": "",
        "gis_block_id": "",
        "gis_room_id": "",
        "gis_account_id": "",
        "account_number": "10000-2",
        "gis_account_service_id": "",
        "gis_account_unified_number": "",
        "total_square": "",
        "residential_square": "",
        "living_person_number": "",
        "timezone": "",
        "account_identifier": "10000-2_2022_04_2022_04",
        "not_residential": ""
    },
    {
        "org_ppa_guid": "5024214314",
        "contract_internal_id": "10000-20_2022_04",
        "internal_id": "10000-20_2022_04",
        "fias": "",
        "address": "ПЕРВЫЙ",
        "room_number": "",
        "gis_premises_id": "",
        "gis_block_id": "",
        "gis_room_id": "",
        "gis_account_id": "",
        "account_number": "10000-20",
        "gis_account_service_id": "",
        "gis_account_unified_number": "",
        "total_square": "",
        "residential_square": "",
        "living_person_number": "",
        "timezone": "",
        "account_identifier": "10000-20_2022_04_2022_04",
        "not_residential": ""
    },
    {
        "org_ppa_guid": "5024214314",
        "contract_internal_id": "10000-21_2022_04",
        "internal_id": "10000-21_2022_04",
        "fias": "",
        "address": "ПЕРВЫЙ",
        "room_number": "",
        "gis_premises_id": "",
        "gis_block_id": "",
        "gis_room_id": "",
        "gis_account_id": "",
        "account_number": "10000-21",
        "gis_account_service_id": "",
        "gis_account_unified_number": "",
        "total_square": "",
        "residential_square": "",
        "living_person_number": "",
        "timezone": "",
        "account_identifier": "10000-21_2022_04_2022_04",
        "not_residential": ""
    },
    {
        "org_ppa_guid": "5024214314",
        "contract_internal_id": "10000-22_2022_04",
        "internal_id": "10000-22_2022_04",
        "fias": "",
        "address": "ПЕРВЫЙ",
        "room_number": "",
        "gis_premises_id": "",
        "gis_block_id": "",
        "gis_room_id": "",
        "gis_account_id": "",
        "account_number": "10000-22",
        "gis_account_service_id": "",
        "gis_account_unified_number": "",
        "total_square": "",
        "residential_square": "",
        "living_person_number": "",
        "timezone": "",
        "account_identifier": "10000-22_2022_04_2022_04",
        "not_residential": ""
    },
    {
        "org_ppa_guid": "5024214314",
        "contract_internal_id": "10000-23_2022_04",
        "internal_id": "10000-23_2022_04",
        "fias": "",
        "address": "ПЕРВЫЙ",
        "room_number": "",
        "gis_premises_id": "",
        "gis_block_id": "",
        "gis_room_id": "",
        "gis_account_id": "",
        "account_number": "10000-23",
        "gis_account_service_id": "",
        "gis_account_unified_number": "",
        "total_square": "",
        "residential_square": "",
        "living_person_number": "",
        "timezone": "",
        "account_identifier": "10000-23_2022_04_2022_04",
        "not_residential": ""
    },
    {
        "org_ppa_guid": "5024214314",
        "contract_internal_id": "10000-24_2022_04",
        "internal_id": "10000-24_2022_04",
        "fias": "",
        "address": "ПЕРВЫЙ",
        "room_number": "",
        "gis_premises_id": "",
        "gis_block_id": "",
        "gis_room_id": "",
        "gis_account_id": "",
        "account_number": "10000-24",
        "gis_account_service_id": "",
        "gis_account_unified_number": "",
        "total_square": "",
        "residential_square": "",
        "living_person_number": "",
        "timezone": "",
        "account_identifier": "10000-24_2022_04_2022_04",
        "not_residential": ""
    },
    {
        "org_ppa_guid": "5024214314",
        "contract_internal_id": "10000-25_2022_04",
        "internal_id": "10000-25_2022_04",
        "fias": "",
        "address": "ПЕРВЫЙ",
        "room_number": "",
        "gis_premises_id": "",
        "gis_block_id": "",
        "gis_room_id": "",
        "gis_account_id": "",
        "account_number": "10000-25",
        "gis_account_service_id": "",
        "gis_account_unified_number": "",
        "total_square": "",
        "residential_square": "",
        "living_person_number": "",
        "timezone": "",
        "account_identifier": "10000-25_2022_04_2022_04",
        "not_residential": ""
    },
    {
        "org_ppa_guid": "5024214314",
        "contract_internal_id": "10000-26_2022_04",
        "internal_id": "10000-26_2022_04",
        "fias": "",
        "address": "ПЕРВЫЙ",
        "room_number": "",
        "gis_premises_id": "",
        "gis_block_id": "",
        "gis_room_id": "",
        "gis_account_id": "",
        "account_number": "10000-26",
        "gis_account_service_id": "",
        "gis_account_unified_number": "",
        "total_square": "",
        "residential_square": "",
        "living_person_number": "",
        "timezone": "",
        "account_identifier": "10000-26_2022_04_2022_04",
        "not_residential": ""
    },
    {
        "org_ppa_guid": "5024214314",
        "contract_internal_id": "10000-27_2022_04",
        "internal_id": "10000-27_2022_04",
        "fias": "",
        "address": "ПЕРВЫЙ",
        "room_number": "",
        "gis_premises_id": "",
        "gis_block_id": "",
        "gis_room_id": "",
        "gis_account_id": "",
        "account_number": "10000-27",
        "gis_account_service_id": "",
        "gis_account_unified_number": "",
        "total_square": "",
        "residential_square": "",
        "living_person_number": "",
        "timezone": "",
        "account_identifier": "10000-27_2022_04_2022_04",
        "not_residential": ""
    },
    {
        "org_ppa_guid": "5024214314",
        "contract_internal_id": "10000-28_2022_04",
        "internal_id": "10000-28_2022_04",
        "fias": "",
        "address": "ПЕРВЫЙ",
        "room_number": "",
        "gis_premises_id": "",
        "gis_block_id": "",
        "gis_room_id": "",
        "gis_account_id": "",
        "account_number": "10000-28",
        "gis_account_service_id": "",
        "gis_account_unified_number": "",
        "total_square": "",
        "residential_square": "",
        "living_person_number": "",
        "timezone": "",
        "account_identifier": "10000-28_2022_04_2022_04",
        "not_residential": ""
    },
    {
        "org_ppa_guid": "5024214314",
        "contract_internal_id": "10000-29_2022_04",
        "internal_id": "10000-29_2022_04",
        "fias": "",
        "address": "ПЕРВЫЙ",
        "room_number": "",
        "gis_premises_id": "",
        "gis_block_id": "",
        "gis_room_id": "",
        "gis_account_id": "",
        "account_number": "10000-29",
        "gis_account_service_id": "",
        "gis_account_unified_number": "",
        "total_square": "",
        "residential_square": "",
        "living_person_number": "",
        "timezone": "",
        "account_identifier": "10000-29_2022_04_2022_04",
        "not_residential": ""
    },
    {
        "org_ppa_guid": "5024214314",
        "contract_internal_id": "10000-3_2022_04",
        "internal_id": "10000-3_2022_04",
        "fias": "",
        "address": "ПЕРВЫЙ",
        "room_number": "",
        "gis_premises_id": "",
        "gis_block_id": "",
        "gis_room_id": "",
        "gis_account_id": "",
        "account_number": "10000-3",
        "gis_account_service_id": "",
        "gis_account_unified_number": "",
        "total_square": "",
        "residential_square": "",
        "living_person_number": "",
        "timezone": "",
        "account_identifier": "10000-3_2022_04_2022_04",
        "not_residential": ""
    },
    {
        "org_ppa_guid": "5024214314",
        "contract_internal_id": "10000-30_2022_04",
        "internal_id": "10000-30_2022_04",
        "fias": "",
        "address": "ПЕРВЫЙ",
        "room_number": "",
        "gis_premises_id": "",
        "gis_block_id": "",
        "gis_room_id": "",
        "gis_account_id": "",
        "account_number": "10000-30",
        "gis_account_service_id": "",
        "gis_account_unified_number": "",
        "total_square": "",
        "residential_square": "",
        "living_person_number": "",
        "timezone": "",
        "account_identifier": "10000-30_2022_04_2022_04",
        "not_residential": ""
    },
    {
        "org_ppa_guid": "5024214314",
        "contract_internal_id": "10000-31_2022_04",
        "internal_id": "10000-31_2022_04",
        "fias": "",
        "address": "ПЕРВЫЙ",
        "room_number": "",
        "gis_premises_id": "",
        "gis_block_id": "",
        "gis_room_id": "",
        "gis_account_id": "",
        "account_number": "10000-31",
        "gis_account_service_id": "",
        "gis_account_unified_number": "",
        "total_square": "",
        "residential_square": "",
        "living_person_number": "",
        "timezone": "",
        "account_identifier": "10000-31_2022_04_2022_04",
        "not_residential": ""
    },
    {
        "org_ppa_guid": "5024214314",
        "contract_internal_id": "10000-32_2022_04",
        "internal_id": "10000-32_2022_04",
        "fias": "",
        "address": "ПЕРВЫЙ",
        "room_number": "",
        "gis_premises_id": "",
        "gis_block_id": "",
        "gis_room_id": "",
        "gis_account_id": "",
        "account_number": "10000-32",
        "gis_account_service_id": "",
        "gis_account_unified_number": "",
        "total_square": "",
        "residential_square": "",
        "living_person_number": "",
        "timezone": "",
        "account_identifier": "10000-32_2022_04_2022_04",
        "not_residential": ""
    },
    {
        "org_ppa_guid": "5024214314",
        "contract_internal_id": "10000-33_2022_04",
        "internal_id": "10000-33_2022_04",
        "fias": "",
        "address": "ПЕРВЫЙ",
        "room_number": "",
        "gis_premises_id": "",
        "gis_block_id": "",
        "gis_room_id": "",
        "gis_account_id": "",
        "account_number": "10000-33",
        "gis_account_service_id": "",
        "gis_account_unified_number": "",
        "total_square": "",
        "residential_square": "",
        "living_person_number": "",
        "timezone": "",
        "account_identifier": "10000-33_2022_04_2022_04",
        "not_residential": ""
    },
    {
        "org_ppa_guid": "5024214314",
        "contract_internal_id": "10000-34_2022_04",
        "internal_id": "10000-34_2022_04",
        "fias": "",
        "address": "ПЕРВЫЙ",
        "room_number": "",
        "gis_premises_id": "",
        "gis_block_id": "",
        "gis_room_id": "",
        "gis_account_id": "",
        "account_number": "10000-34",
        "gis_account_service_id": "",
        "gis_account_unified_number": "",
        "total_square": "",
        "residential_square": "",
        "living_person_number": "",
        "timezone": "",
        "account_identifier": "10000-34_2022_04_2022_04",
        "not_residential": ""
    },
    {
        "org_ppa_guid": "5024214314",
        "contract_internal_id": "10000-35_2022_04",
        "internal_id": "10000-35_2022_04",
        "fias": "",
        "address": "ПЕРВЫЙ",
        "room_number": "",
        "gis_premises_id": "",
        "gis_block_id": "",
        "gis_room_id": "",
        "gis_account_id": "",
        "account_number": "10000-35",
        "gis_account_service_id": "",
        "gis_account_unified_number": "",
        "total_square": "",
        "residential_square": "",
        "living_person_number": "",
        "timezone": "",
        "account_identifier": "10000-35_2022_04_2022_04",
        "not_residential": ""
    },
    {
        "org_ppa_guid": "5024214314",
        "contract_internal_id": "10000-36_2022_04",
        "internal_id": "10000-36_2022_04",
        "fias": "",
        "address": "ПЕРВЫЙ",
        "room_number": "",
        "gis_premises_id": "",
        "gis_block_id": "",
        "gis_room_id": "",
        "gis_account_id": "",
        "account_number": "10000-36",
        "gis_account_service_id": "",
        "gis_account_unified_number": "",
        "total_square": "",
        "residential_square": "",
        "living_person_number": "",
        "timezone": "",
        "account_identifier": "10000-36_2022_04_2022_04",
        "not_residential": ""
    },
    {
        "org_ppa_guid": "5024214314",
        "contract_internal_id": "10000-37_2022_04",
        "internal_id": "10000-37_2022_04",
        "fias": "",
        "address": "ПЕРВЫЙ",
        "room_number": "",
        "gis_premises_id": "",
        "gis_block_id": "",
        "gis_room_id": "",
        "gis_account_id": "",
        "account_number": "10000-37",
        "gis_account_service_id": "",
        "gis_account_unified_number": "",
        "total_square": "",
        "residential_square": "",
        "living_person_number": "",
        "timezone": "",
        "account_identifier": "10000-37_2022_04_2022_04",
        "not_residential": ""
    },
    {
        "org_ppa_guid": "5024214314",
        "contract_internal_id": "10000-38_2022_04",
        "internal_id": "10000-38_2022_04",
        "fias": "",
        "address": "ПЕРВЫЙ",
        "room_number": "",
        "gis_premises_id": "",
        "gis_block_id": "",
        "gis_room_id": "",
        "gis_account_id": "",
        "account_number": "10000-38",
        "gis_account_service_id": "",
        "gis_account_unified_number": "",
        "total_square": "",
        "residential_square": "",
        "living_person_number": "",
        "timezone": "",
        "account_identifier": "10000-38_2022_04_2022_04",
        "not_residential": ""
    },
    {
        "org_ppa_guid": "5024214314",
        "contract_internal_id": "10000-39_2022_04",
        "internal_id": "10000-39_2022_04",
        "fias": "",
        "address": "ПЕРВЫЙ",
        "room_number": "",
        "gis_premises_id": "",
        "gis_block_id": "",
        "gis_room_id": "",
        "gis_account_id": "",
        "account_number": "10000-39",
        "gis_account_service_id": "",
        "gis_account_unified_number": "",
        "total_square": "",
        "residential_square": "",
        "living_person_number": "",
        "timezone": "",
        "account_identifier": "10000-39_2022_04_2022_04",
        "not_residential": ""
    },
    {
        "org_ppa_guid": "5024214314",
        "contract_internal_id": "10000-4_2022_04",
        "internal_id": "10000-4_2022_04",
        "fias": "",
        "address": "ПЕРВЫЙ",
        "room_number": "",
        "gis_premises_id": "",
        "gis_block_id": "",
        "gis_room_id": "",
        "gis_account_id": "",
        "account_number": "10000-4",
        "gis_account_service_id": "",
        "gis_account_unified_number": "",
        "total_square": "",
        "residential_square": "",
        "living_person_number": "",
        "timezone": "",
        "account_identifier": "10000-4_2022_04_2022_04",
        "not_residential": ""
    },
    {
        "org_ppa_guid": "5024214314",
        "contract_internal_id": "10000-40_2022_04",
        "internal_id": "10000-40_2022_04",
        "fias": "",
        "address": "ПЕРВЫЙ",
        "room_number": "",
        "gis_premises_id": "",
        "gis_block_id": "",
        "gis_room_id": "",
        "gis_account_id": "",
        "account_number": "10000-40",
        "gis_account_service_id": "",
        "gis_account_unified_number": "",
        "total_square": "",
        "residential_square": "",
        "living_person_number": "",
        "timezone": "",
        "account_identifier": "10000-40_2022_04_2022_04",
        "not_residential": ""
    },
    {
        "org_ppa_guid": "5024214314",
        "contract_internal_id": "10000-41_2022_04",
        "internal_id": "10000-41_2022_04",
        "fias": "",
        "address": "ПЕРВЫЙ",
        "room_number": "",
        "gis_premises_id": "",
        "gis_block_id": "",
        "gis_room_id": "",
        "gis_account_id": "",
        "account_number": "10000-41",
        "gis_account_service_id": "",
        "gis_account_unified_number": "",
        "total_square": "",
        "residential_square": "",
        "living_person_number": "",
        "timezone": "",
        "account_identifier": "10000-41_2022_04_2022_04",
        "not_residential": ""
    },
    {
        "org_ppa_guid": "5024214314",
        "contract_internal_id": "10000-42_2022_04",
        "internal_id": "10000-42_2022_04",
        "fias": "",
        "address": "ПЕРВЫЙ",
        "room_number": "",
        "gis_premises_id": "",
        "gis_block_id": "",
        "gis_room_id": "",
        "gis_account_id": "",
        "account_number": "10000-42",
        "gis_account_service_id": "",
        "gis_account_unified_number": "",
        "total_square": "",
        "residential_square": "",
        "living_person_number": "",
        "timezone": "",
        "account_identifier": "10000-42_2022_04_2022_04",
        "not_residential": ""
    },
    {
        "org_ppa_guid": "5024214314",
        "contract_internal_id": "10000-43_2022_04",
        "internal_id": "10000-43_2022_04",
        "fias": "",
        "address": "ПЕРВЫЙ",
        "room_number": "",
        "gis_premises_id": "",
        "gis_block_id": "",
        "gis_room_id": "",
        "gis_account_id": "",
        "account_number": "10000-43",
        "gis_account_service_id": "",
        "gis_account_unified_number": "",
        "total_square": "",
        "residential_square": "",
        "living_person_number": "",
        "timezone": "",
        "account_identifier": "10000-43_2022_04_2022_04",
        "not_residential": ""
    },
    {
        "org_ppa_guid": "5024214314",
        "contract_internal_id": "10000-44_2022_04",
        "internal_id": "10000-44_2022_04",
        "fias": "",
        "address": "ПЕРВЫЙ",
        "room_number": "",
        "gis_premises_id": "",
        "gis_block_id": "",
        "gis_room_id": "",
        "gis_account_id": "",
        "account_number": "10000-44",
        "gis_account_service_id": "",
        "gis_account_unified_number": "",
        "total_square": "",
        "residential_square": "",
        "living_person_number": "",
        "timezone": "",
        "account_identifier": "10000-44_2022_04_2022_04",
        "not_residential": ""
    },
    {
        "org_ppa_guid": "5024214314",
        "contract_internal_id": "10000-45_2022_04",
        "internal_id": "10000-45_2022_04",
        "fias": "",
        "address": "ПЕРВЫЙ",
        "room_number": "",
        "gis_premises_id": "",
        "gis_block_id": "",
        "gis_room_id": "",
        "gis_account_id": "",
        "account_number": "10000-45",
        "gis_account_service_id": "",
        "gis_account_unified_number": "",
        "total_square": "",
        "residential_square": "",
        "living_person_number": "",
        "timezone": "",
        "account_identifier": "10000-45_2022_04_2022_04",
        "not_residential": ""
    },
    {
        "org_ppa_guid": "5024214314",
        "contract_internal_id": "10000-46_2022_04",
        "internal_id": "10000-46_2022_04",
        "fias": "",
        "address": "ПЕРВЫЙ",
        "room_number": "",
        "gis_premises_id": "",
        "gis_block_id": "",
        "gis_room_id": "",
        "gis_account_id": "",
        "account_number": "10000-46",
        "gis_account_service_id": "",
        "gis_account_unified_number": "",
        "total_square": "",
        "residential_square": "",
        "living_person_number": "",
        "timezone": "",
        "account_identifier": "10000-46_2022_04_2022_04",
        "not_residential": ""
    },
    {
        "org_ppa_guid": "5024214314",
        "contract_internal_id": "10000-47_2022_04",
        "internal_id": "10000-47_2022_04",
        "fias": "",
        "address": "ПЕРВЫЙ",
        "room_number": "",
        "gis_premises_id": "",
        "gis_block_id": "",
        "gis_room_id": "",
        "gis_account_id": "",
        "account_number": "10000-47",
        "gis_account_service_id": "",
        "gis_account_unified_number": "",
        "total_square": "",
        "residential_square": "",
        "living_person_number": "",
        "timezone": "",
        "account_identifier": "10000-47_2022_04_2022_04",
        "not_residential": ""
    },
    {
        "org_ppa_guid": "5024214314",
        "contract_internal_id": "10000-48_2022_04",
        "internal_id": "10000-48_2022_04",
        "fias": "",
        "address": "ПЕРВЫЙ",
        "room_number": "",
        "gis_premises_id": "",
        "gis_block_id": "",
        "gis_room_id": "",
        "gis_account_id": "",
        "account_number": "10000-48",
        "gis_account_service_id": "",
        "gis_account_unified_number": "",
        "total_square": "",
        "residential_square": "",
        "living_person_number": "",
        "timezone": "",
        "account_identifier": "10000-48_2022_04_2022_04",
        "not_residential": ""
    },
    {
        "org_ppa_guid": "5024214314",
        "contract_internal_id": "10000-49_2022_04",
        "internal_id": "10000-49_2022_04",
        "fias": "",
        "address": "ПЕРВЫЙ",
        "room_number": "",
        "gis_premises_id": "",
        "gis_block_id": "",
        "gis_room_id": "",
        "gis_account_id": "",
        "account_number": "10000-49",
        "gis_account_service_id": "",
        "gis_account_unified_number": "",
        "total_square": "",
        "residential_square": "",
        "living_person_number": "",
        "timezone": "",
        "account_identifier": "10000-49_2022_04_2022_04",
        "not_residential": ""
    },
    {
        "org_ppa_guid": "5024214314",
        "contract_internal_id": "10000-5_2022_04",
        "internal_id": "10000-5_2022_04",
        "fias": "",
        "address": "ПЕРВЫЙ",
        "room_number": "",
        "gis_premises_id": "",
        "gis_block_id": "",
        "gis_room_id": "",
        "gis_account_id": "",
        "account_number": "10000-5",
        "gis_account_service_id": "",
        "gis_account_unified_number": "",
        "total_square": "",
        "residential_square": "",
        "living_person_number": "",
        "timezone": "",
        "account_identifier": "10000-5_2022_04_2022_04",
        "not_residential": ""
    },
    {
        "org_ppa_guid": "5024214314",
        "contract_internal_id": "10000-50_2022_04",
        "internal_id": "10000-50_2022_04",
        "fias": "",
        "address": "ПЕРВЫЙ",
        "room_number": "",
        "gis_premises_id": "",
        "gis_block_id": "",
        "gis_room_id": "",
        "gis_account_id": "",
        "account_number": "10000-50",
        "gis_account_service_id": "",
        "gis_account_unified_number": "",
        "total_square": "",
        "residential_square": "",
        "living_person_number": "",
        "timezone": "",
        "account_identifier": "10000-50_2022_04_2022_04",
        "not_residential": ""
    },
    {
        "org_ppa_guid": "5024214314",
        "contract_internal_id": "10000-51_2022_04",
        "internal_id": "10000-51_2022_04",
        "fias": "",
        "address": "ПЕРВЫЙ",
        "room_number": "",
        "gis_premises_id": "",
        "gis_block_id": "",
        "gis_room_id": "",
        "gis_account_id": "",
        "account_number": "10000-51",
        "gis_account_service_id": "",
        "gis_account_unified_number": "",
        "total_square": "",
        "residential_square": "",
        "living_person_number": "",
        "timezone": "",
        "account_identifier": "10000-51_2022_04_2022_04",
        "not_residential": ""
    },
    {
        "org_ppa_guid": "5024214314",
        "contract_internal_id": "10000-52_2022_04",
        "internal_id": "10000-52_2022_04",
        "fias": "",
        "address": "ПЕРВЫЙ",
        "room_number": "",
        "gis_premises_id": "",
        "gis_block_id": "",
        "gis_room_id": "",
        "gis_account_id": "",
        "account_number": "10000-52",
        "gis_account_service_id": "",
        "gis_account_unified_number": "",
        "total_square": "",
        "residential_square": "",
        "living_person_number": "",
        "timezone": "",
        "account_identifier": "10000-52_2022_04_2022_04",
        "not_residential": ""
    },
    {
        "org_ppa_guid": "5024214314",
        "contract_internal_id": "10000-53_2022_04",
        "internal_id": "10000-53_2022_04",
        "fias": "",
        "address": "ПЕРВЫЙ",
        "room_number": "",
        "gis_premises_id": "",
        "gis_block_id": "",
        "gis_room_id": "",
        "gis_account_id": "",
        "account_number": "10000-53",
        "gis_account_service_id": "",
        "gis_account_unified_number": "",
        "total_square": "",
        "residential_square": "",
        "living_person_number": "",
        "timezone": "",
        "account_identifier": "10000-53_2022_04_2022_04",
        "not_residential": ""
    },
    {
        "org_ppa_guid": "5024214314",
        "contract_internal_id": "10000-54_2022_04",
        "internal_id": "10000-54_2022_04",
        "fias": "",
        "address": "ПЕРВЫЙ",
        "room_number": "",
        "gis_premises_id": "",
        "gis_block_id": "",
        "gis_room_id": "",
        "gis_account_id": "",
        "account_number": "10000-54",
        "gis_account_service_id": "",
        "gis_account_unified_number": "",
        "total_square": "",
        "residential_square": "",
        "living_person_number": "",
        "timezone": "",
        "account_identifier": "10000-54_2022_04_2022_04",
        "not_residential": ""
    },
    {
        "org_ppa_guid": "5024214314",
        "contract_internal_id": "10000-55_2022_04",
        "internal_id": "10000-55_2022_04",
        "fias": "",
        "address": "ПЕРВЫЙ",
        "room_number": "",
        "gis_premises_id": "",
        "gis_block_id": "",
        "gis_room_id": "",
        "gis_account_id": "",
        "account_number": "10000-55",
        "gis_account_service_id": "",
        "gis_account_unified_number": "",
        "total_square": "",
        "residential_square": "",
        "living_person_number": "",
        "timezone": "",
        "account_identifier": "10000-55_2022_04_2022_04",
        "not_residential": ""
    },
    {
        "org_ppa_guid": "5024214314",
        "contract_internal_id": "10000-56_2022_04",
        "internal_id": "10000-56_2022_04",
        "fias": "",
        "address": "ПЕРВЫЙ",
        "room_number": "",
        "gis_premises_id": "",
        "gis_block_id": "",
        "gis_room_id": "",
        "gis_account_id": "",
        "account_number": "10000-56",
        "gis_account_service_id": "",
        "gis_account_unified_number": "",
        "total_square": "",
        "residential_square": "",
        "living_person_number": "",
        "timezone": "",
        "account_identifier": "10000-56_2022_04_2022_04",
        "not_residential": ""
    },
    {
        "org_ppa_guid": "5024214314",
        "contract_internal_id": "10000-57_2022_04",
        "internal_id": "10000-57_2022_04",
        "fias": "",
        "address": "ПЕРВЫЙ",
        "room_number": "",
        "gis_premises_id": "",
        "gis_block_id": "",
        "gis_room_id": "",
        "gis_account_id": "",
        "account_number": "10000-57",
        "gis_account_service_id": "",
        "gis_account_unified_number": "",
        "total_square": "",
        "residential_square": "",
        "living_person_number": "",
        "timezone": "",
        "account_identifier": "10000-57_2022_04_2022_04",
        "not_residential": ""
    },
    {
        "org_ppa_guid": "5024214314",
        "contract_internal_id": "10000-58_2022_04",
        "internal_id": "10000-58_2022_04",
        "fias": "",
        "address": "ПЕРВЫЙ",
        "room_number": "",
        "gis_premises_id": "",
        "gis_block_id": "",
        "gis_room_id": "",
        "gis_account_id": "",
        "account_number": "10000-58",
        "gis_account_service_id": "",
        "gis_account_unified_number": "",
        "total_square": "",
        "residential_square": "",
        "living_person_number": "",
        "timezone": "",
        "account_identifier": "10000-58_2022_04_2022_04",
        "not_residential": ""
    },
    {
        "org_ppa_guid": "5024214314",
        "contract_internal_id": "10000-59_2022_04",
        "internal_id": "10000-59_2022_04",
        "fias": "",
        "address": "ПЕРВЫЙ",
        "room_number": "",
        "gis_premises_id": "",
        "gis_block_id": "",
        "gis_room_id": "",
        "gis_account_id": "",
        "account_number": "10000-59",
        "gis_account_service_id": "",
        "gis_account_unified_number": "",
        "total_square": "",
        "residential_square": "",
        "living_person_number": "",
        "timezone": "",
        "account_identifier": "10000-59_2022_04_2022_04",
        "not_residential": ""
    },
    {
        "org_ppa_guid": "5024214314",
        "contract_internal_id": "10000-6_2022_04",
        "internal_id": "10000-6_2022_04",
        "fias": "",
        "address": "ПЕРВЫЙ",
        "room_number": "",
        "gis_premises_id": "",
        "gis_block_id": "",
        "gis_room_id": "",
        "gis_account_id": "",
        "account_number": "10000-6",
        "gis_account_service_id": "",
        "gis_account_unified_number": "",
        "total_square": "",
        "residential_square": "",
        "living_person_number": "",
        "timezone": "",
        "account_identifier": "10000-6_2022_04_2022_04",
        "not_residential": ""
    },
    {
        "org_ppa_guid": "5024214314",
        "contract_internal_id": "10000-60_2022_04",
        "internal_id": "10000-60_2022_04",
        "fias": "",
        "address": "ПЕРВЫЙ",
        "room_number": "",
        "gis_premises_id": "",
        "gis_block_id": "",
        "gis_room_id": "",
        "gis_account_id": "",
        "account_number": "10000-60",
        "gis_account_service_id": "",
        "gis_account_unified_number": "",
        "total_square": "",
        "residential_square": "",
        "living_person_number": "",
        "timezone": "",
        "account_identifier": "10000-60_2022_04_2022_04",
        "not_residential": ""
    },
    {
        "org_ppa_guid": "5024214314",
        "contract_internal_id": "10000-61_2022_04",
        "internal_id": "10000-61_2022_04",
        "fias": "",
        "address": "ПЕРВЫЙ",
        "room_number": "",
        "gis_premises_id": "",
        "gis_block_id": "",
        "gis_room_id": "",
        "gis_account_id": "",
        "account_number": "10000-61",
        "gis_account_service_id": "",
        "gis_account_unified_number": "",
        "total_square": "",
        "residential_square": "",
        "living_person_number": "",
        "timezone": "",
        "account_identifier": "10000-61_2022_04_2022_04",
        "not_residential": ""
    },
    {
        "org_ppa_guid": "5024214314",
        "contract_internal_id": "10000-62_2022_04",
        "internal_id": "10000-62_2022_04",
        "fias": "",
        "address": "ПЕРВЫЙ",
        "room_number": "",
        "gis_premises_id": "",
        "gis_block_id": "",
        "gis_room_id": "",
        "gis_account_id": "",
        "account_number": "10000-62",
        "gis_account_service_id": "",
        "gis_account_unified_number": "",
        "total_square": "",
        "residential_square": "",
        "living_person_number": "",
        "timezone": "",
        "account_identifier": "10000-62_2022_04_2022_04",
        "not_residential": ""
    },
    {
        "org_ppa_guid": "5024214314",
        "contract_internal_id": "10000-63_2022_04",
        "internal_id": "10000-63_2022_04",
        "fias": "",
        "address": "ПЕРВЫЙ",
        "room_number": "",
        "gis_premises_id": "",
        "gis_block_id": "",
        "gis_room_id": "",
        "gis_account_id": "",
        "account_number": "10000-63",
        "gis_account_service_id": "",
        "gis_account_unified_number": "",
        "total_square": "",
        "residential_square": "",
        "living_person_number": "",
        "timezone": "",
        "account_identifier": "10000-63_2022_04_2022_04",
        "not_residential": ""
    },
    {
        "org_ppa_guid": "5024214314",
        "contract_internal_id": "10000-64_2022_04",
        "internal_id": "10000-64_2022_04",
        "fias": "",
        "address": "ПЕРВЫЙ",
        "room_number": "",
        "gis_premises_id": "",
        "gis_block_id": "",
        "gis_room_id": "",
        "gis_account_id": "",
        "account_number": "10000-64",
        "gis_account_service_id": "",
        "gis_account_unified_number": "",
        "total_square": "",
        "residential_square": "",
        "living_person_number": "",
        "timezone": "",
        "account_identifier": "10000-64_2022_04_2022_04",
        "not_residential": ""
    },
    {
        "org_ppa_guid": "5024214314",
        "contract_internal_id": "10000-65_2022_04",
        "internal_id": "10000-65_2022_04",
        "fias": "",
        "address": "ПЕРВЫЙ",
        "room_number": "",
        "gis_premises_id": "",
        "gis_block_id": "",
        "gis_room_id": "",
        "gis_account_id": "",
        "account_number": "10000-65",
        "gis_account_service_id": "",
        "gis_account_unified_number": "",
        "total_square": "",
        "residential_square": "",
        "living_person_number": "",
        "timezone": "",
        "account_identifier": "10000-65_2022_04_2022_04",
        "not_residential": ""
    },
    {
        "org_ppa_guid": "5024214314",
        "contract_internal_id": "10000-66_2022_04",
        "internal_id": "10000-66_2022_04",
        "fias": "",
        "address": "ПЕРВЫЙ",
        "room_number": "",
        "gis_premises_id": "",
        "gis_block_id": "",
        "gis_room_id": "",
        "gis_account_id": "",
        "account_number": "10000-66",
        "gis_account_service_id": "",
        "gis_account_unified_number": "",
        "total_square": "",
        "residential_square": "",
        "living_person_number": "",
        "timezone": "",
        "account_identifier": "10000-66_2022_04_2022_04",
        "not_residential": ""
    },
    {
        "org_ppa_guid": "5024214314",
        "contract_internal_id": "10000-67_2022_04",
        "internal_id": "10000-67_2022_04",
        "fias": "",
        "address": "ПЕРВЫЙ",
        "room_number": "",
        "gis_premises_id": "",
        "gis_block_id": "",
        "gis_room_id": "",
        "gis_account_id": "",
        "account_number": "10000-67",
        "gis_account_service_id": "",
        "gis_account_unified_number": "",
        "total_square": "",
        "residential_square": "",
        "living_person_number": "",
        "timezone": "",
        "account_identifier": "10000-67_2022_04_2022_04",
        "not_residential": ""
    },
    {
        "org_ppa_guid": "5024214314",
        "contract_internal_id": "10000-68_2022_04",
        "internal_id": "10000-68_2022_04",
        "fias": "",
        "address": "ПЕРВЫЙ",
        "room_number": "",
        "gis_premises_id": "",
        "gis_block_id": "",
        "gis_room_id": "",
        "gis_account_id": "",
        "account_number": "10000-68",
        "gis_account_service_id": "",
        "gis_account_unified_number": "",
        "total_square": "",
        "residential_square": "",
        "living_person_number": "",
        "timezone": "",
        "account_identifier": "10000-68_2022_04_2022_04",
        "not_residential": ""
    },
    {
        "org_ppa_guid": "5024214314",
        "contract_internal_id": "10000-69_2022_04",
        "internal_id": "10000-69_2022_04",
        "fias": "",
        "address": "ПЕРВЫЙ",
        "room_number": "",
        "gis_premises_id": "",
        "gis_block_id": "",
        "gis_room_id": "",
        "gis_account_id": "",
        "account_number": "10000-69",
        "gis_account_service_id": "",
        "gis_account_unified_number": "",
        "total_square": "",
        "residential_square": "",
        "living_person_number": "",
        "timezone": "",
        "account_identifier": "10000-69_2022_04_2022_04",
        "not_residential": ""
    },
    {
        "org_ppa_guid": "5024214314",
        "contract_internal_id": "10000-7_2022_04",
        "internal_id": "10000-7_2022_04",
        "fias": "",
        "address": "ПЕРВЫЙ",
        "room_number": "",
        "gis_premises_id": "",
        "gis_block_id": "",
        "gis_room_id": "",
        "gis_account_id": "",
        "account_number": "10000-7",
        "gis_account_service_id": "",
        "gis_account_unified_number": "",
        "total_square": "",
        "residential_square": "",
        "living_person_number": "",
        "timezone": "",
        "account_identifier": "10000-7_2022_04_2022_04",
        "not_residential": ""
    },
    {
        "org_ppa_guid": "5024214314",
        "contract_internal_id": "10000-70_2022_04",
        "internal_id": "10000-70_2022_04",
        "fias": "",
        "address": "ПЕРВЫЙ",
        "room_number": "",
        "gis_premises_id": "",
        "gis_block_id": "",
        "gis_room_id": "",
        "gis_account_id": "",
        "account_number": "10000-70",
        "gis_account_service_id": "",
        "gis_account_unified_number": "",
        "total_square": "",
        "residential_square": "",
        "living_person_number": "",
        "timezone": "",
        "account_identifier": "10000-70_2022_04_2022_04",
        "not_residential": ""
    },
    {
        "org_ppa_guid": "5024214314",
        "contract_internal_id": "10000-71_2022_04",
        "internal_id": "10000-71_2022_04",
        "fias": "",
        "address": "ПЕРВЫЙ",
        "room_number": "",
        "gis_premises_id": "",
        "gis_block_id": "",
        "gis_room_id": "",
        "gis_account_id": "",
        "account_number": "10000-71",
        "gis_account_service_id": "",
        "gis_account_unified_number": "",
        "total_square": "",
        "residential_square": "",
        "living_person_number": "",
        "timezone": "",
        "account_identifier": "10000-71_2022_04_2022_04",
        "not_residential": ""
    },
    {
        "org_ppa_guid": "5024214314",
        "contract_internal_id": "10000-72_2022_04",
        "internal_id": "10000-72_2022_04",
        "fias": "",
        "address": "ПЕРВЫЙ",
        "room_number": "",
        "gis_premises_id": "",
        "gis_block_id": "",
        "gis_room_id": "",
        "gis_account_id": "",
        "account_number": "10000-72",
        "gis_account_service_id": "",
        "gis_account_unified_number": "",
        "total_square": "",
        "residential_square": "",
        "living_person_number": "",
        "timezone": "",
        "account_identifier": "10000-72_2022_04_2022_04",
        "not_residential": ""
    },
    {
        "org_ppa_guid": "5024214314",
        "contract_internal_id": "10000-73_2022_04",
        "internal_id": "10000-73_2022_04",
        "fias": "",
        "address": "ПЕРВЫЙ",
        "room_number": "",
        "gis_premises_id": "",
        "gis_block_id": "",
        "gis_room_id": "",
        "gis_account_id": "",
        "account_number": "10000-73",
        "gis_account_service_id": "",
        "gis_account_unified_number": "",
        "total_square": "",
        "residential_square": "",
        "living_person_number": "",
        "timezone": "",
        "account_identifier": "10000-73_2022_04_2022_04",
        "not_residential": ""
    },
    {
        "org_ppa_guid": "5024214314",
        "contract_internal_id": "10000-74_2022_04",
        "internal_id": "10000-74_2022_04",
        "fias": "",
        "address": "ПЕРВЫЙ",
        "room_number": "",
        "gis_premises_id": "",
        "gis_block_id": "",
        "gis_room_id": "",
        "gis_account_id": "",
        "account_number": "10000-74",
        "gis_account_service_id": "",
        "gis_account_unified_number": "",
        "total_square": "",
        "residential_square": "",
        "living_person_number": "",
        "timezone": "",
        "account_identifier": "10000-74_2022_04_2022_04",
        "not_residential": ""
    },
    {
        "org_ppa_guid": "5024214314",
        "contract_internal_id": "10000-75_2022_04",
        "internal_id": "10000-75_2022_04",
        "fias": "",
        "address": "ПЕРВЫЙ",
        "room_number": "",
        "gis_premises_id": "",
        "gis_block_id": "",
        "gis_room_id": "",
        "gis_account_id": "",
        "account_number": "10000-75",
        "gis_account_service_id": "",
        "gis_account_unified_number": "",
        "total_square": "",
        "residential_square": "",
        "living_person_number": "",
        "timezone": "",
        "account_identifier": "10000-75_2022_04_2022_04",
        "not_residential": ""
    },
    {
        "org_ppa_guid": "5024214314",
        "contract_internal_id": "10000-76_2022_04",
        "internal_id": "10000-76_2022_04",
        "fias": "",
        "address": "ПЕРВЫЙ",
        "room_number": "",
        "gis_premises_id": "",
        "gis_block_id": "",
        "gis_room_id": "",
        "gis_account_id": "",
        "account_number": "10000-76",
        "gis_account_service_id": "",
        "gis_account_unified_number": "",
        "total_square": "",
        "residential_square": "",
        "living_person_number": "",
        "timezone": "",
        "account_identifier": "10000-76_2022_04_2022_04",
        "not_residential": ""
    },
    {
        "org_ppa_guid": "5024214314",
        "contract_internal_id": "10000-77_2022_04",
        "internal_id": "10000-77_2022_04",
        "fias": "",
        "address": "ПЕРВЫЙ",
        "room_number": "",
        "gis_premises_id": "",
        "gis_block_id": "",
        "gis_room_id": "",
        "gis_account_id": "",
        "account_number": "10000-77",
        "gis_account_service_id": "",
        "gis_account_unified_number": "",
        "total_square": "",
        "residential_square": "",
        "living_person_number": "",
        "timezone": "",
        "account_identifier": "10000-77_2022_04_2022_04",
        "not_residential": ""
    },
    {
        "org_ppa_guid": "5024214314",
        "contract_internal_id": "10000-78_2022_04",
        "internal_id": "10000-78_2022_04",
        "fias": "",
        "address": "ПЕРВЫЙ",
        "room_number": "",
        "gis_premises_id": "",
        "gis_block_id": "",
        "gis_room_id": "",
        "gis_account_id": "",
        "account_number": "10000-78",
        "gis_account_service_id": "",
        "gis_account_unified_number": "",
        "total_square": "",
        "residential_square": "",
        "living_person_number": "",
        "timezone": "",
        "account_identifier": "10000-78_2022_04_2022_04",
        "not_residential": ""
    },
    {
        "org_ppa_guid": "5024214314",
        "contract_internal_id": "10000-79_2022_04",
        "internal_id": "10000-79_2022_04",
        "fias": "",
        "address": "ПЕРВЫЙ",
        "room_number": "",
        "gis_premises_id": "",
        "gis_block_id": "",
        "gis_room_id": "",
        "gis_account_id": "",
        "account_number": "10000-79",
        "gis_account_service_id": "",
        "gis_account_unified_number": "",
        "total_square": "",
        "residential_square": "",
        "living_person_number": "",
        "timezone": "",
        "account_identifier": "10000-79_2022_04_2022_04",
        "not_residential": ""
    },
    {
        "org_ppa_guid": "5024214314",
        "contract_internal_id": "10000-8_2022_04",
        "internal_id": "10000-8_2022_04",
        "fias": "",
        "address": "ПЕРВЫЙ",
        "room_number": "",
        "gis_premises_id": "",
        "gis_block_id": "",
        "gis_room_id": "",
        "gis_account_id": "",
        "account_number": "10000-8",
        "gis_account_service_id": "",
        "gis_account_unified_number": "",
        "total_square": "",
        "residential_square": "",
        "living_person_number": "",
        "timezone": "",
        "account_identifier": "10000-8_2022_04_2022_04",
        "not_residential": ""
    },
    {
        "org_ppa_guid": "5024214314",
        "contract_internal_id": "10000-80_2022_04",
        "internal_id": "10000-80_2022_04",
        "fias": "",
        "address": "ПЕРВЫЙ",
        "room_number": "",
        "gis_premises_id": "",
        "gis_block_id": "",
        "gis_room_id": "",
        "gis_account_id": "",
        "account_number": "10000-80",
        "gis_account_service_id": "",
        "gis_account_unified_number": "",
        "total_square": "",
        "residential_square": "",
        "living_person_number": "",
        "timezone": "",
        "account_identifier": "10000-80_2022_04_2022_04",
        "not_residential": ""
    },
    {
        "org_ppa_guid": "5024214314",
        "contract_internal_id": "10000-81_2022_04",
        "internal_id": "10000-81_2022_04",
        "fias": "",
        "address": "ПЕРВЫЙ",
        "room_number": "",
        "gis_premises_id": "",
        "gis_block_id": "",
        "gis_room_id": "",
        "gis_account_id": "",
        "account_number": "10000-81",
        "gis_account_service_id": "",
        "gis_account_unified_number": "",
        "total_square": "",
        "residential_square": "",
        "living_person_number": "",
        "timezone": "",
        "account_identifier": "10000-81_2022_04_2022_04",
        "not_residential": ""
    },
    {
        "org_ppa_guid": "5024214314",
        "contract_internal_id": "10000-82_2022_04",
        "internal_id": "10000-82_2022_04",
        "fias": "",
        "address": "ПЕРВЫЙ",
        "room_number": "",
        "gis_premises_id": "",
        "gis_block_id": "",
        "gis_room_id": "",
        "gis_account_id": "",
        "account_number": "10000-82",
        "gis_account_service_id": "",
        "gis_account_unified_number": "",
        "total_square": "",
        "residential_square": "",
        "living_person_number": "",
        "timezone": "",
        "account_identifier": "10000-82_2022_04_2022_04",
        "not_residential": ""
    },
    {
        "org_ppa_guid": "5024214314",
        "contract_internal_id": "10000-83_2022_04",
        "internal_id": "10000-83_2022_04",
        "fias": "",
        "address": "ПЕРВЫЙ",
        "room_number": "",
        "gis_premises_id": "",
        "gis_block_id": "",
        "gis_room_id": "",
        "gis_account_id": "",
        "account_number": "10000-83",
        "gis_account_service_id": "",
        "gis_account_unified_number": "",
        "total_square": "",
        "residential_square": "",
        "living_person_number": "",
        "timezone": "",
        "account_identifier": "10000-83_2022_04_2022_04",
        "not_residential": ""
    },
    {
        "org_ppa_guid": "5024214314",
        "contract_internal_id": "10000-84_2022_04",
        "internal_id": "10000-84_2022_04",
        "fias": "",
        "address": "ПЕРВЫЙ",
        "room_number": "",
        "gis_premises_id": "",
        "gis_block_id": "",
        "gis_room_id": "",
        "gis_account_id": "",
        "account_number": "10000-84",
        "gis_account_service_id": "",
        "gis_account_unified_number": "",
        "total_square": "",
        "residential_square": "",
        "living_person_number": "",
        "timezone": "",
        "account_identifier": "10000-84_2022_04_2022_04",
        "not_residential": ""
    },
    {
        "org_ppa_guid": "5024214314",
        "contract_internal_id": "10000-85_2022_04",
        "internal_id": "10000-85_2022_04",
        "fias": "",
        "address": "ПЕРВЫЙ",
        "room_number": "",
        "gis_premises_id": "",
        "gis_block_id": "",
        "gis_room_id": "",
        "gis_account_id": "",
        "account_number": "10000-85",
        "gis_account_service_id": "",
        "gis_account_unified_number": "",
        "total_square": "",
        "residential_square": "",
        "living_person_number": "",
        "timezone": "",
        "account_identifier": "10000-85_2022_04_2022_04",
        "not_residential": ""
    },
    {
        "org_ppa_guid": "5024214314",
        "contract_internal_id": "10000-86_2022_04",
        "internal_id": "10000-86_2022_04",
        "fias": "",
        "address": "ПЕРВЫЙ",
        "room_number": "",
        "gis_premises_id": "",
        "gis_block_id": "",
        "gis_room_id": "",
        "gis_account_id": "",
        "account_number": "10000-86",
        "gis_account_service_id": "",
        "gis_account_unified_number": "",
        "total_square": "",
        "residential_square": "",
        "living_person_number": "",
        "timezone": "",
        "account_identifier": "10000-86_2022_04_2022_04",
        "not_residential": ""
    },
    {
        "org_ppa_guid": "5024214314",
        "contract_internal_id": "10000-87_2022_04",
        "internal_id": "10000-87_2022_04",
        "fias": "",
        "address": "ПЕРВЫЙ",
        "room_number": "",
        "gis_premises_id": "",
        "gis_block_id": "",
        "gis_room_id": "",
        "gis_account_id": "",
        "account_number": "10000-87",
        "gis_account_service_id": "",
        "gis_account_unified_number": "",
        "total_square": "",
        "residential_square": "",
        "living_person_number": "",
        "timezone": "",
        "account_identifier": "10000-87_2022_04_2022_04",
        "not_residential": ""
    },
    {
        "org_ppa_guid": "5024214314",
        "contract_internal_id": "10000-88_2022_04",
        "internal_id": "10000-88_2022_04",
        "fias": "",
        "address": "ПЕРВЫЙ",
        "room_number": "",
        "gis_premises_id": "",
        "gis_block_id": "",
        "gis_room_id": "",
        "gis_account_id": "",
        "account_number": "10000-88",
        "gis_account_service_id": "",
        "gis_account_unified_number": "",
        "total_square": "",
        "residential_square": "",
        "living_person_number": "",
        "timezone": "",
        "account_identifier": "10000-88_2022_04_2022_04",
        "not_residential": ""
    },
    {
        "org_ppa_guid": "5024214314",
        "contract_internal_id": "10000-89_2022_04",
        "internal_id": "10000-89_2022_04",
        "fias": "",
        "address": "ПЕРВЫЙ",
        "room_number": "",
        "gis_premises_id": "",
        "gis_block_id": "",
        "gis_room_id": "",
        "gis_account_id": "",
        "account_number": "10000-89",
        "gis_account_service_id": "",
        "gis_account_unified_number": "",
        "total_square": "",
        "residential_square": "",
        "living_person_number": "",
        "timezone": "",
        "account_identifier": "10000-89_2022_04_2022_04",
        "not_residential": ""
    },
    {
        "org_ppa_guid": "5024214314",
        "contract_internal_id": "10000-9_2022_04",
        "internal_id": "10000-9_2022_04",
        "fias": "",
        "address": "ПЕРВЫЙ",
        "room_number": "",
        "gis_premises_id": "",
        "gis_block_id": "",
        "gis_room_id": "",
        "gis_account_id": "",
        "account_number": "10000-9",
        "gis_account_service_id": "",
        "gis_account_unified_number": "",
        "total_square": "",
        "residential_square": "",
        "living_person_number": "",
        "timezone": "",
        "account_identifier": "10000-9_2022_04_2022_04",
        "not_residential": ""
    },
    {
        "org_ppa_guid": "5024214314",
        "contract_internal_id": "10000-90_2022_04",
        "internal_id": "10000-90_2022_04",
        "fias": "",
        "address": "ПЕРВЫЙ",
        "room_number": "",
        "gis_premises_id": "",
        "gis_block_id": "",
        "gis_room_id": "",
        "gis_account_id": "",
        "account_number": "10000-90",
        "gis_account_service_id": "",
        "gis_account_unified_number": "",
        "total_square": "",
        "residential_square": "",
        "living_person_number": "",
        "timezone": "",
        "account_identifier": "10000-90_2022_04_2022_04",
        "not_residential": ""
    },
    {
        "org_ppa_guid": "5024214314",
        "contract_internal_id": "10000-91_2022_04",
        "internal_id": "10000-91_2022_04",
        "fias": "",
        "address": "ПЕРВЫЙ",
        "room_number": "",
        "gis_premises_id": "",
        "gis_block_id": "",
        "gis_room_id": "",
        "gis_account_id": "",
        "account_number": "10000-91",
        "gis_account_service_id": "",
        "gis_account_unified_number": "",
        "total_square": "",
        "residential_square": "",
        "living_person_number": "",
        "timezone": "",
        "account_identifier": "10000-91_2022_04_2022_04",
        "not_residential": ""
    },
    {
        "org_ppa_guid": "5024214314",
        "contract_internal_id": "10000-92_2022_04",
        "internal_id": "10000-92_2022_04",
        "fias": "",
        "address": "ПЕРВЫЙ",
        "room_number": "",
        "gis_premises_id": "",
        "gis_block_id": "",
        "gis_room_id": "",
        "gis_account_id": "",
        "account_number": "10000-92",
        "gis_account_service_id": "",
        "gis_account_unified_number": "",
        "total_square": "",
        "residential_square": "",
        "living_person_number": "",
        "timezone": "",
        "account_identifier": "10000-92_2022_04_2022_04",
        "not_residential": ""
    },
    {
        "org_ppa_guid": "5024214314",
        "contract_internal_id": "10000-93_2022_04",
        "internal_id": "10000-93_2022_04",
        "fias": "",
        "address": "ПЕРВЫЙ",
        "room_number": "",
        "gis_premises_id": "",
        "gis_block_id": "",
        "gis_room_id": "",
        "gis_account_id": "",
        "account_number": "10000-93",
        "gis_account_service_id": "",
        "gis_account_unified_number": "",
        "total_square": "",
        "residential_square": "",
        "living_person_number": "",
        "timezone": "",
        "account_identifier": "10000-93_2022_04_2022_04",
        "not_residential": ""
    },
    {
        "org_ppa_guid": "5024214314",
        "contract_internal_id": "10000-94_2022_04",
        "internal_id": "10000-94_2022_04",
        "fias": "",
        "address": "ПЕРВЫЙ",
        "room_number": "",
        "gis_premises_id": "",
        "gis_block_id": "",
        "gis_room_id": "",
        "gis_account_id": "",
        "account_number": "10000-94",
        "gis_account_service_id": "",
        "gis_account_unified_number": "",
        "total_square": "",
        "residential_square": "",
        "living_person_number": "",
        "timezone": "",
        "account_identifier": "10000-94_2022_04_2022_04",
        "not_residential": ""
    },
    {
        "org_ppa_guid": "5024214314",
        "contract_internal_id": "10000-95_2022_04",
        "internal_id": "10000-95_2022_04",
        "fias": "",
        "address": "ПЕРВЫЙ",
        "room_number": "",
        "gis_premises_id": "",
        "gis_block_id": "",
        "gis_room_id": "",
        "gis_account_id": "",
        "account_number": "10000-95",
        "gis_account_service_id": "",
        "gis_account_unified_number": "",
        "total_square": "",
        "residential_square": "",
        "living_person_number": "",
        "timezone": "",
        "account_identifier": "10000-95_2022_04_2022_04",
        "not_residential": ""
    },
    {
        "org_ppa_guid": "5024214314",
        "contract_internal_id": "10000-96_2022_04",
        "internal_id": "10000-96_2022_04",
        "fias": "",
        "address": "ПЕРВЫЙ",
        "room_number": "",
        "gis_premises_id": "",
        "gis_block_id": "",
        "gis_room_id": "",
        "gis_account_id": "",
        "account_number": "10000-96",
        "gis_account_service_id": "",
        "gis_account_unified_number": "",
        "total_square": "",
        "residential_square": "",
        "living_person_number": "",
        "timezone": "",
        "account_identifier": "10000-96_2022_04_2022_04",
        "not_residential": ""
    },
    {
        "org_ppa_guid": "5024214314",
        "contract_internal_id": "10000-97_2022_04",
        "internal_id": "10000-97_2022_04",
        "fias": "",
        "address": "ПЕРВЫЙ",
        "room_number": "",
        "gis_premises_id": "",
        "gis_block_id": "",
        "gis_room_id": "",
        "gis_account_id": "",
        "account_number": "10000-97",
        "gis_account_service_id": "",
        "gis_account_unified_number": "",
        "total_square": "",
        "residential_square": "",
        "living_person_number": "",
        "timezone": "",
        "account_identifier": "10000-97_2022_04_2022_04",
        "not_residential": ""
    }
]