[
    {
        "org_ppa_guid": "5024214314",
        "internal_id": "10000-1_2022_01",
        "account_internal_id": "10000-1_2022_01",
        "gis_id": "10000-1_2022_01",
        "month": "01.01.2022",
        "credit": "0.0",
        "saldo": "0.0",
        "payment_value": "0.0",
        "payment_date": "",
        "bill_value": "2639.13",
        "account_number": "",
        "bank_bik": ""
    },
    {
        "org_ppa_guid": "5024214314",
        "internal_id": "10000-10_2022_01",
        "account_internal_id": "10000-10_2022_01",
        "gis_id": "10000-10_2022_01",
        "month": "01.01.2022",
        "credit": "0.0",
        "saldo": "0.0",
        "payment_value": "0.0",
        "payment_date": "",
        "bill_value": "1490.91",
        "account_number": "",
        "bank_bik": ""
    },
    {
        "org_ppa_guid": "5024214314",
        "internal_id": "10000-11_2022_01",
        "account_internal_id": "10000-11_2022_01",
        "gis_id": "10000-11_2022_01",
        "month": "01.01.2022",
        "credit": "0.0",
        "saldo": "0.0",
        "payment_value": "0.0",
        "payment_date": "",
        "bill_value": "1461.01",
        "account_number": "",
        "bank_bik": ""
    },
    {
        "org_ppa_guid": "5024214314",
        "internal_id": "10000-12_2022_01",
        "account_internal_id": "10000-12_2022_01",
        "gis_id": "10000-12_2022_01",
        "month": "01.01.2022",
        "credit": "0.0",
        "saldo": "0.0",
        "payment_value": "0.0",
        "payment_date": "",
        "bill_value": "2165.88",
        "account_number": "",
        "bank_bik": ""
    },
    {
        "org_ppa_guid": "5024214314",
        "internal_id": "10000-13_2022_01",
        "account_internal_id": "10000-13_2022_01",
        "gis_id": "10000-13_2022_01",
        "month": "01.01.2022",
        "credit": "0.0",
        "saldo": "0.0",
        "payment_value": "0.0",
        "payment_date": "",
        "bill_value": "2785.29",
        "account_number": "",
        "bank_bik": ""
    },
    {
        "org_ppa_guid": "5024214314",
        "internal_id": "10000-14_2022_01",
        "account_internal_id": "10000-14_2022_01",
        "gis_id": "10000-14_2022_01",
        "month": "01.01.2022",
        "credit": "0.0",
        "saldo": "0.0",
        "payment_value": "0.0",
        "payment_date": "",
        "bill_value": "2751.13",
        "account_number": "",
        "bank_bik": ""
    },
    {
        "org_ppa_guid": "5024214314",
        "internal_id": "10000-15_2022_01",
        "account_internal_id": "10000-15_2022_01",
        "gis_id": "10000-15_2022_01",
        "month": "01.01.2022",
        "credit": "0.0",
        "saldo": "0.0",
        "payment_value": "0.0",
        "payment_date": "",
        "bill_value": "1818.13",
        "account_number": "",
        "bank_bik": ""
    },
    {
        "org_ppa_guid": "5024214314",
        "internal_id": "10000-16_2022_01",
        "account_internal_id": "10000-16_2022_01",
        "gis_id": "10000-16_2022_01",
        "month": "01.01.2022",
        "credit": "0.0",
        "saldo": "0.0",
        "payment_value": "0.0",
        "payment_date": "",
        "bill_value": "1465.27",
        "account_number": "",
        "bank_bik": ""
    },
    {
        "org_ppa_guid": "5024214314",
        "internal_id": "10000-17_2022_01",
        "account_internal_id": "10000-17_2022_01",
        "gis_id": "10000-17_2022_01",
        "month": "01.01.2022",
        "credit": "0.0",
        "saldo": "0.0",
        "payment_value": "0.0",
        "payment_date": "",
        "bill_value": "1481.16",
        "account_number": "",
        "bank_bik": ""
    },
    {
        "org_ppa_guid": "5024214314",
        "internal_id": "10000-18_2022_01",
        "account_internal_id": "10000-18_2022_01",
        "gis_id": "10000-18_2022_01",
        "month": "01.01.2022",
        "credit": "0.0",
        "saldo": "0.0",
        "payment_value": "0.0",
        "payment_date": "",
        "bill_value": "2932.21",
        "account_number": "",
        "bank_bik": ""
    },
    {
        "org_ppa_guid": "5024214314",
        "internal_id": "10000-19_2022_01",
        "account_internal_id": "10000-19_2022_01",
        "gis_id": "10000-19_2022_01",
        "month": "01.01.2022",
        "credit": "0.0",
        "saldo": "0.0",
        "payment_value": "0.0",
        "payment_date": "",
        "bill_value": "2165.88",
        "account_number": "",
        "bank_bik": ""
    },
    {
        "org_ppa_guid": "5024214314",
        "internal_id": "10000-2_2022_01",
        "account_internal_id": "10000-2_2022_01",
        "gis_id": "10000-2_2022_01",
        "month": "01.01.2022",
        "credit": "0.0",
        "saldo": "0.0",
        "payment_value": "0.0",
        "payment_date": "",
        "bill_value": "2178.69",
        "account_number": "",
        "bank_bik": ""
    },
    {
        "org_ppa_guid": "5024214314",
        "internal_id": "10000-20_2022_01",
        "account_internal_id": "10000-20_2022_01",
        "gis_id": "10000-20_2022_01",
        "month": "01.01.2022",
        "credit": "0.0",
        "saldo": "0.0",
        "payment_value": "0.0",
        "payment_date": "",
        "bill_value": "2785.29",
        "account_number": "",
        "bank_bik": ""
    },
    {
        "org_ppa_guid": "5024214314",
        "internal_id": "10000-21_2022_01",
        "account_internal_id": "10000-21_2022_01",
        "gis_id": "10000-21_2022_01",
        "month": "01.01.2022",
        "credit": "0.0",
        "saldo": "0.0",
        "payment_value": "0.0",
        "payment_date": "",
        "bill_value": "2751.13",
        "account_number": "",
        "bank_bik": ""
    },
    {
        "org_ppa_guid": "5024214314",
        "internal_id": "10000-22_2022_01",
        "account_internal_id": "10000-22_2022_01",
        "gis_id": "10000-22_2022_01",
        "month": "01.01.2022",
        "credit": "0.0",
        "saldo": "0.0",
        "payment_value": "0.0",
        "payment_date": "",
        "bill_value": "2174.43",
        "account_number": "",
        "bank_bik": ""
    },
    {
        "org_ppa_guid": "5024214314",
        "internal_id": "10000-23_2022_01",
        "account_internal_id": "10000-23_2022_01",
        "gis_id": "10000-23_2022_01",
        "month": "01.01.2022",
        "credit": "0.0",
        "saldo": "0.0",
        "payment_value": "0.0",
        "payment_date": "",
        "bill_value": "1465.27",
        "account_number": "",
        "bank_bik": ""
    },
    {
        "org_ppa_guid": "5024214314",
        "internal_id": "10000-24_2022_01",
        "account_internal_id": "10000-24_2022_01",
        "gis_id": "10000-24_2022_01",
        "month": "01.01.2022",
        "credit": "0.0",
        "saldo": "0.0",
        "payment_value": "0.0",
        "payment_date": "",
        "bill_value": "2981.16",
        "account_number": "",
        "bank_bik": ""
    },
    {
        "org_ppa_guid": "5024214314",
        "internal_id": "10000-25_2022_01",
        "account_internal_id": "10000-25_2022_01",
        "gis_id": "10000-25_2022_01",
        "month": "01.01.2022",
        "credit": "0.0",
        "saldo": "0.0",
        "payment_value": "0.0",
        "payment_date": "",
        "bill_value": "4381.74",
        "account_number": "",
        "bank_bik": ""
    },
    {
        "org_ppa_guid": "5024214314",
        "internal_id": "10000-26_2022_01",
        "account_internal_id": "10000-26_2022_01",
        "gis_id": "10000-26_2022_01",
        "month": "01.01.2022",
        "credit": "0.0",
        "saldo": "0.0",
        "payment_value": "0.0",
        "payment_date": "",
        "bill_value": "2165.85",
        "account_number": "",
        "bank_bik": ""
    },
    {
        "org_ppa_guid": "5024214314",
        "internal_id": "10000-27_2022_01",
        "account_internal_id": "10000-27_2022_01",
        "gis_id": "10000-27_2022_01",
        "month": "01.01.2022",
        "credit": "0.0",
        "saldo": "0.0",
        "payment_value": "0.0",
        "payment_date": "",
        "bill_value": "2785.29",
        "account_number": "",
        "bank_bik": ""
    },
    {
        "org_ppa_guid": "5024214314",
        "internal_id": "10000-28_2022_01",
        "account_internal_id": "10000-28_2022_01",
        "gis_id": "10000-28_2022_01",
        "month": "01.01.2022",
        "credit": "0.0",
        "saldo": "0.0",
        "payment_value": "0.0",
        "payment_date": "",
        "bill_value": "2751.13",
        "account_number": "",
        "bank_bik": ""
    },
    {
        "org_ppa_guid": "5024214314",
        "internal_id": "10000-29_2022_01",
        "account_internal_id": "10000-29_2022_01",
        "gis_id": "10000-29_2022_01",
        "month": "01.01.2022",
        "credit": "0.0",
        "saldo": "0.0",
        "payment_value": "0.0",
        "payment_date": "",
        "bill_value": "2174.43",
        "account_number": "",
        "bank_bik": ""
    },
    {
        "org_ppa_guid": "5024214314",
        "internal_id": "10000-3_2022_01",
        "account_internal_id": "10000-3_2022_01",
        "gis_id": "10000-3_2022_01",
        "month": "01.01.2022",
        "credit": "0.0",
        "saldo": "0.0",
        "payment_value": "0.0",
        "payment_date": "",
        "bill_value": "1482.36",
        "account_number": "",
        "bank_bik": ""
    },
    {
        "org_ppa_guid": "5024214314",
        "internal_id": "10000-30_2022_01",
        "account_internal_id": "10000-30_2022_01",
        "gis_id": "10000-30_2022_01",
        "month": "01.01.2022",
        "credit": "0.0",
        "saldo": "0.0",
        "payment_value": "0.0",
        "payment_date": "",
        "bill_value": "1465.27",
        "account_number": "",
        "bank_bik": ""
    },
    {
        "org_ppa_guid": "5024214314",
        "internal_id": "10000-31_2022_01",
        "account_internal_id": "10000-31_2022_01",
        "gis_id": "10000-31_2022_01",
        "month": "01.01.2022",
        "credit": "0.0",
        "saldo": "0.0",
        "payment_value": "0.0",
        "payment_date": "",
        "bill_value": "2591.89",
        "account_number": "",
        "bank_bik": ""
    },
    {
        "org_ppa_guid": "5024214314",
        "internal_id": "10000-32_2022_01",
        "account_internal_id": "10000-32_2022_01",
        "gis_id": "10000-32_2022_01",
        "month": "01.01.2022",
        "credit": "0.0",
        "saldo": "0.0",
        "payment_value": "0.0",
        "payment_date": "",
        "bill_value": "-2078.63",
        "account_number": "",
        "bank_bik": ""
    },
    {
        "org_ppa_guid": "5024214314",
        "internal_id": "10000-33_2022_01",
        "account_internal_id": "10000-33_2022_01",
        "gis_id": "10000-33_2022_01",
        "month": "01.01.2022",
        "credit": "0.0",
        "saldo": "0.0",
        "payment_value": "0.0",
        "payment_date": "",
        "bill_value": "6496.01",
        "account_number": "",
        "bank_bik": ""
    },
    {
        "org_ppa_guid": "5024214314",
        "internal_id": "10000-34_2022_01",
        "account_internal_id": "10000-34_2022_01",
        "gis_id": "10000-34_2022_01",
        "month": "01.01.2022",
        "credit": "0.0",
        "saldo": "0.0",
        "payment_value": "0.0",
        "payment_date": "",
        "bill_value": "2785.29",
        "account_number": "",
        "bank_bik": ""
    },
    {
        "org_ppa_guid": "5024214314",
        "internal_id": "10000-35_2022_01",
        "account_internal_id": "10000-35_2022_01",
        "gis_id": "10000-35_2022_01",
        "month": "01.01.2022",
        "credit": "0.0",
        "saldo": "0.0",
        "payment_value": "0.0",
        "payment_date": "",
        "bill_value": "2793.84",
        "account_number": "",
        "bank_bik": ""
    },
    {
        "org_ppa_guid": "5024214314",
        "internal_id": "10000-36_2022_01",
        "account_internal_id": "10000-36_2022_01",
        "gis_id": "10000-36_2022_01",
        "month": "01.01.2022",
        "credit": "0.0",
        "saldo": "0.0",
        "payment_value": "0.0",
        "payment_date": "",
        "bill_value": "2174.43",
        "account_number": "",
        "bank_bik": ""
    },
    {
        "org_ppa_guid": "5024214314",
        "internal_id": "10000-37_2022_01",
        "account_internal_id": "10000-37_2022_01",
        "gis_id": "10000-37_2022_01",
        "month": "01.01.2022",
        "credit": "0.0",
        "saldo": "0.0",
        "payment_value": "0.0",
        "payment_date": "",
        "bill_value": "1465.27",
        "account_number": "",
        "bank_bik": ""
    },
    {
        "org_ppa_guid": "5024214314",
        "internal_id": "10000-38_2022_01",
        "account_internal_id": "10000-38_2022_01",
        "gis_id": "10000-38_2022_01",
        "month": "01.01.2022",
        "credit": "0.0",
        "saldo": "0.0",
        "payment_value": "0.0",
        "payment_date": "",
        "bill_value": "0.66",
        "account_number": "",
        "bank_bik": ""
    },
    {
        "org_ppa_guid": "5024214314",
        "internal_id": "10000-39_2022_01",
        "account_internal_id": "10000-39_2022_01",
        "gis_id": "10000-39_2022_01",
        "month": "01.01.2022",
        "credit": "0.0",
        "saldo": "0.0",
        "payment_value": "0.0",
        "payment_date": "",
        "bill_value": "1461.01",
        "account_number": "",
        "bank_bik": ""
    },
    {
        "org_ppa_guid": "5024214314",
        "internal_id": "10000-4_2022_01",
        "account_internal_id": "10000-4_2022_01",
        "gis_id": "10000-4_2022_01",
        "month": "01.01.2022",
        "credit": "0.0",
        "saldo": "0.0",
        "payment_value": "0.0",
        "payment_date": "",
        "bill_value": "1499.46",
        "account_number": "",
        "bank_bik": ""
    },
    {
        "org_ppa_guid": "5024214314",
        "internal_id": "10000-40_2022_01",
        "account_internal_id": "10000-40_2022_01",
        "gis_id": "10000-40_2022_01",
        "month": "01.01.2022",
        "credit": "0.0",
        "saldo": "0.0",
        "payment_value": "0.0",
        "payment_date": "",
        "bill_value": "2165.88",
        "account_number": "",
        "bank_bik": ""
    },
    {
        "org_ppa_guid": "5024214314",
        "internal_id": "10000-41_2022_01",
        "account_internal_id": "10000-41_2022_01",
        "gis_id": "10000-41_2022_01",
        "month": "01.01.2022",
        "credit": "0.0",
        "saldo": "0.0",
        "payment_value": "0.0",
        "payment_date": "",
        "bill_value": "5569.37",
        "account_number": "",
        "bank_bik": ""
    },
    {
        "org_ppa_guid": "5024214314",
        "internal_id": "10000-42_2022_01",
        "account_internal_id": "10000-42_2022_01",
        "gis_id": "10000-42_2022_01",
        "month": "01.01.2022",
        "credit": "0.0",
        "saldo": "0.0",
        "payment_value": "0.0",
        "payment_date": "",
        "bill_value": "2751.12",
        "account_number": "",
        "bank_bik": ""
    },
    {
        "org_ppa_guid": "5024214314",
        "internal_id": "10000-43_2022_01",
        "account_internal_id": "10000-43_2022_01",
        "gis_id": "10000-43_2022_01",
        "month": "01.01.2022",
        "credit": "0.0",
        "saldo": "0.0",
        "payment_value": "0.0",
        "payment_date": "",
        "bill_value": "4347.9",
        "account_number": "",
        "bank_bik": ""
    },
    {
        "org_ppa_guid": "5024214314",
        "internal_id": "10000-44_2022_01",
        "account_internal_id": "10000-44_2022_01",
        "gis_id": "10000-44_2022_01",
        "month": "01.01.2022",
        "credit": "0.0",
        "saldo": "0.0",
        "payment_value": "0.0",
        "payment_date": "",
        "bill_value": "1465.27",
        "account_number": "",
        "bank_bik": ""
    },
    {
        "org_ppa_guid": "5024214314",
        "internal_id": "10000-45_2022_01",
        "account_internal_id": "10000-45_2022_01",
        "gis_id": "10000-45_2022_01",
        "month": "01.01.2022",
        "credit": "0.0",
        "saldo": "0.0",
        "payment_value": "0.0",
        "payment_date": "",
        "bill_value": "1490.91",
        "account_number": "",
        "bank_bik": ""
    },
    {
        "org_ppa_guid": "5024214314",
        "internal_id": "10000-46_2022_01",
        "account_internal_id": "10000-46_2022_01",
        "gis_id": "10000-46_2022_01",
        "month": "01.01.2022",
        "credit": "0.0",
        "saldo": "0.0",
        "payment_value": "0.0",
        "payment_date": "",
        "bill_value": "1461.01",
        "account_number": "",
        "bank_bik": ""
    },
    {
        "org_ppa_guid": "5024214314",
        "internal_id": "10000-47_2022_01",
        "account_internal_id": "10000-47_2022_01",
        "gis_id": "10000-47_2022_01",
        "month": "01.01.2022",
        "credit": "0.0",
        "saldo": "0.0",
        "payment_value": "0.0",
        "payment_date": "",
        "bill_value": "2165.88",
        "account_number": "",
        "bank_bik": ""
    },
    {
        "org_ppa_guid": "5024214314",
        "internal_id": "10000-48_2022_01",
        "account_internal_id": "10000-48_2022_01",
        "gis_id": "10000-48_2022_01",
        "month": "01.01.2022",
        "credit": "0.0",
        "saldo": "0.0",
        "payment_value": "0.0",
        "payment_date": "",
        "bill_value": "2926.27",
        "account_number": "",
        "bank_bik": ""
    },
    {
        "org_ppa_guid": "5024214314",
        "internal_id": "10000-49_2022_01",
        "account_internal_id": "10000-49_2022_01",
        "gis_id": "10000-49_2022_01",
        "month": "01.01.2022",
        "credit": "0.0",
        "saldo": "0.0",
        "payment_value": "0.0",
        "payment_date": "",
        "bill_value": "2751.13",
        "account_number": "",
        "bank_bik": ""
    },
    {
        "org_ppa_guid": "5024214314",
        "internal_id": "10000-5_2022_01",
        "account_internal_id": "10000-5_2022_01",
        "gis_id": "10000-5_2022_01",
        "month": "01.01.2022",
        "credit": "0.0",
        "saldo": "0.0",
        "payment_value": "0.0",
        "payment_date": "",
        "bill_value": "6495.75",
        "account_number": "",
        "bank_bik": ""
    },
    {
        "org_ppa_guid": "5024214314",
        "internal_id": "10000-50_2022_01",
        "account_internal_id": "10000-50_2022_01",
        "gis_id": "10000-50_2022_01",
        "month": "01.01.2022",
        "credit": "0.0",
        "saldo": "0.0",
        "payment_value": "0.0",
        "payment_date": "",
        "bill_value": "2174.43",
        "account_number": "",
        "bank_bik": ""
    },
    {
        "org_ppa_guid": "5024214314",
        "internal_id": "10000-51_2022_01",
        "account_internal_id": "10000-51_2022_01",
        "gis_id": "10000-51_2022_01",
        "month": "01.01.2022",
        "credit": "0.0",
        "saldo": "0.0",
        "payment_value": "0.0",
        "payment_date": "",
        "bill_value": "1465.27",
        "account_number": "",
        "bank_bik": ""
    },
    {
        "org_ppa_guid": "5024214314",
        "internal_id": "10000-52_2022_01",
        "account_internal_id": "10000-52_2022_01",
        "gis_id": "10000-52_2022_01",
        "month": "01.01.2022",
        "credit": "0.0",
        "saldo": "0.0",
        "payment_value": "0.0",
        "payment_date": "",
        "bill_value": "1490.91",
        "account_number": "",
        "bank_bik": ""
    },
    {
        "org_ppa_guid": "5024214314",
        "internal_id": "10000-53_2022_01",
        "account_internal_id": "10000-53_2022_01",
        "gis_id": "10000-53_2022_01",
        "month": "01.01.2022",
        "credit": "0.0",
        "saldo": "0.0",
        "payment_value": "0.0",
        "payment_date": "",
        "bill_value": "1461.01",
        "account_number": "",
        "bank_bik": ""
    },
    {
        "org_ppa_guid": "5024214314",
        "internal_id": "10000-54_2022_01",
        "account_internal_id": "10000-54_2022_01",
        "gis_id": "10000-54_2022_01",
        "month": "01.01.2022",
        "credit": "0.0",
        "saldo": "0.0",
        "payment_value": "0.0",
        "payment_date": "",
        "bill_value": "2165.88",
        "account_number": "",
        "bank_bik": ""
    },
    {
        "org_ppa_guid": "5024214314",
        "internal_id": "10000-55_2022_01",
        "account_internal_id": "10000-55_2022_01",
        "gis_id": "10000-55_2022_01",
        "month": "01.01.2022",
        "credit": "0.0",
        "saldo": "0.0",
        "payment_value": "0.0",
        "payment_date": "",
        "bill_value": "2785.29",
        "account_number": "",
        "bank_bik": ""
    },
    {
        "org_ppa_guid": "5024214314",
        "internal_id": "10000-56_2022_01",
        "account_internal_id": "10000-56_2022_01",
        "gis_id": "10000-56_2022_01",
        "month": "01.01.2022",
        "credit": "0.0",
        "saldo": "0.0",
        "payment_value": "0.0",
        "payment_date": "",
        "bill_value": "-178.16",
        "account_number": "",
        "bank_bik": ""
    },
    {
        "org_ppa_guid": "5024214314",
        "internal_id": "10000-57_2022_01",
        "account_internal_id": "10000-57_2022_01",
        "gis_id": "10000-57_2022_01",
        "month": "01.01.2022",
        "credit": "0.0",
        "saldo": "0.0",
        "payment_value": "0.0",
        "payment_date": "",
        "bill_value": "2174.43",
        "account_number": "",
        "bank_bik": ""
    },
    {
        "org_ppa_guid": "5024214314",
        "internal_id": "10000-58_2022_01",
        "account_internal_id": "10000-58_2022_01",
        "gis_id": "10000-58_2022_01",
        "month": "01.01.2022",
        "credit": "0.0",
        "saldo": "0.0",
        "payment_value": "0.0",
        "payment_date": "",
        "bill_value": "1465.27",
        "account_number": "",
        "bank_bik": ""
    },
    {
        "org_ppa_guid": "5024214314",
        "internal_id": "10000-59_2022_01",
        "account_internal_id": "10000-59_2022_01",
        "gis_id": "10000-59_2022_01",
        "month": "01.01.2022",
        "credit": "0.0",
        "saldo": "0.0",
        "payment_value": "0.0",
        "payment_date": "",
        "bill_value": "1490.91",
        "account_number": "",
        "bank_bik": ""
    },
    {
        "org_ppa_guid": "5024214314",
        "internal_id": "10000-6_2022_01",
        "account_internal_id": "10000-6_2022_01",
        "gis_id": "10000-6_2022_01",
        "month": "01.01.2022",
        "credit": "0.0",
        "saldo": "0.0",
        "payment_value": "0.0",
        "payment_date": "",
        "bill_value": "2336.76",
        "account_number": "",
        "bank_bik": ""
    },
    {
        "org_ppa_guid": "5024214314",
        "internal_id": "10000-60_2022_01",
        "account_internal_id": "10000-60_2022_01",
        "gis_id": "10000-60_2022_01",
        "month": "01.01.2022",
        "credit": "0.0",
        "saldo": "0.0",
        "payment_value": "0.0",
        "payment_date": "",
        "bill_value": "1461.01",
        "account_number": "",
        "bank_bik": ""
    },
    {
        "org_ppa_guid": "5024214314",
        "internal_id": "10000-61_2022_01",
        "account_internal_id": "10000-61_2022_01",
        "gis_id": "10000-61_2022_01",
        "month": "01.01.2022",
        "credit": "0.0",
        "saldo": "0.0",
        "payment_value": "0.0",
        "payment_date": "",
        "bill_value": "2165.88",
        "account_number": "",
        "bank_bik": ""
    },
    {
        "org_ppa_guid": "5024214314",
        "internal_id": "10000-62_2022_01",
        "account_internal_id": "10000-62_2022_01",
        "gis_id": "10000-62_2022_01",
        "month": "01.01.2022",
        "credit": "0.0",
        "saldo": "0.0",
        "payment_value": "0.0",
        "payment_date": "",
        "bill_value": "2785.29",
        "account_number": "",
        "bank_bik": ""
    },
    {
        "org_ppa_guid": "5024214314",
        "internal_id": "10000-63_2022_01",
        "account_internal_id": "10000-63_2022_01",
        "gis_id": "10000-63_2022_01",
        "month": "01.01.2022",
        "credit": "0.0",
        "saldo": "0.0",
        "payment_value": "0.0",
        "payment_date": "",
        "bill_value": "2751.13",
        "account_number": "",
        "bank_bik": ""
    },
    {
        "org_ppa_guid": "5024214314",
        "internal_id": "10000-64_2022_01",
        "account_internal_id": "10000-64_2022_01",
        "gis_id": "10000-64_2022_01",
        "month": "01.01.2022",
        "credit": "0.0",
        "saldo": "0.0",
        "payment_value": "0.0",
        "payment_date": "",
        "bill_value": "4347.9",
        "account_number": "",
        "bank_bik": ""
    },
    {
        "org_ppa_guid": "5024214314",
        "internal_id": "10000-65_2022_01",
        "account_internal_id": "10000-65_2022_01",
        "gis_id": "10000-65_2022_01",
        "month": "01.01.2022",
        "credit": "0.0",
        "saldo": "0.0",
        "payment_value": "0.0",
        "payment_date": "",
        "bill_value": "1478.1",
        "account_number": "",
        "bank_bik": ""
    },
    {
        "org_ppa_guid": "5024214314",
        "internal_id": "10000-66_2022_01",
        "account_internal_id": "10000-66_2022_01",
        "gis_id": "10000-66_2022_01",
        "month": "01.01.2022",
        "credit": "0.0",
        "saldo": "0.0",
        "payment_value": "0.0",
        "payment_date": "",
        "bill_value": "2951.57",
        "account_number": "",
        "bank_bik": ""
    },
    {
        "org_ppa_guid": "5024214314",
        "internal_id": "10000-67_2022_01",
        "account_internal_id": "10000-67_2022_01",
        "gis_id": "10000-67_2022_01",
        "month": "01.01.2022",
        "credit": "0.0",
        "saldo": "0.0",
        "payment_value": "0.0",
        "payment_date": "",
        "bill_value": "10.46",
        "account_number": "",
        "bank_bik": ""
    },
    {
        "org_ppa_guid": "5024214314",
        "internal_id": "10000-68_2022_01",
        "account_internal_id": "10000-68_2022_01",
        "gis_id": "10000-68_2022_01",
        "month": "01.01.2022",
        "credit": "0.0",
        "saldo": "0.0",
        "payment_value": "0.0",
        "payment_date": "",
        "bill_value": "8655.15",
        "account_number": "",
        "bank_bik": ""
    },
    {
        "org_ppa_guid": "5024214314",
        "internal_id": "10000-69_2022_01",
        "account_internal_id": "10000-69_2022_01",
        "gis_id": "10000-69_2022_01",
        "month": "01.01.2022",
        "credit": "0.0",
        "saldo": "0.0",
        "payment_value": "0.0",
        "payment_date": "",
        "bill_value": "2785.29",
        "account_number": "",
        "bank_bik": ""
    },
    {
        "org_ppa_guid": "5024214314",
        "internal_id": "10000-7_2022_01",
        "account_internal_id": "10000-7_2022_01",
        "gis_id": "10000-7_2022_01",
        "month": "01.01.2022",
        "credit": "0.0",
        "saldo": "0.0",
        "payment_value": "0.0",
        "payment_date": "",
        "bill_value": "2751.13",
        "account_number": "",
        "bank_bik": ""
    },
    {
        "org_ppa_guid": "5024214314",
        "internal_id": "10000-70_2022_01",
        "account_internal_id": "10000-70_2022_01",
        "gis_id": "10000-70_2022_01",
        "month": "01.01.2022",
        "credit": "0.0",
        "saldo": "0.0",
        "payment_value": "0.0",
        "payment_date": "",
        "bill_value": "2751.13",
        "account_number": "",
        "bank_bik": ""
    },
    {
        "org_ppa_guid": "5024214314",
        "internal_id": "10000-71_2022_01",
        "account_internal_id": "10000-71_2022_01",
        "gis_id": "10000-71_2022_01",
        "month": "01.01.2022",
        "credit": "0.0",
        "saldo": "0.0",
        "payment_value": "0.0",
        "payment_date": "",
        "bill_value": "2174.43",
        "account_number": "",
        "bank_bik": ""
    },
    {
        "org_ppa_guid": "5024214314",
        "internal_id": "10000-72_2022_01",
        "account_internal_id": "10000-72_2022_01",
        "gis_id": "10000-72_2022_01",
        "month": "01.01.2022",
        "credit": "0.0",
        "saldo": "0.0",
        "payment_value": "0.0",
        "payment_date": "",
        "bill_value": "1465.35",
        "account_number": "",
        "bank_bik": ""
    },
    {
        "org_ppa_guid": "5024214314",
        "internal_id": "10000-73_2022_01",
        "account_internal_id": "10000-73_2022_01",
        "gis_id": "10000-73_2022_01",
        "month": "01.01.2022",
        "credit": "0.0",
        "saldo": "0.0",
        "payment_value": "0.0",
        "payment_date": "",
        "bill_value": "5957.87",
        "account_number": "",
        "bank_bik": ""
    },
    {
        "org_ppa_guid": "5024214314",
        "internal_id": "10000-74_2022_01",
        "account_internal_id": "10000-74_2022_01",
        "gis_id": "10000-74_2022_01",
        "month": "01.01.2022",
        "credit": "0.0",
        "saldo": "0.0",
        "payment_value": "0.0",
        "payment_date": "",
        "bill_value": "1461.01",
        "account_number": "",
        "bank_bik": ""
    },
    {
        "org_ppa_guid": "5024214314",
        "internal_id": "10000-75_2022_01",
        "account_internal_id": "10000-75_2022_01",
        "gis_id": "10000-75_2022_01",
        "month": "01.01.2022",
        "credit": "0.0",
        "saldo": "0.0",
        "payment_value": "0.0",
        "payment_date": "",
        "bill_value": "2165.88",
        "account_number": "",
        "bank_bik": ""
    },
    {
        "org_ppa_guid": "5024214314",
        "internal_id": "10000-76_2022_01",
        "account_internal_id": "10000-76_2022_01",
        "gis_id": "10000-76_2022_01",
        "month": "01.01.2022",
        "credit": "0.0",
        "saldo": "0.0",
        "payment_value": "0.0",
        "payment_date": "",
        "bill_value": "3003.18",
        "account_number": "",
        "bank_bik": ""
    },
    {
        "org_ppa_guid": "5024214314",
        "internal_id": "10000-77_2022_01",
        "account_internal_id": "10000-77_2022_01",
        "gis_id": "10000-77_2022_01",
        "month": "01.01.2022",
        "credit": "0.0",
        "saldo": "0.0",
        "payment_value": "0.0",
        "payment_date": "",
        "bill_value": "2751.13",
        "account_number": "",
        "bank_bik": ""
    },
    {
        "org_ppa_guid": "5024214314",
        "internal_id": "10000-78_2022_01",
        "account_internal_id": "10000-78_2022_01",
        "gis_id": "10000-78_2022_01",
        "month": "01.01.2022",
        "credit": "0.0",
        "saldo": "0.0",
        "payment_value": "0.0",
        "payment_date": "",
        "bill_value": "2174.43",
        "account_number": "",
        "bank_bik": ""
    },
    {
        "org_ppa_guid": "5024214314",
        "internal_id": "10000-79_2022_01",
        "account_internal_id": "10000-79_2022_01",
        "gis_id": "10000-79_2022_01",
        "month": "01.01.2022",
        "credit": "0.0",
        "saldo": "0.0",
        "payment_value": "0.0",
        "payment_date": "",
        "bill_value": "1465.27",
        "account_number": "",
        "bank_bik": ""
    },
    {
        "org_ppa_guid": "5024214314",
        "internal_id": "10000-8_2022_01",
        "account_internal_id": "10000-8_2022_01",
        "gis_id": "10000-8_2022_01",
        "month": "01.01.2022",
        "credit": "0.0",
        "saldo": "0.0",
        "payment_value": "0.0",
        "payment_date": "",
        "bill_value": "2174.43",
        "account_number": "",
        "bank_bik": ""
    },
    {
        "org_ppa_guid": "5024214314",
        "internal_id": "10000-80_2022_01",
        "account_internal_id": "10000-80_2022_01",
        "gis_id": "10000-80_2022_01",
        "month": "01.01.2022",
        "credit": "0.0",
        "saldo": "0.0",
        "payment_value": "0.0",
        "payment_date": "",
        "bill_value": "1490.91",
        "account_number": "",
        "bank_bik": ""
    },
    {
        "org_ppa_guid": "5024214314",
        "internal_id": "10000-81_2022_01",
        "account_internal_id": "10000-81_2022_01",
        "gis_id": "10000-81_2022_01",
        "month": "01.01.2022",
        "credit": "0.0",
        "saldo": "0.0",
        "payment_value": "0.0",
        "payment_date": "",
        "bill_value": "1461.01",
        "account_number": "",
        "bank_bik": ""
    },
    {
        "org_ppa_guid": "5024214314",
        "internal_id": "10000-82_2022_01",
        "account_internal_id": "10000-82_2022_01",
        "gis_id": "10000-82_2022_01",
        "month": "01.01.2022",
        "credit": "0.0",
        "saldo": "0.0",
        "payment_value": "0.0",
        "payment_date": "",
        "bill_value": "2165.88",
        "account_number": "",
        "bank_bik": ""
    },
    {
        "org_ppa_guid": "5024214314",
        "internal_id": "10000-83_2022_01",
        "account_internal_id": "10000-83_2022_01",
        "gis_id": "10000-83_2022_01",
        "month": "01.01.2022",
        "credit": "0.0",
        "saldo": "0.0",
        "payment_value": "0.0",
        "payment_date": "",
        "bill_value": "2785.29",
        "account_number": "",
        "bank_bik": ""
    },
    {
        "org_ppa_guid": "5024214314",
        "internal_id": "10000-84_2022_01",
        "account_internal_id": "10000-84_2022_01",
        "gis_id": "10000-84_2022_01",
        "month": "01.01.2022",
        "credit": "0.0",
        "saldo": "0.0",
        "payment_value": "0.0",
        "payment_date": "",
        "bill_value": "2751.13",
        "account_number": "",
        "bank_bik": ""
    },
    {
        "org_ppa_guid": "5024214314",
        "internal_id": "10000-85_2022_01",
        "account_internal_id": "10000-85_2022_01",
        "gis_id": "10000-85_2022_01",
        "month": "01.01.2022",
        "credit": "0.0",
        "saldo": "0.0",
        "payment_value": "0.0",
        "payment_date": "",
        "bill_value": "2174.43",
        "account_number": "",
        "bank_bik": ""
    },
    {
        "org_ppa_guid": "5024214314",
        "internal_id": "10000-86_2022_01",
        "account_internal_id": "10000-86_2022_01",
        "gis_id": "10000-86_2022_01",
        "month": "01.01.2022",
        "credit": "0.0",
        "saldo": "0.0",
        "payment_value": "0.0",
        "payment_date": "",
        "bill_value": "2929.91",
        "account_number": "",
        "bank_bik": ""
    },
    {
        "org_ppa_guid": "5024214314",
        "internal_id": "10000-87_2022_01",
        "account_internal_id": "10000-87_2022_01",
        "gis_id": "10000-87_2022_01",
        "month": "01.01.2022",
        "credit": "0.0",
        "saldo": "0.0",
        "payment_value": "0.0",
        "payment_date": "",
        "bill_value": "2981.16",
        "account_number": "",
        "bank_bik": ""
    },
    {
        "org_ppa_guid": "5024214314",
        "internal_id": "10000-88_2022_01",
        "account_internal_id": "10000-88_2022_01",
        "gis_id": "10000-88_2022_01",
        "month": "01.01.2022",
        "credit": "0.0",
        "saldo": "0.0",
        "payment_value": "0.0",
        "payment_date": "",
        "bill_value": "1461.01",
        "account_number": "",
        "bank_bik": ""
    },
    {
        "org_ppa_guid": "5024214314",
        "internal_id": "10000-89_2022_01",
        "account_internal_id": "10000-89_2022_01",
        "gis_id": "10000-89_2022_01",
        "month": "01.01.2022",
        "credit": "0.0",
        "saldo": "0.0",
        "payment_value": "0.0",
        "payment_date": "",
        "bill_value": "2165.8",
        "account_number": "",
        "bank_bik": ""
    },
    {
        "org_ppa_guid": "5024214314",
        "internal_id": "10000-9_2022_01",
        "account_internal_id": "10000-9_2022_01",
        "gis_id": "10000-9_2022_01",
        "month": "01.01.2022",
        "credit": "0.0",
        "saldo": "0.0",
        "payment_value": "0.0",
        "payment_date": "",
        "bill_value": "1465.27",
        "account_number": "",
        "bank_bik": ""
    },
    {
        "org_ppa_guid": "5024214314",
        "internal_id": "10000-90_2022_01",
        "account_internal_id": "10000-90_2022_01",
        "gis_id": "10000-90_2022_01",
        "month": "01.01.2022",
        "credit": "0.0",
        "saldo": "0.0",
        "payment_value": "0.0",
        "payment_date": "",
        "bill_value": "2785.29",
        "account_number": "",
        "bank_bik": ""
    },
    {
        "org_ppa_guid": "5024214314",
        "internal_id": "10000-91_2022_01",
        "account_internal_id": "10000-91_2022_01",
        "gis_id": "10000-91_2022_01",
        "month": "01.01.2022",
        "credit": "0.0",
        "saldo": "0.0",
        "payment_value": "0.0",
        "payment_date": "",
        "bill_value": "5501.05",
        "account_number": "",
        "bank_bik": ""
    },
    {
        "org_ppa_guid": "5024214314",
        "internal_id": "10000-92_2022_01",
        "account_internal_id": "10000-92_2022_01",
        "gis_id": "10000-92_2022_01",
        "month": "01.01.2022",
        "credit": "0.0",
        "saldo": "0.0",
        "payment_value": "0.0",
        "payment_date": "",
        "bill_value": "2174.43",
        "account_number": "",
        "bank_bik": ""
    },
    {
        "org_ppa_guid": "5024214314",
        "internal_id": "10000-93_2022_01",
        "account_internal_id": "10000-93_2022_01",
        "gis_id": "10000-93_2022_01",
        "month": "01.01.2022",
        "credit": "0.0",
        "saldo": "0.0",
        "payment_value": "0.0",
        "payment_date": "",
        "bill_value": "1465.27",
        "account_number": "",
        "bank_bik": ""
    },
    {
        "org_ppa_guid": "5024214314",
        "internal_id": "10000-94_2022_01",
        "account_internal_id": "10000-94_2022_01",
        "gis_id": "10000-94_2022_01",
        "month": "01.01.2022",
        "credit": "0.0",
        "saldo": "0.0",
        "payment_value": "0.0",
        "payment_date": "",
        "bill_value": "2981.16",
        "account_number": "",
        "bank_bik": ""
    },
    {
        "org_ppa_guid": "5024214314",
        "internal_id": "10000-95_2022_01",
        "account_internal_id": "10000-95_2022_01",
        "gis_id": "10000-95_2022_01",
        "month": "01.01.2022",
        "credit": "0.0",
        "saldo": "0.0",
        "payment_value": "0.0",
        "payment_date": "",
        "bill_value": "2921.37",
        "account_number": "",
        "bank_bik": ""
    },
    {
        "org_ppa_guid": "5024214314",
        "internal_id": "10000-96_2022_01",
        "account_internal_id": "10000-96_2022_01",
        "gis_id": "10000-96_2022_01",
        "month": "01.01.2022",
        "credit": "0.0",
        "saldo": "0.0",
        "payment_value": "0.0",
        "payment_date": "",
        "bill_value": "3629.03",
        "account_number": "",
        "bank_bik": ""
    },
    {
        "org_ppa_guid": "5024214314",
        "internal_id": "10000-97_2022_01",
        "account_internal_id": "10000-97_2022_01",
        "gis_id": "10000-97_2022_01",
        "month": "01.01.2022",
        "credit": "0.0",
        "saldo": "0.0",
        "payment_value": "0.0",
        "payment_date": "",
        "bill_value": "2759.68",
        "account_number": "",
        "bank_bik": ""
    }
]