[
    {
        "org_ppa_guid": "5024214314",
        "internal_id": "10000-1_2021_12",
        "account_internal_id": "10000-1_2021_12",
        "gis_id": "10000-1_2021_12",
        "month": "01.12.2021",
        "credit": "0.0",
        "saldo": "0.0",
        "payment_value": "0.0",
        "payment_date": "",
        "bill_value": "2737.1",
        "account_number": "",
        "bank_bik": ""
    },
    {
        "org_ppa_guid": "5024214314",
        "internal_id": "10000-10_2021_12",
        "account_internal_id": "10000-10_2021_12",
        "gis_id": "10000-10_2021_12",
        "month": "01.12.2021",
        "credit": "0.0",
        "saldo": "0.0",
        "payment_value": "0.0",
        "payment_date": "",
        "bill_value": "1490.25",
        "account_number": "",
        "bank_bik": ""
    },
    {
        "org_ppa_guid": "5024214314",
        "internal_id": "10000-11_2021_12",
        "account_internal_id": "10000-11_2021_12",
        "gis_id": "10000-11_2021_12",
        "month": "01.12.2021",
        "credit": "0.0",
        "saldo": "0.0",
        "payment_value": "0.0",
        "payment_date": "",
        "bill_value": "1460.36",
        "account_number": "",
        "bank_bik": ""
    },
    {
        "org_ppa_guid": "5024214314",
        "internal_id": "10000-12_2021_12",
        "account_internal_id": "10000-12_2021_12",
        "gis_id": "10000-12_2021_12",
        "month": "01.12.2021",
        "credit": "0.0",
        "saldo": "0.0",
        "payment_value": "0.0",
        "payment_date": "",
        "bill_value": "2164.92",
        "account_number": "",
        "bank_bik": ""
    },
    {
        "org_ppa_guid": "5024214314",
        "internal_id": "10000-13_2021_12",
        "account_internal_id": "10000-13_2021_12",
        "gis_id": "10000-13_2021_12",
        "month": "01.12.2021",
        "credit": "0.0",
        "saldo": "0.0",
        "payment_value": "0.0",
        "payment_date": "",
        "bill_value": "2784.08",
        "account_number": "",
        "bank_bik": ""
    },
    {
        "org_ppa_guid": "5024214314",
        "internal_id": "10000-14_2021_12",
        "account_internal_id": "10000-14_2021_12",
        "gis_id": "10000-14_2021_12",
        "month": "01.12.2021",
        "credit": "0.0",
        "saldo": "0.0",
        "payment_value": "0.0",
        "payment_date": "",
        "bill_value": "2749.92",
        "account_number": "",
        "bank_bik": ""
    },
    {
        "org_ppa_guid": "5024214314",
        "internal_id": "10000-15_2021_12",
        "account_internal_id": "10000-15_2021_12",
        "gis_id": "10000-15_2021_12",
        "month": "01.12.2021",
        "credit": "0.0",
        "saldo": "0.0",
        "payment_value": "0.0",
        "payment_date": "",
        "bill_value": "2173.47",
        "account_number": "",
        "bank_bik": ""
    },
    {
        "org_ppa_guid": "5024214314",
        "internal_id": "10000-16_2021_12",
        "account_internal_id": "10000-16_2021_12",
        "gis_id": "10000-16_2021_12",
        "month": "01.12.2021",
        "credit": "0.0",
        "saldo": "0.0",
        "payment_value": "0.0",
        "payment_date": "",
        "bill_value": "1464.64",
        "account_number": "",
        "bank_bik": ""
    },
    {
        "org_ppa_guid": "5024214314",
        "internal_id": "10000-17_2021_12",
        "account_internal_id": "10000-17_2021_12",
        "gis_id": "10000-17_2021_12",
        "month": "01.12.2021",
        "credit": "0.0",
        "saldo": "0.0",
        "payment_value": "0.0",
        "payment_date": "",
        "bill_value": "1490.25",
        "account_number": "",
        "bank_bik": ""
    },
    {
        "org_ppa_guid": "5024214314",
        "internal_id": "10000-18_2021_12",
        "account_internal_id": "10000-18_2021_12",
        "gis_id": "10000-18_2021_12",
        "month": "01.12.2021",
        "credit": "0.0",
        "saldo": "0.0",
        "payment_value": "0.0",
        "payment_date": "",
        "bill_value": "1460.36",
        "account_number": "",
        "bank_bik": ""
    },
    {
        "org_ppa_guid": "5024214314",
        "internal_id": "10000-19_2021_12",
        "account_internal_id": "10000-19_2021_12",
        "gis_id": "10000-19_2021_12",
        "month": "01.12.2021",
        "credit": "0.0",
        "saldo": "0.0",
        "payment_value": "0.0",
        "payment_date": "",
        "bill_value": "2164.92",
        "account_number": "",
        "bank_bik": ""
    },
    {
        "org_ppa_guid": "5024214314",
        "internal_id": "10000-2_2021_12",
        "account_internal_id": "10000-2_2021_12",
        "gis_id": "10000-2_2021_12",
        "month": "01.12.2021",
        "credit": "0.0",
        "saldo": "0.0",
        "payment_value": "0.0",
        "payment_date": "",
        "bill_value": "2177.73",
        "account_number": "",
        "bank_bik": ""
    },
    {
        "org_ppa_guid": "5024214314",
        "internal_id": "10000-20_2021_12",
        "account_internal_id": "10000-20_2021_12",
        "gis_id": "10000-20_2021_12",
        "month": "01.12.2021",
        "credit": "0.0",
        "saldo": "0.0",
        "payment_value": "0.0",
        "payment_date": "",
        "bill_value": "2784.08",
        "account_number": "",
        "bank_bik": ""
    },
    {
        "org_ppa_guid": "5024214314",
        "internal_id": "10000-21_2021_12",
        "account_internal_id": "10000-21_2021_12",
        "gis_id": "10000-21_2021_12",
        "month": "01.12.2021",
        "credit": "0.0",
        "saldo": "0.0",
        "payment_value": "0.0",
        "payment_date": "",
        "bill_value": "2749.92",
        "account_number": "",
        "bank_bik": ""
    },
    {
        "org_ppa_guid": "5024214314",
        "internal_id": "10000-22_2021_12",
        "account_internal_id": "10000-22_2021_12",
        "gis_id": "10000-22_2021_12",
        "month": "01.12.2021",
        "credit": "0.0",
        "saldo": "0.0",
        "payment_value": "0.0",
        "payment_date": "",
        "bill_value": "2173.47",
        "account_number": "",
        "bank_bik": ""
    },
    {
        "org_ppa_guid": "5024214314",
        "internal_id": "10000-23_2021_12",
        "account_internal_id": "10000-23_2021_12",
        "gis_id": "10000-23_2021_12",
        "month": "01.12.2021",
        "credit": "0.0",
        "saldo": "0.0",
        "payment_value": "0.0",
        "payment_date": "",
        "bill_value": "1464.64",
        "account_number": "",
        "bank_bik": ""
    },
    {
        "org_ppa_guid": "5024214314",
        "internal_id": "10000-24_2021_12",
        "account_internal_id": "10000-24_2021_12",
        "gis_id": "10000-24_2021_12",
        "month": "01.12.2021",
        "credit": "0.0",
        "saldo": "0.0",
        "payment_value": "0.0",
        "payment_date": "",
        "bill_value": "1490.25",
        "account_number": "",
        "bank_bik": ""
    },
    {
        "org_ppa_guid": "5024214314",
        "internal_id": "10000-25_2021_12",
        "account_internal_id": "10000-25_2021_12",
        "gis_id": "10000-25_2021_12",
        "month": "01.12.2021",
        "credit": "0.0",
        "saldo": "0.0",
        "payment_value": "0.0",
        "payment_date": "",
        "bill_value": "1460.36",
        "account_number": "",
        "bank_bik": ""
    },
    {
        "org_ppa_guid": "5024214314",
        "internal_id": "10000-26_2021_12",
        "account_internal_id": "10000-26_2021_12",
        "gis_id": "10000-26_2021_12",
        "month": "01.12.2021",
        "credit": "0.0",
        "saldo": "0.0",
        "payment_value": "0.0",
        "payment_date": "",
        "bill_value": "2164.92",
        "account_number": "",
        "bank_bik": ""
    },
    {
        "org_ppa_guid": "5024214314",
        "internal_id": "10000-27_2021_12",
        "account_internal_id": "10000-27_2021_12",
        "gis_id": "10000-27_2021_12",
        "month": "01.12.2021",
        "credit": "0.0",
        "saldo": "0.0",
        "payment_value": "0.0",
        "payment_date": "",
        "bill_value": "2784.08",
        "account_number": "",
        "bank_bik": ""
    },
    {
        "org_ppa_guid": "5024214314",
        "internal_id": "10000-28_2021_12",
        "account_internal_id": "10000-28_2021_12",
        "gis_id": "10000-28_2021_12",
        "month": "01.12.2021",
        "credit": "0.0",
        "saldo": "0.0",
        "payment_value": "0.0",
        "payment_date": "",
        "bill_value": "2749.92",
        "account_number": "",
        "bank_bik": ""
    },
    {
        "org_ppa_guid": "5024214314",
        "internal_id": "10000-29_2021_12",
        "account_internal_id": "10000-29_2021_12",
        "gis_id": "10000-29_2021_12",
        "month": "01.12.2021",
        "credit": "0.0",
        "saldo": "0.0",
        "payment_value": "0.0",
        "payment_date": "",
        "bill_value": "2173.47",
        "account_number": "",
        "bank_bik": ""
    },
    {
        "org_ppa_guid": "5024214314",
        "internal_id": "10000-3_2021_12",
        "account_internal_id": "10000-3_2021_12",
        "gis_id": "10000-3_2021_12",
        "month": "01.12.2021",
        "credit": "0.0",
        "saldo": "0.0",
        "payment_value": "0.0",
        "payment_date": "",
        "bill_value": "1481.72",
        "account_number": "",
        "bank_bik": ""
    },
    {
        "org_ppa_guid": "5024214314",
        "internal_id": "10000-30_2021_12",
        "account_internal_id": "10000-30_2021_12",
        "gis_id": "10000-30_2021_12",
        "month": "01.12.2021",
        "credit": "0.0",
        "saldo": "0.0",
        "payment_value": "0.0",
        "payment_date": "",
        "bill_value": "1464.64",
        "account_number": "",
        "bank_bik": ""
    },
    {
        "org_ppa_guid": "5024214314",
        "internal_id": "10000-31_2021_12",
        "account_internal_id": "10000-31_2021_12",
        "gis_id": "10000-31_2021_12",
        "month": "01.12.2021",
        "credit": "0.0",
        "saldo": "0.0",
        "payment_value": "0.0",
        "payment_date": "",
        "bill_value": "1490.25",
        "account_number": "",
        "bank_bik": ""
    },
    {
        "org_ppa_guid": "5024214314",
        "internal_id": "10000-32_2021_12",
        "account_internal_id": "10000-32_2021_12",
        "gis_id": "10000-32_2021_12",
        "month": "01.12.2021",
        "credit": "0.0",
        "saldo": "0.0",
        "payment_value": "0.0",
        "payment_date": "",
        "bill_value": "1460.36",
        "account_number": "",
        "bank_bik": ""
    },
    {
        "org_ppa_guid": "5024214314",
        "internal_id": "10000-33_2021_12",
        "account_internal_id": "10000-33_2021_12",
        "gis_id": "10000-33_2021_12",
        "month": "01.12.2021",
        "credit": "0.0",
        "saldo": "0.0",
        "payment_value": "0.0",
        "payment_date": "",
        "bill_value": "2164.92",
        "account_number": "",
        "bank_bik": ""
    },
    {
        "org_ppa_guid": "5024214314",
        "internal_id": "10000-34_2021_12",
        "account_internal_id": "10000-34_2021_12",
        "gis_id": "10000-34_2021_12",
        "month": "01.12.2021",
        "credit": "0.0",
        "saldo": "0.0",
        "payment_value": "0.0",
        "payment_date": "",
        "bill_value": "2784.08",
        "account_number": "",
        "bank_bik": ""
    },
    {
        "org_ppa_guid": "5024214314",
        "internal_id": "10000-35_2021_12",
        "account_internal_id": "10000-35_2021_12",
        "gis_id": "10000-35_2021_12",
        "month": "01.12.2021",
        "credit": "0.0",
        "saldo": "0.0",
        "payment_value": "0.0",
        "payment_date": "",
        "bill_value": "2792.61",
        "account_number": "",
        "bank_bik": ""
    },
    {
        "org_ppa_guid": "5024214314",
        "internal_id": "10000-36_2021_12",
        "account_internal_id": "10000-36_2021_12",
        "gis_id": "10000-36_2021_12",
        "month": "01.12.2021",
        "credit": "0.0",
        "saldo": "0.0",
        "payment_value": "0.0",
        "payment_date": "",
        "bill_value": "2173.47",
        "account_number": "",
        "bank_bik": ""
    },
    {
        "org_ppa_guid": "5024214314",
        "internal_id": "10000-37_2021_12",
        "account_internal_id": "10000-37_2021_12",
        "gis_id": "10000-37_2021_12",
        "month": "01.12.2021",
        "credit": "0.0",
        "saldo": "0.0",
        "payment_value": "0.0",
        "payment_date": "",
        "bill_value": "1464.64",
        "account_number": "",
        "bank_bik": ""
    },
    {
        "org_ppa_guid": "5024214314",
        "internal_id": "10000-38_2021_12",
        "account_internal_id": "10000-38_2021_12",
        "gis_id": "10000-38_2021_12",
        "month": "01.12.2021",
        "credit": "0.0",
        "saldo": "0.0",
        "payment_value": "0.0",
        "payment_date": "",
        "bill_value": "1490.25",
        "account_number": "",
        "bank_bik": ""
    },
    {
        "org_ppa_guid": "5024214314",
        "internal_id": "10000-39_2021_12",
        "account_internal_id": "10000-39_2021_12",
        "gis_id": "10000-39_2021_12",
        "month": "01.12.2021",
        "credit": "0.0",
        "saldo": "0.0",
        "payment_value": "0.0",
        "payment_date": "",
        "bill_value": "1460.36",
        "account_number": "",
        "bank_bik": ""
    },
    {
        "org_ppa_guid": "5024214314",
        "internal_id": "10000-4_2021_12",
        "account_internal_id": "10000-4_2021_12",
        "gis_id": "10000-4_2021_12",
        "month": "01.12.2021",
        "credit": "0.0",
        "saldo": "0.0",
        "payment_value": "0.0",
        "payment_date": "",
        "bill_value": "1498.8",
        "account_number": "",
        "bank_bik": ""
    },
    {
        "org_ppa_guid": "5024214314",
        "internal_id": "10000-40_2021_12",
        "account_internal_id": "10000-40_2021_12",
        "gis_id": "10000-40_2021_12",
        "month": "01.12.2021",
        "credit": "0.0",
        "saldo": "0.0",
        "payment_value": "0.0",
        "payment_date": "",
        "bill_value": "2164.92",
        "account_number": "",
        "bank_bik": ""
    },
    {
        "org_ppa_guid": "5024214314",
        "internal_id": "10000-41_2021_12",
        "account_internal_id": "10000-41_2021_12",
        "gis_id": "10000-41_2021_12",
        "month": "01.12.2021",
        "credit": "0.0",
        "saldo": "0.0",
        "payment_value": "0.0",
        "payment_date": "",
        "bill_value": "2784.08",
        "account_number": "",
        "bank_bik": ""
    },
    {
        "org_ppa_guid": "5024214314",
        "internal_id": "10000-42_2021_12",
        "account_internal_id": "10000-42_2021_12",
        "gis_id": "10000-42_2021_12",
        "month": "01.12.2021",
        "credit": "0.0",
        "saldo": "0.0",
        "payment_value": "0.0",
        "payment_date": "",
        "bill_value": "2749.91",
        "account_number": "",
        "bank_bik": ""
    },
    {
        "org_ppa_guid": "5024214314",
        "internal_id": "10000-43_2021_12",
        "account_internal_id": "10000-43_2021_12",
        "gis_id": "10000-43_2021_12",
        "month": "01.12.2021",
        "credit": "0.0",
        "saldo": "0.0",
        "payment_value": "0.0",
        "payment_date": "",
        "bill_value": "2173.47",
        "account_number": "",
        "bank_bik": ""
    },
    {
        "org_ppa_guid": "5024214314",
        "internal_id": "10000-44_2021_12",
        "account_internal_id": "10000-44_2021_12",
        "gis_id": "10000-44_2021_12",
        "month": "01.12.2021",
        "credit": "0.0",
        "saldo": "0.0",
        "payment_value": "0.0",
        "payment_date": "",
        "bill_value": "1464.64",
        "account_number": "",
        "bank_bik": ""
    },
    {
        "org_ppa_guid": "5024214314",
        "internal_id": "10000-45_2021_12",
        "account_internal_id": "10000-45_2021_12",
        "gis_id": "10000-45_2021_12",
        "month": "01.12.2021",
        "credit": "0.0",
        "saldo": "0.0",
        "payment_value": "0.0",
        "payment_date": "",
        "bill_value": "1490.25",
        "account_number": "",
        "bank_bik": ""
    },
    {
        "org_ppa_guid": "5024214314",
        "internal_id": "10000-46_2021_12",
        "account_internal_id": "10000-46_2021_12",
        "gis_id": "10000-46_2021_12",
        "month": "01.12.2021",
        "credit": "0.0",
        "saldo": "0.0",
        "payment_value": "0.0",
        "payment_date": "",
        "bill_value": "1460.36",
        "account_number": "",
        "bank_bik": ""
    },
    {
        "org_ppa_guid": "5024214314",
        "internal_id": "10000-47_2021_12",
        "account_internal_id": "10000-47_2021_12",
        "gis_id": "10000-47_2021_12",
        "month": "01.12.2021",
        "credit": "0.0",
        "saldo": "0.0",
        "payment_value": "0.0",
        "payment_date": "",
        "bill_value": "2164.92",
        "account_number": "",
        "bank_bik": ""
    },
    {
        "org_ppa_guid": "5024214314",
        "internal_id": "10000-48_2021_12",
        "account_internal_id": "10000-48_2021_12",
        "gis_id": "10000-48_2021_12",
        "month": "01.12.2021",
        "credit": "0.0",
        "saldo": "0.0",
        "payment_value": "0.0",
        "payment_date": "",
        "bill_value": "2925.0",
        "account_number": "",
        "bank_bik": ""
    },
    {
        "org_ppa_guid": "5024214314",
        "internal_id": "10000-49_2021_12",
        "account_internal_id": "10000-49_2021_12",
        "gis_id": "10000-49_2021_12",
        "month": "01.12.2021",
        "credit": "0.0",
        "saldo": "0.0",
        "payment_value": "0.0",
        "payment_date": "",
        "bill_value": "2749.92",
        "account_number": "",
        "bank_bik": ""
    },
    {
        "org_ppa_guid": "5024214314",
        "internal_id": "10000-5_2021_12",
        "account_internal_id": "10000-5_2021_12",
        "gis_id": "10000-5_2021_12",
        "month": "01.12.2021",
        "credit": "0.0",
        "saldo": "0.0",
        "payment_value": "0.0",
        "payment_date": "",
        "bill_value": "2164.92",
        "account_number": "",
        "bank_bik": ""
    },
    {
        "org_ppa_guid": "5024214314",
        "internal_id": "10000-50_2021_12",
        "account_internal_id": "10000-50_2021_12",
        "gis_id": "10000-50_2021_12",
        "month": "01.12.2021",
        "credit": "0.0",
        "saldo": "0.0",
        "payment_value": "0.0",
        "payment_date": "",
        "bill_value": "2173.47",
        "account_number": "",
        "bank_bik": ""
    },
    {
        "org_ppa_guid": "5024214314",
        "internal_id": "10000-51_2021_12",
        "account_internal_id": "10000-51_2021_12",
        "gis_id": "10000-51_2021_12",
        "month": "01.12.2021",
        "credit": "0.0",
        "saldo": "0.0",
        "payment_value": "0.0",
        "payment_date": "",
        "bill_value": "1464.64",
        "account_number": "",
        "bank_bik": ""
    },
    {
        "org_ppa_guid": "5024214314",
        "internal_id": "10000-52_2021_12",
        "account_internal_id": "10000-52_2021_12",
        "gis_id": "10000-52_2021_12",
        "month": "01.12.2021",
        "credit": "0.0",
        "saldo": "0.0",
        "payment_value": "0.0",
        "payment_date": "",
        "bill_value": "1490.25",
        "account_number": "",
        "bank_bik": ""
    },
    {
        "org_ppa_guid": "5024214314",
        "internal_id": "10000-53_2021_12",
        "account_internal_id": "10000-53_2021_12",
        "gis_id": "10000-53_2021_12",
        "month": "01.12.2021",
        "credit": "0.0",
        "saldo": "0.0",
        "payment_value": "0.0",
        "payment_date": "",
        "bill_value": "1460.36",
        "account_number": "",
        "bank_bik": ""
    },
    {
        "org_ppa_guid": "5024214314",
        "internal_id": "10000-54_2021_12",
        "account_internal_id": "10000-54_2021_12",
        "gis_id": "10000-54_2021_12",
        "month": "01.12.2021",
        "credit": "0.0",
        "saldo": "0.0",
        "payment_value": "0.0",
        "payment_date": "",
        "bill_value": "2164.92",
        "account_number": "",
        "bank_bik": ""
    },
    {
        "org_ppa_guid": "5024214314",
        "internal_id": "10000-55_2021_12",
        "account_internal_id": "10000-55_2021_12",
        "gis_id": "10000-55_2021_12",
        "month": "01.12.2021",
        "credit": "0.0",
        "saldo": "0.0",
        "payment_value": "0.0",
        "payment_date": "",
        "bill_value": "2784.08",
        "account_number": "",
        "bank_bik": ""
    },
    {
        "org_ppa_guid": "5024214314",
        "internal_id": "10000-56_2021_12",
        "account_internal_id": "10000-56_2021_12",
        "gis_id": "10000-56_2021_12",
        "month": "01.12.2021",
        "credit": "0.0",
        "saldo": "0.0",
        "payment_value": "0.0",
        "payment_date": "",
        "bill_value": "2749.92",
        "account_number": "",
        "bank_bik": ""
    },
    {
        "org_ppa_guid": "5024214314",
        "internal_id": "10000-57_2021_12",
        "account_internal_id": "10000-57_2021_12",
        "gis_id": "10000-57_2021_12",
        "month": "01.12.2021",
        "credit": "0.0",
        "saldo": "0.0",
        "payment_value": "0.0",
        "payment_date": "",
        "bill_value": "2173.47",
        "account_number": "",
        "bank_bik": ""
    },
    {
        "org_ppa_guid": "5024214314",
        "internal_id": "10000-58_2021_12",
        "account_internal_id": "10000-58_2021_12",
        "gis_id": "10000-58_2021_12",
        "month": "01.12.2021",
        "credit": "0.0",
        "saldo": "0.0",
        "payment_value": "0.0",
        "payment_date": "",
        "bill_value": "1464.64",
        "account_number": "",
        "bank_bik": ""
    },
    {
        "org_ppa_guid": "5024214314",
        "internal_id": "10000-59_2021_12",
        "account_internal_id": "10000-59_2021_12",
        "gis_id": "10000-59_2021_12",
        "month": "01.12.2021",
        "credit": "0.0",
        "saldo": "0.0",
        "payment_value": "0.0",
        "payment_date": "",
        "bill_value": "1490.25",
        "account_number": "",
        "bank_bik": ""
    },
    {
        "org_ppa_guid": "5024214314",
        "internal_id": "10000-6_2021_12",
        "account_internal_id": "10000-6_2021_12",
        "gis_id": "10000-6_2021_12",
        "month": "01.12.2021",
        "credit": "0.0",
        "saldo": "0.0",
        "payment_value": "0.0",
        "payment_date": "",
        "bill_value": "2335.74",
        "account_number": "",
        "bank_bik": ""
    },
    {
        "org_ppa_guid": "5024214314",
        "internal_id": "10000-60_2021_12",
        "account_internal_id": "10000-60_2021_12",
        "gis_id": "10000-60_2021_12",
        "month": "01.12.2021",
        "credit": "0.0",
        "saldo": "0.0",
        "payment_value": "0.0",
        "payment_date": "",
        "bill_value": "1460.36",
        "account_number": "",
        "bank_bik": ""
    },
    {
        "org_ppa_guid": "5024214314",
        "internal_id": "10000-61_2021_12",
        "account_internal_id": "10000-61_2021_12",
        "gis_id": "10000-61_2021_12",
        "month": "01.12.2021",
        "credit": "0.0",
        "saldo": "0.0",
        "payment_value": "0.0",
        "payment_date": "",
        "bill_value": "2164.92",
        "account_number": "",
        "bank_bik": ""
    },
    {
        "org_ppa_guid": "5024214314",
        "internal_id": "10000-62_2021_12",
        "account_internal_id": "10000-62_2021_12",
        "gis_id": "10000-62_2021_12",
        "month": "01.12.2021",
        "credit": "0.0",
        "saldo": "0.0",
        "payment_value": "0.0",
        "payment_date": "",
        "bill_value": "2784.08",
        "account_number": "",
        "bank_bik": ""
    },
    {
        "org_ppa_guid": "5024214314",
        "internal_id": "10000-63_2021_12",
        "account_internal_id": "10000-63_2021_12",
        "gis_id": "10000-63_2021_12",
        "month": "01.12.2021",
        "credit": "0.0",
        "saldo": "0.0",
        "payment_value": "0.0",
        "payment_date": "",
        "bill_value": "2749.92",
        "account_number": "",
        "bank_bik": ""
    },
    {
        "org_ppa_guid": "5024214314",
        "internal_id": "10000-64_2021_12",
        "account_internal_id": "10000-64_2021_12",
        "gis_id": "10000-64_2021_12",
        "month": "01.12.2021",
        "credit": "0.0",
        "saldo": "0.0",
        "payment_value": "0.0",
        "payment_date": "",
        "bill_value": "2173.47",
        "account_number": "",
        "bank_bik": ""
    },
    {
        "org_ppa_guid": "5024214314",
        "internal_id": "10000-65_2021_12",
        "account_internal_id": "10000-65_2021_12",
        "gis_id": "10000-65_2021_12",
        "month": "01.12.2021",
        "credit": "0.0",
        "saldo": "0.0",
        "payment_value": "0.0",
        "payment_date": "",
        "bill_value": "1477.45",
        "account_number": "",
        "bank_bik": ""
    },
    {
        "org_ppa_guid": "5024214314",
        "internal_id": "10000-66_2021_12",
        "account_internal_id": "10000-66_2021_12",
        "gis_id": "10000-66_2021_12",
        "month": "01.12.2021",
        "credit": "0.0",
        "saldo": "0.0",
        "payment_value": "0.0",
        "payment_date": "",
        "bill_value": "1490.25",
        "account_number": "",
        "bank_bik": ""
    },
    {
        "org_ppa_guid": "5024214314",
        "internal_id": "10000-67_2021_12",
        "account_internal_id": "10000-67_2021_12",
        "gis_id": "10000-67_2021_12",
        "month": "01.12.2021",
        "credit": "0.0",
        "saldo": "0.0",
        "payment_value": "0.0",
        "payment_date": "",
        "bill_value": "1460.36",
        "account_number": "",
        "bank_bik": ""
    },
    {
        "org_ppa_guid": "5024214314",
        "internal_id": "10000-68_2021_12",
        "account_internal_id": "10000-68_2021_12",
        "gis_id": "10000-68_2021_12",
        "month": "01.12.2021",
        "credit": "0.0",
        "saldo": "0.0",
        "payment_value": "0.0",
        "payment_date": "",
        "bill_value": "2164.92",
        "account_number": "",
        "bank_bik": ""
    },
    {
        "org_ppa_guid": "5024214314",
        "internal_id": "10000-69_2021_12",
        "account_internal_id": "10000-69_2021_12",
        "gis_id": "10000-69_2021_12",
        "month": "01.12.2021",
        "credit": "0.0",
        "saldo": "0.0",
        "payment_value": "0.0",
        "payment_date": "",
        "bill_value": "2784.08",
        "account_number": "",
        "bank_bik": ""
    },
    {
        "org_ppa_guid": "5024214314",
        "internal_id": "10000-7_2021_12",
        "account_internal_id": "10000-7_2021_12",
        "gis_id": "10000-7_2021_12",
        "month": "01.12.2021",
        "credit": "0.0",
        "saldo": "0.0",
        "payment_value": "0.0",
        "payment_date": "",
        "bill_value": "2749.92",
        "account_number": "",
        "bank_bik": ""
    },
    {
        "org_ppa_guid": "5024214314",
        "internal_id": "10000-70_2021_12",
        "account_internal_id": "10000-70_2021_12",
        "gis_id": "10000-70_2021_12",
        "month": "01.12.2021",
        "credit": "0.0",
        "saldo": "0.0",
        "payment_value": "0.0",
        "payment_date": "",
        "bill_value": "2749.92",
        "account_number": "",
        "bank_bik": ""
    },
    {
        "org_ppa_guid": "5024214314",
        "internal_id": "10000-71_2021_12",
        "account_internal_id": "10000-71_2021_12",
        "gis_id": "10000-71_2021_12",
        "month": "01.12.2021",
        "credit": "0.0",
        "saldo": "0.0",
        "payment_value": "0.0",
        "payment_date": "",
        "bill_value": "2173.47",
        "account_number": "",
        "bank_bik": ""
    },
    {
        "org_ppa_guid": "5024214314",
        "internal_id": "10000-72_2021_12",
        "account_internal_id": "10000-72_2021_12",
        "gis_id": "10000-72_2021_12",
        "month": "01.12.2021",
        "credit": "0.0",
        "saldo": "0.0",
        "payment_value": "0.0",
        "payment_date": "",
        "bill_value": "1464.64",
        "account_number": "",
        "bank_bik": ""
    },
    {
        "org_ppa_guid": "5024214314",
        "internal_id": "10000-73_2021_12",
        "account_internal_id": "10000-73_2021_12",
        "gis_id": "10000-73_2021_12",
        "month": "01.12.2021",
        "credit": "0.0",
        "saldo": "0.0",
        "payment_value": "0.0",
        "payment_date": "",
        "bill_value": "1490.25",
        "account_number": "",
        "bank_bik": ""
    },
    {
        "org_ppa_guid": "5024214314",
        "internal_id": "10000-74_2021_12",
        "account_internal_id": "10000-74_2021_12",
        "gis_id": "10000-74_2021_12",
        "month": "01.12.2021",
        "credit": "0.0",
        "saldo": "0.0",
        "payment_value": "0.0",
        "payment_date": "",
        "bill_value": "1460.36",
        "account_number": "",
        "bank_bik": ""
    },
    {
        "org_ppa_guid": "5024214314",
        "internal_id": "10000-75_2021_12",
        "account_internal_id": "10000-75_2021_12",
        "gis_id": "10000-75_2021_12",
        "month": "01.12.2021",
        "credit": "0.0",
        "saldo": "0.0",
        "payment_value": "0.0",
        "payment_date": "",
        "bill_value": "2164.92",
        "account_number": "",
        "bank_bik": ""
    },
    {
        "org_ppa_guid": "5024214314",
        "internal_id": "10000-76_2021_12",
        "account_internal_id": "10000-76_2021_12",
        "gis_id": "10000-76_2021_12",
        "month": "01.12.2021",
        "credit": "0.0",
        "saldo": "0.0",
        "payment_value": "0.0",
        "payment_date": "",
        "bill_value": "3001.86",
        "account_number": "",
        "bank_bik": ""
    },
    {
        "org_ppa_guid": "5024214314",
        "internal_id": "10000-77_2021_12",
        "account_internal_id": "10000-77_2021_12",
        "gis_id": "10000-77_2021_12",
        "month": "01.12.2021",
        "credit": "0.0",
        "saldo": "0.0",
        "payment_value": "0.0",
        "payment_date": "",
        "bill_value": "2749.92",
        "account_number": "",
        "bank_bik": ""
    },
    {
        "org_ppa_guid": "5024214314",
        "internal_id": "10000-78_2021_12",
        "account_internal_id": "10000-78_2021_12",
        "gis_id": "10000-78_2021_12",
        "month": "01.12.2021",
        "credit": "0.0",
        "saldo": "0.0",
        "payment_value": "0.0",
        "payment_date": "",
        "bill_value": "2173.47",
        "account_number": "",
        "bank_bik": ""
    },
    {
        "org_ppa_guid": "5024214314",
        "internal_id": "10000-79_2021_12",
        "account_internal_id": "10000-79_2021_12",
        "gis_id": "10000-79_2021_12",
        "month": "01.12.2021",
        "credit": "0.0",
        "saldo": "0.0",
        "payment_value": "0.0",
        "payment_date": "",
        "bill_value": "1464.64",
        "account_number": "",
        "bank_bik": ""
    },
    {
        "org_ppa_guid": "5024214314",
        "internal_id": "10000-8_2021_12",
        "account_internal_id": "10000-8_2021_12",
        "gis_id": "10000-8_2021_12",
        "month": "01.12.2021",
        "credit": "0.0",
        "saldo": "0.0",
        "payment_value": "0.0",
        "payment_date": "",
        "bill_value": "2173.47",
        "account_number": "",
        "bank_bik": ""
    },
    {
        "org_ppa_guid": "5024214314",
        "internal_id": "10000-80_2021_12",
        "account_internal_id": "10000-80_2021_12",
        "gis_id": "10000-80_2021_12",
        "month": "01.12.2021",
        "credit": "0.0",
        "saldo": "0.0",
        "payment_value": "0.0",
        "payment_date": "",
        "bill_value": "1490.25",
        "account_number": "",
        "bank_bik": ""
    },
    {
        "org_ppa_guid": "5024214314",
        "internal_id": "10000-81_2021_12",
        "account_internal_id": "10000-81_2021_12",
        "gis_id": "10000-81_2021_12",
        "month": "01.12.2021",
        "credit": "0.0",
        "saldo": "0.0",
        "payment_value": "0.0",
        "payment_date": "",
        "bill_value": "1460.36",
        "account_number": "",
        "bank_bik": ""
    },
    {
        "org_ppa_guid": "5024214314",
        "internal_id": "10000-82_2021_12",
        "account_internal_id": "10000-82_2021_12",
        "gis_id": "10000-82_2021_12",
        "month": "01.12.2021",
        "credit": "0.0",
        "saldo": "0.0",
        "payment_value": "0.0",
        "payment_date": "",
        "bill_value": "2164.92",
        "account_number": "",
        "bank_bik": ""
    },
    {
        "org_ppa_guid": "5024214314",
        "internal_id": "10000-83_2021_12",
        "account_internal_id": "10000-83_2021_12",
        "gis_id": "10000-83_2021_12",
        "month": "01.12.2021",
        "credit": "0.0",
        "saldo": "0.0",
        "payment_value": "0.0",
        "payment_date": "",
        "bill_value": "2784.08",
        "account_number": "",
        "bank_bik": ""
    },
    {
        "org_ppa_guid": "5024214314",
        "internal_id": "10000-84_2021_12",
        "account_internal_id": "10000-84_2021_12",
        "gis_id": "10000-84_2021_12",
        "month": "01.12.2021",
        "credit": "0.0",
        "saldo": "0.0",
        "payment_value": "0.0",
        "payment_date": "",
        "bill_value": "2749.92",
        "account_number": "",
        "bank_bik": ""
    },
    {
        "org_ppa_guid": "5024214314",
        "internal_id": "10000-85_2021_12",
        "account_internal_id": "10000-85_2021_12",
        "gis_id": "10000-85_2021_12",
        "month": "01.12.2021",
        "credit": "0.0",
        "saldo": "0.0",
        "payment_value": "0.0",
        "payment_date": "",
        "bill_value": "2173.47",
        "account_number": "",
        "bank_bik": ""
    },
    {
        "org_ppa_guid": "5024214314",
        "internal_id": "10000-86_2021_12",
        "account_internal_id": "10000-86_2021_12",
        "gis_id": "10000-86_2021_12",
        "month": "01.12.2021",
        "credit": "0.0",
        "saldo": "0.0",
        "payment_value": "0.0",
        "payment_date": "",
        "bill_value": "1464.64",
        "account_number": "",
        "bank_bik": ""
    },
    {
        "org_ppa_guid": "5024214314",
        "internal_id": "10000-87_2021_12",
        "account_internal_id": "10000-87_2021_12",
        "gis_id": "10000-87_2021_12",
        "month": "01.12.2021",
        "credit": "0.0",
        "saldo": "0.0",
        "payment_value": "0.0",
        "payment_date": "",
        "bill_value": "1490.25",
        "account_number": "",
        "bank_bik": ""
    },
    {
        "org_ppa_guid": "5024214314",
        "internal_id": "10000-88_2021_12",
        "account_internal_id": "10000-88_2021_12",
        "gis_id": "10000-88_2021_12",
        "month": "01.12.2021",
        "credit": "0.0",
        "saldo": "0.0",
        "payment_value": "0.0",
        "payment_date": "",
        "bill_value": "1460.36",
        "account_number": "",
        "bank_bik": ""
    },
    {
        "org_ppa_guid": "5024214314",
        "internal_id": "10000-89_2021_12",
        "account_internal_id": "10000-89_2021_12",
        "gis_id": "10000-89_2021_12",
        "month": "01.12.2021",
        "credit": "0.0",
        "saldo": "0.0",
        "payment_value": "0.0",
        "payment_date": "",
        "bill_value": "2164.92",
        "account_number": "",
        "bank_bik": ""
    },
    {
        "org_ppa_guid": "5024214314",
        "internal_id": "10000-9_2021_12",
        "account_internal_id": "10000-9_2021_12",
        "gis_id": "10000-9_2021_12",
        "month": "01.12.2021",
        "credit": "0.0",
        "saldo": "0.0",
        "payment_value": "0.0",
        "payment_date": "",
        "bill_value": "1464.64",
        "account_number": "",
        "bank_bik": ""
    },
    {
        "org_ppa_guid": "5024214314",
        "internal_id": "10000-90_2021_12",
        "account_internal_id": "10000-90_2021_12",
        "gis_id": "10000-90_2021_12",
        "month": "01.12.2021",
        "credit": "0.0",
        "saldo": "0.0",
        "payment_value": "0.0",
        "payment_date": "",
        "bill_value": "2784.08",
        "account_number": "",
        "bank_bik": ""
    },
    {
        "org_ppa_guid": "5024214314",
        "internal_id": "10000-91_2021_12",
        "account_internal_id": "10000-91_2021_12",
        "gis_id": "10000-91_2021_12",
        "month": "01.12.2021",
        "credit": "0.0",
        "saldo": "0.0",
        "payment_value": "0.0",
        "payment_date": "",
        "bill_value": "2749.92",
        "account_number": "",
        "bank_bik": ""
    },
    {
        "org_ppa_guid": "5024214314",
        "internal_id": "10000-92_2021_12",
        "account_internal_id": "10000-92_2021_12",
        "gis_id": "10000-92_2021_12",
        "month": "01.12.2021",
        "credit": "0.0",
        "saldo": "0.0",
        "payment_value": "0.0",
        "payment_date": "",
        "bill_value": "2173.47",
        "account_number": "",
        "bank_bik": ""
    },
    {
        "org_ppa_guid": "5024214314",
        "internal_id": "10000-93_2021_12",
        "account_internal_id": "10000-93_2021_12",
        "gis_id": "10000-93_2021_12",
        "month": "01.12.2021",
        "credit": "0.0",
        "saldo": "0.0",
        "payment_value": "0.0",
        "payment_date": "",
        "bill_value": "1464.64",
        "account_number": "",
        "bank_bik": ""
    },
    {
        "org_ppa_guid": "5024214314",
        "internal_id": "10000-94_2021_12",
        "account_internal_id": "10000-94_2021_12",
        "gis_id": "10000-94_2021_12",
        "month": "01.12.2021",
        "credit": "0.0",
        "saldo": "0.0",
        "payment_value": "0.0",
        "payment_date": "",
        "bill_value": "1490.25",
        "account_number": "",
        "bank_bik": ""
    },
    {
        "org_ppa_guid": "5024214314",
        "internal_id": "10000-95_2021_12",
        "account_internal_id": "10000-95_2021_12",
        "gis_id": "10000-95_2021_12",
        "month": "01.12.2021",
        "credit": "0.0",
        "saldo": "0.0",
        "payment_value": "0.0",
        "payment_date": "",
        "bill_value": "1460.36",
        "account_number": "",
        "bank_bik": ""
    },
    {
        "org_ppa_guid": "5024214314",
        "internal_id": "10000-96_2021_12",
        "account_internal_id": "10000-96_2021_12",
        "gis_id": "10000-96_2021_12",
        "month": "01.12.2021",
        "credit": "0.0",
        "saldo": "0.0",
        "payment_value": "0.0",
        "payment_date": "",
        "bill_value": "2160.65",
        "account_number": "",
        "bank_bik": ""
    },
    {
        "org_ppa_guid": "5024214314",
        "internal_id": "10000-97_2021_12",
        "account_internal_id": "10000-97_2021_12",
        "gis_id": "10000-97_2021_12",
        "month": "01.12.2021",
        "credit": "0.0",
        "saldo": "0.0",
        "payment_value": "0.0",
        "payment_date": "",
        "bill_value": "2758.47",
        "account_number": "",
        "bank_bik": ""
    }
]