[
    {
        "org_ppa_guid": "5024214314",
        "internal_id": "10000-1_2022_04",
        "pp_internal_id": "10000-1_2022_04",
        "calc_value": "2737.02",
        "tariff": "",
        "service_internal_id": "Услуги",
        "rr": "",
        "recalculation": "",
        "accounting_period_total": "2737.02"
    },
    {
        "org_ppa_guid": "5024214314",
        "internal_id": "10000-10_2022_04",
        "pp_internal_id": "10000-10_2022_04",
        "calc_value": "1490.21",
        "tariff": "",
        "service_internal_id": "Услуги",
        "rr": "",
        "recalculation": "",
        "accounting_period_total": "1490.21"
    },
    {
        "org_ppa_guid": "5024214314",
        "internal_id": "10000-11_2022_04",
        "pp_internal_id": "10000-11_2022_04",
        "calc_value": "1460.32",
        "tariff": "",
        "service_internal_id": "Услуги",
        "rr": "",
        "recalculation": "",
        "accounting_period_total": "1460.32"
    },
    {
        "org_ppa_guid": "5024214314",
        "internal_id": "10000-12_2022_04",
        "pp_internal_id": "10000-12_2022_04",
        "calc_value": "2164.86",
        "tariff": "",
        "service_internal_id": "Услуги",
        "rr": "",
        "recalculation": "",
        "accounting_period_total": "2164.86"
    },
    {
        "org_ppa_guid": "5024214314",
        "internal_id": "10000-13_2022_04",
        "pp_internal_id": "10000-13_2022_04",
        "calc_value": "2783.98",
        "tariff": "",
        "service_internal_id": "Услуги",
        "rr": "",
        "recalculation": "",
        "accounting_period_total": "2783.98"
    },
    {
        "org_ppa_guid": "5024214314",
        "internal_id": "10000-14_2022_04",
        "pp_internal_id": "10000-14_2022_04",
        "calc_value": "2749.84",
        "tariff": "",
        "service_internal_id": "Услуги",
        "rr": "",
        "recalculation": "",
        "accounting_period_total": "2749.84"
    },
    {
        "org_ppa_guid": "5024214314",
        "internal_id": "10000-15_2022_04",
        "pp_internal_id": "10000-15_2022_04",
        "calc_value": "1817.11",
        "tariff": "",
        "service_internal_id": "Услуги",
        "rr": "",
        "recalculation": "",
        "accounting_period_total": "1817.11"
    },
    {
        "org_ppa_guid": "5024214314",
        "internal_id": "10000-16_2022_04",
        "pp_internal_id": "10000-16_2022_04",
        "calc_value": "1464.58",
        "tariff": "",
        "service_internal_id": "Услуги",
        "rr": "",
        "recalculation": "",
        "accounting_period_total": "1464.58"
    },
    {
        "org_ppa_guid": "5024214314",
        "internal_id": "10000-17_2022_04",
        "pp_internal_id": "10000-17_2022_04",
        "calc_value": "1490.21",
        "tariff": "",
        "service_internal_id": "Услуги",
        "rr": "",
        "recalculation": "",
        "accounting_period_total": "1490.21"
    },
    {
        "org_ppa_guid": "5024214314",
        "internal_id": "10000-18_2022_04",
        "pp_internal_id": "10000-18_2022_04",
        "calc_value": "1460.32",
        "tariff": "",
        "service_internal_id": "Услуги",
        "rr": "",
        "recalculation": "",
        "accounting_period_total": "1460.32"
    },
    {
        "org_ppa_guid": "5024214314",
        "internal_id": "10000-19_2022_04",
        "pp_internal_id": "10000-19_2022_04",
        "calc_value": "2146.86",
        "tariff": "",
        "service_internal_id": "Услуги",
        "rr": "",
        "recalculation": "",
        "accounting_period_total": "2146.86"
    },
    {
        "org_ppa_guid": "5024214314",
        "internal_id": "10000-2_2022_04",
        "pp_internal_id": "10000-2_2022_04",
        "calc_value": "2177.67",
        "tariff": "",
        "service_internal_id": "Услуги",
        "rr": "",
        "recalculation": "",
        "accounting_period_total": "2177.67"
    },
    {
        "org_ppa_guid": "5024214314",
        "internal_id": "10000-20_2022_04",
        "pp_internal_id": "10000-20_2022_04",
        "calc_value": "2783.98",
        "tariff": "",
        "service_internal_id": "Услуги",
        "rr": "",
        "recalculation": "",
        "accounting_period_total": "2783.98"
    },
    {
        "org_ppa_guid": "5024214314",
        "internal_id": "10000-21_2022_04",
        "pp_internal_id": "10000-21_2022_04",
        "calc_value": "2749.84",
        "tariff": "",
        "service_internal_id": "Услуги",
        "rr": "",
        "recalculation": "",
        "accounting_period_total": "2749.84"
    },
    {
        "org_ppa_guid": "5024214314",
        "internal_id": "10000-22_2022_04",
        "pp_internal_id": "10000-22_2022_04",
        "calc_value": "2173.41",
        "tariff": "",
        "service_internal_id": "Услуги",
        "rr": "",
        "recalculation": "",
        "accounting_period_total": "2173.41"
    },
    {
        "org_ppa_guid": "5024214314",
        "internal_id": "10000-23_2022_04",
        "pp_internal_id": "10000-23_2022_04",
        "calc_value": "1463.89",
        "tariff": "",
        "service_internal_id": "Услуги",
        "rr": "",
        "recalculation": "",
        "accounting_period_total": "1463.89"
    },
    {
        "org_ppa_guid": "5024214314",
        "internal_id": "10000-24_2022_04",
        "pp_internal_id": "10000-24_2022_04",
        "calc_value": "2980.42",
        "tariff": "",
        "service_internal_id": "Услуги",
        "rr": "",
        "recalculation": "",
        "accounting_period_total": "2980.42"
    },
    {
        "org_ppa_guid": "5024214314",
        "internal_id": "10000-25_2022_04",
        "pp_internal_id": "10000-25_2022_04",
        "calc_value": "2920.64",
        "tariff": "",
        "service_internal_id": "Услуги",
        "rr": "",
        "recalculation": "",
        "accounting_period_total": "2920.64"
    },
    {
        "org_ppa_guid": "5024214314",
        "internal_id": "10000-26_2022_04",
        "pp_internal_id": "10000-26_2022_04",
        "calc_value": "2164.86",
        "tariff": "",
        "service_internal_id": "Услуги",
        "rr": "",
        "recalculation": "",
        "accounting_period_total": "2164.86"
    },
    {
        "org_ppa_guid": "5024214314",
        "internal_id": "10000-27_2022_04",
        "pp_internal_id": "10000-27_2022_04",
        "calc_value": "2783.98",
        "tariff": "",
        "service_internal_id": "Услуги",
        "rr": "",
        "recalculation": "",
        "accounting_period_total": "2783.98"
    },
    {
        "org_ppa_guid": "5024214314",
        "internal_id": "10000-29_2022_04",
        "pp_internal_id": "10000-29_2022_04",
        "calc_value": "1817.11",
        "tariff": "",
        "service_internal_id": "Услуги",
        "rr": "",
        "recalculation": "",
        "accounting_period_total": "1817.11"
    },
    {
        "org_ppa_guid": "5024214314",
        "internal_id": "10000-3_2022_04",
        "pp_internal_id": "10000-3_2022_04",
        "calc_value": "1481.66",
        "tariff": "",
        "service_internal_id": "Услуги",
        "rr": "",
        "recalculation": "",
        "accounting_period_total": "1481.66"
    },
    {
        "org_ppa_guid": "5024214314",
        "internal_id": "10000-30_2022_04",
        "pp_internal_id": "10000-30_2022_04",
        "calc_value": "1464.58",
        "tariff": "",
        "service_internal_id": "Услуги",
        "rr": "",
        "recalculation": "",
        "accounting_period_total": "1464.58"
    },
    {
        "org_ppa_guid": "5024214314",
        "internal_id": "10000-34_2022_04",
        "pp_internal_id": "10000-34_2022_04",
        "calc_value": "2783.98",
        "tariff": "",
        "service_internal_id": "Услуги",
        "rr": "",
        "recalculation": "",
        "accounting_period_total": "2783.98"
    },
    {
        "org_ppa_guid": "5024214314",
        "internal_id": "10000-35_2022_04",
        "pp_internal_id": "10000-35_2022_04",
        "calc_value": "2792.53",
        "tariff": "",
        "service_internal_id": "Услуги",
        "rr": "",
        "recalculation": "",
        "accounting_period_total": "2792.53"
    },
    {
        "org_ppa_guid": "5024214314",
        "internal_id": "10000-37_2022_04",
        "pp_internal_id": "10000-37_2022_04",
        "calc_value": "1464.58",
        "tariff": "",
        "service_internal_id": "Услуги",
        "rr": "",
        "recalculation": "",
        "accounting_period_total": "1464.58"
    },
    {
        "org_ppa_guid": "5024214314",
        "internal_id": "10000-38_2022_04",
        "pp_internal_id": "10000-38_2022_04",
        "calc_value": "1490.21",
        "tariff": "",
        "service_internal_id": "Услуги",
        "rr": "",
        "recalculation": "",
        "accounting_period_total": "1490.21"
    },
    {
        "org_ppa_guid": "5024214314",
        "internal_id": "10000-4_2022_04",
        "pp_internal_id": "10000-4_2022_04",
        "calc_value": "1498.76",
        "tariff": "",
        "service_internal_id": "Услуги",
        "rr": "",
        "recalculation": "",
        "accounting_period_total": "1498.76"
    },
    {
        "org_ppa_guid": "5024214314",
        "internal_id": "10000-40_2022_04",
        "pp_internal_id": "10000-40_2022_04",
        "calc_value": "2165.86",
        "tariff": "",
        "service_internal_id": "Услуги",
        "rr": "",
        "recalculation": "",
        "accounting_period_total": "2165.86"
    },
    {
        "org_ppa_guid": "5024214314",
        "internal_id": "10000-42_2022_04",
        "pp_internal_id": "10000-42_2022_04",
        "calc_value": "2749.83",
        "tariff": "",
        "service_internal_id": "Услуги",
        "rr": "",
        "recalculation": "",
        "accounting_period_total": "2749.83"
    },
    {
        "org_ppa_guid": "5024214314",
        "internal_id": "10000-44_2022_04",
        "pp_internal_id": "10000-44_2022_04",
        "calc_value": "1462.43",
        "tariff": "",
        "service_internal_id": "Услуги",
        "rr": "",
        "recalculation": "",
        "accounting_period_total": "1462.43"
    },
    {
        "org_ppa_guid": "5024214314",
        "internal_id": "10000-46_2022_04",
        "pp_internal_id": "10000-46_2022_04",
        "calc_value": "1460.32",
        "tariff": "",
        "service_internal_id": "Услуги",
        "rr": "",
        "recalculation": "",
        "accounting_period_total": "1460.32"
    },
    {
        "org_ppa_guid": "5024214314",
        "internal_id": "10000-47_2022_04",
        "pp_internal_id": "10000-47_2022_04",
        "calc_value": "4329.72",
        "tariff": "",
        "service_internal_id": "Услуги",
        "rr": "",
        "recalculation": "",
        "accounting_period_total": "4329.72"
    },
    {
        "org_ppa_guid": "5024214314",
        "internal_id": "10000-48_2022_04",
        "pp_internal_id": "10000-48_2022_04",
        "calc_value": "2924.9",
        "tariff": "",
        "service_internal_id": "Услуги",
        "rr": "",
        "recalculation": "",
        "accounting_period_total": "2924.9"
    },
    {
        "org_ppa_guid": "5024214314",
        "internal_id": "10000-49_2022_04",
        "pp_internal_id": "10000-49_2022_04",
        "calc_value": "2749.84",
        "tariff": "",
        "service_internal_id": "Услуги",
        "rr": "",
        "recalculation": "",
        "accounting_period_total": "2749.84"
    },
    {
        "org_ppa_guid": "5024214314",
        "internal_id": "10000-50_2022_04",
        "pp_internal_id": "10000-50_2022_04",
        "calc_value": "2173.41",
        "tariff": "",
        "service_internal_id": "Услуги",
        "rr": "",
        "recalculation": "",
        "accounting_period_total": "2173.41"
    },
    {
        "org_ppa_guid": "5024214314",
        "internal_id": "10000-51_2022_04",
        "pp_internal_id": "10000-51_2022_04",
        "calc_value": "1464.58",
        "tariff": "",
        "service_internal_id": "Услуги",
        "rr": "",
        "recalculation": "",
        "accounting_period_total": "1464.58"
    },
    {
        "org_ppa_guid": "5024214314",
        "internal_id": "10000-52_2022_04",
        "pp_internal_id": "10000-52_2022_04",
        "calc_value": "1490.21",
        "tariff": "",
        "service_internal_id": "Услуги",
        "rr": "",
        "recalculation": "",
        "accounting_period_total": "1490.21"
    },
    {
        "org_ppa_guid": "5024214314",
        "internal_id": "10000-53_2022_04",
        "pp_internal_id": "10000-53_2022_04",
        "calc_value": "1460.32",
        "tariff": "",
        "service_internal_id": "Услуги",
        "rr": "",
        "recalculation": "",
        "accounting_period_total": "1460.32"
    },
    {
        "org_ppa_guid": "5024214314",
        "internal_id": "10000-54_2022_04",
        "pp_internal_id": "10000-54_2022_04",
        "calc_value": "2164.86",
        "tariff": "",
        "service_internal_id": "Услуги",
        "rr": "",
        "recalculation": "",
        "accounting_period_total": "2164.86"
    },
    {
        "org_ppa_guid": "5024214314",
        "internal_id": "10000-55_2022_04",
        "pp_internal_id": "10000-55_2022_04",
        "calc_value": "2783.98",
        "tariff": "",
        "service_internal_id": "Услуги",
        "rr": "",
        "recalculation": "",
        "accounting_period_total": "2783.98"
    },
    {
        "org_ppa_guid": "5024214314",
        "internal_id": "10000-56_2022_04",
        "pp_internal_id": "10000-56_2022_04",
        "calc_value": "2749.84",
        "tariff": "",
        "service_internal_id": "Услуги",
        "rr": "",
        "recalculation": "",
        "accounting_period_total": "2749.84"
    },
    {
        "org_ppa_guid": "5024214314",
        "internal_id": "10000-57_2022_04",
        "pp_internal_id": "10000-57_2022_04",
        "calc_value": "2173.41",
        "tariff": "",
        "service_internal_id": "Услуги",
        "rr": "",
        "recalculation": "",
        "accounting_period_total": "2173.41"
    },
    {
        "org_ppa_guid": "5024214314",
        "internal_id": "10000-58_2022_04",
        "pp_internal_id": "10000-58_2022_04",
        "calc_value": "1464.58",
        "tariff": "",
        "service_internal_id": "Услуги",
        "rr": "",
        "recalculation": "",
        "accounting_period_total": "1464.58"
    },
    {
        "org_ppa_guid": "5024214314",
        "internal_id": "10000-59_2022_04",
        "pp_internal_id": "10000-59_2022_04",
        "calc_value": "1490.21",
        "tariff": "",
        "service_internal_id": "Услуги",
        "rr": "",
        "recalculation": "",
        "accounting_period_total": "1490.21"
    },
    {
        "org_ppa_guid": "5024214314",
        "internal_id": "10000-6_2022_04",
        "pp_internal_id": "10000-6_2022_04",
        "calc_value": "2335.66",
        "tariff": "",
        "service_internal_id": "Услуги",
        "rr": "",
        "recalculation": "",
        "accounting_period_total": "2335.66"
    },
    {
        "org_ppa_guid": "5024214314",
        "internal_id": "10000-60_2022_04",
        "pp_internal_id": "10000-60_2022_04",
        "calc_value": "1460.32",
        "tariff": "",
        "service_internal_id": "Услуги",
        "rr": "",
        "recalculation": "",
        "accounting_period_total": "1460.32"
    },
    {
        "org_ppa_guid": "5024214314",
        "internal_id": "10000-61_2022_04",
        "pp_internal_id": "10000-61_2022_04",
        "calc_value": "2164.86",
        "tariff": "",
        "service_internal_id": "Услуги",
        "rr": "",
        "recalculation": "",
        "accounting_period_total": "2164.86"
    },
    {
        "org_ppa_guid": "5024214314",
        "internal_id": "10000-62_2022_04",
        "pp_internal_id": "10000-62_2022_04",
        "calc_value": "2783.98",
        "tariff": "",
        "service_internal_id": "Услуги",
        "rr": "",
        "recalculation": "",
        "accounting_period_total": "2783.98"
    },
    {
        "org_ppa_guid": "5024214314",
        "internal_id": "10000-63_2022_04",
        "pp_internal_id": "10000-63_2022_04",
        "calc_value": "2749.84",
        "tariff": "",
        "service_internal_id": "Услуги",
        "rr": "",
        "recalculation": "",
        "accounting_period_total": "2749.84"
    },
    {
        "org_ppa_guid": "5024214314",
        "internal_id": "10000-64_2022_04",
        "pp_internal_id": "10000-64_2022_04",
        "calc_value": "2173.41",
        "tariff": "",
        "service_internal_id": "Услуги",
        "rr": "",
        "recalculation": "",
        "accounting_period_total": "2173.41"
    },
    {
        "org_ppa_guid": "5024214314",
        "internal_id": "10000-65_2022_04",
        "pp_internal_id": "10000-65_2022_04",
        "calc_value": "1477.41",
        "tariff": "",
        "service_internal_id": "Услуги",
        "rr": "",
        "recalculation": "",
        "accounting_period_total": "1477.41"
    },
    {
        "org_ppa_guid": "5024214314",
        "internal_id": "10000-67_2022_04",
        "pp_internal_id": "10000-67_2022_04",
        "calc_value": "2931.1",
        "tariff": "",
        "service_internal_id": "Услуги",
        "rr": "",
        "recalculation": "",
        "accounting_period_total": "2931.1"
    },
    {
        "org_ppa_guid": "5024214314",
        "internal_id": "10000-69_2022_04",
        "pp_internal_id": "10000-69_2022_04",
        "calc_value": "2783.98",
        "tariff": "",
        "service_internal_id": "Услуги",
        "rr": "",
        "recalculation": "",
        "accounting_period_total": "2783.98"
    },
    {
        "org_ppa_guid": "5024214314",
        "internal_id": "10000-7_2022_04",
        "pp_internal_id": "10000-7_2022_04",
        "calc_value": "2749.84",
        "tariff": "",
        "service_internal_id": "Услуги",
        "rr": "",
        "recalculation": "",
        "accounting_period_total": "2749.84"
    },
    {
        "org_ppa_guid": "5024214314",
        "internal_id": "10000-70_2022_04",
        "pp_internal_id": "10000-70_2022_04",
        "calc_value": "2749.84",
        "tariff": "",
        "service_internal_id": "Услуги",
        "rr": "",
        "recalculation": "",
        "accounting_period_total": "2749.84"
    },
    {
        "org_ppa_guid": "5024214314",
        "internal_id": "10000-71_2022_04",
        "pp_internal_id": "10000-71_2022_04",
        "calc_value": "2173.41",
        "tariff": "",
        "service_internal_id": "Услуги",
        "rr": "",
        "recalculation": "",
        "accounting_period_total": "2173.41"
    },
    {
        "org_ppa_guid": "5024214314",
        "internal_id": "10000-72_2022_04",
        "pp_internal_id": "10000-72_2022_04",
        "calc_value": "1464.58",
        "tariff": "",
        "service_internal_id": "Услуги",
        "rr": "",
        "recalculation": "",
        "accounting_period_total": "1464.58"
    },
    {
        "org_ppa_guid": "5024214314",
        "internal_id": "10000-73_2022_04",
        "pp_internal_id": "10000-73_2022_04",
        "calc_value": "2980.42",
        "tariff": "",
        "service_internal_id": "Услуги",
        "rr": "",
        "recalculation": "",
        "accounting_period_total": "2980.42"
    },
    {
        "org_ppa_guid": "5024214314",
        "internal_id": "10000-74_2022_04",
        "pp_internal_id": "10000-74_2022_04",
        "calc_value": "1460.32",
        "tariff": "",
        "service_internal_id": "Услуги",
        "rr": "",
        "recalculation": "",
        "accounting_period_total": "1460.32"
    },
    {
        "org_ppa_guid": "5024214314",
        "internal_id": "10000-76_2022_04",
        "pp_internal_id": "10000-76_2022_04",
        "calc_value": "3001.78",
        "tariff": "",
        "service_internal_id": "Услуги",
        "rr": "",
        "recalculation": "",
        "accounting_period_total": "3001.78"
    },
    {
        "org_ppa_guid": "5024214314",
        "internal_id": "10000-77_2022_04",
        "pp_internal_id": "10000-77_2022_04",
        "calc_value": "2749.84",
        "tariff": "",
        "service_internal_id": "Услуги",
        "rr": "",
        "recalculation": "",
        "accounting_period_total": "2749.84"
    },
    {
        "org_ppa_guid": "5024214314",
        "internal_id": "10000-78_2022_04",
        "pp_internal_id": "10000-78_2022_04",
        "calc_value": "2173.41",
        "tariff": "",
        "service_internal_id": "Услуги",
        "rr": "",
        "recalculation": "",
        "accounting_period_total": "2173.41"
    },
    {
        "org_ppa_guid": "5024214314",
        "internal_id": "10000-80_2022_04",
        "pp_internal_id": "10000-80_2022_04",
        "calc_value": "1490.21",
        "tariff": "",
        "service_internal_id": "Услуги",
        "rr": "",
        "recalculation": "",
        "accounting_period_total": "1490.21"
    },
    {
        "org_ppa_guid": "5024214314",
        "internal_id": "10000-81_2022_04",
        "pp_internal_id": "10000-81_2022_04",
        "calc_value": "1460.32",
        "tariff": "",
        "service_internal_id": "Услуги",
        "rr": "",
        "recalculation": "",
        "accounting_period_total": "1460.32"
    },
    {
        "org_ppa_guid": "5024214314",
        "internal_id": "10000-82_2022_04",
        "pp_internal_id": "10000-82_2022_04",
        "calc_value": "2164.86",
        "tariff": "",
        "service_internal_id": "Услуги",
        "rr": "",
        "recalculation": "",
        "accounting_period_total": "2164.86"
    },
    {
        "org_ppa_guid": "5024214314",
        "internal_id": "10000-83_2022_04",
        "pp_internal_id": "10000-83_2022_04",
        "calc_value": "2783.98",
        "tariff": "",
        "service_internal_id": "Услуги",
        "rr": "",
        "recalculation": "",
        "accounting_period_total": "2783.98"
    },
    {
        "org_ppa_guid": "5024214314",
        "internal_id": "10000-84_2022_04",
        "pp_internal_id": "10000-84_2022_04",
        "calc_value": "2749.84",
        "tariff": "",
        "service_internal_id": "Услуги",
        "rr": "",
        "recalculation": "",
        "accounting_period_total": "2749.84"
    },
    {
        "org_ppa_guid": "5024214314",
        "internal_id": "10000-85_2022_04",
        "pp_internal_id": "10000-85_2022_04",
        "calc_value": "2173.41",
        "tariff": "",
        "service_internal_id": "Услуги",
        "rr": "",
        "recalculation": "",
        "accounting_period_total": "2173.41"
    },
    {
        "org_ppa_guid": "5024214314",
        "internal_id": "10000-86_2022_04",
        "pp_internal_id": "10000-86_2022_04",
        "calc_value": "2929.91",
        "tariff": "",
        "service_internal_id": "Услуги",
        "rr": "",
        "recalculation": "",
        "accounting_period_total": "2929.91"
    },
    {
        "org_ppa_guid": "5024214314",
        "internal_id": "10000-88_2022_04",
        "pp_internal_id": "10000-88_2022_04",
        "calc_value": "1460.32",
        "tariff": "",
        "service_internal_id": "Услуги",
        "rr": "",
        "recalculation": "",
        "accounting_period_total": "1460.32"
    },
    {
        "org_ppa_guid": "5024214314",
        "internal_id": "10000-89_2022_04",
        "pp_internal_id": "10000-89_2022_04",
        "calc_value": "2165.52",
        "tariff": "",
        "service_internal_id": "Услуги",
        "rr": "",
        "recalculation": "",
        "accounting_period_total": "2165.52"
    },
    {
        "org_ppa_guid": "5024214314",
        "internal_id": "10000-9_2022_04",
        "pp_internal_id": "10000-9_2022_04",
        "calc_value": "1464.58",
        "tariff": "",
        "service_internal_id": "Услуги",
        "rr": "",
        "recalculation": "",
        "accounting_period_total": "1464.58"
    },
    {
        "org_ppa_guid": "5024214314",
        "internal_id": "10000-90_2022_04",
        "pp_internal_id": "10000-90_2022_04",
        "calc_value": "2783.98",
        "tariff": "",
        "service_internal_id": "Услуги",
        "rr": "",
        "recalculation": "",
        "accounting_period_total": "2783.98"
    },
    {
        "org_ppa_guid": "5024214314",
        "internal_id": "10000-92_2022_04",
        "pp_internal_id": "10000-92_2022_04",
        "calc_value": "2173.41",
        "tariff": "",
        "service_internal_id": "Услуги",
        "rr": "",
        "recalculation": "",
        "accounting_period_total": "2173.41"
    },
    {
        "org_ppa_guid": "5024214314",
        "internal_id": "10000-94_2022_04",
        "pp_internal_id": "10000-94_2022_04",
        "calc_value": "2981.12",
        "tariff": "",
        "service_internal_id": "Услуги",
        "rr": "",
        "recalculation": "",
        "accounting_period_total": "2981.12"
    },
    {
        "org_ppa_guid": "5024214314",
        "internal_id": "10000-95_2022_04",
        "pp_internal_id": "10000-95_2022_04",
        "calc_value": "1460.32",
        "tariff": "",
        "service_internal_id": "Услуги",
        "rr": "",
        "recalculation": "",
        "accounting_period_total": "1460.32"
    },
    {
        "org_ppa_guid": "5024214314",
        "internal_id": "10000-96_2022_04",
        "pp_internal_id": "10000-96_2022_04",
        "calc_value": "2160.59",
        "tariff": "",
        "service_internal_id": "Услуги",
        "rr": "",
        "recalculation": "",
        "accounting_period_total": "2160.59"
    },
    {
        "org_ppa_guid": "5024214314",
        "internal_id": "10000-97_2022_04",
        "pp_internal_id": "10000-97_2022_04",
        "calc_value": "2758.39",
        "tariff": "",
        "service_internal_id": "Услуги",
        "rr": "",
        "recalculation": "",
        "accounting_period_total": "349839.33"
    }
]