[
    {
        "org_ppa_guid": "5408182388",
        "internal_id": "42_2022_04",
        "account_internal_id": "42_2022_04",
        "gis_id": "42_2022_04",
        "month": "01.04.2022",
        "credit": "42.0",
        "saldo": "42.0",
        "payment_value": "42.0",
        "payment_date": "01.04.2022",
        "bill_value": "",
        "account_number": "",
        "bank_bik": ""
    },
    {
        "org_ppa_guid": "5408182388",
        "internal_id": "01_2022_04",
        "account_internal_id": "01_2022_04",
        "gis_id": "01_2022_04",
        "month": "01.04.2022",
        "credit": "6502.16",
        "saldo": "8285.48",
        "payment_value": "6503.0",
        "payment_date": "01.04.2022",
        "bill_value": "",
        "account_number": "",
        "bank_bik": ""
    },
    {
        "org_ppa_guid": "5408182388",
        "internal_id": "02_2022_04",
        "account_internal_id": "02_2022_04",
        "gis_id": "02_2022_04",
        "month": "01.04.2022",
        "credit": "5916.98",
        "saldo": "5748.32",
        "payment_value": "5916.98",
        "payment_date": "01.04.2022",
        "bill_value": "",
        "account_number": "",
        "bank_bik": ""
    },
    {
        "org_ppa_guid": "5408182388",
        "internal_id": "03_2022_04",
        "account_internal_id": "03_2022_04",
        "gis_id": "03_2022_04",
        "month": "01.04.2022",
        "credit": "31740.85",
        "saldo": "12634.97",
        "payment_value": "27820.0",
        "payment_date": "01.04.2022",
        "bill_value": "",
        "account_number": "",
        "bank_bik": ""
    },
    {
        "org_ppa_guid": "5408182388",
        "internal_id": "04_2022_04",
        "account_internal_id": "04_2022_04",
        "gis_id": "04_2022_04",
        "month": "01.04.2022",
        "credit": "15812.27",
        "saldo": "25346.79",
        "payment_value": "42.0",
        "payment_date": "01.04.2022",
        "bill_value": "",
        "account_number": "",
        "bank_bik": ""
    },
    {
        "org_ppa_guid": "5408182388",
        "internal_id": "05_2022_04",
        "account_internal_id": "05_2022_04",
        "gis_id": "05_2022_04",
        "month": "01.04.2022",
        "credit": "6703.03",
        "saldo": "4896.68",
        "payment_value": "6703.03",
        "payment_date": "01.04.2022",
        "bill_value": "",
        "account_number": "",
        "bank_bik": ""
    },
    {
        "org_ppa_guid": "5408182388",
        "internal_id": "06_2022_04",
        "account_internal_id": "06_2022_04",
        "gis_id": "06_2022_04",
        "month": "01.04.2022",
        "credit": "-259.86",
        "saldo": "-75.48",
        "payment_value": "7650.0",
        "payment_date": "01.04.2022",
        "bill_value": "",
        "account_number": "",
        "bank_bik": ""
    },
    {
        "org_ppa_guid": "5408182388",
        "internal_id": "07_2022_04",
        "account_internal_id": "07_2022_04",
        "gis_id": "07_2022_04",
        "month": "01.04.2022",
        "credit": "7077.35",
        "saldo": "6461.85",
        "payment_value": "7077.35",
        "payment_date": "01.04.2022",
        "bill_value": "",
        "account_number": "",
        "bank_bik": ""
    },
    {
        "org_ppa_guid": "5408182388",
        "internal_id": "08_2022_04",
        "account_internal_id": "08_2022_04",
        "gis_id": "08_2022_04",
        "month": "01.04.2022",
        "credit": "-5016.96",
        "saldo": "194.39",
        "payment_value": "42.0",
        "payment_date": "01.04.2022",
        "bill_value": "",
        "account_number": "",
        "bank_bik": ""
    },
    {
        "org_ppa_guid": "5408182388",
        "internal_id": "09_2022_04",
        "account_internal_id": "09_2022_04",
        "gis_id": "09_2022_04",
        "month": "01.04.2022",
        "credit": "9438.53",
        "saldo": "12774.89",
        "payment_value": "8118.35",
        "payment_date": "01.04.2022",
        "bill_value": "",
        "account_number": "",
        "bank_bik": ""
    },
    {
        "org_ppa_guid": "5408182388",
        "internal_id": "10_2022_04",
        "account_internal_id": "10_2022_04",
        "gis_id": "10_2022_04",
        "month": "01.04.2022",
        "credit": "8614.27",
        "saldo": "8013.18",
        "payment_value": "8614.27",
        "payment_date": "01.04.2022",
        "bill_value": "",
        "account_number": "",
        "bank_bik": ""
    },
    {
        "org_ppa_guid": "5408182388",
        "internal_id": "101_2022_04",
        "account_internal_id": "101_2022_04",
        "gis_id": "101_2022_04",
        "month": "01.04.2022",
        "credit": "42.0",
        "saldo": "42.0",
        "payment_value": "42.0",
        "payment_date": "01.04.2022",
        "bill_value": "",
        "account_number": "",
        "bank_bik": ""
    },
    {
        "org_ppa_guid": "5408182388",
        "internal_id": "101.1_2022_04",
        "account_internal_id": "101.1_2022_04",
        "gis_id": "101.1_2022_04",
        "month": "01.04.2022",
        "credit": "42.0",
        "saldo": "42.0",
        "payment_value": "42.0",
        "payment_date": "01.04.2022",
        "bill_value": "",
        "account_number": "",
        "bank_bik": ""
    },
    {
        "org_ppa_guid": "5408182388",
        "internal_id": "101.2_2022_04",
        "account_internal_id": "101.2_2022_04",
        "gis_id": "101.2_2022_04",
        "month": "01.04.2022",
        "credit": "-0.01",
        "saldo": "-0.01",
        "payment_value": "42.0",
        "payment_date": "01.04.2022",
        "bill_value": "",
        "account_number": "",
        "bank_bik": ""
    },
    {
        "org_ppa_guid": "5408182388",
        "internal_id": "101.3_2022_04",
        "account_internal_id": "101.3_2022_04",
        "gis_id": "101.3_2022_04",
        "month": "01.04.2022",
        "credit": "2445.7",
        "saldo": "2636.4",
        "payment_value": "2445.7",
        "payment_date": "01.04.2022",
        "bill_value": "",
        "account_number": "",
        "bank_bik": ""
    },
    {
        "org_ppa_guid": "5408182388",
        "internal_id": "102_2022_04",
        "account_internal_id": "102_2022_04",
        "gis_id": "102_2022_04",
        "month": "01.04.2022",
        "credit": "5582.89",
        "saldo": "11129.76",
        "payment_value": "42.0",
        "payment_date": "01.04.2022",
        "bill_value": "",
        "account_number": "",
        "bank_bik": ""
    },
    {
        "org_ppa_guid": "5408182388",
        "internal_id": "103_2022_04",
        "account_internal_id": "103_2022_04",
        "gis_id": "103_2022_04",
        "month": "01.04.2022",
        "credit": "35317.03",
        "saldo": "28349.82",
        "payment_value": "39223.08",
        "payment_date": "01.04.2022",
        "bill_value": "",
        "account_number": "",
        "bank_bik": ""
    },
    {
        "org_ppa_guid": "5408182388",
        "internal_id": "105_2022_04",
        "account_internal_id": "105_2022_04",
        "gis_id": "105_2022_04",
        "month": "01.04.2022",
        "credit": "20126.25",
        "saldo": "18407.79",
        "payment_value": "5374.48",
        "payment_date": "01.04.2022",
        "bill_value": "",
        "account_number": "",
        "bank_bik": ""
    },
    {
        "org_ppa_guid": "5408182388",
        "internal_id": "11_2022_04",
        "account_internal_id": "11_2022_04",
        "gis_id": "11_2022_04",
        "month": "01.04.2022",
        "credit": "5250.12",
        "saldo": "4825.42",
        "payment_value": "5250.12",
        "payment_date": "01.04.2022",
        "bill_value": "",
        "account_number": "",
        "bank_bik": ""
    },
    {
        "org_ppa_guid": "5408182388",
        "internal_id": "12_2022_04",
        "account_internal_id": "12_2022_04",
        "gis_id": "12_2022_04",
        "month": "01.04.2022",
        "credit": "7556.85",
        "saldo": "10540.92",
        "payment_value": "7766.79",
        "payment_date": "01.04.2022",
        "bill_value": "",
        "account_number": "",
        "bank_bik": ""
    },
    {
        "org_ppa_guid": "5408182388",
        "internal_id": "13_2022_04",
        "account_internal_id": "13_2022_04",
        "gis_id": "13_2022_04",
        "month": "01.04.2022",
        "credit": "9088.35",
        "saldo": "8536.4",
        "payment_value": "9088.35",
        "payment_date": "01.04.2022",
        "bill_value": "",
        "account_number": "",
        "bank_bik": ""
    },
    {
        "org_ppa_guid": "5408182388",
        "internal_id": "14_2022_04",
        "account_internal_id": "14_2022_04",
        "gis_id": "14_2022_04",
        "month": "01.04.2022",
        "credit": "8232.27",
        "saldo": "8135.51",
        "payment_value": "8232.27",
        "payment_date": "01.04.2022",
        "bill_value": "",
        "account_number": "",
        "bank_bik": ""
    },
    {
        "org_ppa_guid": "5408182388",
        "internal_id": "15_2022_04",
        "account_internal_id": "15_2022_04",
        "gis_id": "15_2022_04",
        "month": "01.04.2022",
        "credit": "6946.34",
        "saldo": "6377.41",
        "payment_value": "6946.34",
        "payment_date": "01.04.2022",
        "bill_value": "",
        "account_number": "",
        "bank_bik": ""
    },
    {
        "org_ppa_guid": "5408182388",
        "internal_id": "16_2022_04",
        "account_internal_id": "16_2022_04",
        "gis_id": "16_2022_04",
        "month": "01.04.2022",
        "credit": "31991.87",
        "saldo": "37314.54",
        "payment_value": "8966.07",
        "payment_date": "01.04.2022",
        "bill_value": "",
        "account_number": "",
        "bank_bik": ""
    },
    {
        "org_ppa_guid": "5408182388",
        "internal_id": "17_2022_04",
        "account_internal_id": "17_2022_04",
        "gis_id": "17_2022_04",
        "month": "01.04.2022",
        "credit": "9548.84",
        "saldo": "18621.35",
        "payment_value": "42.0",
        "payment_date": "01.04.2022",
        "bill_value": "",
        "account_number": "",
        "bank_bik": ""
    },
    {
        "org_ppa_guid": "5408182388",
        "internal_id": "18_2022_04",
        "account_internal_id": "18_2022_04",
        "gis_id": "18_2022_04",
        "month": "01.04.2022",
        "credit": "-16530.14",
        "saldo": "-10230.1",
        "payment_value": "42.0",
        "payment_date": "01.04.2022",
        "bill_value": "",
        "account_number": "",
        "bank_bik": ""
    },
    {
        "org_ppa_guid": "5408182388",
        "internal_id": "19_2022_04",
        "account_internal_id": "19_2022_04",
        "gis_id": "19_2022_04",
        "month": "01.04.2022",
        "credit": "7778.02",
        "saldo": "6901.78",
        "payment_value": "7778.02",
        "payment_date": "01.04.2022",
        "bill_value": "",
        "account_number": "",
        "bank_bik": ""
    },
    {
        "org_ppa_guid": "5408182388",
        "internal_id": "20_2022_04",
        "account_internal_id": "20_2022_04",
        "gis_id": "20_2022_04",
        "month": "01.04.2022",
        "credit": "6830.82",
        "saldo": "7393.03",
        "payment_value": "6830.82",
        "payment_date": "01.04.2022",
        "bill_value": "",
        "account_number": "",
        "bank_bik": ""
    },
    {
        "org_ppa_guid": "5408182388",
        "internal_id": "21_2022_04",
        "account_internal_id": "21_2022_04",
        "gis_id": "21_2022_04",
        "month": "01.04.2022",
        "credit": "7475.78",
        "saldo": "6927.09",
        "payment_value": "7475.78",
        "payment_date": "01.04.2022",
        "bill_value": "",
        "account_number": "",
        "bank_bik": ""
    },
    {
        "org_ppa_guid": "5408182388",
        "internal_id": "22_2022_04",
        "account_internal_id": "22_2022_04",
        "gis_id": "22_2022_04",
        "month": "01.04.2022",
        "credit": "40726.87",
        "saldo": "45191.63",
        "payment_value": "42.0",
        "payment_date": "01.04.2022",
        "bill_value": "",
        "account_number": "",
        "bank_bik": ""
    },
    {
        "org_ppa_guid": "5408182388",
        "internal_id": "23_2022_04",
        "account_internal_id": "23_2022_04",
        "gis_id": "23_2022_04",
        "month": "01.04.2022",
        "credit": "9237.54",
        "saldo": "8246.2",
        "payment_value": "9237.54",
        "payment_date": "01.04.2022",
        "bill_value": "",
        "account_number": "",
        "bank_bik": ""
    },
    {
        "org_ppa_guid": "5408182388",
        "internal_id": "24_2022_04",
        "account_internal_id": "24_2022_04",
        "gis_id": "24_2022_04",
        "month": "01.04.2022",
        "credit": "10479.12",
        "saldo": "10495.42",
        "payment_value": "10479.12",
        "payment_date": "01.04.2022",
        "bill_value": "",
        "account_number": "",
        "bank_bik": ""
    },
    {
        "org_ppa_guid": "5408182388",
        "internal_id": "25_2022_04",
        "account_internal_id": "25_2022_04",
        "gis_id": "25_2022_04",
        "month": "01.04.2022",
        "credit": "5169.91",
        "saldo": "4617.48",
        "payment_value": "5169.91",
        "payment_date": "01.04.2022",
        "bill_value": "",
        "account_number": "",
        "bank_bik": ""
    },
    {
        "org_ppa_guid": "5408182388",
        "internal_id": "26_2022_04",
        "account_internal_id": "26_2022_04",
        "gis_id": "26_2022_04",
        "month": "01.04.2022",
        "credit": "9122.2",
        "saldo": "6423.51",
        "payment_value": "9122.2",
        "payment_date": "01.04.2022",
        "bill_value": "",
        "account_number": "",
        "bank_bik": ""
    },
    {
        "org_ppa_guid": "5408182388",
        "internal_id": "27_2022_04",
        "account_internal_id": "27_2022_04",
        "gis_id": "27_2022_04",
        "month": "01.04.2022",
        "credit": "9375.49",
        "saldo": "8875.09",
        "payment_value": "9375.49",
        "payment_date": "01.04.2022",
        "bill_value": "",
        "account_number": "",
        "bank_bik": ""
    },
    {
        "org_ppa_guid": "5408182388",
        "internal_id": "28_2022_04",
        "account_internal_id": "28_2022_04",
        "gis_id": "28_2022_04",
        "month": "01.04.2022",
        "credit": "18939.88",
        "saldo": "30525.2",
        "payment_value": "42.0",
        "payment_date": "01.04.2022",
        "bill_value": "",
        "account_number": "",
        "bank_bik": ""
    },
    {
        "org_ppa_guid": "5408182388",
        "internal_id": "29_2022_04",
        "account_internal_id": "29_2022_04",
        "gis_id": "29_2022_04",
        "month": "01.04.2022",
        "credit": "5603.99",
        "saldo": "5046.93",
        "payment_value": "5603.99",
        "payment_date": "01.04.2022",
        "bill_value": "",
        "account_number": "",
        "bank_bik": ""
    },
    {
        "org_ppa_guid": "5408182388",
        "internal_id": "30_2022_04",
        "account_internal_id": "30_2022_04",
        "gis_id": "30_2022_04",
        "month": "01.04.2022",
        "credit": "12334.34",
        "saldo": "10874.39",
        "payment_value": "12127.71",
        "payment_date": "01.04.2022",
        "bill_value": "",
        "account_number": "",
        "bank_bik": ""
    },
    {
        "org_ppa_guid": "5408182388",
        "internal_id": "31_2022_04",
        "account_internal_id": "31_2022_04",
        "gis_id": "31_2022_04",
        "month": "01.04.2022",
        "credit": "10261.17",
        "saldo": "9629.85",
        "payment_value": "10491.55",
        "payment_date": "01.04.2022",
        "bill_value": "",
        "account_number": "",
        "bank_bik": ""
    },
    {
        "org_ppa_guid": "5408182388",
        "internal_id": "32_2022_04",
        "account_internal_id": "32_2022_04",
        "gis_id": "32_2022_04",
        "month": "01.04.2022",
        "credit": "47711.22",
        "saldo": "52738.74",
        "payment_value": "42.0",
        "payment_date": "01.04.2022",
        "bill_value": "",
        "account_number": "",
        "bank_bik": ""
    },
    {
        "org_ppa_guid": "5408182388",
        "internal_id": "32-33_2022_04",
        "account_internal_id": "32-33_2022_04",
        "gis_id": "32-33_2022_04",
        "month": "01.04.2022",
        "credit": "42.0",
        "saldo": "42.0",
        "payment_value": "42.0",
        "payment_date": "01.04.2022",
        "bill_value": "",
        "account_number": "",
        "bank_bik": ""
    },
    {
        "org_ppa_guid": "5408182388",
        "internal_id": "33_2022_04",
        "account_internal_id": "33_2022_04",
        "gis_id": "33_2022_04",
        "month": "01.04.2022",
        "credit": "6986.6",
        "saldo": "6327.14",
        "payment_value": "6986.6",
        "payment_date": "01.04.2022",
        "bill_value": "",
        "account_number": "",
        "bank_bik": ""
    },
    {
        "org_ppa_guid": "5408182388",
        "internal_id": "34_2022_04",
        "account_internal_id": "34_2022_04",
        "gis_id": "34_2022_04",
        "month": "01.04.2022",
        "credit": "14407.71",
        "saldo": "8827.36",
        "payment_value": "14407.71",
        "payment_date": "01.04.2022",
        "bill_value": "",
        "account_number": "",
        "bank_bik": ""
    },
    {
        "org_ppa_guid": "5408182388",
        "internal_id": "35_2022_04",
        "account_internal_id": "35_2022_04",
        "gis_id": "35_2022_04",
        "month": "01.04.2022",
        "credit": "9133.3",
        "saldo": "8309.65",
        "payment_value": "9625.74",
        "payment_date": "01.04.2022",
        "bill_value": "",
        "account_number": "",
        "bank_bik": ""
    },
    {
        "org_ppa_guid": "5408182388",
        "internal_id": "36_2022_04",
        "account_internal_id": "36_2022_04",
        "gis_id": "36_2022_04",
        "month": "01.04.2022",
        "credit": "5535.49",
        "saldo": "5154.01",
        "payment_value": "5535.49",
        "payment_date": "01.04.2022",
        "bill_value": "",
        "account_number": "",
        "bank_bik": ""
    },
    {
        "org_ppa_guid": "5408182388",
        "internal_id": "37_2022_04",
        "account_internal_id": "37_2022_04",
        "gis_id": "37_2022_04",
        "month": "01.04.2022",
        "credit": "8632.3",
        "saldo": "7755.84",
        "payment_value": "8632.59",
        "payment_date": "01.04.2022",
        "bill_value": "",
        "account_number": "",
        "bank_bik": ""
    },
    {
        "org_ppa_guid": "5408182388",
        "internal_id": "38_2022_04",
        "account_internal_id": "38_2022_04",
        "gis_id": "38_2022_04",
        "month": "01.04.2022",
        "credit": "9415.36",
        "saldo": "8519.69",
        "payment_value": "9415.36",
        "payment_date": "01.04.2022",
        "bill_value": "",
        "account_number": "",
        "bank_bik": ""
    },
    {
        "org_ppa_guid": "5408182388",
        "internal_id": "39_2022_04",
        "account_internal_id": "39_2022_04",
        "gis_id": "39_2022_04",
        "month": "01.04.2022",
        "credit": "5216.47",
        "saldo": "4268.81",
        "payment_value": "5800.0",
        "payment_date": "01.04.2022",
        "bill_value": "",
        "account_number": "",
        "bank_bik": ""
    },
    {
        "org_ppa_guid": "5408182388",
        "internal_id": "40_2022_04",
        "account_internal_id": "40_2022_04",
        "gis_id": "40_2022_04",
        "month": "01.04.2022",
        "credit": "7324.04",
        "saldo": "4731.92",
        "payment_value": "9400.0",
        "payment_date": "01.04.2022",
        "bill_value": "",
        "account_number": "",
        "bank_bik": ""
    },
    {
        "org_ppa_guid": "5408182388",
        "internal_id": "41_2022_04",
        "account_internal_id": "41_2022_04",
        "gis_id": "41_2022_04",
        "month": "01.04.2022",
        "credit": "10159.77",
        "saldo": "8995.73",
        "payment_value": "10159.77",
        "payment_date": "01.04.2022",
        "bill_value": "",
        "account_number": "",
        "bank_bik": ""
    },
    {
        "org_ppa_guid": "5408182388",
        "internal_id": "42_2022_04",
        "account_internal_id": "42_2022_04",
        "gis_id": "42_2022_04",
        "month": "01.04.2022",
        "credit": "7244.71",
        "saldo": "6660.65",
        "payment_value": "7244.71",
        "payment_date": "01.04.2022",
        "bill_value": "",
        "account_number": "",
        "bank_bik": ""
    },
    {
        "org_ppa_guid": "5408182388",
        "internal_id": "43_2022_04",
        "account_internal_id": "43_2022_04",
        "gis_id": "43_2022_04",
        "month": "01.04.2022",
        "credit": "19524.73",
        "saldo": "24580.73",
        "payment_value": "42.0",
        "payment_date": "01.04.2022",
        "bill_value": "",
        "account_number": "",
        "bank_bik": ""
    },
    {
        "org_ppa_guid": "5408182388",
        "internal_id": "44_2022_04",
        "account_internal_id": "44_2022_04",
        "gis_id": "44_2022_04",
        "month": "01.04.2022",
        "credit": "9018.01",
        "saldo": "8910.36",
        "payment_value": "9396.7",
        "payment_date": "01.04.2022",
        "bill_value": "",
        "account_number": "",
        "bank_bik": ""
    },
    {
        "org_ppa_guid": "5408182388",
        "internal_id": "45_2022_04",
        "account_internal_id": "45_2022_04",
        "gis_id": "45_2022_04",
        "month": "01.04.2022",
        "credit": "53132.37",
        "saldo": "46067.87",
        "payment_value": "16365.62",
        "payment_date": "01.04.2022",
        "bill_value": "",
        "account_number": "",
        "bank_bik": ""
    },
    {
        "org_ppa_guid": "5408182388",
        "internal_id": "46_2022_04",
        "account_internal_id": "46_2022_04",
        "gis_id": "46_2022_04",
        "month": "01.04.2022",
        "credit": "6187.14",
        "saldo": "5570.14",
        "payment_value": "6187.14",
        "payment_date": "01.04.2022",
        "bill_value": "",
        "account_number": "",
        "bank_bik": ""
    },
    {
        "org_ppa_guid": "5408182388",
        "internal_id": "47_2022_04",
        "account_internal_id": "47_2022_04",
        "gis_id": "47_2022_04",
        "month": "01.04.2022",
        "credit": "10403.85",
        "saldo": "11390.47",
        "payment_value": "10403.85",
        "payment_date": "01.04.2022",
        "bill_value": "",
        "account_number": "",
        "bank_bik": ""
    },
    {
        "org_ppa_guid": "5408182388",
        "internal_id": "48_2022_04",
        "account_internal_id": "48_2022_04",
        "gis_id": "48_2022_04",
        "month": "01.04.2022",
        "credit": "16215.47",
        "saldo": "8552.37",
        "payment_value": "16217.0",
        "payment_date": "01.04.2022",
        "bill_value": "",
        "account_number": "",
        "bank_bik": ""
    },
    {
        "org_ppa_guid": "5408182388",
        "internal_id": "49_2022_04",
        "account_internal_id": "49_2022_04",
        "gis_id": "49_2022_04",
        "month": "01.04.2022",
        "credit": "14100.21",
        "saldo": "6574.12",
        "payment_value": "14101.0",
        "payment_date": "01.04.2022",
        "bill_value": "",
        "account_number": "",
        "bank_bik": ""
    },
    {
        "org_ppa_guid": "5408182388",
        "internal_id": "50_2022_04",
        "account_internal_id": "50_2022_04",
        "gis_id": "50_2022_04",
        "month": "01.04.2022",
        "credit": "-5009.51",
        "saldo": "3.22",
        "payment_value": "42.0",
        "payment_date": "01.04.2022",
        "bill_value": "",
        "account_number": "",
        "bank_bik": ""
    },
    {
        "org_ppa_guid": "5408182388",
        "internal_id": "51_2022_04",
        "account_internal_id": "51_2022_04",
        "gis_id": "51_2022_04",
        "month": "01.04.2022",
        "credit": "-12744.74",
        "saldo": "-5002.87",
        "payment_value": "42.0",
        "payment_date": "01.04.2022",
        "bill_value": "",
        "account_number": "",
        "bank_bik": ""
    },
    {
        "org_ppa_guid": "5408182388",
        "internal_id": "52_2022_04",
        "account_internal_id": "52_2022_04",
        "gis_id": "52_2022_04",
        "month": "01.04.2022",
        "credit": "-23533.72",
        "saldo": "-25830.88",
        "payment_value": "11500.0",
        "payment_date": "01.04.2022",
        "bill_value": "",
        "account_number": "",
        "bank_bik": ""
    },
    {
        "org_ppa_guid": "5408182388",
        "internal_id": "53_2022_04",
        "account_internal_id": "53_2022_04",
        "gis_id": "53_2022_04",
        "month": "01.04.2022",
        "credit": "6194.18",
        "saldo": "13725.65",
        "payment_value": "42.0",
        "payment_date": "01.04.2022",
        "bill_value": "",
        "account_number": "",
        "bank_bik": ""
    },
    {
        "org_ppa_guid": "5408182388",
        "internal_id": "54_2022_04",
        "account_internal_id": "54_2022_04",
        "gis_id": "54_2022_04",
        "month": "01.04.2022",
        "credit": "26493.19",
        "saldo": "14594.14",
        "payment_value": "18871.0",
        "payment_date": "01.04.2022",
        "bill_value": "",
        "account_number": "",
        "bank_bik": ""
    },
    {
        "org_ppa_guid": "5408182388",
        "internal_id": "55_2022_04",
        "account_internal_id": "55_2022_04",
        "gis_id": "55_2022_04",
        "month": "01.04.2022",
        "credit": "9779.57",
        "saldo": "9253.5",
        "payment_value": "9452.0",
        "payment_date": "01.04.2022",
        "bill_value": "",
        "account_number": "",
        "bank_bik": ""
    },
    {
        "org_ppa_guid": "5408182388",
        "internal_id": "56_2022_04",
        "account_internal_id": "56_2022_04",
        "gis_id": "56_2022_04",
        "month": "01.04.2022",
        "credit": "37971.53",
        "saldo": "45884.2",
        "payment_value": "42.0",
        "payment_date": "01.04.2022",
        "bill_value": "",
        "account_number": "",
        "bank_bik": ""
    },
    {
        "org_ppa_guid": "5408182388",
        "internal_id": "57_2022_04",
        "account_internal_id": "57_2022_04",
        "gis_id": "57_2022_04",
        "month": "01.04.2022",
        "credit": "21592.8",
        "saldo": "26063.26",
        "payment_value": "42.0",
        "payment_date": "01.04.2022",
        "bill_value": "",
        "account_number": "",
        "bank_bik": ""
    },
    {
        "org_ppa_guid": "5408182388",
        "internal_id": "58_2022_04",
        "account_internal_id": "58_2022_04",
        "gis_id": "58_2022_04",
        "month": "01.04.2022",
        "credit": "8821.69",
        "saldo": "18241.32",
        "payment_value": "42.0",
        "payment_date": "01.04.2022",
        "bill_value": "",
        "account_number": "",
        "bank_bik": ""
    },
    {
        "org_ppa_guid": "5408182388",
        "internal_id": "59_2022_04",
        "account_internal_id": "59_2022_04",
        "gis_id": "59_2022_04",
        "month": "01.04.2022",
        "credit": "86182.17",
        "saldo": "0.0",
        "payment_value": "42.0",
        "payment_date": "01.04.2022",
        "bill_value": "",
        "account_number": "",
        "bank_bik": ""
    },
    {
        "org_ppa_guid": "5408182388",
        "internal_id": "61_2022_04",
        "account_internal_id": "61_2022_04",
        "gis_id": "61_2022_04",
        "month": "01.04.2022",
        "credit": "-2580.52",
        "saldo": "242.89",
        "payment_value": "6600.0",
        "payment_date": "01.04.2022",
        "bill_value": "",
        "account_number": "",
        "bank_bik": ""
    },
    {
        "org_ppa_guid": "5408182388",
        "internal_id": "62_2022_04",
        "account_internal_id": "62_2022_04",
        "gis_id": "62_2022_04",
        "month": "01.04.2022",
        "credit": "11336.18",
        "saldo": "10808.91",
        "payment_value": "11336.18",
        "payment_date": "01.04.2022",
        "bill_value": "",
        "account_number": "",
        "bank_bik": ""
    },
    {
        "org_ppa_guid": "5408182388",
        "internal_id": "63_2022_04",
        "account_internal_id": "63_2022_04",
        "gis_id": "63_2022_04",
        "month": "01.04.2022",
        "credit": "7791.4",
        "saldo": "6527.2",
        "payment_value": "7791.4",
        "payment_date": "01.04.2022",
        "bill_value": "",
        "account_number": "",
        "bank_bik": ""
    },
    {
        "org_ppa_guid": "5408182388",
        "internal_id": "64_2022_04",
        "account_internal_id": "64_2022_04",
        "gis_id": "64_2022_04",
        "month": "01.04.2022",
        "credit": "8519.95",
        "saldo": "13351.31",
        "payment_value": "42.0",
        "payment_date": "01.04.2022",
        "bill_value": "",
        "account_number": "",
        "bank_bik": ""
    },
    {
        "org_ppa_guid": "5408182388",
        "internal_id": "65_2022_04",
        "account_internal_id": "65_2022_04",
        "gis_id": "65_2022_04",
        "month": "01.04.2022",
        "credit": "27630.79",
        "saldo": "39654.23",
        "payment_value": "42.0",
        "payment_date": "01.04.2022",
        "bill_value": "",
        "account_number": "",
        "bank_bik": ""
    },
    {
        "org_ppa_guid": "5408182388",
        "internal_id": "66_2022_04",
        "account_internal_id": "66_2022_04",
        "gis_id": "66_2022_04",
        "month": "01.04.2022",
        "credit": "8929.59",
        "saldo": "17308.03",
        "payment_value": "42.0",
        "payment_date": "01.04.2022",
        "bill_value": "",
        "account_number": "",
        "bank_bik": ""
    },
    {
        "org_ppa_guid": "5408182388",
        "internal_id": "67_2022_04",
        "account_internal_id": "67_2022_04",
        "gis_id": "67_2022_04",
        "month": "01.04.2022",
        "credit": "6059.86",
        "saldo": "11435.43",
        "payment_value": "42.0",
        "payment_date": "01.04.2022",
        "bill_value": "",
        "account_number": "",
        "bank_bik": ""
    },
    {
        "org_ppa_guid": "5408182388",
        "internal_id": "68_2022_04",
        "account_internal_id": "68_2022_04",
        "gis_id": "68_2022_04",
        "month": "01.04.2022",
        "credit": "30909.47",
        "saldo": "37867.99",
        "payment_value": "42.0",
        "payment_date": "01.04.2022",
        "bill_value": "",
        "account_number": "",
        "bank_bik": ""
    },
    {
        "org_ppa_guid": "5408182388",
        "internal_id": "69_2022_04",
        "account_internal_id": "69_2022_04",
        "gis_id": "69_2022_04",
        "month": "01.04.2022",
        "credit": "10066.59",
        "saldo": "9095.04",
        "payment_value": "10066.59",
        "payment_date": "01.04.2022",
        "bill_value": "",
        "account_number": "",
        "bank_bik": ""
    },
    {
        "org_ppa_guid": "5408182388",
        "internal_id": "70_2022_04",
        "account_internal_id": "70_2022_04",
        "gis_id": "70_2022_04",
        "month": "01.04.2022",
        "credit": "14618.85",
        "saldo": "6445.99",
        "payment_value": "14700.0",
        "payment_date": "01.04.2022",
        "bill_value": "",
        "account_number": "",
        "bank_bik": ""
    },
    {
        "org_ppa_guid": "5408182388",
        "internal_id": "71_2022_04",
        "account_internal_id": "71_2022_04",
        "gis_id": "71_2022_04",
        "month": "01.04.2022",
        "credit": "5595.14",
        "saldo": "5336.41",
        "payment_value": "5595.14",
        "payment_date": "01.04.2022",
        "bill_value": "",
        "account_number": "",
        "bank_bik": ""
    },
    {
        "org_ppa_guid": "5408182388",
        "internal_id": "72_2022_04",
        "account_internal_id": "72_2022_04",
        "gis_id": "72_2022_04",
        "month": "01.04.2022",
        "credit": "31529.97",
        "saldo": "38767.06",
        "payment_value": "42.0",
        "payment_date": "01.04.2022",
        "bill_value": "",
        "account_number": "",
        "bank_bik": ""
    },
    {
        "org_ppa_guid": "5408182388",
        "internal_id": "73_2022_04",
        "account_internal_id": "73_2022_04",
        "gis_id": "73_2022_04",
        "month": "01.04.2022",
        "credit": "30573.76",
        "saldo": "37688.89",
        "payment_value": "42.0",
        "payment_date": "01.04.2022",
        "bill_value": "",
        "account_number": "",
        "bank_bik": ""
    },
    {
        "org_ppa_guid": "5408182388",
        "internal_id": "74_2022_04",
        "account_internal_id": "74_2022_04",
        "gis_id": "74_2022_04",
        "month": "01.04.2022",
        "credit": "10868.85",
        "saldo": "4700.73",
        "payment_value": "10868.85",
        "payment_date": "01.04.2022",
        "bill_value": "",
        "account_number": "",
        "bank_bik": ""
    },
    {
        "org_ppa_guid": "5408182388",
        "internal_id": "75_2022_04",
        "account_internal_id": "75_2022_04",
        "gis_id": "75_2022_04",
        "month": "01.04.2022",
        "credit": "-26900.73",
        "saldo": "-19323.67",
        "payment_value": "42.0",
        "payment_date": "01.04.2022",
        "bill_value": "",
        "account_number": "",
        "bank_bik": ""
    },
    {
        "org_ppa_guid": "5408182388",
        "internal_id": "76_2022_04",
        "account_internal_id": "76_2022_04",
        "gis_id": "76_2022_04",
        "month": "01.04.2022",
        "credit": "18410.91",
        "saldo": "7847.91",
        "payment_value": "18600.0",
        "payment_date": "01.04.2022",
        "bill_value": "",
        "account_number": "",
        "bank_bik": ""
    },
    {
        "org_ppa_guid": "5408182388",
        "internal_id": "77_2022_04",
        "account_internal_id": "77_2022_04",
        "gis_id": "77_2022_04",
        "month": "01.04.2022",
        "credit": "7547.36",
        "saldo": "7442.81",
        "payment_value": "7547.36",
        "payment_date": "01.04.2022",
        "bill_value": "",
        "account_number": "",
        "bank_bik": ""
    },
    {
        "org_ppa_guid": "5408182388",
        "internal_id": "78_2022_04",
        "account_internal_id": "78_2022_04",
        "gis_id": "78_2022_04",
        "month": "01.04.2022",
        "credit": "4842.83",
        "saldo": "5228.8",
        "payment_value": "4842.83",
        "payment_date": "01.04.2022",
        "bill_value": "",
        "account_number": "",
        "bank_bik": ""
    },
    {
        "org_ppa_guid": "5408182388",
        "internal_id": "79_2022_04",
        "account_internal_id": "79_2022_04",
        "gis_id": "79_2022_04",
        "month": "01.04.2022",
        "credit": "16637.31",
        "saldo": "27065.17",
        "payment_value": "42.0",
        "payment_date": "01.04.2022",
        "bill_value": "",
        "account_number": "",
        "bank_bik": ""
    },
    {
        "org_ppa_guid": "5408182388",
        "internal_id": "80_2022_04",
        "account_internal_id": "80_2022_04",
        "gis_id": "80_2022_04",
        "month": "01.04.2022",
        "credit": "10874.18",
        "saldo": "10993.9",
        "payment_value": "9564.07",
        "payment_date": "01.04.2022",
        "bill_value": "",
        "account_number": "",
        "bank_bik": ""
    },
    {
        "org_ppa_guid": "5408182388",
        "internal_id": "81_2022_04",
        "account_internal_id": "81_2022_04",
        "gis_id": "81_2022_04",
        "month": "01.04.2022",
        "credit": "6602.72",
        "saldo": "5232.2",
        "payment_value": "6700.0",
        "payment_date": "01.04.2022",
        "bill_value": "",
        "account_number": "",
        "bank_bik": ""
    },
    {
        "org_ppa_guid": "5408182388",
        "internal_id": "82_2022_04",
        "account_internal_id": "82_2022_04",
        "gis_id": "82_2022_04",
        "month": "01.04.2022",
        "credit": "9265.53",
        "saldo": "8415.37",
        "payment_value": "9265.53",
        "payment_date": "01.04.2022",
        "bill_value": "",
        "account_number": "",
        "bank_bik": ""
    },
    {
        "org_ppa_guid": "5408182388",
        "internal_id": "83_2022_04",
        "account_internal_id": "83_2022_04",
        "gis_id": "83_2022_04",
        "month": "01.04.2022",
        "credit": "9501.88",
        "saldo": "8088.01",
        "payment_value": "10492.16",
        "payment_date": "01.04.2022",
        "bill_value": "",
        "account_number": "",
        "bank_bik": ""
    },
    {
        "org_ppa_guid": "5408182388",
        "internal_id": "84_2022_04",
        "account_internal_id": "84_2022_04",
        "gis_id": "84_2022_04",
        "month": "01.04.2022",
        "credit": "14802.79",
        "saldo": "14137.46",
        "payment_value": "14802.79",
        "payment_date": "01.04.2022",
        "bill_value": "",
        "account_number": "",
        "bank_bik": ""
    },
    {
        "org_ppa_guid": "5408182388",
        "internal_id": "86_2022_04",
        "account_internal_id": "86_2022_04",
        "gis_id": "86_2022_04",
        "month": "01.04.2022",
        "credit": "31610.43",
        "saldo": "9415.93",
        "payment_value": "30806.88",
        "payment_date": "01.04.2022",
        "bill_value": "",
        "account_number": "",
        "bank_bik": ""
    },
    {
        "org_ppa_guid": "5408182388",
        "internal_id": "87_2022_04",
        "account_internal_id": "87_2022_04",
        "gis_id": "87_2022_04",
        "month": "01.04.2022",
        "credit": "-1074.98",
        "saldo": "1482.96",
        "payment_value": "8000.0",
        "payment_date": "01.04.2022",
        "bill_value": "",
        "account_number": "",
        "bank_bik": ""
    },
    {
        "org_ppa_guid": "5408182388",
        "internal_id": "88_2022_04",
        "account_internal_id": "88_2022_04",
        "gis_id": "88_2022_04",
        "month": "01.04.2022",
        "credit": "12280.82",
        "saldo": "17668.56",
        "payment_value": "42.0",
        "payment_date": "01.04.2022",
        "bill_value": "",
        "account_number": "",
        "bank_bik": ""
    },
    {
        "org_ppa_guid": "5408182388",
        "internal_id": "89_2022_04",
        "account_internal_id": "89_2022_04",
        "gis_id": "89_2022_04",
        "month": "01.04.2022",
        "credit": "30309.09",
        "saldo": "29716.75",
        "payment_value": "7550.73",
        "payment_date": "01.04.2022",
        "bill_value": "",
        "account_number": "",
        "bank_bik": ""
    },
    {
        "org_ppa_guid": "5408182388",
        "internal_id": "90_2022_04",
        "account_internal_id": "90_2022_04",
        "gis_id": "90_2022_04",
        "month": "01.04.2022",
        "credit": "9473.81",
        "saldo": "10004.05",
        "payment_value": "9216.16",
        "payment_date": "01.04.2022",
        "bill_value": "",
        "account_number": "",
        "bank_bik": ""
    },
    {
        "org_ppa_guid": "5408182388",
        "internal_id": "91_2022_04",
        "account_internal_id": "91_2022_04",
        "gis_id": "91_2022_04",
        "month": "01.04.2022",
        "credit": "7435.74",
        "saldo": "6544.82",
        "payment_value": "7435.74",
        "payment_date": "01.04.2022",
        "bill_value": "",
        "account_number": "",
        "bank_bik": ""
    },
    {
        "org_ppa_guid": "5408182388",
        "internal_id": "92_2022_04",
        "account_internal_id": "92_2022_04",
        "gis_id": "92_2022_04",
        "month": "01.04.2022",
        "credit": "5318.72",
        "saldo": "4579.58",
        "payment_value": "5327.72",
        "payment_date": "01.04.2022",
        "bill_value": "",
        "account_number": "",
        "bank_bik": ""
    },
    {
        "org_ppa_guid": "5408182388",
        "internal_id": "93_2022_04",
        "account_internal_id": "93_2022_04",
        "gis_id": "93_2022_04",
        "month": "01.04.2022",
        "credit": "9299.61",
        "saldo": "7072.38",
        "payment_value": "10832.59",
        "payment_date": "01.04.2022",
        "bill_value": "",
        "account_number": "",
        "bank_bik": ""
    },
    {
        "org_ppa_guid": "5408182388",
        "internal_id": "94_2022_04",
        "account_internal_id": "94_2022_04",
        "gis_id": "94_2022_04",
        "month": "01.04.2022",
        "credit": "12171.38",
        "saldo": "11136.27",
        "payment_value": "8253.04",
        "payment_date": "01.04.2022",
        "bill_value": "",
        "account_number": "",
        "bank_bik": ""
    },
    {
        "org_ppa_guid": "5408182388",
        "internal_id": "95_2022_04",
        "account_internal_id": "95_2022_04",
        "gis_id": "95_2022_04",
        "month": "01.04.2022",
        "credit": "5429.1",
        "saldo": "5821.85",
        "payment_value": "5429.1",
        "payment_date": "01.04.2022",
        "bill_value": "",
        "account_number": "",
        "bank_bik": ""
    },
    {
        "org_ppa_guid": "5408182388",
        "internal_id": "96_2022_04",
        "account_internal_id": "96_2022_04",
        "gis_id": "96_2022_04",
        "month": "01.04.2022",
        "credit": "16747.74",
        "saldo": "7095.88",
        "payment_value": "17277.0",
        "payment_date": "01.04.2022",
        "bill_value": "",
        "account_number": "",
        "bank_bik": ""
    },
    {
        "org_ppa_guid": "5408182388",
        "internal_id": "97_2022_04",
        "account_internal_id": "97_2022_04",
        "gis_id": "97_2022_04",
        "month": "01.04.2022",
        "credit": "18490.9",
        "saldo": "15831.59",
        "payment_value": "18575.0",
        "payment_date": "01.04.2022",
        "bill_value": "",
        "account_number": "",
        "bank_bik": ""
    },
    {
        "org_ppa_guid": "5408182388",
        "internal_id": "42_2022_04",
        "account_internal_id": "42_2022_04",
        "gis_id": "42_2022_04",
        "month": "01.04.2022",
        "credit": "0.0",
        "saldo": "0.0",
        "payment_value": "0.0",
        "payment_date": "",
        "bill_value": "",
        "account_number": "",
        "bank_bik": ""
    }
]