[
    {
        "org_ppa_guid": "5408182388",
        "internal_id": "42_2022_04",
        "pp_internal_id": "42_2022_04",
        "calc_value": "336.0",
        "tariff": "",
        "service_internal_id": "Услуги",
        "rr": "",
        "recalculation": "",
        "accounting_period_total": "336.0"
    },
    {
        "org_ppa_guid": "5408182388",
        "internal_id": "01_2022_04",
        "pp_internal_id": "01_2022_04",
        "calc_value": "21922.32",
        "tariff": "",
        "service_internal_id": "Услуги",
        "rr": "",
        "recalculation": "",
        "accounting_period_total": "21922.32"
    },
    {
        "org_ppa_guid": "5408182388",
        "internal_id": "02_2022_04",
        "pp_internal_id": "02_2022_04",
        "calc_value": "18170.28",
        "tariff": "",
        "service_internal_id": "Услуги",
        "rr": "",
        "recalculation": "",
        "accounting_period_total": "18170.28"
    },
    {
        "org_ppa_guid": "5408182388",
        "internal_id": "03_2022_04",
        "pp_internal_id": "03_2022_04",
        "calc_value": "64984.12",
        "tariff": "",
        "service_internal_id": "Услуги",
        "rr": "",
        "recalculation": "",
        "accounting_period_total": "64984.12"
    },
    {
        "org_ppa_guid": "5408182388",
        "internal_id": "04_2022_04",
        "pp_internal_id": "04_2022_04",
        "calc_value": "10836.52",
        "tariff": "",
        "service_internal_id": "Услуги",
        "rr": "",
        "recalculation": "",
        "accounting_period_total": "10836.52"
    },
    {
        "org_ppa_guid": "5408182388",
        "internal_id": "05_2022_04",
        "pp_internal_id": "05_2022_04",
        "calc_value": "18932.74",
        "tariff": "",
        "service_internal_id": "Услуги",
        "rr": "",
        "recalculation": "",
        "accounting_period_total": "18932.74"
    },
    {
        "org_ppa_guid": "5408182388",
        "internal_id": "06_2022_04",
        "pp_internal_id": "06_2022_04",
        "calc_value": "23764.38",
        "tariff": "",
        "service_internal_id": "Услуги",
        "rr": "",
        "recalculation": "",
        "accounting_period_total": "23764.38"
    },
    {
        "org_ppa_guid": "5408182388",
        "internal_id": "07_2022_04",
        "pp_internal_id": "07_2022_04",
        "calc_value": "21456.55",
        "tariff": "",
        "service_internal_id": "Услуги",
        "rr": "",
        "recalculation": "",
        "accounting_period_total": "21456.55"
    },
    {
        "org_ppa_guid": "5408182388",
        "internal_id": "08_2022_04",
        "pp_internal_id": "08_2022_04",
        "calc_value": "6345.35",
        "tariff": "",
        "service_internal_id": "Услуги",
        "rr": "",
        "recalculation": "",
        "accounting_period_total": "6345.35"
    },
    {
        "org_ppa_guid": "5408182388",
        "internal_id": "09_2022_04",
        "pp_internal_id": "09_2022_04",
        "calc_value": "28363.41",
        "tariff": "",
        "service_internal_id": "Услуги",
        "rr": "",
        "recalculation": "",
        "accounting_period_total": "28363.41"
    },
    {
        "org_ppa_guid": "5408182388",
        "internal_id": "10_2022_04",
        "pp_internal_id": "10_2022_04",
        "calc_value": "25913.72",
        "tariff": "",
        "service_internal_id": "Услуги",
        "rr": "",
        "recalculation": "",
        "accounting_period_total": "25913.72"
    },
    {
        "org_ppa_guid": "5408182388",
        "internal_id": "101_2022_04",
        "pp_internal_id": "101_2022_04",
        "calc_value": "1722.0",
        "tariff": "",
        "service_internal_id": "Услуги",
        "rr": "",
        "recalculation": "",
        "accounting_period_total": "1722.0"
    },
    {
        "org_ppa_guid": "5408182388",
        "internal_id": "101.1_2022_04",
        "pp_internal_id": "101.1_2022_04",
        "calc_value": "1722.0",
        "tariff": "",
        "service_internal_id": "Услуги",
        "rr": "",
        "recalculation": "",
        "accounting_period_total": "1722.0"
    },
    {
        "org_ppa_guid": "5408182388",
        "internal_id": "101.2_2022_04",
        "pp_internal_id": "101.2_2022_04",
        "calc_value": "1722.0",
        "tariff": "",
        "service_internal_id": "Услуги",
        "rr": "",
        "recalculation": "",
        "accounting_period_total": "1722.0"
    },
    {
        "org_ppa_guid": "5408182388",
        "internal_id": "101.3_2022_04",
        "pp_internal_id": "101.3_2022_04",
        "calc_value": "9039.8",
        "tariff": "",
        "service_internal_id": "Услуги",
        "rr": "",
        "recalculation": "",
        "accounting_period_total": "9039.8"
    },
    {
        "org_ppa_guid": "5408182388",
        "internal_id": "102_2022_04",
        "pp_internal_id": "102_2022_04",
        "calc_value": "7100.87",
        "tariff": "",
        "service_internal_id": "Услуги",
        "rr": "",
        "recalculation": "",
        "accounting_period_total": "7100.87"
    },
    {
        "org_ppa_guid": "5408182388",
        "internal_id": "103_2022_04",
        "pp_internal_id": "103_2022_04",
        "calc_value": "111794.03",
        "tariff": "",
        "service_internal_id": "Услуги",
        "rr": "",
        "recalculation": "",
        "accounting_period_total": "111794.03"
    },
    {
        "org_ppa_guid": "5408182388",
        "internal_id": "105_2022_04",
        "pp_internal_id": "105_2022_04",
        "calc_value": "15664.98",
        "tariff": "",
        "service_internal_id": "Услуги",
        "rr": "",
        "recalculation": "",
        "accounting_period_total": "15664.98"
    },
    {
        "org_ppa_guid": "5408182388",
        "internal_id": "11_2022_04",
        "pp_internal_id": "11_2022_04",
        "calc_value": "16081.66",
        "tariff": "",
        "service_internal_id": "Услуги",
        "rr": "",
        "recalculation": "",
        "accounting_period_total": "16081.66"
    },
    {
        "org_ppa_guid": "5408182388",
        "internal_id": "12_2022_04",
        "pp_internal_id": "12_2022_04",
        "calc_value": "26914.44",
        "tariff": "",
        "service_internal_id": "Услуги",
        "rr": "",
        "recalculation": "",
        "accounting_period_total": "26914.44"
    },
    {
        "org_ppa_guid": "5408182388",
        "internal_id": "13_2022_04",
        "pp_internal_id": "13_2022_04",
        "calc_value": "27469.1",
        "tariff": "",
        "service_internal_id": "Услуги",
        "rr": "",
        "recalculation": "",
        "accounting_period_total": "27469.1"
    },
    {
        "org_ppa_guid": "5408182388",
        "internal_id": "14_2022_04",
        "pp_internal_id": "14_2022_04",
        "calc_value": "25104.05",
        "tariff": "",
        "service_internal_id": "Услуги",
        "rr": "",
        "recalculation": "",
        "accounting_period_total": "25104.05"
    },
    {
        "org_ppa_guid": "5408182388",
        "internal_id": "15_2022_04",
        "pp_internal_id": "15_2022_04",
        "calc_value": "20774.09",
        "tariff": "",
        "service_internal_id": "Услуги",
        "rr": "",
        "recalculation": "",
        "accounting_period_total": "20774.09"
    },
    {
        "org_ppa_guid": "5408182388",
        "internal_id": "16_2022_04",
        "pp_internal_id": "16_2022_04",
        "calc_value": "32766.88",
        "tariff": "",
        "service_internal_id": "Услуги",
        "rr": "",
        "recalculation": "",
        "accounting_period_total": "32766.88"
    },
    {
        "org_ppa_guid": "5408182388",
        "internal_id": "17_2022_04",
        "pp_internal_id": "17_2022_04",
        "calc_value": "10206.51",
        "tariff": "",
        "service_internal_id": "Услуги",
        "rr": "",
        "recalculation": "",
        "accounting_period_total": "10206.51"
    },
    {
        "org_ppa_guid": "5408182388",
        "internal_id": "18_2022_04",
        "pp_internal_id": "18_2022_04",
        "calc_value": "7434.04",
        "tariff": "",
        "service_internal_id": "Услуги",
        "rr": "",
        "recalculation": "",
        "accounting_period_total": "7434.04"
    },
    {
        "org_ppa_guid": "5408182388",
        "internal_id": "19_2022_04",
        "pp_internal_id": "19_2022_04",
        "calc_value": "23003.82",
        "tariff": "",
        "service_internal_id": "Услуги",
        "rr": "",
        "recalculation": "",
        "accounting_period_total": "23003.82"
    },
    {
        "org_ppa_guid": "5408182388",
        "internal_id": "20_2022_04",
        "pp_internal_id": "20_2022_04",
        "calc_value": "21768.67",
        "tariff": "",
        "service_internal_id": "Услуги",
        "rr": "",
        "recalculation": "",
        "accounting_period_total": "21768.67"
    },
    {
        "org_ppa_guid": "5408182388",
        "internal_id": "21_2022_04",
        "pp_internal_id": "21_2022_04",
        "calc_value": "22634.65",
        "tariff": "",
        "service_internal_id": "Услуги",
        "rr": "",
        "recalculation": "",
        "accounting_period_total": "22634.65"
    },
    {
        "org_ppa_guid": "5408182388",
        "internal_id": "22_2022_04",
        "pp_internal_id": "22_2022_04",
        "calc_value": "5724.76",
        "tariff": "",
        "service_internal_id": "Услуги",
        "rr": "",
        "recalculation": "",
        "accounting_period_total": "5724.76"
    },
    {
        "org_ppa_guid": "5408182388",
        "internal_id": "23_2022_04",
        "pp_internal_id": "23_2022_04",
        "calc_value": "27477.28",
        "tariff": "",
        "service_internal_id": "Услуги",
        "rr": "",
        "recalculation": "",
        "accounting_period_total": "27477.28"
    },
    {
        "org_ppa_guid": "5408182388",
        "internal_id": "24_2022_04",
        "pp_internal_id": "24_2022_04",
        "calc_value": "31957.66",
        "tariff": "",
        "service_internal_id": "Услуги",
        "rr": "",
        "recalculation": "",
        "accounting_period_total": "31957.66"
    },
    {
        "org_ppa_guid": "5408182388",
        "internal_id": "25_2022_04",
        "pp_internal_id": "25_2022_04",
        "calc_value": "15713.3",
        "tariff": "",
        "service_internal_id": "Услуги",
        "rr": "",
        "recalculation": "",
        "accounting_period_total": "15713.3"
    },
    {
        "org_ppa_guid": "5408182388",
        "internal_id": "26_2022_04",
        "pp_internal_id": "26_2022_04",
        "calc_value": "25297.91",
        "tariff": "",
        "service_internal_id": "Услуги",
        "rr": "",
        "recalculation": "",
        "accounting_period_total": "25297.91"
    },
    {
        "org_ppa_guid": "5408182388",
        "internal_id": "27_2022_04",
        "pp_internal_id": "27_2022_04",
        "calc_value": "28130.07",
        "tariff": "",
        "service_internal_id": "Услуги",
        "rr": "",
        "recalculation": "",
        "accounting_period_total": "28130.07"
    },
    {
        "org_ppa_guid": "5408182388",
        "internal_id": "28_2022_04",
        "pp_internal_id": "28_2022_04",
        "calc_value": "12719.32",
        "tariff": "",
        "service_internal_id": "Услуги",
        "rr": "",
        "recalculation": "",
        "accounting_period_total": "12719.32"
    },
    {
        "org_ppa_guid": "5408182388",
        "internal_id": "29_2022_04",
        "pp_internal_id": "29_2022_04",
        "calc_value": "16800.91",
        "tariff": "",
        "service_internal_id": "Услуги",
        "rr": "",
        "recalculation": "",
        "accounting_period_total": "16800.91"
    },
    {
        "org_ppa_guid": "5408182388",
        "internal_id": "30_2022_04",
        "pp_internal_id": "30_2022_04",
        "calc_value": "35427.18",
        "tariff": "",
        "service_internal_id": "Услуги",
        "rr": "",
        "recalculation": "",
        "accounting_period_total": "35427.18"
    },
    {
        "org_ppa_guid": "5408182388",
        "internal_id": "31_2022_04",
        "pp_internal_id": "31_2022_04",
        "calc_value": "31431.33",
        "tariff": "",
        "service_internal_id": "Услуги",
        "rr": "",
        "recalculation": "",
        "accounting_period_total": "31431.33"
    },
    {
        "org_ppa_guid": "5408182388",
        "internal_id": "32_2022_04",
        "pp_internal_id": "32_2022_04",
        "calc_value": "6161.52",
        "tariff": "",
        "service_internal_id": "Услуги",
        "rr": "",
        "recalculation": "",
        "accounting_period_total": "6161.52"
    },
    {
        "org_ppa_guid": "5408182388",
        "internal_id": "32-33_2022_04",
        "pp_internal_id": "32-33_2022_04",
        "calc_value": "1722.0",
        "tariff": "",
        "service_internal_id": "Услуги",
        "rr": "",
        "recalculation": "",
        "accounting_period_total": "1722.0"
    },
    {
        "org_ppa_guid": "5408182388",
        "internal_id": "33_2022_04",
        "pp_internal_id": "33_2022_04",
        "calc_value": "21056.34",
        "tariff": "",
        "service_internal_id": "Услуги",
        "rr": "",
        "recalculation": "",
        "accounting_period_total": "21056.34"
    },
    {
        "org_ppa_guid": "5408182388",
        "internal_id": "34_2022_04",
        "pp_internal_id": "34_2022_04",
        "calc_value": "38272.78",
        "tariff": "",
        "service_internal_id": "Услуги",
        "rr": "",
        "recalculation": "",
        "accounting_period_total": "38272.78"
    },
    {
        "org_ppa_guid": "5408182388",
        "internal_id": "35_2022_04",
        "pp_internal_id": "35_2022_04",
        "calc_value": "28557.57",
        "tariff": "",
        "service_internal_id": "Услуги",
        "rr": "",
        "recalculation": "",
        "accounting_period_total": "28557.57"
    },
    {
        "org_ppa_guid": "5408182388",
        "internal_id": "36_2022_04",
        "pp_internal_id": "36_2022_04",
        "calc_value": "16728.99",
        "tariff": "",
        "service_internal_id": "Услуги",
        "rr": "",
        "recalculation": "",
        "accounting_period_total": "16728.99"
    },
    {
        "org_ppa_guid": "5408182388",
        "internal_id": "37_2022_04",
        "pp_internal_id": "37_2022_04",
        "calc_value": "25651.31",
        "tariff": "",
        "service_internal_id": "Услуги",
        "rr": "",
        "recalculation": "",
        "accounting_period_total": "25651.31"
    },
    {
        "org_ppa_guid": "5408182388",
        "internal_id": "38_2022_04",
        "pp_internal_id": "38_2022_04",
        "calc_value": "27854.41",
        "tariff": "",
        "service_internal_id": "Услуги",
        "rr": "",
        "recalculation": "",
        "accounting_period_total": "27854.41"
    },
    {
        "org_ppa_guid": "5408182388",
        "internal_id": "39_2022_04",
        "pp_internal_id": "39_2022_04",
        "calc_value": "17208.34",
        "tariff": "",
        "service_internal_id": "Услуги",
        "rr": "",
        "recalculation": "",
        "accounting_period_total": "17208.34"
    },
    {
        "org_ppa_guid": "5408182388",
        "internal_id": "40_2022_04",
        "pp_internal_id": "40_2022_04",
        "calc_value": "26363.88",
        "tariff": "",
        "service_internal_id": "Услуги",
        "rr": "",
        "recalculation": "",
        "accounting_period_total": "26363.88"
    },
    {
        "org_ppa_guid": "5408182388",
        "internal_id": "41_2022_04",
        "pp_internal_id": "41_2022_04",
        "calc_value": "29945.27",
        "tariff": "",
        "service_internal_id": "Услуги",
        "rr": "",
        "recalculation": "",
        "accounting_period_total": "29945.27"
    },
    {
        "org_ppa_guid": "5408182388",
        "internal_id": "42_2022_04",
        "pp_internal_id": "42_2022_04",
        "calc_value": "21738.07",
        "tariff": "",
        "service_internal_id": "Услуги",
        "rr": "",
        "recalculation": "",
        "accounting_period_total": "21738.07"
    },
    {
        "org_ppa_guid": "5408182388",
        "internal_id": "43_2022_04",
        "pp_internal_id": "43_2022_04",
        "calc_value": "6316.0",
        "tariff": "",
        "service_internal_id": "Услуги",
        "rr": "",
        "recalculation": "",
        "accounting_period_total": "6316.0"
    },
    {
        "org_ppa_guid": "5408182388",
        "internal_id": "44_2022_04",
        "pp_internal_id": "44_2022_04",
        "calc_value": "28586.45",
        "tariff": "",
        "service_internal_id": "Услуги",
        "rr": "",
        "recalculation": "",
        "accounting_period_total": "28586.45"
    },
    {
        "org_ppa_guid": "5408182388",
        "internal_id": "45_2022_04",
        "pp_internal_id": "45_2022_04",
        "calc_value": "42578.36",
        "tariff": "",
        "service_internal_id": "Услуги",
        "rr": "",
        "recalculation": "",
        "accounting_period_total": "42578.36"
    },
    {
        "org_ppa_guid": "5408182388",
        "internal_id": "46_2022_04",
        "pp_internal_id": "46_2022_04",
        "calc_value": "18448.42",
        "tariff": "",
        "service_internal_id": "Услуги",
        "rr": "",
        "recalculation": "",
        "accounting_period_total": "18448.42"
    },
    {
        "org_ppa_guid": "5408182388",
        "internal_id": "47_2022_04",
        "pp_internal_id": "47_2022_04",
        "calc_value": "32702.17",
        "tariff": "",
        "service_internal_id": "Услуги",
        "rr": "",
        "recalculation": "",
        "accounting_period_total": "32702.17"
    },
    {
        "org_ppa_guid": "5408182388",
        "internal_id": "48_2022_04",
        "pp_internal_id": "48_2022_04",
        "calc_value": "41617.9",
        "tariff": "",
        "service_internal_id": "Услуги",
        "rr": "",
        "recalculation": "",
        "accounting_period_total": "41617.9"
    },
    {
        "org_ppa_guid": "5408182388",
        "internal_id": "49_2022_04",
        "pp_internal_id": "49_2022_04",
        "calc_value": "35322.91",
        "tariff": "",
        "service_internal_id": "Услуги",
        "rr": "",
        "recalculation": "",
        "accounting_period_total": "35322.91"
    },
    {
        "org_ppa_guid": "5408182388",
        "internal_id": "50_2022_04",
        "pp_internal_id": "50_2022_04",
        "calc_value": "6146.73",
        "tariff": "",
        "service_internal_id": "Услуги",
        "rr": "",
        "recalculation": "",
        "accounting_period_total": "6146.73"
    },
    {
        "org_ppa_guid": "5408182388",
        "internal_id": "51_2022_04",
        "pp_internal_id": "51_2022_04",
        "calc_value": "8917.87",
        "tariff": "",
        "service_internal_id": "Услуги",
        "rr": "",
        "recalculation": "",
        "accounting_period_total": "8917.87"
    },
    {
        "org_ppa_guid": "5408182388",
        "internal_id": "52_2022_04",
        "pp_internal_id": "52_2022_04",
        "calc_value": "32706.84",
        "tariff": "",
        "service_internal_id": "Услуги",
        "rr": "",
        "recalculation": "",
        "accounting_period_total": "32706.84"
    },
    {
        "org_ppa_guid": "5408182388",
        "internal_id": "53_2022_04",
        "pp_internal_id": "53_2022_04",
        "calc_value": "8665.47",
        "tariff": "",
        "service_internal_id": "Услуги",
        "rr": "",
        "recalculation": "",
        "accounting_period_total": "8665.47"
    },
    {
        "org_ppa_guid": "5408182388",
        "internal_id": "54_2022_04",
        "pp_internal_id": "54_2022_04",
        "calc_value": "45343.95",
        "tariff": "",
        "service_internal_id": "Услуги",
        "rr": "",
        "recalculation": "",
        "accounting_period_total": "45343.95"
    },
    {
        "org_ppa_guid": "5408182388",
        "internal_id": "55_2022_04",
        "pp_internal_id": "55_2022_04",
        "calc_value": "28333.93",
        "tariff": "",
        "service_internal_id": "Услуги",
        "rr": "",
        "recalculation": "",
        "accounting_period_total": "28333.93"
    },
    {
        "org_ppa_guid": "5408182388",
        "internal_id": "56_2022_04",
        "pp_internal_id": "56_2022_04",
        "calc_value": "9046.67",
        "tariff": "",
        "service_internal_id": "Услуги",
        "rr": "",
        "recalculation": "",
        "accounting_period_total": "9046.67"
    },
    {
        "org_ppa_guid": "5408182388",
        "internal_id": "57_2022_04",
        "pp_internal_id": "57_2022_04",
        "calc_value": "5772.46",
        "tariff": "",
        "service_internal_id": "Услуги",
        "rr": "",
        "recalculation": "",
        "accounting_period_total": "5772.46"
    },
    {
        "org_ppa_guid": "5408182388",
        "internal_id": "58_2022_04",
        "pp_internal_id": "58_2022_04",
        "calc_value": "10553.63",
        "tariff": "",
        "service_internal_id": "Услуги",
        "rr": "",
        "recalculation": "",
        "accounting_period_total": "10553.63"
    },
    {
        "org_ppa_guid": "5408182388",
        "internal_id": "59_2022_04",
        "pp_internal_id": "59_2022_04",
        "calc_value": "15143.87",
        "tariff": "",
        "service_internal_id": "Услуги",
        "rr": "",
        "recalculation": "",
        "accounting_period_total": "15143.87"
    },
    {
        "org_ppa_guid": "5408182388",
        "internal_id": "61_2022_04",
        "pp_internal_id": "61_2022_04",
        "calc_value": "23169.41",
        "tariff": "",
        "service_internal_id": "Услуги",
        "rr": "",
        "recalculation": "",
        "accounting_period_total": "23169.41"
    },
    {
        "org_ppa_guid": "5408182388",
        "internal_id": "62_2022_04",
        "pp_internal_id": "62_2022_04",
        "calc_value": "33985.27",
        "tariff": "",
        "service_internal_id": "Услуги",
        "rr": "",
        "recalculation": "",
        "accounting_period_total": "33985.27"
    },
    {
        "org_ppa_guid": "5408182388",
        "internal_id": "63_2022_04",
        "pp_internal_id": "63_2022_04",
        "calc_value": "22740.0",
        "tariff": "",
        "service_internal_id": "Услуги",
        "rr": "",
        "recalculation": "",
        "accounting_period_total": "22740.0"
    },
    {
        "org_ppa_guid": "5408182388",
        "internal_id": "64_2022_04",
        "pp_internal_id": "64_2022_04",
        "calc_value": "6007.36",
        "tariff": "",
        "service_internal_id": "Услуги",
        "rr": "",
        "recalculation": "",
        "accounting_period_total": "6007.36"
    },
    {
        "org_ppa_guid": "5408182388",
        "internal_id": "65_2022_04",
        "pp_internal_id": "65_2022_04",
        "calc_value": "13157.44",
        "tariff": "",
        "service_internal_id": "Услуги",
        "rr": "",
        "recalculation": "",
        "accounting_period_total": "13157.44"
    },
    {
        "org_ppa_guid": "5408182388",
        "internal_id": "66_2022_04",
        "pp_internal_id": "66_2022_04",
        "calc_value": "9638.44",
        "tariff": "",
        "service_internal_id": "Услуги",
        "rr": "",
        "recalculation": "",
        "accounting_period_total": "9638.44"
    },
    {
        "org_ppa_guid": "5408182388",
        "internal_id": "67_2022_04",
        "pp_internal_id": "67_2022_04",
        "calc_value": "6635.57",
        "tariff": "",
        "service_internal_id": "Услуги",
        "rr": "",
        "recalculation": "",
        "accounting_period_total": "6635.57"
    },
    {
        "org_ppa_guid": "5408182388",
        "internal_id": "68_2022_04",
        "pp_internal_id": "68_2022_04",
        "calc_value": "8218.52",
        "tariff": "",
        "service_internal_id": "Услуги",
        "rr": "",
        "recalculation": "",
        "accounting_period_total": "8218.52"
    },
    {
        "org_ppa_guid": "5408182388",
        "internal_id": "69_2022_04",
        "pp_internal_id": "69_2022_04",
        "calc_value": "29732.22",
        "tariff": "",
        "service_internal_id": "Услуги",
        "rr": "",
        "recalculation": "",
        "accounting_period_total": "29732.22"
    },
    {
        "org_ppa_guid": "5408182388",
        "internal_id": "70_2022_04",
        "pp_internal_id": "70_2022_04",
        "calc_value": "36557.14",
        "tariff": "",
        "service_internal_id": "Услуги",
        "rr": "",
        "recalculation": "",
        "accounting_period_total": "36557.14"
    },
    {
        "org_ppa_guid": "5408182388",
        "internal_id": "71_2022_04",
        "pp_internal_id": "71_2022_04",
        "calc_value": "17030.69",
        "tariff": "",
        "service_internal_id": "Услуги",
        "rr": "",
        "recalculation": "",
        "accounting_period_total": "17030.69"
    },
    {
        "org_ppa_guid": "5408182388",
        "internal_id": "72_2022_04",
        "pp_internal_id": "72_2022_04",
        "calc_value": "8539.09",
        "tariff": "",
        "service_internal_id": "Услуги",
        "rr": "",
        "recalculation": "",
        "accounting_period_total": "8539.09"
    },
    {
        "org_ppa_guid": "5408182388",
        "internal_id": "73_2022_04",
        "pp_internal_id": "73_2022_04",
        "calc_value": "8459.13",
        "tariff": "",
        "service_internal_id": "Услуги",
        "rr": "",
        "recalculation": "",
        "accounting_period_total": "8459.13"
    },
    {
        "org_ppa_guid": "5408182388",
        "internal_id": "74_2022_04",
        "pp_internal_id": "74_2022_04",
        "calc_value": "27194.43",
        "tariff": "",
        "service_internal_id": "Услуги",
        "rr": "",
        "recalculation": "",
        "accounting_period_total": "27194.43"
    },
    {
        "org_ppa_guid": "5408182388",
        "internal_id": "75_2022_04",
        "pp_internal_id": "75_2022_04",
        "calc_value": "8711.06",
        "tariff": "",
        "service_internal_id": "Услуги",
        "rr": "",
        "recalculation": "",
        "accounting_period_total": "8711.06"
    },
    {
        "org_ppa_guid": "5408182388",
        "internal_id": "76_2022_04",
        "pp_internal_id": "76_2022_04",
        "calc_value": "45993.0",
        "tariff": "",
        "service_internal_id": "Услуги",
        "rr": "",
        "recalculation": "",
        "accounting_period_total": "45993.0"
    },
    {
        "org_ppa_guid": "5408182388",
        "internal_id": "77_2022_04",
        "pp_internal_id": "77_2022_04",
        "calc_value": "23041.53",
        "tariff": "",
        "service_internal_id": "Услуги",
        "rr": "",
        "recalculation": "",
        "accounting_period_total": "23041.53"
    },
    {
        "org_ppa_guid": "5408182388",
        "internal_id": "78_2022_04",
        "pp_internal_id": "78_2022_04",
        "calc_value": "15586.46",
        "tariff": "",
        "service_internal_id": "Услуги",
        "rr": "",
        "recalculation": "",
        "accounting_period_total": "15586.46"
    },
    {
        "org_ppa_guid": "5408182388",
        "internal_id": "79_2022_04",
        "pp_internal_id": "79_2022_04",
        "calc_value": "11561.86",
        "tariff": "",
        "service_internal_id": "Услуги",
        "rr": "",
        "recalculation": "",
        "accounting_period_total": "11561.86"
    },
    {
        "org_ppa_guid": "5408182388",
        "internal_id": "80_2022_04",
        "pp_internal_id": "80_2022_04",
        "calc_value": "29357.93",
        "tariff": "",
        "service_internal_id": "Услуги",
        "rr": "",
        "recalculation": "",
        "accounting_period_total": "29357.93"
    },
    {
        "org_ppa_guid": "5408182388",
        "internal_id": "81_2022_04",
        "pp_internal_id": "81_2022_04",
        "calc_value": "19359.48",
        "tariff": "",
        "service_internal_id": "Услуги",
        "rr": "",
        "recalculation": "",
        "accounting_period_total": "19359.48"
    },
    {
        "org_ppa_guid": "5408182388",
        "internal_id": "82_2022_04",
        "pp_internal_id": "82_2022_04",
        "calc_value": "27450.43",
        "tariff": "",
        "service_internal_id": "Услуги",
        "rr": "",
        "recalculation": "",
        "accounting_period_total": "27450.43"
    },
    {
        "org_ppa_guid": "5408182388",
        "internal_id": "83_2022_04",
        "pp_internal_id": "83_2022_04",
        "calc_value": "30566.61",
        "tariff": "",
        "service_internal_id": "Услуги",
        "rr": "",
        "recalculation": "",
        "accounting_period_total": "30566.61"
    },
    {
        "org_ppa_guid": "5408182388",
        "internal_id": "84_2022_04",
        "pp_internal_id": "84_2022_04",
        "calc_value": "44247.04",
        "tariff": "",
        "service_internal_id": "Услуги",
        "rr": "",
        "recalculation": "",
        "accounting_period_total": "44247.04"
    },
    {
        "org_ppa_guid": "5408182388",
        "internal_id": "86_2022_04",
        "pp_internal_id": "86_2022_04",
        "calc_value": "70730.14",
        "tariff": "",
        "service_internal_id": "Услуги",
        "rr": "",
        "recalculation": "",
        "accounting_period_total": "70730.14"
    },
    {
        "org_ppa_guid": "5408182388",
        "internal_id": "87_2022_04",
        "pp_internal_id": "87_2022_04",
        "calc_value": "27103.94",
        "tariff": "",
        "service_internal_id": "Услуги",
        "rr": "",
        "recalculation": "",
        "accounting_period_total": "27103.94"
    },
    {
        "org_ppa_guid": "5408182388",
        "internal_id": "88_2022_04",
        "pp_internal_id": "88_2022_04",
        "calc_value": "6521.74",
        "tariff": "",
        "service_internal_id": "Услуги",
        "rr": "",
        "recalculation": "",
        "accounting_period_total": "6521.74"
    },
    {
        "org_ppa_guid": "5408182388",
        "internal_id": "89_2022_04",
        "pp_internal_id": "89_2022_04",
        "calc_value": "22689.85",
        "tariff": "",
        "service_internal_id": "Услуги",
        "rr": "",
        "recalculation": "",
        "accounting_period_total": "22689.85"
    },
    {
        "org_ppa_guid": "5408182388",
        "internal_id": "90_2022_04",
        "pp_internal_id": "90_2022_04",
        "calc_value": "28724.72",
        "tariff": "",
        "service_internal_id": "Услуги",
        "rr": "",
        "recalculation": "",
        "accounting_period_total": "28724.72"
    },
    {
        "org_ppa_guid": "5408182388",
        "internal_id": "91_2022_04",
        "pp_internal_id": "91_2022_04",
        "calc_value": "22172.3",
        "tariff": "",
        "service_internal_id": "Услуги",
        "rr": "",
        "recalculation": "",
        "accounting_period_total": "22172.3"
    },
    {
        "org_ppa_guid": "5408182388",
        "internal_id": "92_2022_04",
        "pp_internal_id": "92_2022_04",
        "calc_value": "16000.02",
        "tariff": "",
        "service_internal_id": "Услуги",
        "rr": "",
        "recalculation": "",
        "accounting_period_total": "16000.02"
    },
    {
        "org_ppa_guid": "5408182388",
        "internal_id": "93_2022_04",
        "pp_internal_id": "93_2022_04",
        "calc_value": "31026.54",
        "tariff": "",
        "service_internal_id": "Услуги",
        "rr": "",
        "recalculation": "",
        "accounting_period_total": "31026.54"
    },
    {
        "org_ppa_guid": "5408182388",
        "internal_id": "94_2022_04",
        "pp_internal_id": "94_2022_04",
        "calc_value": "24396.01",
        "tariff": "",
        "service_internal_id": "Услуги",
        "rr": "",
        "recalculation": "",
        "accounting_period_total": "24396.01"
    },
    {
        "org_ppa_guid": "5408182388",
        "internal_id": "95_2022_04",
        "pp_internal_id": "95_2022_04",
        "calc_value": "17184.05",
        "tariff": "",
        "service_internal_id": "Услуги",
        "rr": "",
        "recalculation": "",
        "accounting_period_total": "17184.05"
    },
    {
        "org_ppa_guid": "5408182388",
        "internal_id": "96_2022_04",
        "pp_internal_id": "96_2022_04",
        "calc_value": "42683.14",
        "tariff": "",
        "service_internal_id": "Услуги",
        "rr": "",
        "recalculation": "",
        "accounting_period_total": "42683.14"
    },
    {
        "org_ppa_guid": "5408182388",
        "internal_id": "97_2022_04",
        "pp_internal_id": "97_2022_04",
        "calc_value": "53569.69",
        "tariff": "",
        "service_internal_id": "Услуги",
        "rr": "",
        "recalculation": "",
        "accounting_period_total": "53569.69"
    },
    {
        "org_ppa_guid": "5408182388",
        "internal_id": "42_2022_04",
        "pp_internal_id": "42_2022_04",
        "calc_value": "2277541.06",
        "tariff": "",
        "service_internal_id": "Услуги",
        "rr": "",
        "recalculation": "",
        "accounting_period_total": "2277583.06"
    }
]