[
    {
        "org_ppa_guid": "5408182388",
        "internal_id": "42_2022_06",
        "account_internal_id": "42_2022_06",
        "gis_id": "42_2022_06",
        "month": "15.06.2022",
        "credit": "42.0",
        "saldo": "42.0",
        "payment_value": "0.0",
        "payment_date": "",
        "bill_value": "42.0",
        "account_number": "",
        "bank_bik": ""
    },
    {
        "org_ppa_guid": "5408182388",
        "internal_id": "01_2022_06",
        "account_internal_id": "01_2022_06",
        "gis_id": "01_2022_06",
        "month": "15.06.2022",
        "credit": "8526.88",
        "saldo": "6502.16",
        "payment_value": "42.0",
        "payment_date": "15.06.2022",
        "bill_value": "7526.28",
        "account_number": "",
        "bank_bik": ""
    },
    {
        "org_ppa_guid": "5408182388",
        "internal_id": "02_2022_06",
        "account_internal_id": "02_2022_06",
        "gis_id": "02_2022_06",
        "month": "15.06.2022",
        "credit": "6455.66",
        "saldo": "5916.98",
        "payment_value": "42.0",
        "payment_date": "15.06.2022",
        "bill_value": "5916.98",
        "account_number": "",
        "bank_bik": ""
    },
    {
        "org_ppa_guid": "5408182388",
        "internal_id": "03_2022_06",
        "account_internal_id": "03_2022_06",
        "gis_id": "03_2022_06",
        "month": "15.06.2022",
        "credit": "21612.88",
        "saldo": "31740.85",
        "payment_value": "42.0",
        "payment_date": "15.06.2022",
        "bill_value": "10127.97",
        "account_number": "",
        "bank_bik": ""
    },
    {
        "org_ppa_guid": "5408182388",
        "internal_id": "04_2022_06",
        "account_internal_id": "04_2022_06",
        "gis_id": "04_2022_06",
        "month": "15.06.2022",
        "credit": "65445.18",
        "saldo": "15812.27",
        "payment_value": "42.0",
        "payment_date": "15.06.2022",
        "bill_value": "15812.27",
        "account_number": "",
        "bank_bik": ""
    },
    {
        "org_ppa_guid": "5408182388",
        "internal_id": "05_2022_06",
        "account_internal_id": "05_2022_06",
        "gis_id": "05_2022_06",
        "month": "15.06.2022",
        "credit": "6036.82",
        "saldo": "6703.03",
        "payment_value": "42.0",
        "payment_date": "15.06.2022",
        "bill_value": "6703.03",
        "account_number": "",
        "bank_bik": ""
    },
    {
        "org_ppa_guid": "5408182388",
        "internal_id": "06_2022_06",
        "account_internal_id": "06_2022_06",
        "gis_id": "06_2022_06",
        "month": "15.06.2022",
        "credit": "3376.58",
        "saldo": "-259.86",
        "payment_value": "42.0",
        "payment_date": "15.06.2022",
        "bill_value": "8763.56",
        "account_number": "",
        "bank_bik": ""
    },
    {
        "org_ppa_guid": "5408182388",
        "internal_id": "07_2022_06",
        "account_internal_id": "07_2022_06",
        "gis_id": "07_2022_06",
        "month": "15.06.2022",
        "credit": "7357.82",
        "saldo": "7077.35",
        "payment_value": "42.0",
        "payment_date": "15.06.2022",
        "bill_value": "7077.35",
        "account_number": "",
        "bank_bik": ""
    },
    {
        "org_ppa_guid": "5408182388",
        "internal_id": "08_2022_06",
        "account_internal_id": "08_2022_06",
        "gis_id": "08_2022_06",
        "month": "15.06.2022",
        "credit": "3486.4",
        "saldo": "-5016.96",
        "payment_value": "42.0",
        "payment_date": "15.06.2022",
        "bill_value": "5496.64",
        "account_number": "",
        "bank_bik": ""
    },
    {
        "org_ppa_guid": "5408182388",
        "internal_id": "09_2022_06",
        "account_internal_id": "09_2022_06",
        "gis_id": "09_2022_06",
        "month": "15.06.2022",
        "credit": "10028.36",
        "saldo": "9438.53",
        "payment_value": "42.0",
        "payment_date": "15.06.2022",
        "bill_value": "9438.53",
        "account_number": "",
        "bank_bik": ""
    },
    {
        "org_ppa_guid": "5408182388",
        "internal_id": "10_2022_06",
        "account_internal_id": "10_2022_06",
        "gis_id": "10_2022_06",
        "month": "15.06.2022",
        "credit": "11292.19",
        "saldo": "8614.27",
        "payment_value": "42.0",
        "payment_date": "15.06.2022",
        "bill_value": "8614.27",
        "account_number": "",
        "bank_bik": ""
    },
    {
        "org_ppa_guid": "5408182388",
        "internal_id": "101_2022_06",
        "account_internal_id": "101_2022_06",
        "gis_id": "101_2022_06",
        "month": "15.06.2022",
        "credit": "42.0",
        "saldo": "42.0",
        "payment_value": "42.0",
        "payment_date": "15.06.2022",
        "bill_value": "42.0",
        "account_number": "",
        "bank_bik": ""
    },
    {
        "org_ppa_guid": "5408182388",
        "internal_id": "101.1_2022_06",
        "account_internal_id": "101.1_2022_06",
        "gis_id": "101.1_2022_06",
        "month": "15.06.2022",
        "credit": "42.0",
        "saldo": "42.0",
        "payment_value": "42.0",
        "payment_date": "15.06.2022",
        "bill_value": "42.0",
        "account_number": "",
        "bank_bik": ""
    },
    {
        "org_ppa_guid": "5408182388",
        "internal_id": "101.2_2022_06",
        "account_internal_id": "101.2_2022_06",
        "gis_id": "101.2_2022_06",
        "month": "15.06.2022",
        "credit": "-0.01",
        "saldo": "-0.01",
        "payment_value": "42.0",
        "payment_date": "15.06.2022",
        "bill_value": "42.0",
        "account_number": "",
        "bank_bik": ""
    },
    {
        "org_ppa_guid": "5408182388",
        "internal_id": "101.3_2022_06",
        "account_internal_id": "101.3_2022_06",
        "gis_id": "101.3_2022_06",
        "month": "15.06.2022",
        "credit": "2156.68",
        "saldo": "2445.7",
        "payment_value": "42.0",
        "payment_date": "15.06.2022",
        "bill_value": "2445.7",
        "account_number": "",
        "bank_bik": ""
    },
    {
        "org_ppa_guid": "5408182388",
        "internal_id": "102_2022_06",
        "account_internal_id": "102_2022_06",
        "gis_id": "102_2022_06",
        "month": "15.06.2022",
        "credit": "6282.51",
        "saldo": "5582.89",
        "payment_value": "42.0",
        "payment_date": "15.06.2022",
        "bill_value": "5677.26",
        "account_number": "",
        "bank_bik": ""
    },
    {
        "org_ppa_guid": "5408182388",
        "internal_id": "103_2022_06",
        "account_internal_id": "103_2022_06",
        "gis_id": "103_2022_06",
        "month": "15.06.2022",
        "credit": "36727.74",
        "saldo": "35317.03",
        "payment_value": "42.0",
        "payment_date": "15.06.2022",
        "bill_value": "39223.08",
        "account_number": "",
        "bank_bik": ""
    },
    {
        "org_ppa_guid": "5408182388",
        "internal_id": "105_2022_06",
        "account_internal_id": "105_2022_06",
        "gis_id": "105_2022_06",
        "month": "15.06.2022",
        "credit": "15506.98",
        "saldo": "20126.25",
        "payment_value": "42.0",
        "payment_date": "15.06.2022",
        "bill_value": "4619.27",
        "account_number": "",
        "bank_bik": ""
    },
    {
        "org_ppa_guid": "5408182388",
        "internal_id": "11_2022_06",
        "account_internal_id": "11_2022_06",
        "gis_id": "11_2022_06",
        "month": "15.06.2022",
        "credit": "5462.27",
        "saldo": "5250.12",
        "payment_value": "42.0",
        "payment_date": "15.06.2022",
        "bill_value": "5250.12",
        "account_number": "",
        "bank_bik": ""
    },
    {
        "org_ppa_guid": "5408182388",
        "internal_id": "12_2022_06",
        "account_internal_id": "12_2022_06",
        "gis_id": "12_2022_06",
        "month": "15.06.2022",
        "credit": "7970.43",
        "saldo": "7556.85",
        "payment_value": "42.0",
        "payment_date": "15.06.2022",
        "bill_value": "7557.42",
        "account_number": "",
        "bank_bik": ""
    },
    {
        "org_ppa_guid": "5408182388",
        "internal_id": "13_2022_06",
        "account_internal_id": "13_2022_06",
        "gis_id": "13_2022_06",
        "month": "15.06.2022",
        "credit": "9547.76",
        "saldo": "9088.35",
        "payment_value": "42.0",
        "payment_date": "15.06.2022",
        "bill_value": "9088.35",
        "account_number": "",
        "bank_bik": ""
    },
    {
        "org_ppa_guid": "5408182388",
        "internal_id": "14_2022_06",
        "account_internal_id": "14_2022_06",
        "gis_id": "14_2022_06",
        "month": "15.06.2022",
        "credit": "8847.31",
        "saldo": "8232.27",
        "payment_value": "42.0",
        "payment_date": "15.06.2022",
        "bill_value": "8232.27",
        "account_number": "",
        "bank_bik": ""
    },
    {
        "org_ppa_guid": "5408182388",
        "internal_id": "15_2022_06",
        "account_internal_id": "15_2022_06",
        "gis_id": "15_2022_06",
        "month": "15.06.2022",
        "credit": "7312.96",
        "saldo": "6946.34",
        "payment_value": "42.0",
        "payment_date": "15.06.2022",
        "bill_value": "6946.34",
        "account_number": "",
        "bank_bik": ""
    },
    {
        "org_ppa_guid": "5408182388",
        "internal_id": "16_2022_06",
        "account_internal_id": "16_2022_06",
        "gis_id": "16_2022_06",
        "month": "15.06.2022",
        "credit": "23025.8",
        "saldo": "31991.87",
        "payment_value": "42.0",
        "payment_date": "15.06.2022",
        "bill_value": "8966.07",
        "account_number": "",
        "bank_bik": ""
    },
    {
        "org_ppa_guid": "5408182388",
        "internal_id": "17_2022_06",
        "account_internal_id": "17_2022_06",
        "gis_id": "17_2022_06",
        "month": "15.06.2022",
        "credit": "10030.83",
        "saldo": "9548.84",
        "payment_value": "42.0",
        "payment_date": "15.06.2022",
        "bill_value": "9548.84",
        "account_number": "",
        "bank_bik": ""
    },
    {
        "org_ppa_guid": "5408182388",
        "internal_id": "18_2022_06",
        "account_internal_id": "18_2022_06",
        "gis_id": "18_2022_06",
        "month": "15.06.2022",
        "credit": "49957.74",
        "saldo": "-16530.14",
        "payment_value": "1807.76",
        "payment_date": "15.06.2022",
        "bill_value": "6918.38",
        "account_number": "",
        "bank_bik": ""
    },
    {
        "org_ppa_guid": "5408182388",
        "internal_id": "19_2022_06",
        "account_internal_id": "19_2022_06",
        "gis_id": "19_2022_06",
        "month": "15.06.2022",
        "credit": "7800.69",
        "saldo": "7778.02",
        "payment_value": "42.0",
        "payment_date": "15.06.2022",
        "bill_value": "7778.02",
        "account_number": "",
        "bank_bik": ""
    },
    {
        "org_ppa_guid": "5408182388",
        "internal_id": "20_2022_06",
        "account_internal_id": "20_2022_06",
        "gis_id": "20_2022_06",
        "month": "15.06.2022",
        "credit": "5933.33",
        "saldo": "6830.82",
        "payment_value": "42.0",
        "payment_date": "15.06.2022",
        "bill_value": "8099.64",
        "account_number": "",
        "bank_bik": ""
    },
    {
        "org_ppa_guid": "5408182388",
        "internal_id": "21_2022_06",
        "account_internal_id": "21_2022_06",
        "gis_id": "21_2022_06",
        "month": "15.06.2022",
        "credit": "7801.91",
        "saldo": "7475.78",
        "payment_value": "42.0",
        "payment_date": "15.06.2022",
        "bill_value": "7475.78",
        "account_number": "",
        "bank_bik": ""
    },
    {
        "org_ppa_guid": "5408182388",
        "internal_id": "22_2022_06",
        "account_internal_id": "22_2022_06",
        "gis_id": "22_2022_06",
        "month": "15.06.2022",
        "credit": "35830.45",
        "saldo": "40726.87",
        "payment_value": "42.0",
        "payment_date": "15.06.2022",
        "bill_value": "4896.42",
        "account_number": "",
        "bank_bik": ""
    },
    {
        "org_ppa_guid": "5408182388",
        "internal_id": "23_2022_06",
        "account_internal_id": "23_2022_06",
        "gis_id": "23_2022_06",
        "month": "15.06.2022",
        "credit": "9436.44",
        "saldo": "9237.54",
        "payment_value": "42.0",
        "payment_date": "15.06.2022",
        "bill_value": "9237.54",
        "account_number": "",
        "bank_bik": ""
    },
    {
        "org_ppa_guid": "5408182388",
        "internal_id": "24_2022_06",
        "account_internal_id": "24_2022_06",
        "gis_id": "24_2022_06",
        "month": "15.06.2022",
        "credit": "11754.93",
        "saldo": "10479.12",
        "payment_value": "42.0",
        "payment_date": "15.06.2022",
        "bill_value": "10479.12",
        "account_number": "",
        "bank_bik": ""
    },
    {
        "org_ppa_guid": "5408182388",
        "internal_id": "25_2022_06",
        "account_internal_id": "25_2022_06",
        "gis_id": "25_2022_06",
        "month": "15.06.2022",
        "credit": "5217.44",
        "saldo": "5169.91",
        "payment_value": "42.0",
        "payment_date": "15.06.2022",
        "bill_value": "5169.91",
        "account_number": "",
        "bank_bik": ""
    },
    {
        "org_ppa_guid": "5408182388",
        "internal_id": "26_2022_06",
        "account_internal_id": "26_2022_06",
        "gis_id": "26_2022_06",
        "month": "15.06.2022",
        "credit": "10475.99",
        "saldo": "9122.2",
        "payment_value": "42.0",
        "payment_date": "15.06.2022",
        "bill_value": "9122.2",
        "account_number": "",
        "bank_bik": ""
    },
    {
        "org_ppa_guid": "5408182388",
        "internal_id": "27_2022_06",
        "account_internal_id": "27_2022_06",
        "gis_id": "27_2022_06",
        "month": "15.06.2022",
        "credit": "10320.93",
        "saldo": "9375.49",
        "payment_value": "42.0",
        "payment_date": "15.06.2022",
        "bill_value": "9375.49",
        "account_number": "",
        "bank_bik": ""
    },
    {
        "org_ppa_guid": "5408182388",
        "internal_id": "28_2022_06",
        "account_internal_id": "28_2022_06",
        "gis_id": "28_2022_06",
        "month": "15.06.2022",
        "credit": "22890.84",
        "saldo": "18939.88",
        "payment_value": "42.0",
        "payment_date": "15.06.2022",
        "bill_value": "8049.04",
        "account_number": "",
        "bank_bik": ""
    },
    {
        "org_ppa_guid": "5408182388",
        "internal_id": "29_2022_06",
        "account_internal_id": "29_2022_06",
        "gis_id": "29_2022_06",
        "month": "15.06.2022",
        "credit": "5988.49",
        "saldo": "5603.99",
        "payment_value": "42.0",
        "payment_date": "15.06.2022",
        "bill_value": "5603.99",
        "account_number": "",
        "bank_bik": ""
    },
    {
        "org_ppa_guid": "5408182388",
        "internal_id": "30_2022_06",
        "account_internal_id": "30_2022_06",
        "gis_id": "30_2022_06",
        "month": "15.06.2022",
        "credit": "12127.71",
        "saldo": "12334.34",
        "payment_value": "42.0",
        "payment_date": "15.06.2022",
        "bill_value": "12334.34",
        "account_number": "",
        "bank_bik": ""
    },
    {
        "org_ppa_guid": "5408182388",
        "internal_id": "31_2022_06",
        "account_internal_id": "31_2022_06",
        "gis_id": "31_2022_06",
        "month": "15.06.2022",
        "credit": "10491.55",
        "saldo": "10261.17",
        "payment_value": "42.0",
        "payment_date": "15.06.2022",
        "bill_value": "10261.17",
        "account_number": "",
        "bank_bik": ""
    },
    {
        "org_ppa_guid": "5408182388",
        "internal_id": "32_2022_06",
        "account_internal_id": "32_2022_06",
        "gis_id": "32_2022_06",
        "month": "15.06.2022",
        "credit": "41194.28",
        "saldo": "47711.22",
        "payment_value": "42.0",
        "payment_date": "15.06.2022",
        "bill_value": "6516.94",
        "account_number": "",
        "bank_bik": ""
    },
    {
        "org_ppa_guid": "5408182388",
        "internal_id": "32-33_2022_06",
        "account_internal_id": "32-33_2022_06",
        "gis_id": "32-33_2022_06",
        "month": "15.06.2022",
        "credit": "42.0",
        "saldo": "42.0",
        "payment_value": "42.0",
        "payment_date": "15.06.2022",
        "bill_value": "42.0",
        "account_number": "",
        "bank_bik": ""
    },
    {
        "org_ppa_guid": "5408182388",
        "internal_id": "33_2022_06",
        "account_internal_id": "33_2022_06",
        "gis_id": "33_2022_06",
        "month": "15.06.2022",
        "credit": "7343.14",
        "saldo": "6986.6",
        "payment_value": "42.0",
        "payment_date": "15.06.2022",
        "bill_value": "6986.6",
        "account_number": "",
        "bank_bik": ""
    },
    {
        "org_ppa_guid": "5408182388",
        "internal_id": "34_2022_06",
        "account_internal_id": "34_2022_06",
        "gis_id": "34_2022_06",
        "month": "15.06.2022",
        "credit": "10387.38",
        "saldo": "14407.71",
        "payment_value": "42.0",
        "payment_date": "15.06.2022",
        "bill_value": "12722.42",
        "account_number": "",
        "bank_bik": ""
    },
    {
        "org_ppa_guid": "5408182388",
        "internal_id": "35_2022_06",
        "account_internal_id": "35_2022_06",
        "gis_id": "35_2022_06",
        "month": "15.06.2022",
        "credit": "9625.74",
        "saldo": "9133.3",
        "payment_value": "42.0",
        "payment_date": "15.06.2022",
        "bill_value": "9133.3",
        "account_number": "",
        "bank_bik": ""
    },
    {
        "org_ppa_guid": "5408182388",
        "internal_id": "36_2022_06",
        "account_internal_id": "36_2022_06",
        "gis_id": "36_2022_06",
        "month": "15.06.2022",
        "credit": "6011.53",
        "saldo": "5535.49",
        "payment_value": "42.0",
        "payment_date": "15.06.2022",
        "bill_value": "5535.49",
        "account_number": "",
        "bank_bik": ""
    },
    {
        "org_ppa_guid": "5408182388",
        "internal_id": "37_2022_06",
        "account_internal_id": "37_2022_06",
        "gis_id": "37_2022_06",
        "month": "15.06.2022",
        "credit": "9049.97",
        "saldo": "8632.3",
        "payment_value": "42.0",
        "payment_date": "15.06.2022",
        "bill_value": "8632.3",
        "account_number": "",
        "bank_bik": ""
    },
    {
        "org_ppa_guid": "5408182388",
        "internal_id": "38_2022_06",
        "account_internal_id": "38_2022_06",
        "gis_id": "38_2022_06",
        "month": "15.06.2022",
        "credit": "9307.14",
        "saldo": "9415.36",
        "payment_value": "42.0",
        "payment_date": "15.06.2022",
        "bill_value": "9415.36",
        "account_number": "",
        "bank_bik": ""
    },
    {
        "org_ppa_guid": "5408182388",
        "internal_id": "39_2022_06",
        "account_internal_id": "39_2022_06",
        "gis_id": "39_2022_06",
        "month": "15.06.2022",
        "credit": "5354.18",
        "saldo": "5216.47",
        "payment_value": "42.0",
        "payment_date": "15.06.2022",
        "bill_value": "5282.29",
        "account_number": "",
        "bank_bik": ""
    },
    {
        "org_ppa_guid": "5408182388",
        "internal_id": "40_2022_06",
        "account_internal_id": "40_2022_06",
        "gis_id": "40_2022_06",
        "month": "15.06.2022",
        "credit": "7825.76",
        "saldo": "7324.04",
        "payment_value": "42.0",
        "payment_date": "15.06.2022",
        "bill_value": "7528.28",
        "account_number": "",
        "bank_bik": ""
    },
    {
        "org_ppa_guid": "5408182388",
        "internal_id": "41_2022_06",
        "account_internal_id": "41_2022_06",
        "gis_id": "41_2022_06",
        "month": "15.06.2022",
        "credit": "10945.45",
        "saldo": "10159.77",
        "payment_value": "42.0",
        "payment_date": "15.06.2022",
        "bill_value": "10159.77",
        "account_number": "",
        "bank_bik": ""
    },
    {
        "org_ppa_guid": "5408182388",
        "internal_id": "42_2022_06",
        "account_internal_id": "42_2022_06",
        "gis_id": "42_2022_06",
        "month": "15.06.2022",
        "credit": "8161.06",
        "saldo": "7244.71",
        "payment_value": "42.0",
        "payment_date": "15.06.2022",
        "bill_value": "7244.71",
        "account_number": "",
        "bank_bik": ""
    },
    {
        "org_ppa_guid": "5408182388",
        "internal_id": "43_2022_06",
        "account_internal_id": "43_2022_06",
        "gis_id": "43_2022_06",
        "month": "15.06.2022",
        "credit": "20057.66",
        "saldo": "19524.73",
        "payment_value": "42.0",
        "payment_date": "15.06.2022",
        "bill_value": "5918.07",
        "account_number": "",
        "bank_bik": ""
    },
    {
        "org_ppa_guid": "5408182388",
        "internal_id": "44_2022_06",
        "account_internal_id": "44_2022_06",
        "gis_id": "44_2022_06",
        "month": "15.06.2022",
        "credit": "22652.54",
        "saldo": "9018.01",
        "payment_value": "42.0",
        "payment_date": "15.06.2022",
        "bill_value": "9914.19",
        "account_number": "",
        "bank_bik": ""
    },
    {
        "org_ppa_guid": "5408182388",
        "internal_id": "45_2022_06",
        "account_internal_id": "45_2022_06",
        "gis_id": "45_2022_06",
        "month": "15.06.2022",
        "credit": "44724.92",
        "saldo": "53132.37",
        "payment_value": "42.0",
        "payment_date": "15.06.2022",
        "bill_value": "8407.45",
        "account_number": "",
        "bank_bik": ""
    },
    {
        "org_ppa_guid": "5408182388",
        "internal_id": "46_2022_06",
        "account_internal_id": "46_2022_06",
        "gis_id": "46_2022_06",
        "month": "15.06.2022",
        "credit": "6448.14",
        "saldo": "6187.14",
        "payment_value": "42.0",
        "payment_date": "15.06.2022",
        "bill_value": "6187.14",
        "account_number": "",
        "bank_bik": ""
    },
    {
        "org_ppa_guid": "5408182388",
        "internal_id": "47_2022_06",
        "account_internal_id": "47_2022_06",
        "gis_id": "47_2022_06",
        "month": "15.06.2022",
        "credit": "13695.15",
        "saldo": "10403.85",
        "payment_value": "42.0",
        "payment_date": "15.06.2022",
        "bill_value": "10403.85",
        "account_number": "",
        "bank_bik": ""
    },
    {
        "org_ppa_guid": "5408182388",
        "internal_id": "48_2022_06",
        "account_internal_id": "48_2022_06",
        "gis_id": "48_2022_06",
        "month": "15.06.2022",
        "credit": "20465.09",
        "saldo": "16215.47",
        "payment_value": "42.0",
        "payment_date": "15.06.2022",
        "bill_value": "16216.38",
        "account_number": "",
        "bank_bik": ""
    },
    {
        "org_ppa_guid": "5408182388",
        "internal_id": "49_2022_06",
        "account_internal_id": "49_2022_06",
        "gis_id": "49_2022_06",
        "month": "15.06.2022",
        "credit": "7213.31",
        "saldo": "14100.21",
        "payment_value": "42.0",
        "payment_date": "15.06.2022",
        "bill_value": "6886.9",
        "account_number": "",
        "bank_bik": ""
    },
    {
        "org_ppa_guid": "5408182388",
        "internal_id": "50_2022_06",
        "account_internal_id": "50_2022_06",
        "gis_id": "50_2022_06",
        "month": "15.06.2022",
        "credit": "13507.88",
        "saldo": "-5009.51",
        "payment_value": "66.55",
        "payment_date": "15.06.2022",
        "bill_value": "5482.61",
        "account_number": "",
        "bank_bik": ""
    },
    {
        "org_ppa_guid": "5408182388",
        "internal_id": "51_2022_06",
        "account_internal_id": "51_2022_06",
        "gis_id": "51_2022_06",
        "month": "15.06.2022",
        "credit": "23611.61",
        "saldo": "-12744.74",
        "payment_value": "734.51",
        "payment_date": "15.06.2022",
        "bill_value": "8643.65",
        "account_number": "",
        "bank_bik": ""
    },
    {
        "org_ppa_guid": "5408182388",
        "internal_id": "52_2022_06",
        "account_internal_id": "52_2022_06",
        "gis_id": "52_2022_06",
        "month": "15.06.2022",
        "credit": "-21189.35",
        "saldo": "-23533.72",
        "payment_value": "42.0",
        "payment_date": "15.06.2022",
        "bill_value": "9155.63",
        "account_number": "",
        "bank_bik": ""
    },
    {
        "org_ppa_guid": "5408182388",
        "internal_id": "53_2022_06",
        "account_internal_id": "53_2022_06",
        "gis_id": "53_2022_06",
        "month": "15.06.2022",
        "credit": "2198.17",
        "saldo": "6194.18",
        "payment_value": "42.0",
        "payment_date": "15.06.2022",
        "bill_value": "6195.01",
        "account_number": "",
        "bank_bik": ""
    },
    {
        "org_ppa_guid": "5408182388",
        "internal_id": "54_2022_06",
        "account_internal_id": "54_2022_06",
        "gis_id": "54_2022_06",
        "month": "15.06.2022",
        "credit": "18871.09",
        "saldo": "26493.19",
        "payment_value": "42.0",
        "payment_date": "15.06.2022",
        "bill_value": "7622.1",
        "account_number": "",
        "bank_bik": ""
    },
    {
        "org_ppa_guid": "5408182388",
        "internal_id": "55_2022_06",
        "account_internal_id": "55_2022_06",
        "gis_id": "55_2022_06",
        "month": "15.06.2022",
        "credit": "12069.94",
        "saldo": "9779.57",
        "payment_value": "42.0",
        "payment_date": "15.06.2022",
        "bill_value": "9511.68",
        "account_number": "",
        "bank_bik": ""
    },
    {
        "org_ppa_guid": "5408182388",
        "internal_id": "56_2022_06",
        "account_internal_id": "56_2022_06",
        "gis_id": "56_2022_06",
        "month": "15.06.2022",
        "credit": "28012.45",
        "saldo": "37971.53",
        "payment_value": "42.0",
        "payment_date": "15.06.2022",
        "bill_value": "9959.08",
        "account_number": "",
        "bank_bik": ""
    },
    {
        "org_ppa_guid": "5408182388",
        "internal_id": "57_2022_06",
        "account_internal_id": "57_2022_06",
        "gis_id": "57_2022_06",
        "month": "15.06.2022",
        "credit": "16394.72",
        "saldo": "21592.8",
        "payment_value": "42.0",
        "payment_date": "15.06.2022",
        "bill_value": "5198.08",
        "account_number": "",
        "bank_bik": ""
    },
    {
        "org_ppa_guid": "5408182388",
        "internal_id": "58_2022_06",
        "account_internal_id": "58_2022_06",
        "gis_id": "58_2022_06",
        "month": "15.06.2022",
        "credit": "10805.31",
        "saldo": "8821.69",
        "payment_value": "42.0",
        "payment_date": "15.06.2022",
        "bill_value": "8833.38",
        "account_number": "",
        "bank_bik": ""
    },
    {
        "org_ppa_guid": "5408182388",
        "internal_id": "59_2022_06",
        "account_internal_id": "59_2022_06",
        "gis_id": "59_2022_06",
        "month": "15.06.2022",
        "credit": "71904.56",
        "saldo": "86182.17",
        "payment_value": "42.0",
        "payment_date": "15.06.2022",
        "bill_value": "14277.61",
        "account_number": "",
        "bank_bik": ""
    },
    {
        "org_ppa_guid": "5408182388",
        "internal_id": "61_2022_06",
        "account_internal_id": "61_2022_06",
        "gis_id": "61_2022_06",
        "month": "15.06.2022",
        "credit": "-1725.42",
        "saldo": "-2580.52",
        "payment_value": "42.0",
        "payment_date": "15.06.2022",
        "bill_value": "7744.9",
        "account_number": "",
        "bank_bik": ""
    },
    {
        "org_ppa_guid": "5408182388",
        "internal_id": "62_2022_06",
        "account_internal_id": "62_2022_06",
        "gis_id": "62_2022_06",
        "month": "15.06.2022",
        "credit": "11825.92",
        "saldo": "11336.18",
        "payment_value": "42.0",
        "payment_date": "15.06.2022",
        "bill_value": "11336.18",
        "account_number": "",
        "bank_bik": ""
    },
    {
        "org_ppa_guid": "5408182388",
        "internal_id": "63_2022_06",
        "account_internal_id": "63_2022_06",
        "gis_id": "63_2022_06",
        "month": "15.06.2022",
        "credit": "8075.41",
        "saldo": "7791.4",
        "payment_value": "42.0",
        "payment_date": "15.06.2022",
        "bill_value": "7791.4",
        "account_number": "",
        "bank_bik": ""
    },
    {
        "org_ppa_guid": "5408182388",
        "internal_id": "64_2022_06",
        "account_internal_id": "64_2022_06",
        "gis_id": "64_2022_06",
        "month": "15.06.2022",
        "credit": "5778.14",
        "saldo": "8519.95",
        "payment_value": "42.0",
        "payment_date": "15.06.2022",
        "bill_value": "8519.95",
        "account_number": "",
        "bank_bik": ""
    },
    {
        "org_ppa_guid": "5408182388",
        "internal_id": "65_2022_06",
        "account_internal_id": "65_2022_06",
        "gis_id": "65_2022_06",
        "month": "15.06.2022",
        "credit": "15449.28",
        "saldo": "27630.79",
        "payment_value": "42.0",
        "payment_date": "15.06.2022",
        "bill_value": "12181.51",
        "account_number": "",
        "bank_bik": ""
    },
    {
        "org_ppa_guid": "5408182388",
        "internal_id": "66_2022_06",
        "account_internal_id": "66_2022_06",
        "gis_id": "66_2022_06",
        "month": "15.06.2022",
        "credit": "9542.29",
        "saldo": "8929.59",
        "payment_value": "42.0",
        "payment_date": "15.06.2022",
        "bill_value": "8929.59",
        "account_number": "",
        "bank_bik": ""
    },
    {
        "org_ppa_guid": "5408182388",
        "internal_id": "67_2022_06",
        "account_internal_id": "67_2022_06",
        "gis_id": "67_2022_06",
        "month": "15.06.2022",
        "credit": "6234.77",
        "saldo": "6059.86",
        "payment_value": "42.0",
        "payment_date": "15.06.2022",
        "bill_value": "6059.86",
        "account_number": "",
        "bank_bik": ""
    },
    {
        "org_ppa_guid": "5408182388",
        "internal_id": "68_2022_06",
        "account_internal_id": "68_2022_06",
        "gis_id": "68_2022_06",
        "month": "15.06.2022",
        "credit": "23378.15",
        "saldo": "30909.47",
        "payment_value": "42.0",
        "payment_date": "15.06.2022",
        "bill_value": "7531.32",
        "account_number": "",
        "bank_bik": ""
    },
    {
        "org_ppa_guid": "5408182388",
        "internal_id": "69_2022_06",
        "account_internal_id": "69_2022_06",
        "gis_id": "69_2022_06",
        "month": "15.06.2022",
        "credit": "10604.77",
        "saldo": "10066.59",
        "payment_value": "42.0",
        "payment_date": "15.06.2022",
        "bill_value": "10066.59",
        "account_number": "",
        "bank_bik": ""
    },
    {
        "org_ppa_guid": "5408182388",
        "internal_id": "70_2022_06",
        "account_internal_id": "70_2022_06",
        "gis_id": "70_2022_06",
        "month": "15.06.2022",
        "credit": "7333.04",
        "saldo": "14618.85",
        "payment_value": "42.0",
        "payment_date": "15.06.2022",
        "bill_value": "7285.81",
        "account_number": "",
        "bank_bik": ""
    },
    {
        "org_ppa_guid": "5408182388",
        "internal_id": "71_2022_06",
        "account_internal_id": "71_2022_06",
        "gis_id": "71_2022_06",
        "month": "15.06.2022",
        "credit": "6281.55",
        "saldo": "5595.14",
        "payment_value": "42.0",
        "payment_date": "15.06.2022",
        "bill_value": "5595.14",
        "account_number": "",
        "bank_bik": ""
    },
    {
        "org_ppa_guid": "5408182388",
        "internal_id": "72_2022_06",
        "account_internal_id": "72_2022_06",
        "gis_id": "72_2022_06",
        "month": "15.06.2022",
        "credit": "23546.99",
        "saldo": "31529.97",
        "payment_value": "42.0",
        "payment_date": "15.06.2022",
        "bill_value": "7982.98",
        "account_number": "",
        "bank_bik": ""
    },
    {
        "org_ppa_guid": "5408182388",
        "internal_id": "73_2022_06",
        "account_internal_id": "73_2022_06",
        "gis_id": "73_2022_06",
        "month": "15.06.2022",
        "credit": "22716.3",
        "saldo": "30573.76",
        "payment_value": "42.0",
        "payment_date": "15.06.2022",
        "bill_value": "7857.46",
        "account_number": "",
        "bank_bik": ""
    },
    {
        "org_ppa_guid": "5408182388",
        "internal_id": "74_2022_06",
        "account_internal_id": "74_2022_06",
        "gis_id": "74_2022_06",
        "month": "15.06.2022",
        "credit": "5534.8",
        "saldo": "10868.85",
        "payment_value": "42.0",
        "payment_date": "15.06.2022",
        "bill_value": "5334.05",
        "account_number": "",
        "bank_bik": ""
    },
    {
        "org_ppa_guid": "5408182388",
        "internal_id": "75_2022_06",
        "account_internal_id": "75_2022_06",
        "gis_id": "75_2022_06",
        "month": "15.06.2022",
        "credit": "-35400.33",
        "saldo": "-26900.73",
        "payment_value": "42.0",
        "payment_date": "15.06.2022",
        "bill_value": "8499.6",
        "account_number": "",
        "bank_bik": ""
    },
    {
        "org_ppa_guid": "5408182388",
        "internal_id": "76_2022_06",
        "account_internal_id": "76_2022_06",
        "gis_id": "76_2022_06",
        "month": "15.06.2022",
        "credit": "9374.88",
        "saldo": "18410.91",
        "payment_value": "42.0",
        "payment_date": "15.06.2022",
        "bill_value": "9036.03",
        "account_number": "",
        "bank_bik": ""
    },
    {
        "org_ppa_guid": "5408182388",
        "internal_id": "77_2022_06",
        "account_internal_id": "77_2022_06",
        "gis_id": "77_2022_06",
        "month": "15.06.2022",
        "credit": "9213.39",
        "saldo": "7547.36",
        "payment_value": "42.0",
        "payment_date": "15.06.2022",
        "bill_value": "7547.36",
        "account_number": "",
        "bank_bik": ""
    },
    {
        "org_ppa_guid": "5408182388",
        "internal_id": "78_2022_06",
        "account_internal_id": "78_2022_06",
        "gis_id": "78_2022_06",
        "month": "15.06.2022",
        "credit": "5554.23",
        "saldo": "4842.83",
        "payment_value": "42.0",
        "payment_date": "15.06.2022",
        "bill_value": "4842.83",
        "account_number": "",
        "bank_bik": ""
    },
    {
        "org_ppa_guid": "5408182388",
        "internal_id": "79_2022_06",
        "account_internal_id": "79_2022_06",
        "gis_id": "79_2022_06",
        "month": "15.06.2022",
        "credit": "0.0",
        "saldo": "16637.31",
        "payment_value": "42.0",
        "payment_date": "15.06.2022",
        "bill_value": "11559.1",
        "account_number": "",
        "bank_bik": ""
    },
    {
        "org_ppa_guid": "5408182388",
        "internal_id": "80_2022_06",
        "account_internal_id": "80_2022_06",
        "gis_id": "80_2022_06",
        "month": "15.06.2022",
        "credit": "14220.76",
        "saldo": "10874.18",
        "payment_value": "42.0",
        "payment_date": "15.06.2022",
        "bill_value": "10874.18",
        "account_number": "",
        "bank_bik": ""
    },
    {
        "org_ppa_guid": "5408182388",
        "internal_id": "81_2022_06",
        "account_internal_id": "81_2022_06",
        "gis_id": "81_2022_06",
        "month": "15.06.2022",
        "credit": "5537.54",
        "saldo": "6602.72",
        "payment_value": "42.0",
        "payment_date": "15.06.2022",
        "bill_value": "6715.18",
        "account_number": "",
        "bank_bik": ""
    },
    {
        "org_ppa_guid": "5408182388",
        "internal_id": "82_2022_06",
        "account_internal_id": "82_2022_06",
        "gis_id": "82_2022_06",
        "month": "15.06.2022",
        "credit": "19660.9",
        "saldo": "9265.53",
        "payment_value": "42.0",
        "payment_date": "15.06.2022",
        "bill_value": "9265.53",
        "account_number": "",
        "bank_bik": ""
    },
    {
        "org_ppa_guid": "5408182388",
        "internal_id": "83_2022_06",
        "account_internal_id": "83_2022_06",
        "gis_id": "83_2022_06",
        "month": "15.06.2022",
        "credit": "10191.55",
        "saldo": "9501.88",
        "payment_value": "42.0",
        "payment_date": "15.06.2022",
        "bill_value": "10492.16",
        "account_number": "",
        "bank_bik": ""
    },
    {
        "org_ppa_guid": "5408182388",
        "internal_id": "84_2022_06",
        "account_internal_id": "84_2022_06",
        "gis_id": "84_2022_06",
        "month": "15.06.2022",
        "credit": "16447.74",
        "saldo": "14802.79",
        "payment_value": "42.0",
        "payment_date": "15.06.2022",
        "bill_value": "14802.79",
        "account_number": "",
        "bank_bik": ""
    },
    {
        "org_ppa_guid": "5408182388",
        "internal_id": "86_2022_06",
        "account_internal_id": "86_2022_06",
        "gis_id": "86_2022_06",
        "month": "15.06.2022",
        "credit": "22396.03",
        "saldo": "31610.43",
        "payment_value": "42.0",
        "payment_date": "15.06.2022",
        "bill_value": "9214.4",
        "account_number": "",
        "bank_bik": ""
    },
    {
        "org_ppa_guid": "5408182388",
        "internal_id": "87_2022_06",
        "account_internal_id": "87_2022_06",
        "gis_id": "87_2022_06",
        "month": "15.06.2022",
        "credit": "-619.42",
        "saldo": "-1074.98",
        "payment_value": "42.0",
        "payment_date": "15.06.2022",
        "bill_value": "9344.44",
        "account_number": "",
        "bank_bik": ""
    },
    {
        "org_ppa_guid": "5408182388",
        "internal_id": "88_2022_06",
        "account_internal_id": "88_2022_06",
        "gis_id": "88_2022_06",
        "month": "15.06.2022",
        "credit": "6453.19",
        "saldo": "12280.82",
        "payment_value": "42.0",
        "payment_date": "15.06.2022",
        "bill_value": "5827.63",
        "account_number": "",
        "bank_bik": ""
    },
    {
        "org_ppa_guid": "5408182388",
        "internal_id": "89_2022_06",
        "account_internal_id": "89_2022_06",
        "gis_id": "89_2022_06",
        "month": "15.06.2022",
        "credit": "30972.74",
        "saldo": "30309.09",
        "payment_value": "42.0",
        "payment_date": "15.06.2022",
        "bill_value": "7550.73",
        "account_number": "",
        "bank_bik": ""
    },
    {
        "org_ppa_guid": "5408182388",
        "internal_id": "90_2022_06",
        "account_internal_id": "90_2022_06",
        "gis_id": "90_2022_06",
        "month": "15.06.2022",
        "credit": "11447.43",
        "saldo": "9473.81",
        "payment_value": "42.0",
        "payment_date": "15.06.2022",
        "bill_value": "10488.0",
        "account_number": "",
        "bank_bik": ""
    },
    {
        "org_ppa_guid": "5408182388",
        "internal_id": "91_2022_06",
        "account_internal_id": "91_2022_06",
        "gis_id": "91_2022_06",
        "month": "15.06.2022",
        "credit": "15687.74",
        "saldo": "7435.74",
        "payment_value": "42.0",
        "payment_date": "15.06.2022",
        "bill_value": "7435.74",
        "account_number": "",
        "bank_bik": ""
    },
    {
        "org_ppa_guid": "5408182388",
        "internal_id": "92_2022_06",
        "account_internal_id": "92_2022_06",
        "gis_id": "92_2022_06",
        "month": "15.06.2022",
        "credit": "11091.31",
        "saldo": "5318.72",
        "payment_value": "42.0",
        "payment_date": "15.06.2022",
        "bill_value": "5327.72",
        "account_number": "",
        "bank_bik": ""
    },
    {
        "org_ppa_guid": "5408182388",
        "internal_id": "93_2022_06",
        "account_internal_id": "93_2022_06",
        "gis_id": "93_2022_06",
        "month": "15.06.2022",
        "credit": "75434.02",
        "saldo": "9299.61",
        "payment_value": "42.0",
        "payment_date": "15.06.2022",
        "bill_value": "9299.61",
        "account_number": "",
        "bank_bik": ""
    },
    {
        "org_ppa_guid": "5408182388",
        "internal_id": "94_2022_06",
        "account_internal_id": "94_2022_06",
        "gis_id": "94_2022_06",
        "month": "15.06.2022",
        "credit": "12979.67",
        "saldo": "12171.38",
        "payment_value": "42.0",
        "payment_date": "15.06.2022",
        "bill_value": "8253.04",
        "account_number": "",
        "bank_bik": ""
    },
    {
        "org_ppa_guid": "5408182388",
        "internal_id": "95_2022_06",
        "account_internal_id": "95_2022_06",
        "gis_id": "95_2022_06",
        "month": "15.06.2022",
        "credit": "6364.74",
        "saldo": "5429.1",
        "payment_value": "42.0",
        "payment_date": "15.06.2022",
        "bill_value": "5992.01",
        "account_number": "",
        "bank_bik": ""
    },
    {
        "org_ppa_guid": "5408182388",
        "internal_id": "96_2022_06",
        "account_internal_id": "96_2022_06",
        "gis_id": "96_2022_06",
        "month": "15.06.2022",
        "credit": "8523.57",
        "saldo": "16747.74",
        "payment_value": "42.0",
        "payment_date": "15.06.2022",
        "bill_value": "8224.17",
        "account_number": "",
        "bank_bik": ""
    },
    {
        "org_ppa_guid": "5408182388",
        "internal_id": "97_2022_06",
        "account_internal_id": "97_2022_06",
        "gis_id": "97_2022_06",
        "month": "15.06.2022",
        "credit": "19641.84",
        "saldo": "18490.9",
        "payment_value": "42.0",
        "payment_date": "15.06.2022",
        "bill_value": "18576.06",
        "account_number": "",
        "bank_bik": ""
    },
    {
        "org_ppa_guid": "5408182388",
        "internal_id": "42_2022_06",
        "account_internal_id": "42_2022_06",
        "gis_id": "42_2022_06",
        "month": "15.06.2022",
        "credit": "0.0",
        "saldo": "0.0",
        "payment_value": "2608.82",
        "payment_date": "15.06.2022",
        "bill_value": "",
        "account_number": "",
        "bank_bik": ""
    }
]