[
    {
        "org_ppa_guid": "5408182388",
        "contract_internal_id": "42_2022_01",
        "internal_id": "42_2022_01",
        "fias": "",
        "address": "Академ-Уют",
        "room_number": "",
        "gis_premises_id": "",
        "gis_block_id": "",
        "gis_room_id": "",
        "gis_account_id": "",
        "account_number": "42",
        "gis_account_service_id": "",
        "gis_account_unified_number": "",
        "total_square": "",
        "residential_square": "",
        "living_person_number": "",
        "timezone": "",
        "account_identifier": "42_2022_01_2022_01",
        "not_residential": ""
    },
    {
        "org_ppa_guid": "5408182388",
        "contract_internal_id": "01_2022_01",
        "internal_id": "01_2022_01",
        "fias": "",
        "address": "Академ-Уют",
        "room_number": "",
        "gis_premises_id": "",
        "gis_block_id": "",
        "gis_room_id": "",
        "gis_account_id": "",
        "account_number": "01",
        "gis_account_service_id": "",
        "gis_account_unified_number": "",
        "total_square": "",
        "residential_square": "",
        "living_person_number": "",
        "timezone": "",
        "account_identifier": "01_2022_01_2022_01",
        "not_residential": ""
    },
    {
        "org_ppa_guid": "5408182388",
        "contract_internal_id": "02_2022_01",
        "internal_id": "02_2022_01",
        "fias": "",
        "address": "Академ-Уют",
        "room_number": "",
        "gis_premises_id": "",
        "gis_block_id": "",
        "gis_room_id": "",
        "gis_account_id": "",
        "account_number": "02",
        "gis_account_service_id": "",
        "gis_account_unified_number": "",
        "total_square": "",
        "residential_square": "",
        "living_person_number": "",
        "timezone": "",
        "account_identifier": "02_2022_01_2022_01",
        "not_residential": ""
    },
    {
        "org_ppa_guid": "5408182388",
        "contract_internal_id": "03_2022_01",
        "internal_id": "03_2022_01",
        "fias": "",
        "address": "Академ-Уют",
        "room_number": "",
        "gis_premises_id": "",
        "gis_block_id": "",
        "gis_room_id": "",
        "gis_account_id": "",
        "account_number": "03",
        "gis_account_service_id": "",
        "gis_account_unified_number": "",
        "total_square": "",
        "residential_square": "",
        "living_person_number": "",
        "timezone": "",
        "account_identifier": "03_2022_01_2022_01",
        "not_residential": ""
    },
    {
        "org_ppa_guid": "5408182388",
        "contract_internal_id": "04_2022_01",
        "internal_id": "04_2022_01",
        "fias": "",
        "address": "Академ-Уют",
        "room_number": "",
        "gis_premises_id": "",
        "gis_block_id": "",
        "gis_room_id": "",
        "gis_account_id": "",
        "account_number": "04",
        "gis_account_service_id": "",
        "gis_account_unified_number": "",
        "total_square": "",
        "residential_square": "",
        "living_person_number": "",
        "timezone": "",
        "account_identifier": "04_2022_01_2022_01",
        "not_residential": ""
    },
    {
        "org_ppa_guid": "5408182388",
        "contract_internal_id": "05_2022_01",
        "internal_id": "05_2022_01",
        "fias": "",
        "address": "Академ-Уют",
        "room_number": "",
        "gis_premises_id": "",
        "gis_block_id": "",
        "gis_room_id": "",
        "gis_account_id": "",
        "account_number": "05",
        "gis_account_service_id": "",
        "gis_account_unified_number": "",
        "total_square": "",
        "residential_square": "",
        "living_person_number": "",
        "timezone": "",
        "account_identifier": "05_2022_01_2022_01",
        "not_residential": ""
    },
    {
        "org_ppa_guid": "5408182388",
        "contract_internal_id": "06_2022_01",
        "internal_id": "06_2022_01",
        "fias": "",
        "address": "Академ-Уют",
        "room_number": "",
        "gis_premises_id": "",
        "gis_block_id": "",
        "gis_room_id": "",
        "gis_account_id": "",
        "account_number": "06",
        "gis_account_service_id": "",
        "gis_account_unified_number": "",
        "total_square": "",
        "residential_square": "",
        "living_person_number": "",
        "timezone": "",
        "account_identifier": "06_2022_01_2022_01",
        "not_residential": ""
    },
    {
        "org_ppa_guid": "5408182388",
        "contract_internal_id": "07_2022_01",
        "internal_id": "07_2022_01",
        "fias": "",
        "address": "Академ-Уют",
        "room_number": "",
        "gis_premises_id": "",
        "gis_block_id": "",
        "gis_room_id": "",
        "gis_account_id": "",
        "account_number": "07",
        "gis_account_service_id": "",
        "gis_account_unified_number": "",
        "total_square": "",
        "residential_square": "",
        "living_person_number": "",
        "timezone": "",
        "account_identifier": "07_2022_01_2022_01",
        "not_residential": ""
    },
    {
        "org_ppa_guid": "5408182388",
        "contract_internal_id": "08_2022_01",
        "internal_id": "08_2022_01",
        "fias": "",
        "address": "Академ-Уют",
        "room_number": "",
        "gis_premises_id": "",
        "gis_block_id": "",
        "gis_room_id": "",
        "gis_account_id": "",
        "account_number": "08",
        "gis_account_service_id": "",
        "gis_account_unified_number": "",
        "total_square": "",
        "residential_square": "",
        "living_person_number": "",
        "timezone": "",
        "account_identifier": "08_2022_01_2022_01",
        "not_residential": ""
    },
    {
        "org_ppa_guid": "5408182388",
        "contract_internal_id": "09_2022_01",
        "internal_id": "09_2022_01",
        "fias": "",
        "address": "Академ-Уют",
        "room_number": "",
        "gis_premises_id": "",
        "gis_block_id": "",
        "gis_room_id": "",
        "gis_account_id": "",
        "account_number": "09",
        "gis_account_service_id": "",
        "gis_account_unified_number": "",
        "total_square": "",
        "residential_square": "",
        "living_person_number": "",
        "timezone": "",
        "account_identifier": "09_2022_01_2022_01",
        "not_residential": ""
    },
    {
        "org_ppa_guid": "5408182388",
        "contract_internal_id": "10_2022_01",
        "internal_id": "10_2022_01",
        "fias": "",
        "address": "Академ-Уют",
        "room_number": "",
        "gis_premises_id": "",
        "gis_block_id": "",
        "gis_room_id": "",
        "gis_account_id": "",
        "account_number": "10",
        "gis_account_service_id": "",
        "gis_account_unified_number": "",
        "total_square": "",
        "residential_square": "",
        "living_person_number": "",
        "timezone": "",
        "account_identifier": "10_2022_01_2022_01",
        "not_residential": ""
    },
    {
        "org_ppa_guid": "5408182388",
        "contract_internal_id": "101_2022_01",
        "internal_id": "101_2022_01",
        "fias": "",
        "address": "Академ-Уют",
        "room_number": "",
        "gis_premises_id": "",
        "gis_block_id": "",
        "gis_room_id": "",
        "gis_account_id": "",
        "account_number": "101",
        "gis_account_service_id": "",
        "gis_account_unified_number": "",
        "total_square": "",
        "residential_square": "",
        "living_person_number": "",
        "timezone": "",
        "account_identifier": "101_2022_01_2022_01",
        "not_residential": ""
    },
    {
        "org_ppa_guid": "5408182388",
        "contract_internal_id": "101.1_2022_01",
        "internal_id": "101.1_2022_01",
        "fias": "",
        "address": "Академ-Уют",
        "room_number": "",
        "gis_premises_id": "",
        "gis_block_id": "",
        "gis_room_id": "",
        "gis_account_id": "",
        "account_number": "101.1",
        "gis_account_service_id": "",
        "gis_account_unified_number": "",
        "total_square": "",
        "residential_square": "",
        "living_person_number": "",
        "timezone": "",
        "account_identifier": "101.1_2022_01_2022_01",
        "not_residential": ""
    },
    {
        "org_ppa_guid": "5408182388",
        "contract_internal_id": "101.2_2022_01",
        "internal_id": "101.2_2022_01",
        "fias": "",
        "address": "Академ-Уют",
        "room_number": "",
        "gis_premises_id": "",
        "gis_block_id": "",
        "gis_room_id": "",
        "gis_account_id": "",
        "account_number": "101.2",
        "gis_account_service_id": "",
        "gis_account_unified_number": "",
        "total_square": "",
        "residential_square": "",
        "living_person_number": "",
        "timezone": "",
        "account_identifier": "101.2_2022_01_2022_01",
        "not_residential": ""
    },
    {
        "org_ppa_guid": "5408182388",
        "contract_internal_id": "101.3_2022_01",
        "internal_id": "101.3_2022_01",
        "fias": "",
        "address": "Академ-Уют",
        "room_number": "",
        "gis_premises_id": "",
        "gis_block_id": "",
        "gis_room_id": "",
        "gis_account_id": "",
        "account_number": "101.3",
        "gis_account_service_id": "",
        "gis_account_unified_number": "",
        "total_square": "",
        "residential_square": "",
        "living_person_number": "",
        "timezone": "",
        "account_identifier": "101.3_2022_01_2022_01",
        "not_residential": ""
    },
    {
        "org_ppa_guid": "5408182388",
        "contract_internal_id": "102_2022_01",
        "internal_id": "102_2022_01",
        "fias": "",
        "address": "Академ-Уют",
        "room_number": "",
        "gis_premises_id": "",
        "gis_block_id": "",
        "gis_room_id": "",
        "gis_account_id": "",
        "account_number": "102",
        "gis_account_service_id": "",
        "gis_account_unified_number": "",
        "total_square": "",
        "residential_square": "",
        "living_person_number": "",
        "timezone": "",
        "account_identifier": "102_2022_01_2022_01",
        "not_residential": ""
    },
    {
        "org_ppa_guid": "5408182388",
        "contract_internal_id": "103_2022_01",
        "internal_id": "103_2022_01",
        "fias": "",
        "address": "Академ-Уют",
        "room_number": "",
        "gis_premises_id": "",
        "gis_block_id": "",
        "gis_room_id": "",
        "gis_account_id": "",
        "account_number": "103",
        "gis_account_service_id": "",
        "gis_account_unified_number": "",
        "total_square": "",
        "residential_square": "",
        "living_person_number": "",
        "timezone": "",
        "account_identifier": "103_2022_01_2022_01",
        "not_residential": ""
    },
    {
        "org_ppa_guid": "5408182388",
        "contract_internal_id": "105_2022_01",
        "internal_id": "105_2022_01",
        "fias": "",
        "address": "Академ-Уют",
        "room_number": "",
        "gis_premises_id": "",
        "gis_block_id": "",
        "gis_room_id": "",
        "gis_account_id": "",
        "account_number": "105",
        "gis_account_service_id": "",
        "gis_account_unified_number": "",
        "total_square": "",
        "residential_square": "",
        "living_person_number": "",
        "timezone": "",
        "account_identifier": "105_2022_01_2022_01",
        "not_residential": ""
    },
    {
        "org_ppa_guid": "5408182388",
        "contract_internal_id": "11_2022_01",
        "internal_id": "11_2022_01",
        "fias": "",
        "address": "Академ-Уют",
        "room_number": "",
        "gis_premises_id": "",
        "gis_block_id": "",
        "gis_room_id": "",
        "gis_account_id": "",
        "account_number": "11",
        "gis_account_service_id": "",
        "gis_account_unified_number": "",
        "total_square": "",
        "residential_square": "",
        "living_person_number": "",
        "timezone": "",
        "account_identifier": "11_2022_01_2022_01",
        "not_residential": ""
    },
    {
        "org_ppa_guid": "5408182388",
        "contract_internal_id": "12_2022_01",
        "internal_id": "12_2022_01",
        "fias": "",
        "address": "Академ-Уют",
        "room_number": "",
        "gis_premises_id": "",
        "gis_block_id": "",
        "gis_room_id": "",
        "gis_account_id": "",
        "account_number": "12",
        "gis_account_service_id": "",
        "gis_account_unified_number": "",
        "total_square": "",
        "residential_square": "",
        "living_person_number": "",
        "timezone": "",
        "account_identifier": "12_2022_01_2022_01",
        "not_residential": ""
    },
    {
        "org_ppa_guid": "5408182388",
        "contract_internal_id": "13_2022_01",
        "internal_id": "13_2022_01",
        "fias": "",
        "address": "Академ-Уют",
        "room_number": "",
        "gis_premises_id": "",
        "gis_block_id": "",
        "gis_room_id": "",
        "gis_account_id": "",
        "account_number": "13",
        "gis_account_service_id": "",
        "gis_account_unified_number": "",
        "total_square": "",
        "residential_square": "",
        "living_person_number": "",
        "timezone": "",
        "account_identifier": "13_2022_01_2022_01",
        "not_residential": ""
    },
    {
        "org_ppa_guid": "5408182388",
        "contract_internal_id": "14_2022_01",
        "internal_id": "14_2022_01",
        "fias": "",
        "address": "Академ-Уют",
        "room_number": "",
        "gis_premises_id": "",
        "gis_block_id": "",
        "gis_room_id": "",
        "gis_account_id": "",
        "account_number": "14",
        "gis_account_service_id": "",
        "gis_account_unified_number": "",
        "total_square": "",
        "residential_square": "",
        "living_person_number": "",
        "timezone": "",
        "account_identifier": "14_2022_01_2022_01",
        "not_residential": ""
    },
    {
        "org_ppa_guid": "5408182388",
        "contract_internal_id": "15_2022_01",
        "internal_id": "15_2022_01",
        "fias": "",
        "address": "Академ-Уют",
        "room_number": "",
        "gis_premises_id": "",
        "gis_block_id": "",
        "gis_room_id": "",
        "gis_account_id": "",
        "account_number": "15",
        "gis_account_service_id": "",
        "gis_account_unified_number": "",
        "total_square": "",
        "residential_square": "",
        "living_person_number": "",
        "timezone": "",
        "account_identifier": "15_2022_01_2022_01",
        "not_residential": ""
    },
    {
        "org_ppa_guid": "5408182388",
        "contract_internal_id": "16_2022_01",
        "internal_id": "16_2022_01",
        "fias": "",
        "address": "Академ-Уют",
        "room_number": "",
        "gis_premises_id": "",
        "gis_block_id": "",
        "gis_room_id": "",
        "gis_account_id": "",
        "account_number": "16",
        "gis_account_service_id": "",
        "gis_account_unified_number": "",
        "total_square": "",
        "residential_square": "",
        "living_person_number": "",
        "timezone": "",
        "account_identifier": "16_2022_01_2022_01",
        "not_residential": ""
    },
    {
        "org_ppa_guid": "5408182388",
        "contract_internal_id": "17_2022_01",
        "internal_id": "17_2022_01",
        "fias": "",
        "address": "Академ-Уют",
        "room_number": "",
        "gis_premises_id": "",
        "gis_block_id": "",
        "gis_room_id": "",
        "gis_account_id": "",
        "account_number": "17",
        "gis_account_service_id": "",
        "gis_account_unified_number": "",
        "total_square": "",
        "residential_square": "",
        "living_person_number": "",
        "timezone": "",
        "account_identifier": "17_2022_01_2022_01",
        "not_residential": ""
    },
    {
        "org_ppa_guid": "5408182388",
        "contract_internal_id": "18_2022_01",
        "internal_id": "18_2022_01",
        "fias": "",
        "address": "Академ-Уют",
        "room_number": "",
        "gis_premises_id": "",
        "gis_block_id": "",
        "gis_room_id": "",
        "gis_account_id": "",
        "account_number": "18",
        "gis_account_service_id": "",
        "gis_account_unified_number": "",
        "total_square": "",
        "residential_square": "",
        "living_person_number": "",
        "timezone": "",
        "account_identifier": "18_2022_01_2022_01",
        "not_residential": ""
    },
    {
        "org_ppa_guid": "5408182388",
        "contract_internal_id": "19_2022_01",
        "internal_id": "19_2022_01",
        "fias": "",
        "address": "Академ-Уют",
        "room_number": "",
        "gis_premises_id": "",
        "gis_block_id": "",
        "gis_room_id": "",
        "gis_account_id": "",
        "account_number": "19",
        "gis_account_service_id": "",
        "gis_account_unified_number": "",
        "total_square": "",
        "residential_square": "",
        "living_person_number": "",
        "timezone": "",
        "account_identifier": "19_2022_01_2022_01",
        "not_residential": ""
    },
    {
        "org_ppa_guid": "5408182388",
        "contract_internal_id": "20_2022_01",
        "internal_id": "20_2022_01",
        "fias": "",
        "address": "Академ-Уют",
        "room_number": "",
        "gis_premises_id": "",
        "gis_block_id": "",
        "gis_room_id": "",
        "gis_account_id": "",
        "account_number": "20",
        "gis_account_service_id": "",
        "gis_account_unified_number": "",
        "total_square": "",
        "residential_square": "",
        "living_person_number": "",
        "timezone": "",
        "account_identifier": "20_2022_01_2022_01",
        "not_residential": ""
    },
    {
        "org_ppa_guid": "5408182388",
        "contract_internal_id": "21_2022_01",
        "internal_id": "21_2022_01",
        "fias": "",
        "address": "Академ-Уют",
        "room_number": "",
        "gis_premises_id": "",
        "gis_block_id": "",
        "gis_room_id": "",
        "gis_account_id": "",
        "account_number": "21",
        "gis_account_service_id": "",
        "gis_account_unified_number": "",
        "total_square": "",
        "residential_square": "",
        "living_person_number": "",
        "timezone": "",
        "account_identifier": "21_2022_01_2022_01",
        "not_residential": ""
    },
    {
        "org_ppa_guid": "5408182388",
        "contract_internal_id": "22_2022_01",
        "internal_id": "22_2022_01",
        "fias": "",
        "address": "Академ-Уют",
        "room_number": "",
        "gis_premises_id": "",
        "gis_block_id": "",
        "gis_room_id": "",
        "gis_account_id": "",
        "account_number": "22",
        "gis_account_service_id": "",
        "gis_account_unified_number": "",
        "total_square": "",
        "residential_square": "",
        "living_person_number": "",
        "timezone": "",
        "account_identifier": "22_2022_01_2022_01",
        "not_residential": ""
    },
    {
        "org_ppa_guid": "5408182388",
        "contract_internal_id": "23_2022_01",
        "internal_id": "23_2022_01",
        "fias": "",
        "address": "Академ-Уют",
        "room_number": "",
        "gis_premises_id": "",
        "gis_block_id": "",
        "gis_room_id": "",
        "gis_account_id": "",
        "account_number": "23",
        "gis_account_service_id": "",
        "gis_account_unified_number": "",
        "total_square": "",
        "residential_square": "",
        "living_person_number": "",
        "timezone": "",
        "account_identifier": "23_2022_01_2022_01",
        "not_residential": ""
    },
    {
        "org_ppa_guid": "5408182388",
        "contract_internal_id": "24_2022_01",
        "internal_id": "24_2022_01",
        "fias": "",
        "address": "Академ-Уют",
        "room_number": "",
        "gis_premises_id": "",
        "gis_block_id": "",
        "gis_room_id": "",
        "gis_account_id": "",
        "account_number": "24",
        "gis_account_service_id": "",
        "gis_account_unified_number": "",
        "total_square": "",
        "residential_square": "",
        "living_person_number": "",
        "timezone": "",
        "account_identifier": "24_2022_01_2022_01",
        "not_residential": ""
    },
    {
        "org_ppa_guid": "5408182388",
        "contract_internal_id": "25_2022_01",
        "internal_id": "25_2022_01",
        "fias": "",
        "address": "Академ-Уют",
        "room_number": "",
        "gis_premises_id": "",
        "gis_block_id": "",
        "gis_room_id": "",
        "gis_account_id": "",
        "account_number": "25",
        "gis_account_service_id": "",
        "gis_account_unified_number": "",
        "total_square": "",
        "residential_square": "",
        "living_person_number": "",
        "timezone": "",
        "account_identifier": "25_2022_01_2022_01",
        "not_residential": ""
    },
    {
        "org_ppa_guid": "5408182388",
        "contract_internal_id": "26_2022_01",
        "internal_id": "26_2022_01",
        "fias": "",
        "address": "Академ-Уют",
        "room_number": "",
        "gis_premises_id": "",
        "gis_block_id": "",
        "gis_room_id": "",
        "gis_account_id": "",
        "account_number": "26",
        "gis_account_service_id": "",
        "gis_account_unified_number": "",
        "total_square": "",
        "residential_square": "",
        "living_person_number": "",
        "timezone": "",
        "account_identifier": "26_2022_01_2022_01",
        "not_residential": ""
    },
    {
        "org_ppa_guid": "5408182388",
        "contract_internal_id": "27_2022_01",
        "internal_id": "27_2022_01",
        "fias": "",
        "address": "Академ-Уют",
        "room_number": "",
        "gis_premises_id": "",
        "gis_block_id": "",
        "gis_room_id": "",
        "gis_account_id": "",
        "account_number": "27",
        "gis_account_service_id": "",
        "gis_account_unified_number": "",
        "total_square": "",
        "residential_square": "",
        "living_person_number": "",
        "timezone": "",
        "account_identifier": "27_2022_01_2022_01",
        "not_residential": ""
    },
    {
        "org_ppa_guid": "5408182388",
        "contract_internal_id": "28_2022_01",
        "internal_id": "28_2022_01",
        "fias": "",
        "address": "Академ-Уют",
        "room_number": "",
        "gis_premises_id": "",
        "gis_block_id": "",
        "gis_room_id": "",
        "gis_account_id": "",
        "account_number": "28",
        "gis_account_service_id": "",
        "gis_account_unified_number": "",
        "total_square": "",
        "residential_square": "",
        "living_person_number": "",
        "timezone": "",
        "account_identifier": "28_2022_01_2022_01",
        "not_residential": ""
    },
    {
        "org_ppa_guid": "5408182388",
        "contract_internal_id": "29_2022_01",
        "internal_id": "29_2022_01",
        "fias": "",
        "address": "Академ-Уют",
        "room_number": "",
        "gis_premises_id": "",
        "gis_block_id": "",
        "gis_room_id": "",
        "gis_account_id": "",
        "account_number": "29",
        "gis_account_service_id": "",
        "gis_account_unified_number": "",
        "total_square": "",
        "residential_square": "",
        "living_person_number": "",
        "timezone": "",
        "account_identifier": "29_2022_01_2022_01",
        "not_residential": ""
    },
    {
        "org_ppa_guid": "5408182388",
        "contract_internal_id": "30_2022_01",
        "internal_id": "30_2022_01",
        "fias": "",
        "address": "Академ-Уют",
        "room_number": "",
        "gis_premises_id": "",
        "gis_block_id": "",
        "gis_room_id": "",
        "gis_account_id": "",
        "account_number": "30",
        "gis_account_service_id": "",
        "gis_account_unified_number": "",
        "total_square": "",
        "residential_square": "",
        "living_person_number": "",
        "timezone": "",
        "account_identifier": "30_2022_01_2022_01",
        "not_residential": ""
    },
    {
        "org_ppa_guid": "5408182388",
        "contract_internal_id": "31_2022_01",
        "internal_id": "31_2022_01",
        "fias": "",
        "address": "Академ-Уют",
        "room_number": "",
        "gis_premises_id": "",
        "gis_block_id": "",
        "gis_room_id": "",
        "gis_account_id": "",
        "account_number": "31",
        "gis_account_service_id": "",
        "gis_account_unified_number": "",
        "total_square": "",
        "residential_square": "",
        "living_person_number": "",
        "timezone": "",
        "account_identifier": "31_2022_01_2022_01",
        "not_residential": ""
    },
    {
        "org_ppa_guid": "5408182388",
        "contract_internal_id": "32_2022_01",
        "internal_id": "32_2022_01",
        "fias": "",
        "address": "Академ-Уют",
        "room_number": "",
        "gis_premises_id": "",
        "gis_block_id": "",
        "gis_room_id": "",
        "gis_account_id": "",
        "account_number": "32",
        "gis_account_service_id": "",
        "gis_account_unified_number": "",
        "total_square": "",
        "residential_square": "",
        "living_person_number": "",
        "timezone": "",
        "account_identifier": "32_2022_01_2022_01",
        "not_residential": ""
    },
    {
        "org_ppa_guid": "5408182388",
        "contract_internal_id": "32-33_2022_01",
        "internal_id": "32-33_2022_01",
        "fias": "",
        "address": "Академ-Уют",
        "room_number": "",
        "gis_premises_id": "",
        "gis_block_id": "",
        "gis_room_id": "",
        "gis_account_id": "",
        "account_number": "32-33",
        "gis_account_service_id": "",
        "gis_account_unified_number": "",
        "total_square": "",
        "residential_square": "",
        "living_person_number": "",
        "timezone": "",
        "account_identifier": "32-33_2022_01_2022_01",
        "not_residential": ""
    },
    {
        "org_ppa_guid": "5408182388",
        "contract_internal_id": "33_2022_01",
        "internal_id": "33_2022_01",
        "fias": "",
        "address": "Академ-Уют",
        "room_number": "",
        "gis_premises_id": "",
        "gis_block_id": "",
        "gis_room_id": "",
        "gis_account_id": "",
        "account_number": "33",
        "gis_account_service_id": "",
        "gis_account_unified_number": "",
        "total_square": "",
        "residential_square": "",
        "living_person_number": "",
        "timezone": "",
        "account_identifier": "33_2022_01_2022_01",
        "not_residential": ""
    },
    {
        "org_ppa_guid": "5408182388",
        "contract_internal_id": "34_2022_01",
        "internal_id": "34_2022_01",
        "fias": "",
        "address": "Академ-Уют",
        "room_number": "",
        "gis_premises_id": "",
        "gis_block_id": "",
        "gis_room_id": "",
        "gis_account_id": "",
        "account_number": "34",
        "gis_account_service_id": "",
        "gis_account_unified_number": "",
        "total_square": "",
        "residential_square": "",
        "living_person_number": "",
        "timezone": "",
        "account_identifier": "34_2022_01_2022_01",
        "not_residential": ""
    },
    {
        "org_ppa_guid": "5408182388",
        "contract_internal_id": "35_2022_01",
        "internal_id": "35_2022_01",
        "fias": "",
        "address": "Академ-Уют",
        "room_number": "",
        "gis_premises_id": "",
        "gis_block_id": "",
        "gis_room_id": "",
        "gis_account_id": "",
        "account_number": "35",
        "gis_account_service_id": "",
        "gis_account_unified_number": "",
        "total_square": "",
        "residential_square": "",
        "living_person_number": "",
        "timezone": "",
        "account_identifier": "35_2022_01_2022_01",
        "not_residential": ""
    },
    {
        "org_ppa_guid": "5408182388",
        "contract_internal_id": "36_2022_01",
        "internal_id": "36_2022_01",
        "fias": "",
        "address": "Академ-Уют",
        "room_number": "",
        "gis_premises_id": "",
        "gis_block_id": "",
        "gis_room_id": "",
        "gis_account_id": "",
        "account_number": "36",
        "gis_account_service_id": "",
        "gis_account_unified_number": "",
        "total_square": "",
        "residential_square": "",
        "living_person_number": "",
        "timezone": "",
        "account_identifier": "36_2022_01_2022_01",
        "not_residential": ""
    },
    {
        "org_ppa_guid": "5408182388",
        "contract_internal_id": "37_2022_01",
        "internal_id": "37_2022_01",
        "fias": "",
        "address": "Академ-Уют",
        "room_number": "",
        "gis_premises_id": "",
        "gis_block_id": "",
        "gis_room_id": "",
        "gis_account_id": "",
        "account_number": "37",
        "gis_account_service_id": "",
        "gis_account_unified_number": "",
        "total_square": "",
        "residential_square": "",
        "living_person_number": "",
        "timezone": "",
        "account_identifier": "37_2022_01_2022_01",
        "not_residential": ""
    },
    {
        "org_ppa_guid": "5408182388",
        "contract_internal_id": "38_2022_01",
        "internal_id": "38_2022_01",
        "fias": "",
        "address": "Академ-Уют",
        "room_number": "",
        "gis_premises_id": "",
        "gis_block_id": "",
        "gis_room_id": "",
        "gis_account_id": "",
        "account_number": "38",
        "gis_account_service_id": "",
        "gis_account_unified_number": "",
        "total_square": "",
        "residential_square": "",
        "living_person_number": "",
        "timezone": "",
        "account_identifier": "38_2022_01_2022_01",
        "not_residential": ""
    },
    {
        "org_ppa_guid": "5408182388",
        "contract_internal_id": "39_2022_01",
        "internal_id": "39_2022_01",
        "fias": "",
        "address": "Академ-Уют",
        "room_number": "",
        "gis_premises_id": "",
        "gis_block_id": "",
        "gis_room_id": "",
        "gis_account_id": "",
        "account_number": "39",
        "gis_account_service_id": "",
        "gis_account_unified_number": "",
        "total_square": "",
        "residential_square": "",
        "living_person_number": "",
        "timezone": "",
        "account_identifier": "39_2022_01_2022_01",
        "not_residential": ""
    },
    {
        "org_ppa_guid": "5408182388",
        "contract_internal_id": "40_2022_01",
        "internal_id": "40_2022_01",
        "fias": "",
        "address": "Академ-Уют",
        "room_number": "",
        "gis_premises_id": "",
        "gis_block_id": "",
        "gis_room_id": "",
        "gis_account_id": "",
        "account_number": "40",
        "gis_account_service_id": "",
        "gis_account_unified_number": "",
        "total_square": "",
        "residential_square": "",
        "living_person_number": "",
        "timezone": "",
        "account_identifier": "40_2022_01_2022_01",
        "not_residential": ""
    },
    {
        "org_ppa_guid": "5408182388",
        "contract_internal_id": "41_2022_01",
        "internal_id": "41_2022_01",
        "fias": "",
        "address": "Академ-Уют",
        "room_number": "",
        "gis_premises_id": "",
        "gis_block_id": "",
        "gis_room_id": "",
        "gis_account_id": "",
        "account_number": "41",
        "gis_account_service_id": "",
        "gis_account_unified_number": "",
        "total_square": "",
        "residential_square": "",
        "living_person_number": "",
        "timezone": "",
        "account_identifier": "41_2022_01_2022_01",
        "not_residential": ""
    },
    {
        "org_ppa_guid": "5408182388",
        "contract_internal_id": "42_2022_01",
        "internal_id": "42_2022_01",
        "fias": "",
        "address": "Академ-Уют",
        "room_number": "",
        "gis_premises_id": "",
        "gis_block_id": "",
        "gis_room_id": "",
        "gis_account_id": "",
        "account_number": "42",
        "gis_account_service_id": "",
        "gis_account_unified_number": "",
        "total_square": "",
        "residential_square": "",
        "living_person_number": "",
        "timezone": "",
        "account_identifier": "42_2022_01_2022_01",
        "not_residential": ""
    },
    {
        "org_ppa_guid": "5408182388",
        "contract_internal_id": "43_2022_01",
        "internal_id": "43_2022_01",
        "fias": "",
        "address": "Академ-Уют",
        "room_number": "",
        "gis_premises_id": "",
        "gis_block_id": "",
        "gis_room_id": "",
        "gis_account_id": "",
        "account_number": "43",
        "gis_account_service_id": "",
        "gis_account_unified_number": "",
        "total_square": "",
        "residential_square": "",
        "living_person_number": "",
        "timezone": "",
        "account_identifier": "43_2022_01_2022_01",
        "not_residential": ""
    },
    {
        "org_ppa_guid": "5408182388",
        "contract_internal_id": "44_2022_01",
        "internal_id": "44_2022_01",
        "fias": "",
        "address": "Академ-Уют",
        "room_number": "",
        "gis_premises_id": "",
        "gis_block_id": "",
        "gis_room_id": "",
        "gis_account_id": "",
        "account_number": "44",
        "gis_account_service_id": "",
        "gis_account_unified_number": "",
        "total_square": "",
        "residential_square": "",
        "living_person_number": "",
        "timezone": "",
        "account_identifier": "44_2022_01_2022_01",
        "not_residential": ""
    },
    {
        "org_ppa_guid": "5408182388",
        "contract_internal_id": "45_2022_01",
        "internal_id": "45_2022_01",
        "fias": "",
        "address": "Академ-Уют",
        "room_number": "",
        "gis_premises_id": "",
        "gis_block_id": "",
        "gis_room_id": "",
        "gis_account_id": "",
        "account_number": "45",
        "gis_account_service_id": "",
        "gis_account_unified_number": "",
        "total_square": "",
        "residential_square": "",
        "living_person_number": "",
        "timezone": "",
        "account_identifier": "45_2022_01_2022_01",
        "not_residential": ""
    },
    {
        "org_ppa_guid": "5408182388",
        "contract_internal_id": "46_2022_01",
        "internal_id": "46_2022_01",
        "fias": "",
        "address": "Академ-Уют",
        "room_number": "",
        "gis_premises_id": "",
        "gis_block_id": "",
        "gis_room_id": "",
        "gis_account_id": "",
        "account_number": "46",
        "gis_account_service_id": "",
        "gis_account_unified_number": "",
        "total_square": "",
        "residential_square": "",
        "living_person_number": "",
        "timezone": "",
        "account_identifier": "46_2022_01_2022_01",
        "not_residential": ""
    },
    {
        "org_ppa_guid": "5408182388",
        "contract_internal_id": "47_2022_01",
        "internal_id": "47_2022_01",
        "fias": "",
        "address": "Академ-Уют",
        "room_number": "",
        "gis_premises_id": "",
        "gis_block_id": "",
        "gis_room_id": "",
        "gis_account_id": "",
        "account_number": "47",
        "gis_account_service_id": "",
        "gis_account_unified_number": "",
        "total_square": "",
        "residential_square": "",
        "living_person_number": "",
        "timezone": "",
        "account_identifier": "47_2022_01_2022_01",
        "not_residential": ""
    },
    {
        "org_ppa_guid": "5408182388",
        "contract_internal_id": "48_2022_01",
        "internal_id": "48_2022_01",
        "fias": "",
        "address": "Академ-Уют",
        "room_number": "",
        "gis_premises_id": "",
        "gis_block_id": "",
        "gis_room_id": "",
        "gis_account_id": "",
        "account_number": "48",
        "gis_account_service_id": "",
        "gis_account_unified_number": "",
        "total_square": "",
        "residential_square": "",
        "living_person_number": "",
        "timezone": "",
        "account_identifier": "48_2022_01_2022_01",
        "not_residential": ""
    },
    {
        "org_ppa_guid": "5408182388",
        "contract_internal_id": "49_2022_01",
        "internal_id": "49_2022_01",
        "fias": "",
        "address": "Академ-Уют",
        "room_number": "",
        "gis_premises_id": "",
        "gis_block_id": "",
        "gis_room_id": "",
        "gis_account_id": "",
        "account_number": "49",
        "gis_account_service_id": "",
        "gis_account_unified_number": "",
        "total_square": "",
        "residential_square": "",
        "living_person_number": "",
        "timezone": "",
        "account_identifier": "49_2022_01_2022_01",
        "not_residential": ""
    },
    {
        "org_ppa_guid": "5408182388",
        "contract_internal_id": "50_2022_01",
        "internal_id": "50_2022_01",
        "fias": "",
        "address": "Академ-Уют",
        "room_number": "",
        "gis_premises_id": "",
        "gis_block_id": "",
        "gis_room_id": "",
        "gis_account_id": "",
        "account_number": "50",
        "gis_account_service_id": "",
        "gis_account_unified_number": "",
        "total_square": "",
        "residential_square": "",
        "living_person_number": "",
        "timezone": "",
        "account_identifier": "50_2022_01_2022_01",
        "not_residential": ""
    },
    {
        "org_ppa_guid": "5408182388",
        "contract_internal_id": "51_2022_01",
        "internal_id": "51_2022_01",
        "fias": "",
        "address": "Академ-Уют",
        "room_number": "",
        "gis_premises_id": "",
        "gis_block_id": "",
        "gis_room_id": "",
        "gis_account_id": "",
        "account_number": "51",
        "gis_account_service_id": "",
        "gis_account_unified_number": "",
        "total_square": "",
        "residential_square": "",
        "living_person_number": "",
        "timezone": "",
        "account_identifier": "51_2022_01_2022_01",
        "not_residential": ""
    },
    {
        "org_ppa_guid": "5408182388",
        "contract_internal_id": "52_2022_01",
        "internal_id": "52_2022_01",
        "fias": "",
        "address": "Академ-Уют",
        "room_number": "",
        "gis_premises_id": "",
        "gis_block_id": "",
        "gis_room_id": "",
        "gis_account_id": "",
        "account_number": "52",
        "gis_account_service_id": "",
        "gis_account_unified_number": "",
        "total_square": "",
        "residential_square": "",
        "living_person_number": "",
        "timezone": "",
        "account_identifier": "52_2022_01_2022_01",
        "not_residential": ""
    },
    {
        "org_ppa_guid": "5408182388",
        "contract_internal_id": "53_2022_01",
        "internal_id": "53_2022_01",
        "fias": "",
        "address": "Академ-Уют",
        "room_number": "",
        "gis_premises_id": "",
        "gis_block_id": "",
        "gis_room_id": "",
        "gis_account_id": "",
        "account_number": "53",
        "gis_account_service_id": "",
        "gis_account_unified_number": "",
        "total_square": "",
        "residential_square": "",
        "living_person_number": "",
        "timezone": "",
        "account_identifier": "53_2022_01_2022_01",
        "not_residential": ""
    },
    {
        "org_ppa_guid": "5408182388",
        "contract_internal_id": "54_2022_01",
        "internal_id": "54_2022_01",
        "fias": "",
        "address": "Академ-Уют",
        "room_number": "",
        "gis_premises_id": "",
        "gis_block_id": "",
        "gis_room_id": "",
        "gis_account_id": "",
        "account_number": "54",
        "gis_account_service_id": "",
        "gis_account_unified_number": "",
        "total_square": "",
        "residential_square": "",
        "living_person_number": "",
        "timezone": "",
        "account_identifier": "54_2022_01_2022_01",
        "not_residential": ""
    },
    {
        "org_ppa_guid": "5408182388",
        "contract_internal_id": "55_2022_01",
        "internal_id": "55_2022_01",
        "fias": "",
        "address": "Академ-Уют",
        "room_number": "",
        "gis_premises_id": "",
        "gis_block_id": "",
        "gis_room_id": "",
        "gis_account_id": "",
        "account_number": "55",
        "gis_account_service_id": "",
        "gis_account_unified_number": "",
        "total_square": "",
        "residential_square": "",
        "living_person_number": "",
        "timezone": "",
        "account_identifier": "55_2022_01_2022_01",
        "not_residential": ""
    },
    {
        "org_ppa_guid": "5408182388",
        "contract_internal_id": "56_2022_01",
        "internal_id": "56_2022_01",
        "fias": "",
        "address": "Академ-Уют",
        "room_number": "",
        "gis_premises_id": "",
        "gis_block_id": "",
        "gis_room_id": "",
        "gis_account_id": "",
        "account_number": "56",
        "gis_account_service_id": "",
        "gis_account_unified_number": "",
        "total_square": "",
        "residential_square": "",
        "living_person_number": "",
        "timezone": "",
        "account_identifier": "56_2022_01_2022_01",
        "not_residential": ""
    },
    {
        "org_ppa_guid": "5408182388",
        "contract_internal_id": "57_2022_01",
        "internal_id": "57_2022_01",
        "fias": "",
        "address": "Академ-Уют",
        "room_number": "",
        "gis_premises_id": "",
        "gis_block_id": "",
        "gis_room_id": "",
        "gis_account_id": "",
        "account_number": "57",
        "gis_account_service_id": "",
        "gis_account_unified_number": "",
        "total_square": "",
        "residential_square": "",
        "living_person_number": "",
        "timezone": "",
        "account_identifier": "57_2022_01_2022_01",
        "not_residential": ""
    },
    {
        "org_ppa_guid": "5408182388",
        "contract_internal_id": "58_2022_01",
        "internal_id": "58_2022_01",
        "fias": "",
        "address": "Академ-Уют",
        "room_number": "",
        "gis_premises_id": "",
        "gis_block_id": "",
        "gis_room_id": "",
        "gis_account_id": "",
        "account_number": "58",
        "gis_account_service_id": "",
        "gis_account_unified_number": "",
        "total_square": "",
        "residential_square": "",
        "living_person_number": "",
        "timezone": "",
        "account_identifier": "58_2022_01_2022_01",
        "not_residential": ""
    },
    {
        "org_ppa_guid": "5408182388",
        "contract_internal_id": "59_2022_01",
        "internal_id": "59_2022_01",
        "fias": "",
        "address": "Академ-Уют",
        "room_number": "",
        "gis_premises_id": "",
        "gis_block_id": "",
        "gis_room_id": "",
        "gis_account_id": "",
        "account_number": "59",
        "gis_account_service_id": "",
        "gis_account_unified_number": "",
        "total_square": "",
        "residential_square": "",
        "living_person_number": "",
        "timezone": "",
        "account_identifier": "59_2022_01_2022_01",
        "not_residential": ""
    },
    {
        "org_ppa_guid": "5408182388",
        "contract_internal_id": "61_2022_01",
        "internal_id": "61_2022_01",
        "fias": "",
        "address": "Академ-Уют",
        "room_number": "",
        "gis_premises_id": "",
        "gis_block_id": "",
        "gis_room_id": "",
        "gis_account_id": "",
        "account_number": "61",
        "gis_account_service_id": "",
        "gis_account_unified_number": "",
        "total_square": "",
        "residential_square": "",
        "living_person_number": "",
        "timezone": "",
        "account_identifier": "61_2022_01_2022_01",
        "not_residential": ""
    },
    {
        "org_ppa_guid": "5408182388",
        "contract_internal_id": "62_2022_01",
        "internal_id": "62_2022_01",
        "fias": "",
        "address": "Академ-Уют",
        "room_number": "",
        "gis_premises_id": "",
        "gis_block_id": "",
        "gis_room_id": "",
        "gis_account_id": "",
        "account_number": "62",
        "gis_account_service_id": "",
        "gis_account_unified_number": "",
        "total_square": "",
        "residential_square": "",
        "living_person_number": "",
        "timezone": "",
        "account_identifier": "62_2022_01_2022_01",
        "not_residential": ""
    },
    {
        "org_ppa_guid": "5408182388",
        "contract_internal_id": "63_2022_01",
        "internal_id": "63_2022_01",
        "fias": "",
        "address": "Академ-Уют",
        "room_number": "",
        "gis_premises_id": "",
        "gis_block_id": "",
        "gis_room_id": "",
        "gis_account_id": "",
        "account_number": "63",
        "gis_account_service_id": "",
        "gis_account_unified_number": "",
        "total_square": "",
        "residential_square": "",
        "living_person_number": "",
        "timezone": "",
        "account_identifier": "63_2022_01_2022_01",
        "not_residential": ""
    },
    {
        "org_ppa_guid": "5408182388",
        "contract_internal_id": "64_2022_01",
        "internal_id": "64_2022_01",
        "fias": "",
        "address": "Академ-Уют",
        "room_number": "",
        "gis_premises_id": "",
        "gis_block_id": "",
        "gis_room_id": "",
        "gis_account_id": "",
        "account_number": "64",
        "gis_account_service_id": "",
        "gis_account_unified_number": "",
        "total_square": "",
        "residential_square": "",
        "living_person_number": "",
        "timezone": "",
        "account_identifier": "64_2022_01_2022_01",
        "not_residential": ""
    },
    {
        "org_ppa_guid": "5408182388",
        "contract_internal_id": "65_2022_01",
        "internal_id": "65_2022_01",
        "fias": "",
        "address": "Академ-Уют",
        "room_number": "",
        "gis_premises_id": "",
        "gis_block_id": "",
        "gis_room_id": "",
        "gis_account_id": "",
        "account_number": "65",
        "gis_account_service_id": "",
        "gis_account_unified_number": "",
        "total_square": "",
        "residential_square": "",
        "living_person_number": "",
        "timezone": "",
        "account_identifier": "65_2022_01_2022_01",
        "not_residential": ""
    },
    {
        "org_ppa_guid": "5408182388",
        "contract_internal_id": "66_2022_01",
        "internal_id": "66_2022_01",
        "fias": "",
        "address": "Академ-Уют",
        "room_number": "",
        "gis_premises_id": "",
        "gis_block_id": "",
        "gis_room_id": "",
        "gis_account_id": "",
        "account_number": "66",
        "gis_account_service_id": "",
        "gis_account_unified_number": "",
        "total_square": "",
        "residential_square": "",
        "living_person_number": "",
        "timezone": "",
        "account_identifier": "66_2022_01_2022_01",
        "not_residential": ""
    },
    {
        "org_ppa_guid": "5408182388",
        "contract_internal_id": "67_2022_01",
        "internal_id": "67_2022_01",
        "fias": "",
        "address": "Академ-Уют",
        "room_number": "",
        "gis_premises_id": "",
        "gis_block_id": "",
        "gis_room_id": "",
        "gis_account_id": "",
        "account_number": "67",
        "gis_account_service_id": "",
        "gis_account_unified_number": "",
        "total_square": "",
        "residential_square": "",
        "living_person_number": "",
        "timezone": "",
        "account_identifier": "67_2022_01_2022_01",
        "not_residential": ""
    },
    {
        "org_ppa_guid": "5408182388",
        "contract_internal_id": "68_2022_01",
        "internal_id": "68_2022_01",
        "fias": "",
        "address": "Академ-Уют",
        "room_number": "",
        "gis_premises_id": "",
        "gis_block_id": "",
        "gis_room_id": "",
        "gis_account_id": "",
        "account_number": "68",
        "gis_account_service_id": "",
        "gis_account_unified_number": "",
        "total_square": "",
        "residential_square": "",
        "living_person_number": "",
        "timezone": "",
        "account_identifier": "68_2022_01_2022_01",
        "not_residential": ""
    },
    {
        "org_ppa_guid": "5408182388",
        "contract_internal_id": "69_2022_01",
        "internal_id": "69_2022_01",
        "fias": "",
        "address": "Академ-Уют",
        "room_number": "",
        "gis_premises_id": "",
        "gis_block_id": "",
        "gis_room_id": "",
        "gis_account_id": "",
        "account_number": "69",
        "gis_account_service_id": "",
        "gis_account_unified_number": "",
        "total_square": "",
        "residential_square": "",
        "living_person_number": "",
        "timezone": "",
        "account_identifier": "69_2022_01_2022_01",
        "not_residential": ""
    },
    {
        "org_ppa_guid": "5408182388",
        "contract_internal_id": "70_2022_01",
        "internal_id": "70_2022_01",
        "fias": "",
        "address": "Академ-Уют",
        "room_number": "",
        "gis_premises_id": "",
        "gis_block_id": "",
        "gis_room_id": "",
        "gis_account_id": "",
        "account_number": "70",
        "gis_account_service_id": "",
        "gis_account_unified_number": "",
        "total_square": "",
        "residential_square": "",
        "living_person_number": "",
        "timezone": "",
        "account_identifier": "70_2022_01_2022_01",
        "not_residential": ""
    },
    {
        "org_ppa_guid": "5408182388",
        "contract_internal_id": "71_2022_01",
        "internal_id": "71_2022_01",
        "fias": "",
        "address": "Академ-Уют",
        "room_number": "",
        "gis_premises_id": "",
        "gis_block_id": "",
        "gis_room_id": "",
        "gis_account_id": "",
        "account_number": "71",
        "gis_account_service_id": "",
        "gis_account_unified_number": "",
        "total_square": "",
        "residential_square": "",
        "living_person_number": "",
        "timezone": "",
        "account_identifier": "71_2022_01_2022_01",
        "not_residential": ""
    },
    {
        "org_ppa_guid": "5408182388",
        "contract_internal_id": "72_2022_01",
        "internal_id": "72_2022_01",
        "fias": "",
        "address": "Академ-Уют",
        "room_number": "",
        "gis_premises_id": "",
        "gis_block_id": "",
        "gis_room_id": "",
        "gis_account_id": "",
        "account_number": "72",
        "gis_account_service_id": "",
        "gis_account_unified_number": "",
        "total_square": "",
        "residential_square": "",
        "living_person_number": "",
        "timezone": "",
        "account_identifier": "72_2022_01_2022_01",
        "not_residential": ""
    },
    {
        "org_ppa_guid": "5408182388",
        "contract_internal_id": "73_2022_01",
        "internal_id": "73_2022_01",
        "fias": "",
        "address": "Академ-Уют",
        "room_number": "",
        "gis_premises_id": "",
        "gis_block_id": "",
        "gis_room_id": "",
        "gis_account_id": "",
        "account_number": "73",
        "gis_account_service_id": "",
        "gis_account_unified_number": "",
        "total_square": "",
        "residential_square": "",
        "living_person_number": "",
        "timezone": "",
        "account_identifier": "73_2022_01_2022_01",
        "not_residential": ""
    },
    {
        "org_ppa_guid": "5408182388",
        "contract_internal_id": "74_2022_01",
        "internal_id": "74_2022_01",
        "fias": "",
        "address": "Академ-Уют",
        "room_number": "",
        "gis_premises_id": "",
        "gis_block_id": "",
        "gis_room_id": "",
        "gis_account_id": "",
        "account_number": "74",
        "gis_account_service_id": "",
        "gis_account_unified_number": "",
        "total_square": "",
        "residential_square": "",
        "living_person_number": "",
        "timezone": "",
        "account_identifier": "74_2022_01_2022_01",
        "not_residential": ""
    },
    {
        "org_ppa_guid": "5408182388",
        "contract_internal_id": "75_2022_01",
        "internal_id": "75_2022_01",
        "fias": "",
        "address": "Академ-Уют",
        "room_number": "",
        "gis_premises_id": "",
        "gis_block_id": "",
        "gis_room_id": "",
        "gis_account_id": "",
        "account_number": "75",
        "gis_account_service_id": "",
        "gis_account_unified_number": "",
        "total_square": "",
        "residential_square": "",
        "living_person_number": "",
        "timezone": "",
        "account_identifier": "75_2022_01_2022_01",
        "not_residential": ""
    },
    {
        "org_ppa_guid": "5408182388",
        "contract_internal_id": "76_2022_01",
        "internal_id": "76_2022_01",
        "fias": "",
        "address": "Академ-Уют",
        "room_number": "",
        "gis_premises_id": "",
        "gis_block_id": "",
        "gis_room_id": "",
        "gis_account_id": "",
        "account_number": "76",
        "gis_account_service_id": "",
        "gis_account_unified_number": "",
        "total_square": "",
        "residential_square": "",
        "living_person_number": "",
        "timezone": "",
        "account_identifier": "76_2022_01_2022_01",
        "not_residential": ""
    },
    {
        "org_ppa_guid": "5408182388",
        "contract_internal_id": "77_2022_01",
        "internal_id": "77_2022_01",
        "fias": "",
        "address": "Академ-Уют",
        "room_number": "",
        "gis_premises_id": "",
        "gis_block_id": "",
        "gis_room_id": "",
        "gis_account_id": "",
        "account_number": "77",
        "gis_account_service_id": "",
        "gis_account_unified_number": "",
        "total_square": "",
        "residential_square": "",
        "living_person_number": "",
        "timezone": "",
        "account_identifier": "77_2022_01_2022_01",
        "not_residential": ""
    },
    {
        "org_ppa_guid": "5408182388",
        "contract_internal_id": "78_2022_01",
        "internal_id": "78_2022_01",
        "fias": "",
        "address": "Академ-Уют",
        "room_number": "",
        "gis_premises_id": "",
        "gis_block_id": "",
        "gis_room_id": "",
        "gis_account_id": "",
        "account_number": "78",
        "gis_account_service_id": "",
        "gis_account_unified_number": "",
        "total_square": "",
        "residential_square": "",
        "living_person_number": "",
        "timezone": "",
        "account_identifier": "78_2022_01_2022_01",
        "not_residential": ""
    },
    {
        "org_ppa_guid": "5408182388",
        "contract_internal_id": "79_2022_01",
        "internal_id": "79_2022_01",
        "fias": "",
        "address": "Академ-Уют",
        "room_number": "",
        "gis_premises_id": "",
        "gis_block_id": "",
        "gis_room_id": "",
        "gis_account_id": "",
        "account_number": "79",
        "gis_account_service_id": "",
        "gis_account_unified_number": "",
        "total_square": "",
        "residential_square": "",
        "living_person_number": "",
        "timezone": "",
        "account_identifier": "79_2022_01_2022_01",
        "not_residential": ""
    },
    {
        "org_ppa_guid": "5408182388",
        "contract_internal_id": "80_2022_01",
        "internal_id": "80_2022_01",
        "fias": "",
        "address": "Академ-Уют",
        "room_number": "",
        "gis_premises_id": "",
        "gis_block_id": "",
        "gis_room_id": "",
        "gis_account_id": "",
        "account_number": "80",
        "gis_account_service_id": "",
        "gis_account_unified_number": "",
        "total_square": "",
        "residential_square": "",
        "living_person_number": "",
        "timezone": "",
        "account_identifier": "80_2022_01_2022_01",
        "not_residential": ""
    },
    {
        "org_ppa_guid": "5408182388",
        "contract_internal_id": "81_2022_01",
        "internal_id": "81_2022_01",
        "fias": "",
        "address": "Академ-Уют",
        "room_number": "",
        "gis_premises_id": "",
        "gis_block_id": "",
        "gis_room_id": "",
        "gis_account_id": "",
        "account_number": "81",
        "gis_account_service_id": "",
        "gis_account_unified_number": "",
        "total_square": "",
        "residential_square": "",
        "living_person_number": "",
        "timezone": "",
        "account_identifier": "81_2022_01_2022_01",
        "not_residential": ""
    },
    {
        "org_ppa_guid": "5408182388",
        "contract_internal_id": "82_2022_01",
        "internal_id": "82_2022_01",
        "fias": "",
        "address": "Академ-Уют",
        "room_number": "",
        "gis_premises_id": "",
        "gis_block_id": "",
        "gis_room_id": "",
        "gis_account_id": "",
        "account_number": "82",
        "gis_account_service_id": "",
        "gis_account_unified_number": "",
        "total_square": "",
        "residential_square": "",
        "living_person_number": "",
        "timezone": "",
        "account_identifier": "82_2022_01_2022_01",
        "not_residential": ""
    },
    {
        "org_ppa_guid": "5408182388",
        "contract_internal_id": "83_2022_01",
        "internal_id": "83_2022_01",
        "fias": "",
        "address": "Академ-Уют",
        "room_number": "",
        "gis_premises_id": "",
        "gis_block_id": "",
        "gis_room_id": "",
        "gis_account_id": "",
        "account_number": "83",
        "gis_account_service_id": "",
        "gis_account_unified_number": "",
        "total_square": "",
        "residential_square": "",
        "living_person_number": "",
        "timezone": "",
        "account_identifier": "83_2022_01_2022_01",
        "not_residential": ""
    },
    {
        "org_ppa_guid": "5408182388",
        "contract_internal_id": "84_2022_01",
        "internal_id": "84_2022_01",
        "fias": "",
        "address": "Академ-Уют",
        "room_number": "",
        "gis_premises_id": "",
        "gis_block_id": "",
        "gis_room_id": "",
        "gis_account_id": "",
        "account_number": "84",
        "gis_account_service_id": "",
        "gis_account_unified_number": "",
        "total_square": "",
        "residential_square": "",
        "living_person_number": "",
        "timezone": "",
        "account_identifier": "84_2022_01_2022_01",
        "not_residential": ""
    },
    {
        "org_ppa_guid": "5408182388",
        "contract_internal_id": "86_2022_01",
        "internal_id": "86_2022_01",
        "fias": "",
        "address": "Академ-Уют",
        "room_number": "",
        "gis_premises_id": "",
        "gis_block_id": "",
        "gis_room_id": "",
        "gis_account_id": "",
        "account_number": "86",
        "gis_account_service_id": "",
        "gis_account_unified_number": "",
        "total_square": "",
        "residential_square": "",
        "living_person_number": "",
        "timezone": "",
        "account_identifier": "86_2022_01_2022_01",
        "not_residential": ""
    },
    {
        "org_ppa_guid": "5408182388",
        "contract_internal_id": "87_2022_01",
        "internal_id": "87_2022_01",
        "fias": "",
        "address": "Академ-Уют",
        "room_number": "",
        "gis_premises_id": "",
        "gis_block_id": "",
        "gis_room_id": "",
        "gis_account_id": "",
        "account_number": "87",
        "gis_account_service_id": "",
        "gis_account_unified_number": "",
        "total_square": "",
        "residential_square": "",
        "living_person_number": "",
        "timezone": "",
        "account_identifier": "87_2022_01_2022_01",
        "not_residential": ""
    },
    {
        "org_ppa_guid": "5408182388",
        "contract_internal_id": "88_2022_01",
        "internal_id": "88_2022_01",
        "fias": "",
        "address": "Академ-Уют",
        "room_number": "",
        "gis_premises_id": "",
        "gis_block_id": "",
        "gis_room_id": "",
        "gis_account_id": "",
        "account_number": "88",
        "gis_account_service_id": "",
        "gis_account_unified_number": "",
        "total_square": "",
        "residential_square": "",
        "living_person_number": "",
        "timezone": "",
        "account_identifier": "88_2022_01_2022_01",
        "not_residential": ""
    },
    {
        "org_ppa_guid": "5408182388",
        "contract_internal_id": "89_2022_01",
        "internal_id": "89_2022_01",
        "fias": "",
        "address": "Академ-Уют",
        "room_number": "",
        "gis_premises_id": "",
        "gis_block_id": "",
        "gis_room_id": "",
        "gis_account_id": "",
        "account_number": "89",
        "gis_account_service_id": "",
        "gis_account_unified_number": "",
        "total_square": "",
        "residential_square": "",
        "living_person_number": "",
        "timezone": "",
        "account_identifier": "89_2022_01_2022_01",
        "not_residential": ""
    },
    {
        "org_ppa_guid": "5408182388",
        "contract_internal_id": "90_2022_01",
        "internal_id": "90_2022_01",
        "fias": "",
        "address": "Академ-Уют",
        "room_number": "",
        "gis_premises_id": "",
        "gis_block_id": "",
        "gis_room_id": "",
        "gis_account_id": "",
        "account_number": "90",
        "gis_account_service_id": "",
        "gis_account_unified_number": "",
        "total_square": "",
        "residential_square": "",
        "living_person_number": "",
        "timezone": "",
        "account_identifier": "90_2022_01_2022_01",
        "not_residential": ""
    },
    {
        "org_ppa_guid": "5408182388",
        "contract_internal_id": "91_2022_01",
        "internal_id": "91_2022_01",
        "fias": "",
        "address": "Академ-Уют",
        "room_number": "",
        "gis_premises_id": "",
        "gis_block_id": "",
        "gis_room_id": "",
        "gis_account_id": "",
        "account_number": "91",
        "gis_account_service_id": "",
        "gis_account_unified_number": "",
        "total_square": "",
        "residential_square": "",
        "living_person_number": "",
        "timezone": "",
        "account_identifier": "91_2022_01_2022_01",
        "not_residential": ""
    },
    {
        "org_ppa_guid": "5408182388",
        "contract_internal_id": "92_2022_01",
        "internal_id": "92_2022_01",
        "fias": "",
        "address": "Академ-Уют",
        "room_number": "",
        "gis_premises_id": "",
        "gis_block_id": "",
        "gis_room_id": "",
        "gis_account_id": "",
        "account_number": "92",
        "gis_account_service_id": "",
        "gis_account_unified_number": "",
        "total_square": "",
        "residential_square": "",
        "living_person_number": "",
        "timezone": "",
        "account_identifier": "92_2022_01_2022_01",
        "not_residential": ""
    },
    {
        "org_ppa_guid": "5408182388",
        "contract_internal_id": "93_2022_01",
        "internal_id": "93_2022_01",
        "fias": "",
        "address": "Академ-Уют",
        "room_number": "",
        "gis_premises_id": "",
        "gis_block_id": "",
        "gis_room_id": "",
        "gis_account_id": "",
        "account_number": "93",
        "gis_account_service_id": "",
        "gis_account_unified_number": "",
        "total_square": "",
        "residential_square": "",
        "living_person_number": "",
        "timezone": "",
        "account_identifier": "93_2022_01_2022_01",
        "not_residential": ""
    },
    {
        "org_ppa_guid": "5408182388",
        "contract_internal_id": "94_2022_01",
        "internal_id": "94_2022_01",
        "fias": "",
        "address": "Академ-Уют",
        "room_number": "",
        "gis_premises_id": "",
        "gis_block_id": "",
        "gis_room_id": "",
        "gis_account_id": "",
        "account_number": "94",
        "gis_account_service_id": "",
        "gis_account_unified_number": "",
        "total_square": "",
        "residential_square": "",
        "living_person_number": "",
        "timezone": "",
        "account_identifier": "94_2022_01_2022_01",
        "not_residential": ""
    },
    {
        "org_ppa_guid": "5408182388",
        "contract_internal_id": "95_2022_01",
        "internal_id": "95_2022_01",
        "fias": "",
        "address": "Академ-Уют",
        "room_number": "",
        "gis_premises_id": "",
        "gis_block_id": "",
        "gis_room_id": "",
        "gis_account_id": "",
        "account_number": "95",
        "gis_account_service_id": "",
        "gis_account_unified_number": "",
        "total_square": "",
        "residential_square": "",
        "living_person_number": "",
        "timezone": "",
        "account_identifier": "95_2022_01_2022_01",
        "not_residential": ""
    },
    {
        "org_ppa_guid": "5408182388",
        "contract_internal_id": "96_2022_01",
        "internal_id": "96_2022_01",
        "fias": "",
        "address": "Академ-Уют",
        "room_number": "",
        "gis_premises_id": "",
        "gis_block_id": "",
        "gis_room_id": "",
        "gis_account_id": "",
        "account_number": "96",
        "gis_account_service_id": "",
        "gis_account_unified_number": "",
        "total_square": "",
        "residential_square": "",
        "living_person_number": "",
        "timezone": "",
        "account_identifier": "96_2022_01_2022_01",
        "not_residential": ""
    },
    {
        "org_ppa_guid": "5408182388",
        "contract_internal_id": "97_2022_01",
        "internal_id": "97_2022_01",
        "fias": "",
        "address": "Академ-Уют",
        "room_number": "",
        "gis_premises_id": "",
        "gis_block_id": "",
        "gis_room_id": "",
        "gis_account_id": "",
        "account_number": "97",
        "gis_account_service_id": "",
        "gis_account_unified_number": "",
        "total_square": "",
        "residential_square": "",
        "living_person_number": "",
        "timezone": "",
        "account_identifier": "97_2022_01_2022_01",
        "not_residential": ""
    },
    {
        "org_ppa_guid": "5408182388",
        "contract_internal_id": "42_2022_01",
        "internal_id": "42_2022_01",
        "fias": "",
        "address": "Академ-Уют",
        "room_number": "",
        "gis_premises_id": "",
        "gis_block_id": "",
        "gis_room_id": "",
        "gis_account_id": "",
        "account_number": "42",
        "gis_account_service_id": "",
        "gis_account_unified_number": "",
        "total_square": "",
        "residential_square": "",
        "living_person_number": "",
        "timezone": "",
        "account_identifier": "42_2022_01_2022_01",
        "not_residential": ""
    }
]