[
    {
        "org_ppa_guid": "5408182388",
        "internal_id": "42_2022_01",
        "pp_internal_id": "42_2022_01",
        "calc_value": "84.0",
        "tariff": "",
        "service_internal_id": "Услуги",
        "rr": "",
        "recalculation": "",
        "accounting_period_total": "84.0"
    },
    {
        "org_ppa_guid": "5408182388",
        "internal_id": "01_2022_01",
        "pp_internal_id": "01_2022_01",
        "calc_value": "20.35",
        "tariff": "",
        "service_internal_id": "ХВС",
        "rr": "",
        "recalculation": "",
        "accounting_period_total": "20.35"
    },
    {
        "org_ppa_guid": "5408182388",
        "internal_id": "02_2022_01",
        "pp_internal_id": "02_2022_01",
        "calc_value": "101.75",
        "tariff": "",
        "service_internal_id": "ХВС",
        "rr": "",
        "recalculation": "",
        "accounting_period_total": "101.75"
    },
    {
        "org_ppa_guid": "5408182388",
        "internal_id": "03_2022_01",
        "pp_internal_id": "03_2022_01",
        "calc_value": "183.15",
        "tariff": "",
        "service_internal_id": "ХВС",
        "rr": "",
        "recalculation": "",
        "accounting_period_total": "183.15"
    },
    {
        "org_ppa_guid": "5408182388",
        "internal_id": "04_2022_01",
        "pp_internal_id": "04_2022_01",
        "calc_value": "42.0",
        "tariff": "",
        "service_internal_id": "ХВС",
        "rr": "",
        "recalculation": "",
        "accounting_period_total": "42.0"
    },
    {
        "org_ppa_guid": "5408182388",
        "internal_id": "05_2022_01",
        "pp_internal_id": "05_2022_01",
        "calc_value": "101.75",
        "tariff": "",
        "service_internal_id": "ХВС",
        "rr": "",
        "recalculation": "",
        "accounting_period_total": "101.75"
    },
    {
        "org_ppa_guid": "5408182388",
        "internal_id": "06_2022_01",
        "pp_internal_id": "06_2022_01",
        "calc_value": "42.0",
        "tariff": "",
        "service_internal_id": "ХВС",
        "rr": "",
        "recalculation": "",
        "accounting_period_total": "42.0"
    },
    {
        "org_ppa_guid": "5408182388",
        "internal_id": "07_2022_01",
        "pp_internal_id": "07_2022_01",
        "calc_value": "42.0",
        "tariff": "",
        "service_internal_id": "ХВС",
        "rr": "",
        "recalculation": "",
        "accounting_period_total": "42.0"
    },
    {
        "org_ppa_guid": "5408182388",
        "internal_id": "08_2022_01",
        "pp_internal_id": "08_2022_01",
        "calc_value": "40.7",
        "tariff": "",
        "service_internal_id": "ХВС",
        "rr": "",
        "recalculation": "",
        "accounting_period_total": "40.7"
    },
    {
        "org_ppa_guid": "5408182388",
        "internal_id": "09_2022_01",
        "pp_internal_id": "09_2022_01",
        "calc_value": "42.0",
        "tariff": "",
        "service_internal_id": "ХВС",
        "rr": "",
        "recalculation": "",
        "accounting_period_total": "42.0"
    },
    {
        "org_ppa_guid": "5408182388",
        "internal_id": "10_2022_01",
        "pp_internal_id": "10_2022_01",
        "calc_value": "42.0",
        "tariff": "",
        "service_internal_id": "ХВС",
        "rr": "",
        "recalculation": "",
        "accounting_period_total": "42.0"
    },
    {
        "org_ppa_guid": "5408182388",
        "internal_id": "101_2022_01",
        "pp_internal_id": "101_2022_01",
        "calc_value": "42.0",
        "tariff": "",
        "service_internal_id": "ХВС",
        "rr": "",
        "recalculation": "",
        "accounting_period_total": "42.0"
    },
    {
        "org_ppa_guid": "5408182388",
        "internal_id": "101.1_2022_01",
        "pp_internal_id": "101.1_2022_01",
        "calc_value": "42.0",
        "tariff": "",
        "service_internal_id": "ХВС",
        "rr": "",
        "recalculation": "",
        "accounting_period_total": "42.0"
    },
    {
        "org_ppa_guid": "5408182388",
        "internal_id": "101.2_2022_01",
        "pp_internal_id": "101.2_2022_01",
        "calc_value": "42.0",
        "tariff": "",
        "service_internal_id": "ХВС",
        "rr": "",
        "recalculation": "",
        "accounting_period_total": "42.0"
    },
    {
        "org_ppa_guid": "5408182388",
        "internal_id": "101.3_2022_01",
        "pp_internal_id": "101.3_2022_01",
        "calc_value": "42.0",
        "tariff": "",
        "service_internal_id": "ХВС",
        "rr": "",
        "recalculation": "",
        "accounting_period_total": "42.0"
    },
    {
        "org_ppa_guid": "5408182388",
        "internal_id": "102_2022_01",
        "pp_internal_id": "102_2022_01",
        "calc_value": "42.0",
        "tariff": "",
        "service_internal_id": "ХВС",
        "rr": "",
        "recalculation": "",
        "accounting_period_total": "42.0"
    },
    {
        "org_ppa_guid": "5408182388",
        "internal_id": "103_2022_01",
        "pp_internal_id": "103_2022_01",
        "calc_value": "81.4",
        "tariff": "",
        "service_internal_id": "ХВС",
        "rr": "",
        "recalculation": "",
        "accounting_period_total": "81.4"
    },
    {
        "org_ppa_guid": "5408182388",
        "internal_id": "105_2022_01",
        "pp_internal_id": "105_2022_01",
        "calc_value": "20.35",
        "tariff": "",
        "service_internal_id": "ХВС",
        "rr": "",
        "recalculation": "",
        "accounting_period_total": "20.35"
    },
    {
        "org_ppa_guid": "5408182388",
        "internal_id": "11_2022_01",
        "pp_internal_id": "11_2022_01",
        "calc_value": "42.0",
        "tariff": "",
        "service_internal_id": "ХВС",
        "rr": "",
        "recalculation": "",
        "accounting_period_total": "42.0"
    },
    {
        "org_ppa_guid": "5408182388",
        "internal_id": "12_2022_01",
        "pp_internal_id": "12_2022_01",
        "calc_value": "42.0",
        "tariff": "",
        "service_internal_id": "ХВС",
        "rr": "",
        "recalculation": "",
        "accounting_period_total": "42.0"
    },
    {
        "org_ppa_guid": "5408182388",
        "internal_id": "13_2022_01",
        "pp_internal_id": "13_2022_01",
        "calc_value": "42.0",
        "tariff": "",
        "service_internal_id": "ХВС",
        "rr": "",
        "recalculation": "",
        "accounting_period_total": "42.0"
    },
    {
        "org_ppa_guid": "5408182388",
        "internal_id": "14_2022_01",
        "pp_internal_id": "14_2022_01",
        "calc_value": "142.45",
        "tariff": "",
        "service_internal_id": "ХВС",
        "rr": "",
        "recalculation": "",
        "accounting_period_total": "142.45"
    },
    {
        "org_ppa_guid": "5408182388",
        "internal_id": "15_2022_01",
        "pp_internal_id": "15_2022_01",
        "calc_value": "142.45",
        "tariff": "",
        "service_internal_id": "ХВС",
        "rr": "",
        "recalculation": "",
        "accounting_period_total": "142.45"
    },
    {
        "org_ppa_guid": "5408182388",
        "internal_id": "16_2022_01",
        "pp_internal_id": "16_2022_01",
        "calc_value": "162.8",
        "tariff": "",
        "service_internal_id": "ХВС",
        "rr": "",
        "recalculation": "",
        "accounting_period_total": "162.8"
    },
    {
        "org_ppa_guid": "5408182388",
        "internal_id": "17_2022_01",
        "pp_internal_id": "17_2022_01",
        "calc_value": "203.5",
        "tariff": "",
        "service_internal_id": "ХВС",
        "rr": "",
        "recalculation": "",
        "accounting_period_total": "203.5"
    },
    {
        "org_ppa_guid": "5408182388",
        "internal_id": "18_2022_01",
        "pp_internal_id": "18_2022_01",
        "calc_value": "383.09",
        "tariff": "",
        "service_internal_id": "ХВС",
        "rr": "",
        "recalculation": "",
        "accounting_period_total": "383.09"
    },
    {
        "org_ppa_guid": "5408182388",
        "internal_id": "19_2022_01",
        "pp_internal_id": "19_2022_01",
        "calc_value": "81.4",
        "tariff": "",
        "service_internal_id": "ХВС",
        "rr": "",
        "recalculation": "",
        "accounting_period_total": "81.4"
    },
    {
        "org_ppa_guid": "5408182388",
        "internal_id": "20_2022_01",
        "pp_internal_id": "20_2022_01",
        "calc_value": "20.35",
        "tariff": "",
        "service_internal_id": "ХВС",
        "rr": "",
        "recalculation": "",
        "accounting_period_total": "20.35"
    },
    {
        "org_ppa_guid": "5408182388",
        "internal_id": "21_2022_01",
        "pp_internal_id": "21_2022_01",
        "calc_value": "42.0",
        "tariff": "",
        "service_internal_id": "ХВС",
        "rr": "",
        "recalculation": "",
        "accounting_period_total": "42.0"
    },
    {
        "org_ppa_guid": "5408182388",
        "internal_id": "22_2022_01",
        "pp_internal_id": "22_2022_01",
        "calc_value": "42.0",
        "tariff": "",
        "service_internal_id": "ХВС",
        "rr": "",
        "recalculation": "",
        "accounting_period_total": "42.0"
    },
    {
        "org_ppa_guid": "5408182388",
        "internal_id": "23_2022_01",
        "pp_internal_id": "23_2022_01",
        "calc_value": "42.0",
        "tariff": "",
        "service_internal_id": "ХВС",
        "rr": "",
        "recalculation": "",
        "accounting_period_total": "42.0"
    },
    {
        "org_ppa_guid": "5408182388",
        "internal_id": "24_2022_01",
        "pp_internal_id": "24_2022_01",
        "calc_value": "183.15",
        "tariff": "",
        "service_internal_id": "ХВС",
        "rr": "",
        "recalculation": "",
        "accounting_period_total": "183.15"
    },
    {
        "org_ppa_guid": "5408182388",
        "internal_id": "25_2022_01",
        "pp_internal_id": "25_2022_01",
        "calc_value": "42.0",
        "tariff": "",
        "service_internal_id": "ХВС",
        "rr": "",
        "recalculation": "",
        "accounting_period_total": "42.0"
    },
    {
        "org_ppa_guid": "5408182388",
        "internal_id": "26_2022_01",
        "pp_internal_id": "26_2022_01",
        "calc_value": "42.0",
        "tariff": "",
        "service_internal_id": "ХВС",
        "rr": "",
        "recalculation": "",
        "accounting_period_total": "42.0"
    },
    {
        "org_ppa_guid": "5408182388",
        "internal_id": "27_2022_01",
        "pp_internal_id": "27_2022_01",
        "calc_value": "203.5",
        "tariff": "",
        "service_internal_id": "ХВС",
        "rr": "",
        "recalculation": "",
        "accounting_period_total": "203.5"
    },
    {
        "org_ppa_guid": "5408182388",
        "internal_id": "28_2022_01",
        "pp_internal_id": "28_2022_01",
        "calc_value": "142.45",
        "tariff": "",
        "service_internal_id": "ХВС",
        "rr": "",
        "recalculation": "",
        "accounting_period_total": "142.45"
    },
    {
        "org_ppa_guid": "5408182388",
        "internal_id": "29_2022_01",
        "pp_internal_id": "29_2022_01",
        "calc_value": "380.63",
        "tariff": "",
        "service_internal_id": "ХВС",
        "rr": "",
        "recalculation": "",
        "accounting_period_total": "380.63"
    },
    {
        "org_ppa_guid": "5408182388",
        "internal_id": "30_2022_01",
        "pp_internal_id": "30_2022_01",
        "calc_value": "183.15",
        "tariff": "",
        "service_internal_id": "ХВС",
        "rr": "",
        "recalculation": "",
        "accounting_period_total": "183.15"
    },
    {
        "org_ppa_guid": "5408182388",
        "internal_id": "31_2022_01",
        "pp_internal_id": "31_2022_01",
        "calc_value": "203.5",
        "tariff": "",
        "service_internal_id": "ХВС",
        "rr": "",
        "recalculation": "",
        "accounting_period_total": "203.5"
    },
    {
        "org_ppa_guid": "5408182388",
        "internal_id": "32_2022_01",
        "pp_internal_id": "32_2022_01",
        "calc_value": "20.35",
        "tariff": "",
        "service_internal_id": "ХВС",
        "rr": "",
        "recalculation": "",
        "accounting_period_total": "20.35"
    },
    {
        "org_ppa_guid": "5408182388",
        "internal_id": "32-33_2022_01",
        "pp_internal_id": "32-33_2022_01",
        "calc_value": "42.0",
        "tariff": "",
        "service_internal_id": "ХВС",
        "rr": "",
        "recalculation": "",
        "accounting_period_total": "42.0"
    },
    {
        "org_ppa_guid": "5408182388",
        "internal_id": "33_2022_01",
        "pp_internal_id": "33_2022_01",
        "calc_value": "42.0",
        "tariff": "",
        "service_internal_id": "ХВС",
        "rr": "",
        "recalculation": "",
        "accounting_period_total": "42.0"
    },
    {
        "org_ppa_guid": "5408182388",
        "internal_id": "34_2022_01",
        "pp_internal_id": "34_2022_01",
        "calc_value": "42.0",
        "tariff": "",
        "service_internal_id": "ХВС",
        "rr": "",
        "recalculation": "",
        "accounting_period_total": "42.0"
    },
    {
        "org_ppa_guid": "5408182388",
        "internal_id": "35_2022_01",
        "pp_internal_id": "35_2022_01",
        "calc_value": "183.15",
        "tariff": "",
        "service_internal_id": "ХВС",
        "rr": "",
        "recalculation": "",
        "accounting_period_total": "183.15"
    },
    {
        "org_ppa_guid": "5408182388",
        "internal_id": "36_2022_01",
        "pp_internal_id": "36_2022_01",
        "calc_value": "42.0",
        "tariff": "",
        "service_internal_id": "ХВС",
        "rr": "",
        "recalculation": "",
        "accounting_period_total": "42.0"
    },
    {
        "org_ppa_guid": "5408182388",
        "internal_id": "37_2022_01",
        "pp_internal_id": "37_2022_01",
        "calc_value": "162.8",
        "tariff": "",
        "service_internal_id": "ХВС",
        "rr": "",
        "recalculation": "",
        "accounting_period_total": "162.8"
    },
    {
        "org_ppa_guid": "5408182388",
        "internal_id": "38_2022_01",
        "pp_internal_id": "38_2022_01",
        "calc_value": "122.1",
        "tariff": "",
        "service_internal_id": "ХВС",
        "rr": "",
        "recalculation": "",
        "accounting_period_total": "122.1"
    },
    {
        "org_ppa_guid": "5408182388",
        "internal_id": "39_2022_01",
        "pp_internal_id": "39_2022_01",
        "calc_value": "42.0",
        "tariff": "",
        "service_internal_id": "ХВС",
        "rr": "",
        "recalculation": "",
        "accounting_period_total": "42.0"
    },
    {
        "org_ppa_guid": "5408182388",
        "internal_id": "40_2022_01",
        "pp_internal_id": "40_2022_01",
        "calc_value": "42.0",
        "tariff": "",
        "service_internal_id": "ХВС",
        "rr": "",
        "recalculation": "",
        "accounting_period_total": "42.0"
    },
    {
        "org_ppa_guid": "5408182388",
        "internal_id": "41_2022_01",
        "pp_internal_id": "41_2022_01",
        "calc_value": "223.85",
        "tariff": "",
        "service_internal_id": "ХВС",
        "rr": "",
        "recalculation": "",
        "accounting_period_total": "223.85"
    },
    {
        "org_ppa_guid": "5408182388",
        "internal_id": "42_2022_01",
        "pp_internal_id": "42_2022_01",
        "calc_value": "42.0",
        "tariff": "",
        "service_internal_id": "ХВС",
        "rr": "",
        "recalculation": "",
        "accounting_period_total": "42.0"
    },
    {
        "org_ppa_guid": "5408182388",
        "internal_id": "43_2022_01",
        "pp_internal_id": "43_2022_01",
        "calc_value": "142.45",
        "tariff": "",
        "service_internal_id": "ХВС",
        "rr": "",
        "recalculation": "",
        "accounting_period_total": "142.45"
    },
    {
        "org_ppa_guid": "5408182388",
        "internal_id": "44_2022_01",
        "pp_internal_id": "44_2022_01",
        "calc_value": "619.64",
        "tariff": "",
        "service_internal_id": "ХВС",
        "rr": "",
        "recalculation": "",
        "accounting_period_total": "619.64"
    },
    {
        "org_ppa_guid": "5408182388",
        "internal_id": "45_2022_01",
        "pp_internal_id": "45_2022_01",
        "calc_value": "40.7",
        "tariff": "",
        "service_internal_id": "ХВС",
        "rr": "",
        "recalculation": "",
        "accounting_period_total": "40.7"
    },
    {
        "org_ppa_guid": "5408182388",
        "internal_id": "46_2022_01",
        "pp_internal_id": "46_2022_01",
        "calc_value": "203.5",
        "tariff": "",
        "service_internal_id": "ХВС",
        "rr": "",
        "recalculation": "",
        "accounting_period_total": "203.5"
    },
    {
        "org_ppa_guid": "5408182388",
        "internal_id": "47_2022_01",
        "pp_internal_id": "47_2022_01",
        "calc_value": "42.0",
        "tariff": "",
        "service_internal_id": "ХВС",
        "rr": "",
        "recalculation": "",
        "accounting_period_total": "42.0"
    },
    {
        "org_ppa_guid": "5408182388",
        "internal_id": "48_2022_01",
        "pp_internal_id": "48_2022_01",
        "calc_value": "42.0",
        "tariff": "",
        "service_internal_id": "ХВС",
        "rr": "",
        "recalculation": "",
        "accounting_period_total": "42.0"
    },
    {
        "org_ppa_guid": "5408182388",
        "internal_id": "49_2022_01",
        "pp_internal_id": "49_2022_01",
        "calc_value": "20.35",
        "tariff": "",
        "service_internal_id": "ХВС",
        "rr": "",
        "recalculation": "",
        "accounting_period_total": "20.35"
    },
    {
        "org_ppa_guid": "5408182388",
        "internal_id": "50_2022_01",
        "pp_internal_id": "50_2022_01",
        "calc_value": "40.7",
        "tariff": "",
        "service_internal_id": "ХВС",
        "rr": "",
        "recalculation": "",
        "accounting_period_total": "40.7"
    },
    {
        "org_ppa_guid": "5408182388",
        "internal_id": "51_2022_01",
        "pp_internal_id": "51_2022_01",
        "calc_value": "61.05",
        "tariff": "",
        "service_internal_id": "ХВС",
        "rr": "",
        "recalculation": "",
        "accounting_period_total": "61.05"
    },
    {
        "org_ppa_guid": "5408182388",
        "internal_id": "52_2022_01",
        "pp_internal_id": "52_2022_01",
        "calc_value": "615.7",
        "tariff": "",
        "service_internal_id": "ХВС",
        "rr": "",
        "recalculation": "",
        "accounting_period_total": "615.7"
    },
    {
        "org_ppa_guid": "5408182388",
        "internal_id": "53_2022_01",
        "pp_internal_id": "53_2022_01",
        "calc_value": "42.0",
        "tariff": "",
        "service_internal_id": "ХВС",
        "rr": "",
        "recalculation": "",
        "accounting_period_total": "42.0"
    },
    {
        "org_ppa_guid": "5408182388",
        "internal_id": "54_2022_01",
        "pp_internal_id": "54_2022_01",
        "calc_value": "42.0",
        "tariff": "",
        "service_internal_id": "ХВС",
        "rr": "",
        "recalculation": "",
        "accounting_period_total": "42.0"
    },
    {
        "org_ppa_guid": "5408182388",
        "internal_id": "55_2022_01",
        "pp_internal_id": "55_2022_01",
        "calc_value": "621.11",
        "tariff": "",
        "service_internal_id": "ХВС",
        "rr": "",
        "recalculation": "",
        "accounting_period_total": "621.11"
    },
    {
        "org_ppa_guid": "5408182388",
        "internal_id": "56_2022_01",
        "pp_internal_id": "56_2022_01",
        "calc_value": "42.0",
        "tariff": "",
        "service_internal_id": "ХВС",
        "rr": "",
        "recalculation": "",
        "accounting_period_total": "42.0"
    },
    {
        "org_ppa_guid": "5408182388",
        "internal_id": "57_2022_01",
        "pp_internal_id": "57_2022_01",
        "calc_value": "42.0",
        "tariff": "",
        "service_internal_id": "ХВС",
        "rr": "",
        "recalculation": "",
        "accounting_period_total": "42.0"
    },
    {
        "org_ppa_guid": "5408182388",
        "internal_id": "58_2022_01",
        "pp_internal_id": "58_2022_01",
        "calc_value": "621.11",
        "tariff": "",
        "service_internal_id": "ХВС",
        "rr": "",
        "recalculation": "",
        "accounting_period_total": "621.11"
    },
    {
        "org_ppa_guid": "5408182388",
        "internal_id": "59_2022_01",
        "pp_internal_id": "59_2022_01",
        "calc_value": "244.2",
        "tariff": "",
        "service_internal_id": "ХВС",
        "rr": "",
        "recalculation": "",
        "accounting_period_total": "244.2"
    },
    {
        "org_ppa_guid": "5408182388",
        "internal_id": "61_2022_01",
        "pp_internal_id": "61_2022_01",
        "calc_value": "42.0",
        "tariff": "",
        "service_internal_id": "ХВС",
        "rr": "",
        "recalculation": "",
        "accounting_period_total": "42.0"
    },
    {
        "org_ppa_guid": "5408182388",
        "internal_id": "62_2022_01",
        "pp_internal_id": "62_2022_01",
        "calc_value": "264.55",
        "tariff": "",
        "service_internal_id": "ХВС",
        "rr": "",
        "recalculation": "",
        "accounting_period_total": "264.55"
    },
    {
        "org_ppa_guid": "5408182388",
        "internal_id": "63_2022_01",
        "pp_internal_id": "63_2022_01",
        "calc_value": "142.45",
        "tariff": "",
        "service_internal_id": "ХВС",
        "rr": "",
        "recalculation": "",
        "accounting_period_total": "142.45"
    },
    {
        "org_ppa_guid": "5408182388",
        "internal_id": "64_2022_01",
        "pp_internal_id": "64_2022_01",
        "calc_value": "61.05",
        "tariff": "",
        "service_internal_id": "ХВС",
        "rr": "",
        "recalculation": "",
        "accounting_period_total": "61.05"
    },
    {
        "org_ppa_guid": "5408182388",
        "internal_id": "65_2022_01",
        "pp_internal_id": "65_2022_01",
        "calc_value": "656.03",
        "tariff": "",
        "service_internal_id": "ХВС",
        "rr": "",
        "recalculation": "",
        "accounting_period_total": "656.03"
    },
    {
        "org_ppa_guid": "5408182388",
        "internal_id": "66_2022_01",
        "pp_internal_id": "66_2022_01",
        "calc_value": "81.4",
        "tariff": "",
        "service_internal_id": "ХВС",
        "rr": "",
        "recalculation": "",
        "accounting_period_total": "81.4"
    },
    {
        "org_ppa_guid": "5408182388",
        "internal_id": "67_2022_01",
        "pp_internal_id": "67_2022_01",
        "calc_value": "42.0",
        "tariff": "",
        "service_internal_id": "ХВС",
        "rr": "",
        "recalculation": "",
        "accounting_period_total": "42.0"
    },
    {
        "org_ppa_guid": "5408182388",
        "internal_id": "68_2022_01",
        "pp_internal_id": "68_2022_01",
        "calc_value": "42.0",
        "tariff": "",
        "service_internal_id": "ХВС",
        "rr": "",
        "recalculation": "",
        "accounting_period_total": "42.0"
    },
    {
        "org_ppa_guid": "5408182388",
        "internal_id": "69_2022_01",
        "pp_internal_id": "69_2022_01",
        "calc_value": "162.8",
        "tariff": "",
        "service_internal_id": "ХВС",
        "rr": "",
        "recalculation": "",
        "accounting_period_total": "162.8"
    },
    {
        "org_ppa_guid": "5408182388",
        "internal_id": "70_2022_01",
        "pp_internal_id": "70_2022_01",
        "calc_value": "264.55",
        "tariff": "",
        "service_internal_id": "ХВС",
        "rr": "",
        "recalculation": "",
        "accounting_period_total": "264.55"
    },
    {
        "org_ppa_guid": "5408182388",
        "internal_id": "71_2022_01",
        "pp_internal_id": "71_2022_01",
        "calc_value": "42.0",
        "tariff": "",
        "service_internal_id": "ХВС",
        "rr": "",
        "recalculation": "",
        "accounting_period_total": "42.0"
    },
    {
        "org_ppa_guid": "5408182388",
        "internal_id": "72_2022_01",
        "pp_internal_id": "72_2022_01",
        "calc_value": "42.0",
        "tariff": "",
        "service_internal_id": "ХВС",
        "rr": "",
        "recalculation": "",
        "accounting_period_total": "42.0"
    },
    {
        "org_ppa_guid": "5408182388",
        "internal_id": "73_2022_01",
        "pp_internal_id": "73_2022_01",
        "calc_value": "42.0",
        "tariff": "",
        "service_internal_id": "ХВС",
        "rr": "",
        "recalculation": "",
        "accounting_period_total": "42.0"
    },
    {
        "org_ppa_guid": "5408182388",
        "internal_id": "74_2022_01",
        "pp_internal_id": "74_2022_01",
        "calc_value": "42.0",
        "tariff": "",
        "service_internal_id": "ХВС",
        "rr": "",
        "recalculation": "",
        "accounting_period_total": "42.0"
    },
    {
        "org_ppa_guid": "5408182388",
        "internal_id": "75_2022_01",
        "pp_internal_id": "75_2022_01",
        "calc_value": "42.0",
        "tariff": "",
        "service_internal_id": "ХВС",
        "rr": "",
        "recalculation": "",
        "accounting_period_total": "42.0"
    },
    {
        "org_ppa_guid": "5408182388",
        "internal_id": "76_2022_01",
        "pp_internal_id": "76_2022_01",
        "calc_value": "42.0",
        "tariff": "",
        "service_internal_id": "ХВС",
        "rr": "",
        "recalculation": "",
        "accounting_period_total": "42.0"
    },
    {
        "org_ppa_guid": "5408182388",
        "internal_id": "77_2022_01",
        "pp_internal_id": "77_2022_01",
        "calc_value": "122.1",
        "tariff": "",
        "service_internal_id": "ХВС",
        "rr": "",
        "recalculation": "",
        "accounting_period_total": "122.1"
    },
    {
        "org_ppa_guid": "5408182388",
        "internal_id": "78_2022_01",
        "pp_internal_id": "78_2022_01",
        "calc_value": "40.7",
        "tariff": "",
        "service_internal_id": "ХВС",
        "rr": "",
        "recalculation": "",
        "accounting_period_total": "40.7"
    },
    {
        "org_ppa_guid": "5408182388",
        "internal_id": "79_2022_01",
        "pp_internal_id": "79_2022_01",
        "calc_value": "621.6",
        "tariff": "",
        "service_internal_id": "ХВС",
        "rr": "",
        "recalculation": "",
        "accounting_period_total": "621.6"
    },
    {
        "org_ppa_guid": "5408182388",
        "internal_id": "80_2022_01",
        "pp_internal_id": "80_2022_01",
        "calc_value": "203.5",
        "tariff": "",
        "service_internal_id": "ХВС",
        "rr": "",
        "recalculation": "",
        "accounting_period_total": "203.5"
    },
    {
        "org_ppa_guid": "5408182388",
        "internal_id": "81_2022_01",
        "pp_internal_id": "81_2022_01",
        "calc_value": "42.0",
        "tariff": "",
        "service_internal_id": "ХВС",
        "rr": "",
        "recalculation": "",
        "accounting_period_total": "42.0"
    },
    {
        "org_ppa_guid": "5408182388",
        "internal_id": "82_2022_01",
        "pp_internal_id": "82_2022_01",
        "calc_value": "40.7",
        "tariff": "",
        "service_internal_id": "ХВС",
        "rr": "",
        "recalculation": "",
        "accounting_period_total": "40.7"
    },
    {
        "org_ppa_guid": "5408182388",
        "internal_id": "83_2022_01",
        "pp_internal_id": "83_2022_01",
        "calc_value": "183.15",
        "tariff": "",
        "service_internal_id": "ХВС",
        "rr": "",
        "recalculation": "",
        "accounting_period_total": "183.15"
    },
    {
        "org_ppa_guid": "5408182388",
        "internal_id": "84_2022_01",
        "pp_internal_id": "84_2022_01",
        "calc_value": "964.37",
        "tariff": "",
        "service_internal_id": "ХВС",
        "rr": "",
        "recalculation": "",
        "accounting_period_total": "964.37"
    },
    {
        "org_ppa_guid": "5408182388",
        "internal_id": "86_2022_01",
        "pp_internal_id": "86_2022_01",
        "calc_value": "622.59",
        "tariff": "",
        "service_internal_id": "ХВС",
        "rr": "",
        "recalculation": "",
        "accounting_period_total": "622.59"
    },
    {
        "org_ppa_guid": "5408182388",
        "internal_id": "87_2022_01",
        "pp_internal_id": "87_2022_01",
        "calc_value": "42.0",
        "tariff": "",
        "service_internal_id": "ХВС",
        "rr": "",
        "recalculation": "",
        "accounting_period_total": "42.0"
    },
    {
        "org_ppa_guid": "5408182388",
        "internal_id": "88_2022_01",
        "pp_internal_id": "88_2022_01",
        "calc_value": "386.04",
        "tariff": "",
        "service_internal_id": "ХВС",
        "rr": "",
        "recalculation": "",
        "accounting_period_total": "386.04"
    },
    {
        "org_ppa_guid": "5408182388",
        "internal_id": "89_2022_01",
        "pp_internal_id": "89_2022_01",
        "calc_value": "541.44",
        "tariff": "",
        "service_internal_id": "ХВС",
        "rr": "",
        "recalculation": "",
        "accounting_period_total": "541.44"
    },
    {
        "org_ppa_guid": "5408182388",
        "internal_id": "90_2022_01",
        "pp_internal_id": "90_2022_01",
        "calc_value": "675.21",
        "tariff": "",
        "service_internal_id": "ХВС",
        "rr": "",
        "recalculation": "",
        "accounting_period_total": "675.21"
    },
    {
        "org_ppa_guid": "5408182388",
        "internal_id": "91_2022_01",
        "pp_internal_id": "91_2022_01",
        "calc_value": "42.0",
        "tariff": "",
        "service_internal_id": "ХВС",
        "rr": "",
        "recalculation": "",
        "accounting_period_total": "42.0"
    },
    {
        "org_ppa_guid": "5408182388",
        "internal_id": "92_2022_01",
        "pp_internal_id": "92_2022_01",
        "calc_value": "42.0",
        "tariff": "",
        "service_internal_id": "ХВС",
        "rr": "",
        "recalculation": "",
        "accounting_period_total": "42.0"
    },
    {
        "org_ppa_guid": "5408182388",
        "internal_id": "93_2022_01",
        "pp_internal_id": "93_2022_01",
        "calc_value": "42.0",
        "tariff": "",
        "service_internal_id": "ХВС",
        "rr": "",
        "recalculation": "",
        "accounting_period_total": "42.0"
    },
    {
        "org_ppa_guid": "5408182388",
        "internal_id": "94_2022_01",
        "pp_internal_id": "94_2022_01",
        "calc_value": "42.0",
        "tariff": "",
        "service_internal_id": "ХВС",
        "rr": "",
        "recalculation": "",
        "accounting_period_total": "42.0"
    },
    {
        "org_ppa_guid": "5408182388",
        "internal_id": "95_2022_01",
        "pp_internal_id": "95_2022_01",
        "calc_value": "142.45",
        "tariff": "",
        "service_internal_id": "ХВС",
        "rr": "",
        "recalculation": "",
        "accounting_period_total": "142.45"
    },
    {
        "org_ppa_guid": "5408182388",
        "internal_id": "96_2022_01",
        "pp_internal_id": "96_2022_01",
        "calc_value": "122.1",
        "tariff": "",
        "service_internal_id": "ХВС",
        "rr": "",
        "recalculation": "",
        "accounting_period_total": "122.1"
    },
    {
        "org_ppa_guid": "5408182388",
        "internal_id": "97_2022_01",
        "pp_internal_id": "97_2022_01",
        "calc_value": "81.4",
        "tariff": "",
        "service_internal_id": "ХВС",
        "rr": "",
        "recalculation": "",
        "accounting_period_total": "81.4"
    },
    {
        "org_ppa_guid": "5408182388",
        "internal_id": "42_2022_01",
        "pp_internal_id": "42_2022_01",
        "calc_value": "13304.81",
        "tariff": "",
        "service_internal_id": "ХВС",
        "rr": "",
        "recalculation": "",
        "accounting_period_total": "26609.62"
    }
]