[
    {
        "org_ppa_guid": "5904376408",
        "internal_id": "001_2022_01",
        "account_internal_id": "001_2022_01",
        "gis_id": "001_2022_01",
        "month": "01.01.2022",
        "credit": "0.0",
        "saldo": "1012.8",
        "payment_value": "0.0",
        "payment_date": "",
        "bill_value": "",
        "account_number": "",
        "bank_bik": ""
    },
    {
        "org_ppa_guid": "5904376408",
        "internal_id": "002_2022_01",
        "account_internal_id": "002_2022_01",
        "gis_id": "002_2022_01",
        "month": "01.01.2022",
        "credit": "955.51",
        "saldo": "1965.42",
        "payment_value": "0.0",
        "payment_date": "",
        "bill_value": "",
        "account_number": "",
        "bank_bik": ""
    },
    {
        "org_ppa_guid": "5904376408",
        "internal_id": "003_2022_01",
        "account_internal_id": "003_2022_01",
        "gis_id": "003_2022_01",
        "month": "01.01.2022",
        "credit": "1455.11",
        "saldo": "1537.95",
        "payment_value": "1455.11",
        "payment_date": "01.01.2022",
        "bill_value": "",
        "account_number": "",
        "bank_bik": ""
    },
    {
        "org_ppa_guid": "5904376408",
        "internal_id": "004_2022_01",
        "account_internal_id": "004_2022_01",
        "gis_id": "004_2022_01",
        "month": "01.01.2022",
        "credit": "9726.49",
        "saldo": "1543.04",
        "payment_value": "9726.49",
        "payment_date": "01.01.2022",
        "bill_value": "",
        "account_number": "",
        "bank_bik": ""
    },
    {
        "org_ppa_guid": "5904376408",
        "internal_id": "005_2022_01",
        "account_internal_id": "005_2022_01",
        "gis_id": "005_2022_01",
        "month": "01.01.2022",
        "credit": "1925.79",
        "saldo": "1007.56",
        "payment_value": "1925.79",
        "payment_date": "01.01.2022",
        "bill_value": "",
        "account_number": "",
        "bank_bik": ""
    },
    {
        "org_ppa_guid": "5904376408",
        "internal_id": "006_2022_01",
        "account_internal_id": "006_2022_01",
        "gis_id": "006_2022_01",
        "month": "01.01.2022",
        "credit": "952.77",
        "saldo": "1959.79",
        "payment_value": "0.0",
        "payment_date": "",
        "bill_value": "",
        "account_number": "",
        "bank_bik": ""
    },
    {
        "org_ppa_guid": "5904376408",
        "internal_id": "007_2022_01",
        "account_internal_id": "007_2022_01",
        "gis_id": "007_2022_01",
        "month": "01.01.2022",
        "credit": "1449.65",
        "saldo": "1532.17",
        "payment_value": "1449.65",
        "payment_date": "01.01.2022",
        "bill_value": "",
        "account_number": "",
        "bank_bik": ""
    },
    {
        "org_ppa_guid": "5904376408",
        "internal_id": "008_2022_01",
        "account_internal_id": "008_2022_01",
        "gis_id": "008_2022_01",
        "month": "01.01.2022",
        "credit": "21.46",
        "saldo": "1028.48",
        "payment_value": "0.0",
        "payment_date": "",
        "bill_value": "",
        "account_number": "",
        "bank_bik": ""
    },
    {
        "org_ppa_guid": "5904376408",
        "internal_id": "009_2022_01",
        "account_internal_id": "009_2022_01",
        "gis_id": "009_2022_01",
        "month": "01.01.2022",
        "credit": "11003.52",
        "saldo": "12171.42",
        "payment_value": "0.0",
        "payment_date": "",
        "bill_value": "",
        "account_number": "",
        "bank_bik": ""
    },
    {
        "org_ppa_guid": "5904376408",
        "internal_id": "010_2022_01",
        "account_internal_id": "010_2022_01",
        "gis_id": "010_2022_01",
        "month": "01.01.2022",
        "credit": "955.51",
        "saldo": "1009.91",
        "payment_value": "955.51",
        "payment_date": "01.01.2022",
        "bill_value": "",
        "account_number": "",
        "bank_bik": ""
    },
    {
        "org_ppa_guid": "5904376408",
        "internal_id": "011_2022_01",
        "account_internal_id": "011_2022_01",
        "gis_id": "011_2022_01",
        "month": "01.01.2022",
        "credit": "960.96",
        "saldo": "1015.67",
        "payment_value": "960.96",
        "payment_date": "01.01.2022",
        "bill_value": "",
        "account_number": "",
        "bank_bik": ""
    },
    {
        "org_ppa_guid": "5904376408",
        "internal_id": "012_2022_01",
        "account_internal_id": "012_2022_01",
        "gis_id": "012_2022_01",
        "month": "01.01.2022",
        "credit": "947.04",
        "saldo": "2502.3",
        "payment_value": "0.0",
        "payment_date": "",
        "bill_value": "",
        "account_number": "",
        "bank_bik": ""
    },
    {
        "org_ppa_guid": "5904376408",
        "internal_id": "013_2022_01",
        "account_internal_id": "013_2022_01",
        "gis_id": "013_2022_01",
        "month": "01.01.2022",
        "credit": "1408.69",
        "saldo": "1488.89",
        "payment_value": "1408.69",
        "payment_date": "01.01.2022",
        "bill_value": "",
        "account_number": "",
        "bank_bik": ""
    },
    {
        "org_ppa_guid": "5904376408",
        "internal_id": "014_2022_01",
        "account_internal_id": "014_2022_01",
        "gis_id": "014_2022_01",
        "month": "01.01.2022",
        "credit": "928.21",
        "saldo": "981.06",
        "payment_value": "928.21",
        "payment_date": "01.01.2022",
        "bill_value": "",
        "account_number": "",
        "bank_bik": ""
    },
    {
        "org_ppa_guid": "5904376408",
        "internal_id": "015_2022_01",
        "account_internal_id": "015_2022_01",
        "gis_id": "015_2022_01",
        "month": "01.01.2022",
        "credit": "0.0",
        "saldo": "1007.02",
        "payment_value": "0.0",
        "payment_date": "",
        "bill_value": "",
        "account_number": "",
        "bank_bik": ""
    },
    {
        "org_ppa_guid": "5904376408",
        "internal_id": "016_2022_01",
        "account_internal_id": "016_2022_01",
        "gis_id": "016_2022_01",
        "month": "01.01.2022",
        "credit": "-2412.04",
        "saldo": "0.0",
        "payment_value": "0.0",
        "payment_date": "",
        "bill_value": "",
        "account_number": "",
        "bank_bik": ""
    },
    {
        "org_ppa_guid": "5904376408",
        "internal_id": "016.172_2022_01",
        "account_internal_id": "016.172_2022_01",
        "gis_id": "016.172_2022_01",
        "month": "01.01.2022",
        "credit": "0.0",
        "saldo": "-917.38",
        "payment_value": "0.0",
        "payment_date": "",
        "bill_value": "",
        "account_number": "",
        "bank_bik": ""
    },
    {
        "org_ppa_guid": "5904376408",
        "internal_id": "017_2022_01",
        "account_internal_id": "017_2022_01",
        "gis_id": "017_2022_01",
        "month": "01.01.2022",
        "credit": "0.0",
        "saldo": "1012.8",
        "payment_value": "0.0",
        "payment_date": "",
        "bill_value": "",
        "account_number": "",
        "bank_bik": ""
    },
    {
        "org_ppa_guid": "5904376408",
        "internal_id": "018_2022_01",
        "account_internal_id": "018_2022_01",
        "gis_id": "018_2022_01",
        "month": "01.01.2022",
        "credit": "0.0",
        "saldo": "1012.8",
        "payment_value": "0.0",
        "payment_date": "",
        "bill_value": "",
        "account_number": "",
        "bank_bik": ""
    },
    {
        "org_ppa_guid": "5904376408",
        "internal_id": "019_2022_01",
        "account_internal_id": "019_2022_01",
        "gis_id": "019_2022_01",
        "month": "01.01.2022",
        "credit": "1929.54",
        "saldo": "2945.52",
        "payment_value": "0.0",
        "payment_date": "",
        "bill_value": "",
        "account_number": "",
        "bank_bik": ""
    },
    {
        "org_ppa_guid": "5904376408",
        "internal_id": "020_2022_01",
        "account_internal_id": "020_2022_01",
        "gis_id": "020_2022_01",
        "month": "01.01.2022",
        "credit": "960.96",
        "saldo": "1015.67",
        "payment_value": "960.96",
        "payment_date": "01.01.2022",
        "bill_value": "",
        "account_number": "",
        "bank_bik": ""
    },
    {
        "org_ppa_guid": "5904376408",
        "internal_id": "021_2022_01",
        "account_internal_id": "021_2022_01",
        "gis_id": "021_2022_01",
        "month": "01.01.2022",
        "credit": "947.04",
        "saldo": "1555.26",
        "payment_value": "947.04",
        "payment_date": "01.01.2022",
        "bill_value": "",
        "account_number": "",
        "bank_bik": ""
    },
    {
        "org_ppa_guid": "5904376408",
        "internal_id": "022_2022_01",
        "account_internal_id": "022_2022_01",
        "gis_id": "022_2022_01",
        "month": "01.01.2022",
        "credit": "1411.08",
        "saldo": "2899.97",
        "payment_value": "0.0",
        "payment_date": "",
        "bill_value": "",
        "account_number": "",
        "bank_bik": ""
    },
    {
        "org_ppa_guid": "5904376408",
        "internal_id": "023_2022_01",
        "account_internal_id": "023_2022_01",
        "gis_id": "023_2022_01",
        "month": "01.01.2022",
        "credit": "955.51",
        "saldo": "1965.42",
        "payment_value": "0.0",
        "payment_date": "",
        "bill_value": "",
        "account_number": "",
        "bank_bik": ""
    },
    {
        "org_ppa_guid": "5904376408",
        "internal_id": "024_2022_01",
        "account_internal_id": "024_2022_01",
        "gis_id": "024_2022_01",
        "month": "01.01.2022",
        "credit": "952.77",
        "saldo": "1959.79",
        "payment_value": "0.0",
        "payment_date": "",
        "bill_value": "",
        "account_number": "",
        "bank_bik": ""
    },
    {
        "org_ppa_guid": "5904376408",
        "internal_id": "025_2022_01",
        "account_internal_id": "025_2022_01",
        "gis_id": "025_2022_01",
        "month": "01.01.2022",
        "credit": "896.23",
        "saldo": "978.13",
        "payment_value": "896.23",
        "payment_date": "01.01.2022",
        "bill_value": "",
        "account_number": "",
        "bank_bik": ""
    },
    {
        "org_ppa_guid": "5904376408",
        "internal_id": "026_2022_01",
        "account_internal_id": "026_2022_01",
        "gis_id": "026_2022_01",
        "month": "01.01.2022",
        "credit": "939.13",
        "saldo": "992.6",
        "payment_value": "939.13",
        "payment_date": "01.01.2022",
        "bill_value": "",
        "account_number": "",
        "bank_bik": ""
    },
    {
        "org_ppa_guid": "5904376408",
        "internal_id": "027_2022_01",
        "account_internal_id": "027_2022_01",
        "gis_id": "027_2022_01",
        "month": "01.01.2022",
        "credit": "958.24",
        "saldo": "1012.8",
        "payment_value": "958.24",
        "payment_date": "01.01.2022",
        "bill_value": "",
        "account_number": "",
        "bank_bik": ""
    },
    {
        "org_ppa_guid": "5904376408",
        "internal_id": "028_2022_01",
        "account_internal_id": "028_2022_01",
        "gis_id": "028_2022_01",
        "month": "01.01.2022",
        "credit": "0.0",
        "saldo": "1009.91",
        "payment_value": "0.0",
        "payment_date": "",
        "bill_value": "",
        "account_number": "",
        "bank_bik": ""
    },
    {
        "org_ppa_guid": "5904376408",
        "internal_id": "029_2022_01",
        "account_internal_id": "029_2022_01",
        "gis_id": "029_2022_01",
        "month": "01.01.2022",
        "credit": "0.0",
        "saldo": "1015.67",
        "payment_value": "0.0",
        "payment_date": "",
        "bill_value": "",
        "account_number": "",
        "bank_bik": ""
    },
    {
        "org_ppa_guid": "5904376408",
        "internal_id": "030_2022_01",
        "account_internal_id": "030_2022_01",
        "gis_id": "030_2022_01",
        "month": "01.01.2022",
        "credit": "-524.45",
        "saldo": "1030.81",
        "payment_value": "0.0",
        "payment_date": "",
        "bill_value": "",
        "account_number": "",
        "bank_bik": ""
    },
    {
        "org_ppa_guid": "5904376408",
        "internal_id": "031_2022_01",
        "account_internal_id": "031_2022_01",
        "gis_id": "031_2022_01",
        "month": "01.01.2022",
        "credit": "1408.69",
        "saldo": "1488.89",
        "payment_value": "1408.69",
        "payment_date": "01.01.2022",
        "bill_value": "",
        "account_number": "",
        "bank_bik": ""
    },
    {
        "org_ppa_guid": "5904376408",
        "internal_id": "032_2022_01",
        "account_internal_id": "032_2022_01",
        "gis_id": "032_2022_01",
        "month": "01.01.2022",
        "credit": "955.51",
        "saldo": "1009.91",
        "payment_value": "955.51",
        "payment_date": "01.01.2022",
        "bill_value": "",
        "account_number": "",
        "bank_bik": ""
    },
    {
        "org_ppa_guid": "5904376408",
        "internal_id": "033_2022_01",
        "account_internal_id": "033_2022_01",
        "gis_id": "033_2022_01",
        "month": "01.01.2022",
        "credit": "251.97",
        "saldo": "251.97",
        "payment_value": "0.0",
        "payment_date": "",
        "bill_value": "",
        "account_number": "",
        "bank_bik": ""
    },
    {
        "org_ppa_guid": "5904376408",
        "internal_id": "033.162_2022_01",
        "account_internal_id": "033.162_2022_01",
        "gis_id": "033.162_2022_01",
        "month": "01.01.2022",
        "credit": "952.77",
        "saldo": "1007.02",
        "payment_value": "952.77",
        "payment_date": "01.01.2022",
        "bill_value": "",
        "account_number": "",
        "bank_bik": ""
    },
    {
        "org_ppa_guid": "5904376408",
        "internal_id": "034_2022_01",
        "account_internal_id": "034_2022_01",
        "gis_id": "034_2022_01",
        "month": "01.01.2022",
        "credit": "0.0",
        "saldo": "1520.62",
        "payment_value": "0.0",
        "payment_date": "",
        "bill_value": "",
        "account_number": "",
        "bank_bik": ""
    },
    {
        "org_ppa_guid": "5904376408",
        "internal_id": "035_2022_01",
        "account_internal_id": "035_2022_01",
        "gis_id": "035_2022_01",
        "month": "01.01.2022",
        "credit": "958.24",
        "saldo": "1012.8",
        "payment_value": "958.24",
        "payment_date": "01.01.2022",
        "bill_value": "",
        "account_number": "",
        "bank_bik": ""
    },
    {
        "org_ppa_guid": "5904376408",
        "internal_id": "036_2022_01",
        "account_internal_id": "036_2022_01",
        "gis_id": "036_2022_01",
        "month": "01.01.2022",
        "credit": "958.24",
        "saldo": "1012.8",
        "payment_value": "958.24",
        "payment_date": "01.01.2022",
        "bill_value": "",
        "account_number": "",
        "bank_bik": ""
    },
    {
        "org_ppa_guid": "5904376408",
        "internal_id": "037_2022_01",
        "account_internal_id": "037_2022_01",
        "gis_id": "037_2022_01",
        "month": "01.01.2022",
        "credit": "955.51",
        "saldo": "1009.91",
        "payment_value": "955.51",
        "payment_date": "01.01.2022",
        "bill_value": "",
        "account_number": "",
        "bank_bik": ""
    },
    {
        "org_ppa_guid": "5904376408",
        "internal_id": "038_2022_01",
        "account_internal_id": "038_2022_01",
        "gis_id": "038_2022_01",
        "month": "01.01.2022",
        "credit": "960.96",
        "saldo": "1015.67",
        "payment_value": "960.96",
        "payment_date": "01.01.2022",
        "bill_value": "",
        "account_number": "",
        "bank_bik": ""
    },
    {
        "org_ppa_guid": "5904376408",
        "internal_id": "039_2022_01",
        "account_internal_id": "039_2022_01",
        "gis_id": "039_2022_01",
        "month": "01.01.2022",
        "credit": "1471.49",
        "saldo": "1555.26",
        "payment_value": "1471.49",
        "payment_date": "01.01.2022",
        "bill_value": "",
        "account_number": "",
        "bank_bik": ""
    },
    {
        "org_ppa_guid": "5904376408",
        "internal_id": "040_2022_01",
        "account_internal_id": "040_2022_01",
        "gis_id": "040_2022_01",
        "month": "01.01.2022",
        "credit": "1408.69",
        "saldo": "1488.89",
        "payment_value": "1408.69",
        "payment_date": "01.01.2022",
        "bill_value": "",
        "account_number": "",
        "bank_bik": ""
    },
    {
        "org_ppa_guid": "5904376408",
        "internal_id": "041_2022_01",
        "account_internal_id": "041_2022_01",
        "gis_id": "041_2022_01",
        "month": "01.01.2022",
        "credit": "852.51",
        "saldo": "1009.91",
        "payment_value": "852.51",
        "payment_date": "01.01.2022",
        "bill_value": "",
        "account_number": "",
        "bank_bik": ""
    },
    {
        "org_ppa_guid": "5904376408",
        "internal_id": "042_2022_01",
        "account_internal_id": "042_2022_01",
        "gis_id": "042_2022_01",
        "month": "01.01.2022",
        "credit": "10.38",
        "saldo": "1017.4",
        "payment_value": "0.0",
        "payment_date": "",
        "bill_value": "",
        "account_number": "",
        "bank_bik": ""
    },
    {
        "org_ppa_guid": "5904376408",
        "internal_id": "043_2022_01",
        "account_internal_id": "043_2022_01",
        "gis_id": "043_2022_01",
        "month": "01.01.2022",
        "credit": "1438.72",
        "saldo": "1520.62",
        "payment_value": "1438.72",
        "payment_date": "01.01.2022",
        "bill_value": "",
        "account_number": "",
        "bank_bik": ""
    },
    {
        "org_ppa_guid": "5904376408",
        "internal_id": "044_2022_01",
        "account_internal_id": "044_2022_01",
        "gis_id": "044_2022_01",
        "month": "01.01.2022",
        "credit": "1074.23",
        "saldo": "2087.03",
        "payment_value": "0.0",
        "payment_date": "",
        "bill_value": "",
        "account_number": "",
        "bank_bik": ""
    },
    {
        "org_ppa_guid": "5904376408",
        "internal_id": "045_2022_01",
        "account_internal_id": "045_2022_01",
        "gis_id": "045_2022_01",
        "month": "01.01.2022",
        "credit": "616.72",
        "saldo": "671.28",
        "payment_value": "958.24",
        "payment_date": "01.01.2022",
        "bill_value": "",
        "account_number": "",
        "bank_bik": ""
    },
    {
        "org_ppa_guid": "5904376408",
        "internal_id": "046_2022_01",
        "account_internal_id": "046_2022_01",
        "gis_id": "046_2022_01",
        "month": "01.01.2022",
        "credit": "0.0",
        "saldo": "1009.91",
        "payment_value": "0.0",
        "payment_date": "",
        "bill_value": "",
        "account_number": "",
        "bank_bik": ""
    },
    {
        "org_ppa_guid": "5904376408",
        "internal_id": "047_2022_01",
        "account_internal_id": "047_2022_01",
        "gis_id": "047_2022_01",
        "month": "01.01.2022",
        "credit": "960.96",
        "saldo": "1015.67",
        "payment_value": "960.96",
        "payment_date": "01.01.2022",
        "bill_value": "",
        "account_number": "",
        "bank_bik": ""
    },
    {
        "org_ppa_guid": "5904376408",
        "internal_id": "048_2022_01",
        "account_internal_id": "048_2022_01",
        "gis_id": "048_2022_01",
        "month": "01.01.2022",
        "credit": "1430.54",
        "saldo": "1511.98",
        "payment_value": "1430.54",
        "payment_date": "01.01.2022",
        "bill_value": "",
        "account_number": "",
        "bank_bik": ""
    },
    {
        "org_ppa_guid": "5904376408",
        "internal_id": "049_2022_01",
        "account_internal_id": "049_2022_01",
        "gis_id": "049_2022_01",
        "month": "01.01.2022",
        "credit": "1408.69",
        "saldo": "1488.89",
        "payment_value": "1408.69",
        "payment_date": "01.01.2022",
        "bill_value": "",
        "account_number": "",
        "bank_bik": ""
    },
    {
        "org_ppa_guid": "5904376408",
        "internal_id": "050_2022_01",
        "account_internal_id": "050_2022_01",
        "gis_id": "050_2022_01",
        "month": "01.01.2022",
        "credit": "955.51",
        "saldo": "1009.91",
        "payment_value": "955.51",
        "payment_date": "01.01.2022",
        "bill_value": "",
        "account_number": "",
        "bank_bik": ""
    },
    {
        "org_ppa_guid": "5904376408",
        "internal_id": "051_2022_01",
        "account_internal_id": "051_2022_01",
        "gis_id": "051_2022_01",
        "month": "01.01.2022",
        "credit": "952.77",
        "saldo": "1007.02",
        "payment_value": "952.77",
        "payment_date": "01.01.2022",
        "bill_value": "",
        "account_number": "",
        "bank_bik": ""
    },
    {
        "org_ppa_guid": "5904376408",
        "internal_id": "052_2022_01",
        "account_internal_id": "052_2022_01",
        "gis_id": "052_2022_01",
        "month": "01.01.2022",
        "credit": "-512.77",
        "saldo": "1007.85",
        "payment_value": "0.0",
        "payment_date": "",
        "bill_value": "",
        "account_number": "",
        "bank_bik": ""
    },
    {
        "org_ppa_guid": "5904376408",
        "internal_id": "053_2022_01",
        "account_internal_id": "053_2022_01",
        "gis_id": "053_2022_01",
        "month": "01.01.2022",
        "credit": "958.24",
        "saldo": "1012.8",
        "payment_value": "958.24",
        "payment_date": "01.01.2022",
        "bill_value": "",
        "account_number": "",
        "bank_bik": ""
    },
    {
        "org_ppa_guid": "5904376408",
        "internal_id": "054_2022_01",
        "account_internal_id": "054_2022_01",
        "gis_id": "054_2022_01",
        "month": "01.01.2022",
        "credit": "0.0",
        "saldo": "1012.8",
        "payment_value": "0.0",
        "payment_date": "",
        "bill_value": "",
        "account_number": "",
        "bank_bik": ""
    },
    {
        "org_ppa_guid": "5904376408",
        "internal_id": "055_2022_01",
        "account_internal_id": "055_2022_01",
        "gis_id": "055_2022_01",
        "month": "01.01.2022",
        "credit": "930.94",
        "saldo": "983.94",
        "payment_value": "930.94",
        "payment_date": "01.01.2022",
        "bill_value": "",
        "account_number": "",
        "bank_bik": ""
    },
    {
        "org_ppa_guid": "5904376408",
        "internal_id": "056_2022_01",
        "account_internal_id": "056_2022_01",
        "gis_id": "056_2022_01",
        "month": "01.01.2022",
        "credit": "524.94",
        "saldo": "579.65",
        "payment_value": "524.94",
        "payment_date": "01.01.2022",
        "bill_value": "",
        "account_number": "",
        "bank_bik": ""
    },
    {
        "org_ppa_guid": "5904376408",
        "internal_id": "057_2022_01",
        "account_internal_id": "057_2022_01",
        "gis_id": "057_2022_01",
        "month": "01.01.2022",
        "credit": "1471.49",
        "saldo": "1555.26",
        "payment_value": "1471.49",
        "payment_date": "01.01.2022",
        "bill_value": "",
        "account_number": "",
        "bank_bik": ""
    },
    {
        "org_ppa_guid": "5904376408",
        "internal_id": "058_2022_01",
        "account_internal_id": "058_2022_01",
        "gis_id": "058_2022_01",
        "month": "01.01.2022",
        "credit": "1400.51",
        "saldo": "1480.25",
        "payment_value": "1400.51",
        "payment_date": "01.01.2022",
        "bill_value": "",
        "account_number": "",
        "bank_bik": ""
    },
    {
        "org_ppa_guid": "5904376408",
        "internal_id": "059_2022_01",
        "account_internal_id": "059_2022_01",
        "gis_id": "059_2022_01",
        "month": "01.01.2022",
        "credit": "955.51",
        "saldo": "1009.91",
        "payment_value": "955.51",
        "payment_date": "01.01.2022",
        "bill_value": "",
        "account_number": "",
        "bank_bik": ""
    },
    {
        "org_ppa_guid": "5904376408",
        "internal_id": "060_2022_01",
        "account_internal_id": "060_2022_01",
        "gis_id": "060_2022_01",
        "month": "01.01.2022",
        "credit": "9051.65",
        "saldo": "10268.36",
        "payment_value": "0.0",
        "payment_date": "",
        "bill_value": "",
        "account_number": "",
        "bank_bik": ""
    },
    {
        "org_ppa_guid": "5904376408",
        "internal_id": "061_2022_01",
        "account_internal_id": "061_2022_01",
        "gis_id": "061_2022_01",
        "month": "01.01.2022",
        "credit": "0.0",
        "saldo": "1520.62",
        "payment_value": "0.0",
        "payment_date": "",
        "bill_value": "",
        "account_number": "",
        "bank_bik": ""
    },
    {
        "org_ppa_guid": "5904376408",
        "internal_id": "062_2022_01",
        "account_internal_id": "062_2022_01",
        "gis_id": "062_2022_01",
        "month": "01.01.2022",
        "credit": "0.0",
        "saldo": "1012.8",
        "payment_value": "0.0",
        "payment_date": "",
        "bill_value": "",
        "account_number": "",
        "bank_bik": ""
    },
    {
        "org_ppa_guid": "5904376408",
        "internal_id": "063_2022_01",
        "account_internal_id": "063_2022_01",
        "gis_id": "063_2022_01",
        "month": "01.01.2022",
        "credit": "958.24",
        "saldo": "1012.8",
        "payment_value": "958.24",
        "payment_date": "01.01.2022",
        "bill_value": "",
        "account_number": "",
        "bank_bik": ""
    },
    {
        "org_ppa_guid": "5904376408",
        "internal_id": "064_2022_01",
        "account_internal_id": "064_2022_01",
        "gis_id": "064_2022_01",
        "month": "01.01.2022",
        "credit": "1010.11",
        "saldo": "1067.61",
        "payment_value": "1010.11",
        "payment_date": "01.01.2022",
        "bill_value": "",
        "account_number": "",
        "bank_bik": ""
    },
    {
        "org_ppa_guid": "5904376408",
        "internal_id": "065_2022_01",
        "account_internal_id": "065_2022_01",
        "gis_id": "065_2022_01",
        "month": "01.01.2022",
        "credit": "0.0",
        "saldo": "1015.67",
        "payment_value": "0.0",
        "payment_date": "",
        "bill_value": "",
        "account_number": "",
        "bank_bik": ""
    },
    {
        "org_ppa_guid": "5904376408",
        "internal_id": "066_2022_01",
        "account_internal_id": "066_2022_01",
        "gis_id": "066_2022_01",
        "month": "01.01.2022",
        "credit": "273.52",
        "saldo": "273.52",
        "payment_value": "0.0",
        "payment_date": "",
        "bill_value": "",
        "account_number": "",
        "bank_bik": ""
    },
    {
        "org_ppa_guid": "5904376408",
        "internal_id": "066.169_2022_01",
        "account_internal_id": "066.169_2022_01",
        "gis_id": "066.169_2022_01",
        "month": "01.01.2022",
        "credit": "0.0",
        "saldo": "1555.26",
        "payment_value": "0.0",
        "payment_date": "",
        "bill_value": "",
        "account_number": "",
        "bank_bik": ""
    },
    {
        "org_ppa_guid": "5904376408",
        "internal_id": "067_2022_01",
        "account_internal_id": "067_2022_01",
        "gis_id": "067_2022_01",
        "month": "01.01.2022",
        "credit": "1408.69",
        "saldo": "1488.89",
        "payment_value": "1408.69",
        "payment_date": "01.01.2022",
        "bill_value": "",
        "account_number": "",
        "bank_bik": ""
    },
    {
        "org_ppa_guid": "5904376408",
        "internal_id": "068_2022_01",
        "account_internal_id": "068_2022_01",
        "gis_id": "068_2022_01",
        "month": "01.01.2022",
        "credit": "1136.68",
        "saldo": "1136.68",
        "payment_value": "0.0",
        "payment_date": "",
        "bill_value": "",
        "account_number": "",
        "bank_bik": ""
    },
    {
        "org_ppa_guid": "5904376408",
        "internal_id": "068.163_2022_01",
        "account_internal_id": "068.163_2022_01",
        "gis_id": "068.163_2022_01",
        "month": "01.01.2022",
        "credit": "952.77",
        "saldo": "1007.02",
        "payment_value": "952.77",
        "payment_date": "01.01.2022",
        "bill_value": "",
        "account_number": "",
        "bank_bik": ""
    },
    {
        "org_ppa_guid": "5904376408",
        "internal_id": "069_Возницкая_Нина_Ивановна,_069_2022_01",
        "account_internal_id": "069_Возницкая_Нина_Ивановна,_069_2022_01",
        "gis_id": "069_Возницкая_Нина_Ивановна,_069_2022_01",
        "month": "01.01.2022",
        "credit": "952.77",
        "saldo": "1007.02",
        "payment_value": "952.77",
        "payment_date": "01.01.2022",
        "bill_value": "",
        "account_number": "",
        "bank_bik": ""
    },
    {
        "org_ppa_guid": "5904376408",
        "internal_id": "070_2022_01",
        "account_internal_id": "070_2022_01",
        "gis_id": "070_2022_01",
        "month": "01.01.2022",
        "credit": "-265.08",
        "saldo": "-265.08",
        "payment_value": "0.0",
        "payment_date": "",
        "bill_value": "",
        "account_number": "",
        "bank_bik": ""
    },
    {
        "org_ppa_guid": "5904376408",
        "internal_id": "070.168_2022_01",
        "account_internal_id": "070.168_2022_01",
        "gis_id": "070.168_2022_01",
        "month": "01.01.2022",
        "credit": "2892.06",
        "saldo": "4415.15",
        "payment_value": "0.0",
        "payment_date": "",
        "bill_value": "",
        "account_number": "",
        "bank_bik": ""
    },
    {
        "org_ppa_guid": "5904376408",
        "internal_id": "071_2022_01",
        "account_internal_id": "071_2022_01",
        "gis_id": "071_2022_01",
        "month": "01.01.2022",
        "credit": "0.0",
        "saldo": "1012.8",
        "payment_value": "0.0",
        "payment_date": "",
        "bill_value": "",
        "account_number": "",
        "bank_bik": ""
    },
    {
        "org_ppa_guid": "5904376408",
        "internal_id": "072_2022_01",
        "account_internal_id": "072_2022_01",
        "gis_id": "072_2022_01",
        "month": "01.01.2022",
        "credit": "-176.55",
        "saldo": "-176.55",
        "payment_value": "0.0",
        "payment_date": "",
        "bill_value": "",
        "account_number": "",
        "bank_bik": ""
    },
    {
        "org_ppa_guid": "5904376408",
        "internal_id": "072.171_2022_01",
        "account_internal_id": "072.171_2022_01",
        "gis_id": "072.171_2022_01",
        "month": "01.01.2022",
        "credit": "-64.94",
        "saldo": "947.86",
        "payment_value": "0.0",
        "payment_date": "",
        "bill_value": "",
        "account_number": "",
        "bank_bik": ""
    },
    {
        "org_ppa_guid": "5904376408",
        "internal_id": "073_2022_01",
        "account_internal_id": "073_2022_01",
        "gis_id": "073_2022_01",
        "month": "01.01.2022",
        "credit": "955.51",
        "saldo": "1009.91",
        "payment_value": "955.51",
        "payment_date": "01.01.2022",
        "bill_value": "",
        "account_number": "",
        "bank_bik": ""
    },
    {
        "org_ppa_guid": "5904376408",
        "internal_id": "074_2022_01",
        "account_internal_id": "074_2022_01",
        "gis_id": "074_2022_01",
        "month": "01.01.2022",
        "credit": "960.96",
        "saldo": "1976.63",
        "payment_value": "0.0",
        "payment_date": "",
        "bill_value": "",
        "account_number": "",
        "bank_bik": ""
    },
    {
        "org_ppa_guid": "5904376408",
        "internal_id": "075_2022_01",
        "account_internal_id": "075_2022_01",
        "gis_id": "075_2022_01",
        "month": "01.01.2022",
        "credit": "1468.75",
        "saldo": "1552.36",
        "payment_value": "1468.75",
        "payment_date": "01.01.2022",
        "bill_value": "",
        "account_number": "",
        "bank_bik": ""
    },
    {
        "org_ppa_guid": "5904376408",
        "internal_id": "076_2022_01",
        "account_internal_id": "076_2022_01",
        "gis_id": "076_2022_01",
        "month": "01.01.2022",
        "credit": "1408.69",
        "saldo": "1488.89",
        "payment_value": "1408.69",
        "payment_date": "01.01.2022",
        "bill_value": "",
        "account_number": "",
        "bank_bik": ""
    },
    {
        "org_ppa_guid": "5904376408",
        "internal_id": "077_2022_01",
        "account_internal_id": "077_2022_01",
        "gis_id": "077_2022_01",
        "month": "01.01.2022",
        "credit": "0.0",
        "saldo": "1009.91",
        "payment_value": "0.0",
        "payment_date": "",
        "bill_value": "",
        "account_number": "",
        "bank_bik": ""
    },
    {
        "org_ppa_guid": "5904376408",
        "internal_id": "078_2022_01",
        "account_internal_id": "078_2022_01",
        "gis_id": "078_2022_01",
        "month": "01.01.2022",
        "credit": "952.77",
        "saldo": "1959.8",
        "payment_value": "0.0",
        "payment_date": "",
        "bill_value": "",
        "account_number": "",
        "bank_bik": ""
    },
    {
        "org_ppa_guid": "5904376408",
        "internal_id": "079_2022_01",
        "account_internal_id": "079_2022_01",
        "gis_id": "079_2022_01",
        "month": "01.01.2022",
        "credit": "0.0",
        "saldo": "1520.62",
        "payment_value": "0.0",
        "payment_date": "",
        "bill_value": "",
        "account_number": "",
        "bank_bik": ""
    },
    {
        "org_ppa_guid": "5904376408",
        "internal_id": "080_2022_01",
        "account_internal_id": "080_2022_01",
        "gis_id": "080_2022_01",
        "month": "01.01.2022",
        "credit": "1896.46",
        "saldo": "1889.33",
        "payment_value": "1000.0",
        "payment_date": "01.01.2022",
        "bill_value": "",
        "account_number": "",
        "bank_bik": ""
    },
    {
        "org_ppa_guid": "5904376408",
        "internal_id": "081_2022_01",
        "account_internal_id": "081_2022_01",
        "gis_id": "081_2022_01",
        "month": "01.01.2022",
        "credit": "19930.36",
        "saldo": "21225.33",
        "payment_value": "0.0",
        "payment_date": "",
        "bill_value": "",
        "account_number": "",
        "bank_bik": ""
    },
    {
        "org_ppa_guid": "5904376408",
        "internal_id": "082_2022_01",
        "account_internal_id": "082_2022_01",
        "gis_id": "082_2022_01",
        "month": "01.01.2022",
        "credit": "-177.82",
        "saldo": "-177.82",
        "payment_value": "0.0",
        "payment_date": "",
        "bill_value": "",
        "account_number": "",
        "bank_bik": ""
    },
    {
        "org_ppa_guid": "5904376408",
        "internal_id": "082.167_2022_01",
        "account_internal_id": "082.167_2022_01",
        "gis_id": "082.167_2022_01",
        "month": "01.01.2022",
        "credit": "950.04",
        "saldo": "1004.13",
        "payment_value": "950.04",
        "payment_date": "01.01.2022",
        "bill_value": "",
        "account_number": "",
        "bank_bik": ""
    },
    {
        "org_ppa_guid": "5904376408",
        "internal_id": "083_2022_01",
        "account_internal_id": "083_2022_01",
        "gis_id": "083_2022_01",
        "month": "01.01.2022",
        "credit": "939.13",
        "saldo": "992.6",
        "payment_value": "939.13",
        "payment_date": "01.01.2022",
        "bill_value": "",
        "account_number": "",
        "bank_bik": ""
    },
    {
        "org_ppa_guid": "5904376408",
        "internal_id": "084_2022_01",
        "account_internal_id": "084_2022_01",
        "gis_id": "084_2022_01",
        "month": "01.01.2022",
        "credit": "1435.99",
        "saldo": "1517.74",
        "payment_value": "1435.99",
        "payment_date": "01.01.2022",
        "bill_value": "",
        "account_number": "",
        "bank_bik": ""
    },
    {
        "org_ppa_guid": "5904376408",
        "internal_id": "085_2022_01",
        "account_internal_id": "085_2022_01",
        "gis_id": "085_2022_01",
        "month": "01.01.2022",
        "credit": "1386.84",
        "saldo": "2852.64",
        "payment_value": "0.0",
        "payment_date": "",
        "bill_value": "",
        "account_number": "",
        "bank_bik": ""
    },
    {
        "org_ppa_guid": "5904376408",
        "internal_id": "086_2022_01",
        "account_internal_id": "086_2022_01",
        "gis_id": "086_2022_01",
        "month": "01.01.2022",
        "credit": "0.0",
        "saldo": "1396.55",
        "payment_value": "0.0",
        "payment_date": "",
        "bill_value": "",
        "account_number": "",
        "bank_bik": ""
    },
    {
        "org_ppa_guid": "5904376408",
        "internal_id": "087_2022_01",
        "account_internal_id": "087_2022_01",
        "gis_id": "087_2022_01",
        "month": "01.01.2022",
        "credit": "1325.81",
        "saldo": "1535.06",
        "payment_value": "1325.81",
        "payment_date": "01.01.2022",
        "bill_value": "",
        "account_number": "",
        "bank_bik": ""
    },
    {
        "org_ppa_guid": "5904376408",
        "internal_id": "088_2022_01",
        "account_internal_id": "088_2022_01",
        "gis_id": "088_2022_01",
        "month": "01.01.2022",
        "credit": "1929.54",
        "saldo": "1986.49",
        "payment_value": "955.51",
        "payment_date": "01.01.2022",
        "bill_value": "",
        "account_number": "",
        "bank_bik": ""
    },
    {
        "org_ppa_guid": "5904376408",
        "internal_id": "089_2022_01",
        "account_internal_id": "089_2022_01",
        "gis_id": "089_2022_01",
        "month": "01.01.2022",
        "credit": "947.32",
        "saldo": "1948.57",
        "payment_value": "0.0",
        "payment_date": "",
        "bill_value": "",
        "account_number": "",
        "bank_bik": ""
    },
    {
        "org_ppa_guid": "5904376408",
        "internal_id": "090_2022_01",
        "account_internal_id": "090_2022_01",
        "gis_id": "090_2022_01",
        "month": "01.01.2022",
        "credit": "1000.0",
        "saldo": "1995.48",
        "payment_value": "0.0",
        "payment_date": "",
        "bill_value": "",
        "account_number": "",
        "bank_bik": ""
    },
    {
        "org_ppa_guid": "5904376408",
        "internal_id": "091_2022_01",
        "account_internal_id": "091_2022_01",
        "gis_id": "091_2022_01",
        "month": "01.01.2022",
        "credit": "950.04",
        "saldo": "1954.17",
        "payment_value": "0.0",
        "payment_date": "",
        "bill_value": "",
        "account_number": "",
        "bank_bik": ""
    },
    {
        "org_ppa_guid": "5904376408",
        "internal_id": "092_2022_01",
        "account_internal_id": "092_2022_01",
        "gis_id": "092_2022_01",
        "month": "01.01.2022",
        "credit": "1408.69",
        "saldo": "1488.89",
        "payment_value": "1408.69",
        "payment_date": "01.01.2022",
        "bill_value": "",
        "account_number": "",
        "bank_bik": ""
    },
    {
        "org_ppa_guid": "5904376408",
        "internal_id": "093_2022_01",
        "account_internal_id": "093_2022_01",
        "gis_id": "093_2022_01",
        "month": "01.01.2022",
        "credit": "1392.31",
        "saldo": "1471.58",
        "payment_value": "1392.31",
        "payment_date": "01.01.2022",
        "bill_value": "",
        "account_number": "",
        "bank_bik": ""
    },
    {
        "org_ppa_guid": "5904376408",
        "internal_id": "094_2022_01",
        "account_internal_id": "094_2022_01",
        "gis_id": "094_2022_01",
        "month": "01.01.2022",
        "credit": "939.13",
        "saldo": "992.6",
        "payment_value": "939.13",
        "payment_date": "01.01.2022",
        "bill_value": "",
        "account_number": "",
        "bank_bik": ""
    },
    {
        "org_ppa_guid": "5904376408",
        "internal_id": "095_2022_01",
        "account_internal_id": "095_2022_01",
        "gis_id": "095_2022_01",
        "month": "01.01.2022",
        "credit": "0.0",
        "saldo": "1001.25",
        "payment_value": "0.0",
        "payment_date": "",
        "bill_value": "",
        "account_number": "",
        "bank_bik": ""
    },
    {
        "org_ppa_guid": "5904376408",
        "internal_id": "096_2022_01",
        "account_internal_id": "096_2022_01",
        "gis_id": "096_2022_01",
        "month": "01.01.2022",
        "credit": "2923.45",
        "saldo": "4461.93",
        "payment_value": "0.0",
        "payment_date": "",
        "bill_value": "",
        "account_number": "",
        "bank_bik": ""
    },
    {
        "org_ppa_guid": "5904376408",
        "internal_id": "097_2022_01",
        "account_internal_id": "097_2022_01",
        "gis_id": "097_2022_01",
        "month": "01.01.2022",
        "credit": "950.04",
        "saldo": "1004.13",
        "payment_value": "950.04",
        "payment_date": "01.01.2022",
        "bill_value": "",
        "account_number": "",
        "bank_bik": ""
    },
    {
        "org_ppa_guid": "5904376408",
        "internal_id": "098_2022_01",
        "account_internal_id": "098_2022_01",
        "gis_id": "098_2022_01",
        "month": "01.01.2022",
        "credit": "-175.55",
        "saldo": "-175.55",
        "payment_value": "0.0",
        "payment_date": "",
        "bill_value": "",
        "account_number": "",
        "bank_bik": ""
    },
    {
        "org_ppa_guid": "5904376408",
        "internal_id": "098.170_2022_01",
        "account_internal_id": "098.170_2022_01",
        "gis_id": "098.170_2022_01",
        "month": "01.01.2022",
        "credit": "952.77",
        "saldo": "1007.02",
        "payment_value": "952.77",
        "payment_date": "01.01.2022",
        "bill_value": "",
        "account_number": "",
        "bank_bik": ""
    },
    {
        "org_ppa_guid": "5904376408",
        "internal_id": "099_2022_01",
        "account_internal_id": "099_2022_01",
        "gis_id": "099_2022_01",
        "month": "01.01.2022",
        "credit": "606.17",
        "saldo": "993.48",
        "payment_value": "608.17",
        "payment_date": "01.01.2022",
        "bill_value": "",
        "account_number": "",
        "bank_bik": ""
    },
    {
        "org_ppa_guid": "5904376408",
        "internal_id": "100_2022_01",
        "account_internal_id": "100_2022_01",
        "gis_id": "100_2022_01",
        "month": "01.01.2022",
        "credit": "950.04",
        "saldo": "1004.13",
        "payment_value": "950.04",
        "payment_date": "01.01.2022",
        "bill_value": "",
        "account_number": "",
        "bank_bik": ""
    },
    {
        "org_ppa_guid": "5904376408",
        "internal_id": "101_2022_01",
        "account_internal_id": "101_2022_01",
        "gis_id": "101_2022_01",
        "month": "01.01.2022",
        "credit": "0.0",
        "saldo": "1488.89",
        "payment_value": "0.0",
        "payment_date": "",
        "bill_value": "",
        "account_number": "",
        "bank_bik": ""
    },
    {
        "org_ppa_guid": "5904376408",
        "internal_id": "102_2022_01",
        "account_internal_id": "102_2022_01",
        "gis_id": "102_2022_01",
        "month": "01.01.2022",
        "credit": "0.0",
        "saldo": "956.98",
        "payment_value": "0.0",
        "payment_date": "",
        "bill_value": "",
        "account_number": "",
        "bank_bik": ""
    },
    {
        "org_ppa_guid": "5904376408",
        "internal_id": "103_2022_01",
        "account_internal_id": "103_2022_01",
        "gis_id": "103_2022_01",
        "month": "01.01.2022",
        "credit": "2965.99",
        "saldo": "3973.85",
        "payment_value": "0.0",
        "payment_date": "",
        "bill_value": "",
        "account_number": "",
        "bank_bik": ""
    },
    {
        "org_ppa_guid": "5904376408",
        "internal_id": "104_2022_01",
        "account_internal_id": "104_2022_01",
        "gis_id": "104_2022_01",
        "month": "01.01.2022",
        "credit": "947.32",
        "saldo": "1001.25",
        "payment_value": "947.32",
        "payment_date": "01.01.2022",
        "bill_value": "",
        "account_number": "",
        "bank_bik": ""
    },
    {
        "org_ppa_guid": "5904376408",
        "internal_id": "105.165_2022_01",
        "account_internal_id": "105.165_2022_01",
        "gis_id": "105.165_2022_01",
        "month": "01.01.2022",
        "credit": "1446.92",
        "saldo": "1529.29",
        "payment_value": "1446.92",
        "payment_date": "01.01.2022",
        "bill_value": "",
        "account_number": "",
        "bank_bik": ""
    },
    {
        "org_ppa_guid": "5904376408",
        "internal_id": "106_2022_01",
        "account_internal_id": "106_2022_01",
        "gis_id": "106_2022_01",
        "month": "01.01.2022",
        "credit": "950.04",
        "saldo": "1004.13",
        "payment_value": "950.04",
        "payment_date": "01.01.2022",
        "bill_value": "",
        "account_number": "",
        "bank_bik": ""
    },
    {
        "org_ppa_guid": "5904376408",
        "internal_id": "107_2022_01",
        "account_internal_id": "107_2022_01",
        "gis_id": "107_2022_01",
        "month": "01.01.2022",
        "credit": "0.0",
        "saldo": "1007.02",
        "payment_value": "0.0",
        "payment_date": "",
        "bill_value": "",
        "account_number": "",
        "bank_bik": ""
    },
    {
        "org_ppa_guid": "5904376408",
        "internal_id": "108_2022_01",
        "account_internal_id": "108_2022_01",
        "gis_id": "108_2022_01",
        "month": "01.01.2022",
        "credit": "941.86",
        "saldo": "995.48",
        "payment_value": "941.86",
        "payment_date": "01.01.2022",
        "bill_value": "",
        "account_number": "",
        "bank_bik": ""
    },
    {
        "org_ppa_guid": "5904376408",
        "internal_id": "109_2022_01",
        "account_internal_id": "109_2022_01",
        "gis_id": "109_2022_01",
        "month": "01.01.2022",
        "credit": "941.86",
        "saldo": "1937.34",
        "payment_value": "0.0",
        "payment_date": "",
        "bill_value": "",
        "account_number": "",
        "bank_bik": ""
    },
    {
        "org_ppa_guid": "5904376408",
        "internal_id": "110_2022_01",
        "account_internal_id": "110_2022_01",
        "gis_id": "110_2022_01",
        "month": "01.01.2022",
        "credit": "1408.69",
        "saldo": "2897.58",
        "payment_value": "0.0",
        "payment_date": "",
        "bill_value": "",
        "account_number": "",
        "bank_bik": ""
    },
    {
        "org_ppa_guid": "5904376408",
        "internal_id": "111_2022_01",
        "account_internal_id": "111_2022_01",
        "gis_id": "111_2022_01",
        "month": "01.01.2022",
        "credit": "0.0",
        "saldo": "1471.58",
        "payment_value": "0.0",
        "payment_date": "",
        "bill_value": "",
        "account_number": "",
        "bank_bik": ""
    },
    {
        "org_ppa_guid": "5904376408",
        "internal_id": "112_2022_01",
        "account_internal_id": "112_2022_01",
        "gis_id": "112_2022_01",
        "month": "01.01.2022",
        "credit": "941.86",
        "saldo": "995.48",
        "payment_value": "941.86",
        "payment_date": "01.01.2022",
        "bill_value": "",
        "account_number": "",
        "bank_bik": ""
    },
    {
        "org_ppa_guid": "5904376408",
        "internal_id": "113_2022_01",
        "account_internal_id": "113_2022_01",
        "gis_id": "113_2022_01",
        "month": "01.01.2022",
        "credit": "3493.5",
        "saldo": "2019.01",
        "payment_value": "2493.5",
        "payment_date": "01.01.2022",
        "bill_value": "",
        "account_number": "",
        "bank_bik": ""
    },
    {
        "org_ppa_guid": "5904376408",
        "internal_id": "114_2022_01",
        "account_internal_id": "114_2022_01",
        "gis_id": "114_2022_01",
        "month": "01.01.2022",
        "credit": "1478.25",
        "saldo": "3042.16",
        "payment_value": "0.0",
        "payment_date": "",
        "bill_value": "",
        "account_number": "",
        "bank_bik": ""
    },
    {
        "org_ppa_guid": "5904376408",
        "internal_id": "115_2022_01",
        "account_internal_id": "115_2022_01",
        "gis_id": "115_2022_01",
        "month": "01.01.2022",
        "credit": "29733.28",
        "saldo": "31017.09",
        "payment_value": "0.0",
        "payment_date": "",
        "bill_value": "",
        "account_number": "",
        "bank_bik": ""
    },
    {
        "org_ppa_guid": "5904376408",
        "internal_id": "116_2022_01",
        "account_internal_id": "116_2022_01",
        "gis_id": "116_2022_01",
        "month": "01.01.2022",
        "credit": "960.96",
        "saldo": "1015.67",
        "payment_value": "960.96",
        "payment_date": "01.01.2022",
        "bill_value": "",
        "account_number": "",
        "bank_bik": ""
    },
    {
        "org_ppa_guid": "5904376408",
        "internal_id": "117_2022_01",
        "account_internal_id": "117_2022_01",
        "gis_id": "117_2022_01",
        "month": "01.01.2022",
        "credit": "-173.54",
        "saldo": "-173.54",
        "payment_value": "0.0",
        "payment_date": "",
        "bill_value": "",
        "account_number": "",
        "bank_bik": ""
    },
    {
        "org_ppa_guid": "5904376408",
        "internal_id": "117.166_2022_01",
        "account_internal_id": "117.166_2022_01",
        "gis_id": "117.166_2022_01",
        "month": "01.01.2022",
        "credit": "0.0",
        "saldo": "995.48",
        "payment_value": "0.0",
        "payment_date": "",
        "bill_value": "",
        "account_number": "",
        "bank_bik": ""
    },
    {
        "org_ppa_guid": "5904376408",
        "internal_id": "118_2022_01",
        "account_internal_id": "118_2022_01",
        "gis_id": "118_2022_01",
        "month": "01.01.2022",
        "credit": "5067.28",
        "saldo": "1036.78",
        "payment_value": "5067.28",
        "payment_date": "01.01.2022",
        "bill_value": "",
        "account_number": "",
        "bank_bik": ""
    },
    {
        "org_ppa_guid": "5904376408",
        "internal_id": "119_2022_01",
        "account_internal_id": "119_2022_01",
        "gis_id": "119_2022_01",
        "month": "01.01.2022",
        "credit": "1408.69",
        "saldo": "1488.89",
        "payment_value": "1408.69",
        "payment_date": "01.01.2022",
        "bill_value": "",
        "account_number": "",
        "bank_bik": ""
    },
    {
        "org_ppa_guid": "5904376408",
        "internal_id": "120_2022_01",
        "account_internal_id": "120_2022_01",
        "gis_id": "120_2022_01",
        "month": "01.01.2022",
        "credit": "1392.31",
        "saldo": "1471.58",
        "payment_value": "1392.31",
        "payment_date": "01.01.2022",
        "bill_value": "",
        "account_number": "",
        "bank_bik": ""
    },
    {
        "org_ppa_guid": "5904376408",
        "internal_id": "121_2022_01",
        "account_internal_id": "121_2022_01",
        "gis_id": "121_2022_01",
        "month": "01.01.2022",
        "credit": "0.0",
        "saldo": "992.6",
        "payment_value": "0.0",
        "payment_date": "",
        "bill_value": "",
        "account_number": "",
        "bank_bik": ""
    },
    {
        "org_ppa_guid": "5904376408",
        "internal_id": "122_2022_01",
        "account_internal_id": "122_2022_01",
        "gis_id": "122_2022_01",
        "month": "01.01.2022",
        "credit": "0.0",
        "saldo": "1001.25",
        "payment_value": "0.0",
        "payment_date": "",
        "bill_value": "",
        "account_number": "",
        "bank_bik": ""
    },
    {
        "org_ppa_guid": "5904376408",
        "internal_id": "123_2022_01",
        "account_internal_id": "123_2022_01",
        "gis_id": "123_2022_01",
        "month": "01.01.2022",
        "credit": "0.0",
        "saldo": "1529.29",
        "payment_value": "0.0",
        "payment_date": "",
        "bill_value": "",
        "account_number": "",
        "bank_bik": ""
    },
    {
        "org_ppa_guid": "5904376408",
        "internal_id": "124_2022_01",
        "account_internal_id": "124_2022_01",
        "gis_id": "124_2022_01",
        "month": "01.01.2022",
        "credit": "950.04",
        "saldo": "1004.13",
        "payment_value": "950.04",
        "payment_date": "01.01.2022",
        "bill_value": "",
        "account_number": "",
        "bank_bik": ""
    },
    {
        "org_ppa_guid": "5904376408",
        "internal_id": "125_2022_01",
        "account_internal_id": "125_2022_01",
        "gis_id": "125_2022_01",
        "month": "01.01.2022",
        "credit": "952.77",
        "saldo": "1007.02",
        "payment_value": "952.77",
        "payment_date": "01.01.2022",
        "bill_value": "",
        "account_number": "",
        "bank_bik": ""
    },
    {
        "org_ppa_guid": "5904376408",
        "internal_id": "126_2022_01",
        "account_internal_id": "126_2022_01",
        "gis_id": "126_2022_01",
        "month": "01.01.2022",
        "credit": "1965.72",
        "saldo": "998.25",
        "payment_value": "1965.72",
        "payment_date": "01.01.2022",
        "bill_value": "",
        "account_number": "",
        "bank_bik": ""
    },
    {
        "org_ppa_guid": "5904376408",
        "internal_id": "127_2022_01",
        "account_internal_id": "127_2022_01",
        "gis_id": "127_2022_01",
        "month": "01.01.2022",
        "credit": "944.59",
        "saldo": "998.37",
        "payment_value": "944.59",
        "payment_date": "01.01.2022",
        "bill_value": "",
        "account_number": "",
        "bank_bik": ""
    },
    {
        "org_ppa_guid": "5904376408",
        "internal_id": "128_2022_01",
        "account_internal_id": "128_2022_01",
        "gis_id": "128_2022_01",
        "month": "01.01.2022",
        "credit": "1408.69",
        "saldo": "1488.89",
        "payment_value": "1408.69",
        "payment_date": "01.01.2022",
        "bill_value": "",
        "account_number": "",
        "bank_bik": ""
    },
    {
        "org_ppa_guid": "5904376408",
        "internal_id": "129_2022_01",
        "account_internal_id": "129_2022_01",
        "gis_id": "129_2022_01",
        "month": "01.01.2022",
        "credit": "1392.31",
        "saldo": "2863.89",
        "payment_value": "0.0",
        "payment_date": "",
        "bill_value": "",
        "account_number": "",
        "bank_bik": ""
    },
    {
        "org_ppa_guid": "5904376408",
        "internal_id": "130_2022_01",
        "account_internal_id": "130_2022_01",
        "gis_id": "130_2022_01",
        "month": "01.01.2022",
        "credit": "939.13",
        "saldo": "992.6",
        "payment_value": "939.13",
        "payment_date": "01.01.2022",
        "bill_value": "",
        "account_number": "",
        "bank_bik": ""
    },
    {
        "org_ppa_guid": "5904376408",
        "internal_id": "131_2022_01",
        "account_internal_id": "131_2022_01",
        "gis_id": "131_2022_01",
        "month": "01.01.2022",
        "credit": "14067.39",
        "saldo": "13258.38",
        "payment_value": "2000.0",
        "payment_date": "01.01.2022",
        "bill_value": "",
        "account_number": "",
        "bank_bik": ""
    },
    {
        "org_ppa_guid": "5904376408",
        "internal_id": "132_2022_01",
        "account_internal_id": "132_2022_01",
        "gis_id": "132_2022_01",
        "month": "01.01.2022",
        "credit": "25768.38",
        "saldo": "27705.12",
        "payment_value": "0.0",
        "payment_date": "",
        "bill_value": "",
        "account_number": "",
        "bank_bik": ""
    },
    {
        "org_ppa_guid": "5904376408",
        "internal_id": "133_2022_01",
        "account_internal_id": "133_2022_01",
        "gis_id": "133_2022_01",
        "month": "01.01.2022",
        "credit": "953.97",
        "saldo": "1958.1",
        "payment_value": "0.0",
        "payment_date": "",
        "bill_value": "",
        "account_number": "",
        "bank_bik": ""
    },
    {
        "org_ppa_guid": "5904376408",
        "internal_id": "134_2022_01",
        "account_internal_id": "134_2022_01",
        "gis_id": "134_2022_01",
        "month": "01.01.2022",
        "credit": "0.0",
        "saldo": "992.6",
        "payment_value": "0.0",
        "payment_date": "",
        "bill_value": "",
        "account_number": "",
        "bank_bik": ""
    },
    {
        "org_ppa_guid": "5904376408",
        "internal_id": "135_2022_01",
        "account_internal_id": "135_2022_01",
        "gis_id": "135_2022_01",
        "month": "01.01.2022",
        "credit": "0.0",
        "saldo": "995.48",
        "payment_value": "0.0",
        "payment_date": "",
        "bill_value": "",
        "account_number": "",
        "bank_bik": ""
    },
    {
        "org_ppa_guid": "5904376408",
        "internal_id": "136_2022_01",
        "account_internal_id": "136_2022_01",
        "gis_id": "136_2022_01",
        "month": "01.01.2022",
        "credit": "847.63",
        "saldo": "1004.13",
        "payment_value": "847.63",
        "payment_date": "01.01.2022",
        "bill_value": "",
        "account_number": "",
        "bank_bik": ""
    },
    {
        "org_ppa_guid": "5904376408",
        "internal_id": "137_2022_01",
        "account_internal_id": "137_2022_01",
        "gis_id": "137_2022_01",
        "month": "01.01.2022",
        "credit": "1408.69",
        "saldo": "1488.89",
        "payment_value": "1408.69",
        "payment_date": "01.01.2022",
        "bill_value": "",
        "account_number": "",
        "bank_bik": ""
    },
    {
        "org_ppa_guid": "5904376408",
        "internal_id": "138_2022_01",
        "account_internal_id": "138_2022_01",
        "gis_id": "138_2022_01",
        "month": "01.01.2022",
        "credit": "10539.06",
        "saldo": "12150.37",
        "payment_value": "0.0",
        "payment_date": "",
        "bill_value": "",
        "account_number": "",
        "bank_bik": ""
    },
    {
        "org_ppa_guid": "5904376408",
        "internal_id": "139_2022_01",
        "account_internal_id": "139_2022_01",
        "gis_id": "139_2022_01",
        "month": "01.01.2022",
        "credit": "0.0",
        "saldo": "992.6",
        "payment_value": "0.0",
        "payment_date": "",
        "bill_value": "",
        "account_number": "",
        "bank_bik": ""
    },
    {
        "org_ppa_guid": "5904376408",
        "internal_id": "140_2022_01",
        "account_internal_id": "140_2022_01",
        "gis_id": "140_2022_01",
        "month": "01.01.2022",
        "credit": "947.32",
        "saldo": "1001.25",
        "payment_value": "947.32",
        "payment_date": "01.01.2022",
        "bill_value": "",
        "account_number": "",
        "bank_bik": ""
    },
    {
        "org_ppa_guid": "5904376408",
        "internal_id": "141_2022_01",
        "account_internal_id": "141_2022_01",
        "gis_id": "141_2022_01",
        "month": "01.01.2022",
        "credit": "1446.92",
        "saldo": "1529.29",
        "payment_value": "1446.92",
        "payment_date": "01.01.2022",
        "bill_value": "",
        "account_number": "",
        "bank_bik": ""
    },
    {
        "org_ppa_guid": "5904376408",
        "internal_id": "142_2022_01",
        "account_internal_id": "142_2022_01",
        "gis_id": "142_2022_01",
        "month": "01.01.2022",
        "credit": "-175.04",
        "saldo": "-175.04",
        "payment_value": "0.0",
        "payment_date": "",
        "bill_value": "",
        "account_number": "",
        "bank_bik": ""
    },
    {
        "org_ppa_guid": "5904376408",
        "internal_id": "142.173_2022_01",
        "account_internal_id": "142.173_2022_01",
        "gis_id": "142.173_2022_01",
        "month": "01.01.2022",
        "credit": "0.0",
        "saldo": "1004.13",
        "payment_value": "0.0",
        "payment_date": "",
        "bill_value": "",
        "account_number": "",
        "bank_bik": ""
    },
    {
        "org_ppa_guid": "5904376408",
        "internal_id": "143_2022_01",
        "account_internal_id": "143_2022_01",
        "gis_id": "143_2022_01",
        "month": "01.01.2022",
        "credit": "952.77",
        "saldo": "1007.02",
        "payment_value": "952.77",
        "payment_date": "01.01.2022",
        "bill_value": "",
        "account_number": "",
        "bank_bik": ""
    },
    {
        "org_ppa_guid": "5904376408",
        "internal_id": "144_2022_01",
        "account_internal_id": "144_2022_01",
        "gis_id": "144_2022_01",
        "month": "01.01.2022",
        "credit": "0.0",
        "saldo": "992.6",
        "payment_value": "0.0",
        "payment_date": "",
        "bill_value": "",
        "account_number": "",
        "bank_bik": ""
    },
    {
        "org_ppa_guid": "5904376408",
        "internal_id": "145_2022_01",
        "account_internal_id": "145_2022_01",
        "gis_id": "145_2022_01",
        "month": "01.01.2022",
        "credit": "0.0",
        "saldo": "1004.13",
        "payment_value": "0.0",
        "payment_date": "",
        "bill_value": "",
        "account_number": "",
        "bank_bik": ""
    },
    {
        "org_ppa_guid": "5904376408",
        "internal_id": "146_2022_01",
        "account_internal_id": "146_2022_01",
        "gis_id": "146_2022_01",
        "month": "01.01.2022",
        "credit": "372.53",
        "saldo": "372.53",
        "payment_value": "0.0",
        "payment_date": "",
        "bill_value": "",
        "account_number": "",
        "bank_bik": ""
    },
    {
        "org_ppa_guid": "5904376408",
        "internal_id": "146.164_2022_01",
        "account_internal_id": "146.164_2022_01",
        "gis_id": "146.164_2022_01",
        "month": "01.01.2022",
        "credit": "0.0",
        "saldo": "1488.89",
        "payment_value": "0.0",
        "payment_date": "",
        "bill_value": "",
        "account_number": "",
        "bank_bik": ""
    },
    {
        "org_ppa_guid": "5904376408",
        "internal_id": "147_2022_01",
        "account_internal_id": "147_2022_01",
        "gis_id": "147_2022_01",
        "month": "01.01.2022",
        "credit": "1392.31",
        "saldo": "1471.58",
        "payment_value": "1392.31",
        "payment_date": "01.01.2022",
        "bill_value": "",
        "account_number": "",
        "bank_bik": ""
    },
    {
        "org_ppa_guid": "5904376408",
        "internal_id": "148_2022_01",
        "account_internal_id": "148_2022_01",
        "gis_id": "148_2022_01",
        "month": "01.01.2022",
        "credit": "939.13",
        "saldo": "992.6",
        "payment_value": "939.13",
        "payment_date": "01.01.2022",
        "bill_value": "",
        "account_number": "",
        "bank_bik": ""
    },
    {
        "org_ppa_guid": "5904376408",
        "internal_id": "149_2022_01",
        "account_internal_id": "149_2022_01",
        "gis_id": "149_2022_01",
        "month": "01.01.2022",
        "credit": "947.32",
        "saldo": "1001.25",
        "payment_value": "947.32",
        "payment_date": "01.01.2022",
        "bill_value": "",
        "account_number": "",
        "bank_bik": ""
    },
    {
        "org_ppa_guid": "5904376408",
        "internal_id": "150_2022_01",
        "account_internal_id": "150_2022_01",
        "gis_id": "150_2022_01",
        "month": "01.01.2022",
        "credit": "1446.92",
        "saldo": "1529.29",
        "payment_value": "1446.92",
        "payment_date": "01.01.2022",
        "bill_value": "",
        "account_number": "",
        "bank_bik": ""
    },
    {
        "org_ppa_guid": "5904376408",
        "internal_id": "151_2022_01",
        "account_internal_id": "151_2022_01",
        "gis_id": "151_2022_01",
        "month": "01.01.2022",
        "credit": "953.36",
        "saldo": "1004.13",
        "payment_value": "953.36",
        "payment_date": "01.01.2022",
        "bill_value": "",
        "account_number": "",
        "bank_bik": ""
    },
    {
        "org_ppa_guid": "5904376408",
        "internal_id": "152_2022_01",
        "account_internal_id": "152_2022_01",
        "gis_id": "152_2022_01",
        "month": "01.01.2022",
        "credit": "952.77",
        "saldo": "1007.02",
        "payment_value": "952.77",
        "payment_date": "01.01.2022",
        "bill_value": "",
        "account_number": "",
        "bank_bik": ""
    },
    {
        "org_ppa_guid": "5904376408",
        "internal_id": "153_2022_01",
        "account_internal_id": "153_2022_01",
        "gis_id": "153_2022_01",
        "month": "01.01.2022",
        "credit": "941.86",
        "saldo": "995.48",
        "payment_value": "941.86",
        "payment_date": "01.01.2022",
        "bill_value": "",
        "account_number": "",
        "bank_bik": ""
    },
    {
        "org_ppa_guid": "5904376408",
        "internal_id": "154_2022_01",
        "account_internal_id": "154_2022_01",
        "gis_id": "154_2022_01",
        "month": "01.01.2022",
        "credit": "950.04",
        "saldo": "665.53",
        "payment_value": "1288.64",
        "payment_date": "01.01.2022",
        "bill_value": "",
        "account_number": "",
        "bank_bik": ""
    },
    {
        "org_ppa_guid": "5904376408",
        "internal_id": "155_2022_01",
        "account_internal_id": "155_2022_01",
        "gis_id": "155_2022_01",
        "month": "01.01.2022",
        "credit": "-38.88",
        "saldo": "813.82",
        "payment_value": "639.08",
        "payment_date": "01.01.2022",
        "bill_value": "",
        "account_number": "",
        "bank_bik": ""
    },
    {
        "org_ppa_guid": "5904376408",
        "internal_id": "156_2022_01",
        "account_internal_id": "156_2022_01",
        "gis_id": "156_2022_01",
        "month": "01.01.2022",
        "credit": "2525.8",
        "saldo": "2604.6",
        "payment_value": "1373.2",
        "payment_date": "01.01.2022",
        "bill_value": "",
        "account_number": "",
        "bank_bik": ""
    },
    {
        "org_ppa_guid": "5904376408",
        "internal_id": "157_2022_01",
        "account_internal_id": "157_2022_01",
        "gis_id": "157_2022_01",
        "month": "01.01.2022",
        "credit": "0.0",
        "saldo": "992.6",
        "payment_value": "0.0",
        "payment_date": "",
        "bill_value": "",
        "account_number": "",
        "bank_bik": ""
    },
    {
        "org_ppa_guid": "5904376408",
        "internal_id": "158_2022_01",
        "account_internal_id": "158_2022_01",
        "gis_id": "158_2022_01",
        "month": "01.01.2022",
        "credit": "947.32",
        "saldo": "1001.25",
        "payment_value": "947.32",
        "payment_date": "01.01.2022",
        "bill_value": "",
        "account_number": "",
        "bank_bik": ""
    },
    {
        "org_ppa_guid": "5904376408",
        "internal_id": "159_2022_01",
        "account_internal_id": "159_2022_01",
        "gis_id": "159_2022_01",
        "month": "01.01.2022",
        "credit": "1496.06",
        "saldo": "1581.23",
        "payment_value": "1496.06",
        "payment_date": "01.01.2022",
        "bill_value": "",
        "account_number": "",
        "bank_bik": ""
    },
    {
        "org_ppa_guid": "5904376408",
        "internal_id": "160_2022_01",
        "account_internal_id": "160_2022_01",
        "gis_id": "160_2022_01",
        "month": "01.01.2022",
        "credit": "30002.76",
        "saldo": "31286.37",
        "payment_value": "0.0",
        "payment_date": "",
        "bill_value": "",
        "account_number": "",
        "bank_bik": ""
    },
    {
        "org_ppa_guid": "5904376408",
        "internal_id": "161_2022_01",
        "account_internal_id": "161_2022_01",
        "gis_id": "161_2022_01",
        "month": "01.01.2022",
        "credit": "952.77",
        "saldo": "1007.02",
        "payment_value": "952.77",
        "payment_date": "01.01.2022",
        "bill_value": "",
        "account_number": "",
        "bank_bik": ""
    }
]