[
    {
        "org_ppa_guid": "5904376408",
        "internal_id": "001_2022_01",
        "pp_internal_id": "001_2022_01",
        "calc_value": "21.71",
        "tariff": "",
        "service_internal_id": "ГВС",
        "rr": "",
        "recalculation": "",
        "accounting_period_total": "21.71"
    },
    {
        "org_ppa_guid": "5904376408",
        "internal_id": "002_2022_01",
        "pp_internal_id": "002_2022_01",
        "calc_value": "21.65",
        "tariff": "",
        "service_internal_id": "ГВС",
        "rr": "",
        "recalculation": "",
        "accounting_period_total": "21.65"
    },
    {
        "org_ppa_guid": "5904376408",
        "internal_id": "003_2022_01",
        "pp_internal_id": "003_2022_01",
        "calc_value": "65.92",
        "tariff": "",
        "service_internal_id": "ГВС",
        "rr": "",
        "recalculation": "",
        "accounting_period_total": "65.92"
    },
    {
        "org_ppa_guid": "5904376408",
        "internal_id": "004_2022_01",
        "pp_internal_id": "004_2022_01",
        "calc_value": "228.76",
        "tariff": "",
        "service_internal_id": "ГВС",
        "rr": "",
        "recalculation": "",
        "accounting_period_total": "230.01"
    },
    {
        "org_ppa_guid": "5904376408",
        "internal_id": "005_2022_01",
        "pp_internal_id": "005_2022_01",
        "calc_value": "64.74",
        "tariff": "",
        "service_internal_id": "ГВС",
        "rr": "",
        "recalculation": "",
        "accounting_period_total": "64.75"
    },
    {
        "org_ppa_guid": "5904376408",
        "internal_id": "006_2022_01",
        "pp_internal_id": "006_2022_01",
        "calc_value": "21.58",
        "tariff": "",
        "service_internal_id": "ГВС",
        "rr": "",
        "recalculation": "",
        "accounting_period_total": "21.58"
    },
    {
        "org_ppa_guid": "5904376408",
        "internal_id": "007_2022_01",
        "pp_internal_id": "007_2022_01",
        "calc_value": "65.68",
        "tariff": "",
        "service_internal_id": "ГВС",
        "rr": "",
        "recalculation": "",
        "accounting_period_total": "65.68"
    },
    {
        "org_ppa_guid": "5904376408",
        "internal_id": "008_2022_01",
        "pp_internal_id": "008_2022_01",
        "calc_value": "21.58",
        "tariff": "",
        "service_internal_id": "ГВС",
        "rr": "",
        "recalculation": "",
        "accounting_period_total": "21.58"
    },
    {
        "org_ppa_guid": "5904376408",
        "internal_id": "009_2022_01",
        "pp_internal_id": "009_2022_01",
        "calc_value": "21.65",
        "tariff": "",
        "service_internal_id": "ГВС",
        "rr": "",
        "recalculation": "",
        "accounting_period_total": "24.909999999999997"
    },
    {
        "org_ppa_guid": "5904376408",
        "internal_id": "010_2022_01",
        "pp_internal_id": "010_2022_01",
        "calc_value": "43.3",
        "tariff": "",
        "service_internal_id": "ГВС",
        "rr": "",
        "recalculation": "",
        "accounting_period_total": "43.3"
    },
    {
        "org_ppa_guid": "5904376408",
        "internal_id": "011_2022_01",
        "pp_internal_id": "011_2022_01",
        "calc_value": "43.54",
        "tariff": "",
        "service_internal_id": "ГВС",
        "rr": "",
        "recalculation": "",
        "accounting_period_total": "43.54"
    },
    {
        "org_ppa_guid": "5904376408",
        "internal_id": "012_2022_01",
        "pp_internal_id": "012_2022_01",
        "calc_value": "33.34",
        "tariff": "",
        "service_internal_id": "ГВС",
        "rr": "",
        "recalculation": "",
        "accounting_period_total": "33.34"
    },
    {
        "org_ppa_guid": "5904376408",
        "internal_id": "013_2022_01",
        "pp_internal_id": "013_2022_01",
        "calc_value": "63.82",
        "tariff": "",
        "service_internal_id": "ГВС",
        "rr": "",
        "recalculation": "",
        "accounting_period_total": "63.82"
    },
    {
        "org_ppa_guid": "5904376408",
        "internal_id": "014_2022_01",
        "pp_internal_id": "014_2022_01",
        "calc_value": "42.06",
        "tariff": "",
        "service_internal_id": "ГВС",
        "rr": "",
        "recalculation": "",
        "accounting_period_total": "42.06"
    },
    {
        "org_ppa_guid": "5904376408",
        "internal_id": "015_2022_01",
        "pp_internal_id": "015_2022_01",
        "calc_value": "21.58",
        "tariff": "",
        "service_internal_id": "ГВС",
        "rr": "",
        "recalculation": "",
        "accounting_period_total": "21.58"
    },
    {
        "org_ppa_guid": "5904376408",
        "internal_id": "016.172_2022_01",
        "pp_internal_id": "016.172_2022_01",
        "calc_value": "64.49",
        "tariff": "",
        "service_internal_id": "ГВС",
        "rr": "",
        "recalculation": "",
        "accounting_period_total": "64.49"
    },
    {
        "org_ppa_guid": "5904376408",
        "internal_id": "017_2022_01",
        "pp_internal_id": "017_2022_01",
        "calc_value": "21.71",
        "tariff": "",
        "service_internal_id": "ГВС",
        "rr": "",
        "recalculation": "",
        "accounting_period_total": "21.71"
    },
    {
        "org_ppa_guid": "5904376408",
        "internal_id": "018_2022_01",
        "pp_internal_id": "018_2022_01",
        "calc_value": "21.71",
        "tariff": "",
        "service_internal_id": "ГВС",
        "rr": "",
        "recalculation": "",
        "accounting_period_total": "21.71"
    },
    {
        "org_ppa_guid": "5904376408",
        "internal_id": "019_2022_01",
        "pp_internal_id": "019_2022_01",
        "calc_value": "21.65",
        "tariff": "",
        "service_internal_id": "ГВС",
        "rr": "",
        "recalculation": "",
        "accounting_period_total": "21.779999999999998"
    },
    {
        "org_ppa_guid": "5904376408",
        "internal_id": "020_2022_01",
        "pp_internal_id": "020_2022_01",
        "calc_value": "43.54",
        "tariff": "",
        "service_internal_id": "ГВС",
        "rr": "",
        "recalculation": "",
        "accounting_period_total": "43.54"
    },
    {
        "org_ppa_guid": "5904376408",
        "internal_id": "021_2022_01",
        "pp_internal_id": "021_2022_01",
        "calc_value": "54.8",
        "tariff": "",
        "service_internal_id": "ГВС",
        "rr": "",
        "recalculation": "",
        "accounting_period_total": "54.8"
    },
    {
        "org_ppa_guid": "5904376408",
        "internal_id": "022_2022_01",
        "pp_internal_id": "022_2022_01",
        "calc_value": "31.91",
        "tariff": "",
        "service_internal_id": "ГВС",
        "rr": "",
        "recalculation": "",
        "accounting_period_total": "31.91"
    },
    {
        "org_ppa_guid": "5904376408",
        "internal_id": "023_2022_01",
        "pp_internal_id": "023_2022_01",
        "calc_value": "21.65",
        "tariff": "",
        "service_internal_id": "ГВС",
        "rr": "",
        "recalculation": "",
        "accounting_period_total": "21.65"
    },
    {
        "org_ppa_guid": "5904376408",
        "internal_id": "024_2022_01",
        "pp_internal_id": "024_2022_01",
        "calc_value": "21.58",
        "tariff": "",
        "service_internal_id": "ГВС",
        "rr": "",
        "recalculation": "",
        "accounting_period_total": "21.58"
    },
    {
        "org_ppa_guid": "5904376408",
        "internal_id": "025_2022_01",
        "pp_internal_id": "025_2022_01",
        "calc_value": "65.18",
        "tariff": "",
        "service_internal_id": "ГВС",
        "rr": "",
        "recalculation": "",
        "accounting_period_total": "65.18"
    },
    {
        "org_ppa_guid": "5904376408",
        "internal_id": "026_2022_01",
        "pp_internal_id": "026_2022_01",
        "calc_value": "42.56",
        "tariff": "",
        "service_internal_id": "ГВС",
        "rr": "",
        "recalculation": "",
        "accounting_period_total": "42.56"
    },
    {
        "org_ppa_guid": "5904376408",
        "internal_id": "027_2022_01",
        "pp_internal_id": "027_2022_01",
        "calc_value": "43.42",
        "tariff": "",
        "service_internal_id": "ГВС",
        "rr": "",
        "recalculation": "",
        "accounting_period_total": "43.42"
    },
    {
        "org_ppa_guid": "5904376408",
        "internal_id": "028_2022_01",
        "pp_internal_id": "028_2022_01",
        "calc_value": "21.65",
        "tariff": "",
        "service_internal_id": "ГВС",
        "rr": "",
        "recalculation": "",
        "accounting_period_total": "21.65"
    },
    {
        "org_ppa_guid": "5904376408",
        "internal_id": "029_2022_01",
        "pp_internal_id": "029_2022_01",
        "calc_value": "21.77",
        "tariff": "",
        "service_internal_id": "ГВС",
        "rr": "",
        "recalculation": "",
        "accounting_period_total": "21.77"
    },
    {
        "org_ppa_guid": "5904376408",
        "internal_id": "030_2022_01",
        "pp_internal_id": "030_2022_01",
        "calc_value": "33.34",
        "tariff": "",
        "service_internal_id": "ГВС",
        "rr": "",
        "recalculation": "",
        "accounting_period_total": "33.34"
    },
    {
        "org_ppa_guid": "5904376408",
        "internal_id": "031_2022_01",
        "pp_internal_id": "031_2022_01",
        "calc_value": "63.82",
        "tariff": "",
        "service_internal_id": "ГВС",
        "rr": "",
        "recalculation": "",
        "accounting_period_total": "63.82"
    },
    {
        "org_ppa_guid": "5904376408",
        "internal_id": "032_2022_01",
        "pp_internal_id": "032_2022_01",
        "calc_value": "43.3",
        "tariff": "",
        "service_internal_id": "ГВС",
        "rr": "",
        "recalculation": "",
        "accounting_period_total": "43.3"
    },
    {
        "org_ppa_guid": "5904376408",
        "internal_id": "033.162_2022_01",
        "pp_internal_id": "033.162_2022_01",
        "calc_value": "43.16",
        "tariff": "",
        "service_internal_id": "ГВС",
        "rr": "",
        "recalculation": "",
        "accounting_period_total": "43.16"
    },
    {
        "org_ppa_guid": "5904376408",
        "internal_id": "034_2022_01",
        "pp_internal_id": "034_2022_01",
        "calc_value": "32.59",
        "tariff": "",
        "service_internal_id": "ГВС",
        "rr": "",
        "recalculation": "",
        "accounting_period_total": "32.59"
    },
    {
        "org_ppa_guid": "5904376408",
        "internal_id": "035_2022_01",
        "pp_internal_id": "035_2022_01",
        "calc_value": "43.42",
        "tariff": "",
        "service_internal_id": "ГВС",
        "rr": "",
        "recalculation": "",
        "accounting_period_total": "43.42"
    },
    {
        "org_ppa_guid": "5904376408",
        "internal_id": "036_2022_01",
        "pp_internal_id": "036_2022_01",
        "calc_value": "43.42",
        "tariff": "",
        "service_internal_id": "ГВС",
        "rr": "",
        "recalculation": "",
        "accounting_period_total": "43.42"
    },
    {
        "org_ppa_guid": "5904376408",
        "internal_id": "037_2022_01",
        "pp_internal_id": "037_2022_01",
        "calc_value": "43.3",
        "tariff": "",
        "service_internal_id": "ГВС",
        "rr": "",
        "recalculation": "",
        "accounting_period_total": "43.3"
    },
    {
        "org_ppa_guid": "5904376408",
        "internal_id": "038_2022_01",
        "pp_internal_id": "038_2022_01",
        "calc_value": "43.54",
        "tariff": "",
        "service_internal_id": "ГВС",
        "rr": "",
        "recalculation": "",
        "accounting_period_total": "43.54"
    },
    {
        "org_ppa_guid": "5904376408",
        "internal_id": "039_2022_01",
        "pp_internal_id": "039_2022_01",
        "calc_value": "66.68",
        "tariff": "",
        "service_internal_id": "ГВС",
        "rr": "",
        "recalculation": "",
        "accounting_period_total": "66.68"
    },
    {
        "org_ppa_guid": "5904376408",
        "internal_id": "040_2022_01",
        "pp_internal_id": "040_2022_01",
        "calc_value": "63.82",
        "tariff": "",
        "service_internal_id": "ГВС",
        "rr": "",
        "recalculation": "",
        "accounting_period_total": "63.82"
    },
    {
        "org_ppa_guid": "5904376408",
        "internal_id": "041_2022_01",
        "pp_internal_id": "041_2022_01",
        "calc_value": "40.97",
        "tariff": "",
        "service_internal_id": "ГВС",
        "rr": "",
        "recalculation": "",
        "accounting_period_total": "40.97"
    },
    {
        "org_ppa_guid": "5904376408",
        "internal_id": "042_2022_01",
        "pp_internal_id": "042_2022_01",
        "calc_value": "21.58",
        "tariff": "",
        "service_internal_id": "ГВС",
        "rr": "",
        "recalculation": "",
        "accounting_period_total": "21.58"
    },
    {
        "org_ppa_guid": "5904376408",
        "internal_id": "043_2022_01",
        "pp_internal_id": "043_2022_01",
        "calc_value": "65.18",
        "tariff": "",
        "service_internal_id": "ГВС",
        "rr": "",
        "recalculation": "",
        "accounting_period_total": "65.18"
    },
    {
        "org_ppa_guid": "5904376408",
        "internal_id": "044_2022_01",
        "pp_internal_id": "044_2022_01",
        "calc_value": "21.71",
        "tariff": "",
        "service_internal_id": "ГВС",
        "rr": "",
        "recalculation": "",
        "accounting_period_total": "21.71"
    },
    {
        "org_ppa_guid": "5904376408",
        "internal_id": "045_2022_01",
        "pp_internal_id": "045_2022_01",
        "calc_value": "43.43",
        "tariff": "",
        "service_internal_id": "ГВС",
        "rr": "",
        "recalculation": "",
        "accounting_period_total": "43.43"
    },
    {
        "org_ppa_guid": "5904376408",
        "internal_id": "046_2022_01",
        "pp_internal_id": "046_2022_01",
        "calc_value": "21.65",
        "tariff": "",
        "service_internal_id": "ГВС",
        "rr": "",
        "recalculation": "",
        "accounting_period_total": "21.65"
    },
    {
        "org_ppa_guid": "5904376408",
        "internal_id": "047_2022_01",
        "pp_internal_id": "047_2022_01",
        "calc_value": "43.54",
        "tariff": "",
        "service_internal_id": "ГВС",
        "rr": "",
        "recalculation": "",
        "accounting_period_total": "43.54"
    },
    {
        "org_ppa_guid": "5904376408",
        "internal_id": "048_2022_01",
        "pp_internal_id": "048_2022_01",
        "calc_value": "64.82",
        "tariff": "",
        "service_internal_id": "ГВС",
        "rr": "",
        "recalculation": "",
        "accounting_period_total": "64.82"
    },
    {
        "org_ppa_guid": "5904376408",
        "internal_id": "049_2022_01",
        "pp_internal_id": "049_2022_01",
        "calc_value": "63.82",
        "tariff": "",
        "service_internal_id": "ГВС",
        "rr": "",
        "recalculation": "",
        "accounting_period_total": "63.82"
    },
    {
        "org_ppa_guid": "5904376408",
        "internal_id": "050_2022_01",
        "pp_internal_id": "050_2022_01",
        "calc_value": "43.3",
        "tariff": "",
        "service_internal_id": "ГВС",
        "rr": "",
        "recalculation": "",
        "accounting_period_total": "43.3"
    },
    {
        "org_ppa_guid": "5904376408",
        "internal_id": "051_2022_01",
        "pp_internal_id": "051_2022_01",
        "calc_value": "43.16",
        "tariff": "",
        "service_internal_id": "ГВС",
        "rr": "",
        "recalculation": "",
        "accounting_period_total": "43.16"
    },
    {
        "org_ppa_guid": "5904376408",
        "internal_id": "052_2022_01",
        "pp_internal_id": "052_2022_01",
        "calc_value": "32.59",
        "tariff": "",
        "service_internal_id": "ГВС",
        "rr": "",
        "recalculation": "",
        "accounting_period_total": "32.59"
    },
    {
        "org_ppa_guid": "5904376408",
        "internal_id": "053_2022_01",
        "pp_internal_id": "053_2022_01",
        "calc_value": "43.42",
        "tariff": "",
        "service_internal_id": "ГВС",
        "rr": "",
        "recalculation": "",
        "accounting_period_total": "43.42"
    },
    {
        "org_ppa_guid": "5904376408",
        "internal_id": "054_2022_01",
        "pp_internal_id": "054_2022_01",
        "calc_value": "21.71",
        "tariff": "",
        "service_internal_id": "ГВС",
        "rr": "",
        "recalculation": "",
        "accounting_period_total": "21.71"
    },
    {
        "org_ppa_guid": "5904376408",
        "internal_id": "055_2022_01",
        "pp_internal_id": "055_2022_01",
        "calc_value": "42.18",
        "tariff": "",
        "service_internal_id": "ГВС",
        "rr": "",
        "recalculation": "",
        "accounting_period_total": "42.18"
    },
    {
        "org_ppa_guid": "5904376408",
        "internal_id": "056_2022_01",
        "pp_internal_id": "056_2022_01",
        "calc_value": "43.54",
        "tariff": "",
        "service_internal_id": "ГВС",
        "rr": "",
        "recalculation": "",
        "accounting_period_total": "43.54"
    },
    {
        "org_ppa_guid": "5904376408",
        "internal_id": "057_2022_01",
        "pp_internal_id": "057_2022_01",
        "calc_value": "66.68",
        "tariff": "",
        "service_internal_id": "ГВС",
        "rr": "",
        "recalculation": "",
        "accounting_period_total": "66.68"
    },
    {
        "org_ppa_guid": "5904376408",
        "internal_id": "058_2022_01",
        "pp_internal_id": "058_2022_01",
        "calc_value": "63.46",
        "tariff": "",
        "service_internal_id": "ГВС",
        "rr": "",
        "recalculation": "",
        "accounting_period_total": "63.46"
    },
    {
        "org_ppa_guid": "5904376408",
        "internal_id": "059_2022_01",
        "pp_internal_id": "059_2022_01",
        "calc_value": "43.3",
        "tariff": "",
        "service_internal_id": "ГВС",
        "rr": "",
        "recalculation": "",
        "accounting_period_total": "43.3"
    },
    {
        "org_ppa_guid": "5904376408",
        "internal_id": "060_2022_01",
        "pp_internal_id": "060_2022_01",
        "calc_value": "23.38",
        "tariff": "",
        "service_internal_id": "ГВС",
        "rr": "",
        "recalculation": "",
        "accounting_period_total": "26.0"
    },
    {
        "org_ppa_guid": "5904376408",
        "internal_id": "061_2022_01",
        "pp_internal_id": "061_2022_01",
        "calc_value": "32.59",
        "tariff": "",
        "service_internal_id": "ГВС",
        "rr": "",
        "recalculation": "",
        "accounting_period_total": "32.59"
    },
    {
        "org_ppa_guid": "5904376408",
        "internal_id": "062_2022_01",
        "pp_internal_id": "062_2022_01",
        "calc_value": "21.71",
        "tariff": "",
        "service_internal_id": "ГВС",
        "rr": "",
        "recalculation": "",
        "accounting_period_total": "21.71"
    },
    {
        "org_ppa_guid": "5904376408",
        "internal_id": "063_2022_01",
        "pp_internal_id": "063_2022_01",
        "calc_value": "43.42",
        "tariff": "",
        "service_internal_id": "ГВС",
        "rr": "",
        "recalculation": "",
        "accounting_period_total": "43.42"
    },
    {
        "org_ppa_guid": "5904376408",
        "internal_id": "064_2022_01",
        "pp_internal_id": "064_2022_01",
        "calc_value": "45.76",
        "tariff": "",
        "service_internal_id": "ГВС",
        "rr": "",
        "recalculation": "",
        "accounting_period_total": "45.76"
    },
    {
        "org_ppa_guid": "5904376408",
        "internal_id": "065_2022_01",
        "pp_internal_id": "065_2022_01",
        "calc_value": "21.77",
        "tariff": "",
        "service_internal_id": "ГВС",
        "rr": "",
        "recalculation": "",
        "accounting_period_total": "21.77"
    },
    {
        "org_ppa_guid": "5904376408",
        "internal_id": "066.169_2022_01",
        "pp_internal_id": "066.169_2022_01",
        "calc_value": "33.34",
        "tariff": "",
        "service_internal_id": "ГВС",
        "rr": "",
        "recalculation": "",
        "accounting_period_total": "33.34"
    },
    {
        "org_ppa_guid": "5904376408",
        "internal_id": "067_2022_01",
        "pp_internal_id": "067_2022_01",
        "calc_value": "63.82",
        "tariff": "",
        "service_internal_id": "ГВС",
        "rr": "",
        "recalculation": "",
        "accounting_period_total": "63.82"
    },
    {
        "org_ppa_guid": "5904376408",
        "internal_id": "068.163_2022_01",
        "pp_internal_id": "068.163_2022_01",
        "calc_value": "43.16",
        "tariff": "",
        "service_internal_id": "ГВС",
        "rr": "",
        "recalculation": "",
        "accounting_period_total": "43.16"
    },
    {
        "org_ppa_guid": "5904376408",
        "internal_id": "069_Возницкая_Нина_Ивановна,_069_2022_01",
        "pp_internal_id": "069_Возницкая_Нина_Ивановна,_069_2022_01",
        "calc_value": "43.16",
        "tariff": "",
        "service_internal_id": "ГВС",
        "rr": "",
        "recalculation": "",
        "accounting_period_total": "43.16"
    },
    {
        "org_ppa_guid": "5904376408",
        "internal_id": "070.168_2022_01",
        "pp_internal_id": "070.168_2022_01",
        "calc_value": "32.59",
        "tariff": "",
        "service_internal_id": "ГВС",
        "rr": "",
        "recalculation": "",
        "accounting_period_total": "32.790000000000006"
    },
    {
        "org_ppa_guid": "5904376408",
        "internal_id": "071_2022_01",
        "pp_internal_id": "071_2022_01",
        "calc_value": "21.71",
        "tariff": "",
        "service_internal_id": "ГВС",
        "rr": "",
        "recalculation": "",
        "accounting_period_total": "21.71"
    },
    {
        "org_ppa_guid": "5904376408",
        "internal_id": "072.171_2022_01",
        "pp_internal_id": "072.171_2022_01",
        "calc_value": "21.71",
        "tariff": "",
        "service_internal_id": "ГВС",
        "rr": "",
        "recalculation": "",
        "accounting_period_total": "21.71"
    },
    {
        "org_ppa_guid": "5904376408",
        "internal_id": "073_2022_01",
        "pp_internal_id": "073_2022_01",
        "calc_value": "43.3",
        "tariff": "",
        "service_internal_id": "ГВС",
        "rr": "",
        "recalculation": "",
        "accounting_period_total": "43.3"
    },
    {
        "org_ppa_guid": "5904376408",
        "internal_id": "074_2022_01",
        "pp_internal_id": "074_2022_01",
        "calc_value": "21.77",
        "tariff": "",
        "service_internal_id": "ГВС",
        "rr": "",
        "recalculation": "",
        "accounting_period_total": "21.77"
    },
    {
        "org_ppa_guid": "5904376408",
        "internal_id": "075_2022_01",
        "pp_internal_id": "075_2022_01",
        "calc_value": "66.54",
        "tariff": "",
        "service_internal_id": "ГВС",
        "rr": "",
        "recalculation": "",
        "accounting_period_total": "66.54"
    },
    {
        "org_ppa_guid": "5904376408",
        "internal_id": "076_2022_01",
        "pp_internal_id": "076_2022_01",
        "calc_value": "63.82",
        "tariff": "",
        "service_internal_id": "ГВС",
        "rr": "",
        "recalculation": "",
        "accounting_period_total": "63.82"
    },
    {
        "org_ppa_guid": "5904376408",
        "internal_id": "077_2022_01",
        "pp_internal_id": "077_2022_01",
        "calc_value": "21.65",
        "tariff": "",
        "service_internal_id": "ГВС",
        "rr": "",
        "recalculation": "",
        "accounting_period_total": "21.65"
    },
    {
        "org_ppa_guid": "5904376408",
        "internal_id": "078_2022_01",
        "pp_internal_id": "078_2022_01",
        "calc_value": "21.58",
        "tariff": "",
        "service_internal_id": "ГВС",
        "rr": "",
        "recalculation": "",
        "accounting_period_total": "21.58"
    },
    {
        "org_ppa_guid": "5904376408",
        "internal_id": "079_2022_01",
        "pp_internal_id": "079_2022_01",
        "calc_value": "32.59",
        "tariff": "",
        "service_internal_id": "ГВС",
        "rr": "",
        "recalculation": "",
        "accounting_period_total": "32.59"
    },
    {
        "org_ppa_guid": "5904376408",
        "internal_id": "080_2022_01",
        "pp_internal_id": "080_2022_01",
        "calc_value": "43.53",
        "tariff": "",
        "service_internal_id": "ГВС",
        "rr": "",
        "recalculation": "",
        "accounting_period_total": "43.54"
    },
    {
        "org_ppa_guid": "5904376408",
        "internal_id": "081_2022_01",
        "pp_internal_id": "081_2022_01",
        "calc_value": "21.71",
        "tariff": "",
        "service_internal_id": "ГВС",
        "rr": "",
        "recalculation": "",
        "accounting_period_total": "27.6"
    },
    {
        "org_ppa_guid": "5904376408",
        "internal_id": "082.167_2022_01",
        "pp_internal_id": "082.167_2022_01",
        "calc_value": "43.04",
        "tariff": "",
        "service_internal_id": "ГВС",
        "rr": "",
        "recalculation": "",
        "accounting_period_total": "43.04"
    },
    {
        "org_ppa_guid": "5904376408",
        "internal_id": "083_2022_01",
        "pp_internal_id": "083_2022_01",
        "calc_value": "42.56",
        "tariff": "",
        "service_internal_id": "ГВС",
        "rr": "",
        "recalculation": "",
        "accounting_period_total": "42.56"
    },
    {
        "org_ppa_guid": "5904376408",
        "internal_id": "084_2022_01",
        "pp_internal_id": "084_2022_01",
        "calc_value": "65.06",
        "tariff": "",
        "service_internal_id": "ГВС",
        "rr": "",
        "recalculation": "",
        "accounting_period_total": "65.06"
    },
    {
        "org_ppa_guid": "5904376408",
        "internal_id": "085_2022_01",
        "pp_internal_id": "085_2022_01",
        "calc_value": "31.42",
        "tariff": "",
        "service_internal_id": "ГВС",
        "rr": "",
        "recalculation": "",
        "accounting_period_total": "31.42"
    },
    {
        "org_ppa_guid": "5904376408",
        "internal_id": "086_2022_01",
        "pp_internal_id": "086_2022_01",
        "calc_value": "29.93",
        "tariff": "",
        "service_internal_id": "ГВС",
        "rr": "",
        "recalculation": "",
        "accounting_period_total": "29.93"
    },
    {
        "org_ppa_guid": "5904376408",
        "internal_id": "087_2022_01",
        "pp_internal_id": "087_2022_01",
        "calc_value": "62.94",
        "tariff": "",
        "service_internal_id": "ГВС",
        "rr": "",
        "recalculation": "",
        "accounting_period_total": "62.94"
    },
    {
        "org_ppa_guid": "5904376408",
        "internal_id": "088_2022_01",
        "pp_internal_id": "088_2022_01",
        "calc_value": "42.89",
        "tariff": "",
        "service_internal_id": "ГВС",
        "rr": "",
        "recalculation": "",
        "accounting_period_total": "42.95"
    },
    {
        "org_ppa_guid": "5904376408",
        "internal_id": "089_2022_01",
        "pp_internal_id": "089_2022_01",
        "calc_value": "21.46",
        "tariff": "",
        "service_internal_id": "ГВС",
        "rr": "",
        "recalculation": "",
        "accounting_period_total": "21.46"
    },
    {
        "org_ppa_guid": "5904376408",
        "internal_id": "090_2022_01",
        "pp_internal_id": "090_2022_01",
        "calc_value": "21.34",
        "tariff": "",
        "service_internal_id": "ГВС",
        "rr": "",
        "recalculation": "",
        "accounting_period_total": "21.34"
    },
    {
        "org_ppa_guid": "5904376408",
        "internal_id": "091_2022_01",
        "pp_internal_id": "091_2022_01",
        "calc_value": "21.52",
        "tariff": "",
        "service_internal_id": "ГВС",
        "rr": "",
        "recalculation": "",
        "accounting_period_total": "21.52"
    },
    {
        "org_ppa_guid": "5904376408",
        "internal_id": "092_2022_01",
        "pp_internal_id": "092_2022_01",
        "calc_value": "63.82",
        "tariff": "",
        "service_internal_id": "ГВС",
        "rr": "",
        "recalculation": "",
        "accounting_period_total": "63.82"
    },
    {
        "org_ppa_guid": "5904376408",
        "internal_id": "093_2022_01",
        "pp_internal_id": "093_2022_01",
        "calc_value": "63.08",
        "tariff": "",
        "service_internal_id": "ГВС",
        "rr": "",
        "recalculation": "",
        "accounting_period_total": "63.08"
    },
    {
        "org_ppa_guid": "5904376408",
        "internal_id": "094_2022_01",
        "pp_internal_id": "094_2022_01",
        "calc_value": "42.56",
        "tariff": "",
        "service_internal_id": "ГВС",
        "rr": "",
        "recalculation": "",
        "accounting_period_total": "42.56"
    },
    {
        "org_ppa_guid": "5904376408",
        "internal_id": "095_2022_01",
        "pp_internal_id": "095_2022_01",
        "calc_value": "21.46",
        "tariff": "",
        "service_internal_id": "ГВС",
        "rr": "",
        "recalculation": "",
        "accounting_period_total": "21.46"
    },
    {
        "org_ppa_guid": "5904376408",
        "internal_id": "096_2022_01",
        "pp_internal_id": "096_2022_01",
        "calc_value": "32.78",
        "tariff": "",
        "service_internal_id": "ГВС",
        "rr": "",
        "recalculation": "",
        "accounting_period_total": "32.980000000000004"
    },
    {
        "org_ppa_guid": "5904376408",
        "internal_id": "097_2022_01",
        "pp_internal_id": "097_2022_01",
        "calc_value": "43.04",
        "tariff": "",
        "service_internal_id": "ГВС",
        "rr": "",
        "recalculation": "",
        "accounting_period_total": "43.04"
    },
    {
        "org_ppa_guid": "5904376408",
        "internal_id": "098.170_2022_01",
        "pp_internal_id": "098.170_2022_01",
        "calc_value": "43.16",
        "tariff": "",
        "service_internal_id": "ГВС",
        "rr": "",
        "recalculation": "",
        "accounting_period_total": "43.16"
    },
    {
        "org_ppa_guid": "5904376408",
        "internal_id": "099_2022_01",
        "pp_internal_id": "099_2022_01",
        "calc_value": "35.13",
        "tariff": "",
        "service_internal_id": "ГВС",
        "rr": "",
        "recalculation": "",
        "accounting_period_total": "35.13"
    },
    {
        "org_ppa_guid": "5904376408",
        "internal_id": "100_2022_01",
        "pp_internal_id": "100_2022_01",
        "calc_value": "43.04",
        "tariff": "",
        "service_internal_id": "ГВС",
        "rr": "",
        "recalculation": "",
        "accounting_period_total": "43.04"
    },
    {
        "org_ppa_guid": "5904376408",
        "internal_id": "101_2022_01",
        "pp_internal_id": "101_2022_01",
        "calc_value": "31.91",
        "tariff": "",
        "service_internal_id": "ГВС",
        "rr": "",
        "recalculation": "",
        "accounting_period_total": "31.91"
    },
    {
        "org_ppa_guid": "5904376408",
        "internal_id": "102_2022_01",
        "pp_internal_id": "102_2022_01",
        "calc_value": "31.54",
        "tariff": "",
        "service_internal_id": "ГВС",
        "rr": "",
        "recalculation": "",
        "accounting_period_total": "31.54"
    },
    {
        "org_ppa_guid": "5904376408",
        "internal_id": "103_2022_01",
        "pp_internal_id": "103_2022_01",
        "calc_value": "21.28",
        "tariff": "",
        "service_internal_id": "ГВС",
        "rr": "",
        "recalculation": "",
        "accounting_period_total": "21.6"
    },
    {
        "org_ppa_guid": "5904376408",
        "internal_id": "104_2022_01",
        "pp_internal_id": "104_2022_01",
        "calc_value": "42.92",
        "tariff": "",
        "service_internal_id": "ГВС",
        "rr": "",
        "recalculation": "",
        "accounting_period_total": "42.92"
    },
    {
        "org_ppa_guid": "5904376408",
        "internal_id": "105.165_2022_01",
        "pp_internal_id": "105.165_2022_01",
        "calc_value": "65.56",
        "tariff": "",
        "service_internal_id": "ГВС",
        "rr": "",
        "recalculation": "",
        "accounting_period_total": "65.56"
    },
    {
        "org_ppa_guid": "5904376408",
        "internal_id": "106_2022_01",
        "pp_internal_id": "106_2022_01",
        "calc_value": "43.04",
        "tariff": "",
        "service_internal_id": "ГВС",
        "rr": "",
        "recalculation": "",
        "accounting_period_total": "43.04"
    },
    {
        "org_ppa_guid": "5904376408",
        "internal_id": "107_2022_01",
        "pp_internal_id": "107_2022_01",
        "calc_value": "21.58",
        "tariff": "",
        "service_internal_id": "ГВС",
        "rr": "",
        "recalculation": "",
        "accounting_period_total": "21.58"
    },
    {
        "org_ppa_guid": "5904376408",
        "internal_id": "108_2022_01",
        "pp_internal_id": "108_2022_01",
        "calc_value": "42.68",
        "tariff": "",
        "service_internal_id": "ГВС",
        "rr": "",
        "recalculation": "",
        "accounting_period_total": "42.68"
    },
    {
        "org_ppa_guid": "5904376408",
        "internal_id": "109_2022_01",
        "pp_internal_id": "109_2022_01",
        "calc_value": "21.34",
        "tariff": "",
        "service_internal_id": "ГВС",
        "rr": "",
        "recalculation": "",
        "accounting_period_total": "21.34"
    },
    {
        "org_ppa_guid": "5904376408",
        "internal_id": "110_2022_01",
        "pp_internal_id": "110_2022_01",
        "calc_value": "31.91",
        "tariff": "",
        "service_internal_id": "ГВС",
        "rr": "",
        "recalculation": "",
        "accounting_period_total": "31.91"
    },
    {
        "org_ppa_guid": "5904376408",
        "internal_id": "111_2022_01",
        "pp_internal_id": "111_2022_01",
        "calc_value": "31.54",
        "tariff": "",
        "service_internal_id": "ГВС",
        "rr": "",
        "recalculation": "",
        "accounting_period_total": "31.54"
    },
    {
        "org_ppa_guid": "5904376408",
        "internal_id": "112_2022_01",
        "pp_internal_id": "112_2022_01",
        "calc_value": "42.68",
        "tariff": "",
        "service_internal_id": "ГВС",
        "rr": "",
        "recalculation": "",
        "accounting_period_total": "42.68"
    },
    {
        "org_ppa_guid": "5904376408",
        "internal_id": "113_2022_01",
        "pp_internal_id": "113_2022_01",
        "calc_value": "74.18",
        "tariff": "",
        "service_internal_id": "ГВС",
        "rr": "",
        "recalculation": "",
        "accounting_period_total": "74.55000000000001"
    },
    {
        "org_ppa_guid": "5904376408",
        "internal_id": "114_2022_01",
        "pp_internal_id": "114_2022_01",
        "calc_value": "33.52",
        "tariff": "",
        "service_internal_id": "ГВС",
        "rr": "",
        "recalculation": "",
        "accounting_period_total": "33.52"
    },
    {
        "org_ppa_guid": "5904376408",
        "internal_id": "115_2022_01",
        "pp_internal_id": "115_2022_01",
        "calc_value": "21.52",
        "tariff": "",
        "service_internal_id": "ГВС",
        "rr": "",
        "recalculation": "",
        "accounting_period_total": "27.29"
    },
    {
        "org_ppa_guid": "5904376408",
        "internal_id": "116_2022_01",
        "pp_internal_id": "116_2022_01",
        "calc_value": "43.54",
        "tariff": "",
        "service_internal_id": "ГВС",
        "rr": "",
        "recalculation": "",
        "accounting_period_total": "43.54"
    },
    {
        "org_ppa_guid": "5904376408",
        "internal_id": "117.166_2022_01",
        "pp_internal_id": "117.166_2022_01",
        "calc_value": "21.34",
        "tariff": "",
        "service_internal_id": "ГВС",
        "rr": "",
        "recalculation": "",
        "accounting_period_total": "21.34"
    },
    {
        "org_ppa_guid": "5904376408",
        "internal_id": "118_2022_01",
        "pp_internal_id": "118_2022_01",
        "calc_value": "129.12",
        "tariff": "",
        "service_internal_id": "ГВС",
        "rr": "",
        "recalculation": "",
        "accounting_period_total": "129.81"
    },
    {
        "org_ppa_guid": "5904376408",
        "internal_id": "119_2022_01",
        "pp_internal_id": "119_2022_01",
        "calc_value": "63.82",
        "tariff": "",
        "service_internal_id": "ГВС",
        "rr": "",
        "recalculation": "",
        "accounting_period_total": "63.82"
    },
    {
        "org_ppa_guid": "5904376408",
        "internal_id": "120_2022_01",
        "pp_internal_id": "120_2022_01",
        "calc_value": "63.08",
        "tariff": "",
        "service_internal_id": "ГВС",
        "rr": "",
        "recalculation": "",
        "accounting_period_total": "63.08"
    },
    {
        "org_ppa_guid": "5904376408",
        "internal_id": "121_2022_01",
        "pp_internal_id": "121_2022_01",
        "calc_value": "21.28",
        "tariff": "",
        "service_internal_id": "ГВС",
        "rr": "",
        "recalculation": "",
        "accounting_period_total": "21.28"
    },
    {
        "org_ppa_guid": "5904376408",
        "internal_id": "122_2022_01",
        "pp_internal_id": "122_2022_01",
        "calc_value": "21.46",
        "tariff": "",
        "service_internal_id": "ГВС",
        "rr": "",
        "recalculation": "",
        "accounting_period_total": "21.46"
    },
    {
        "org_ppa_guid": "5904376408",
        "internal_id": "123_2022_01",
        "pp_internal_id": "123_2022_01",
        "calc_value": "32.78",
        "tariff": "",
        "service_internal_id": "ГВС",
        "rr": "",
        "recalculation": "",
        "accounting_period_total": "32.78"
    },
    {
        "org_ppa_guid": "5904376408",
        "internal_id": "124_2022_01",
        "pp_internal_id": "124_2022_01",
        "calc_value": "43.04",
        "tariff": "",
        "service_internal_id": "ГВС",
        "rr": "",
        "recalculation": "",
        "accounting_period_total": "43.04"
    },
    {
        "org_ppa_guid": "5904376408",
        "internal_id": "125_2022_01",
        "pp_internal_id": "125_2022_01",
        "calc_value": "43.16",
        "tariff": "",
        "service_internal_id": "ГВС",
        "rr": "",
        "recalculation": "",
        "accounting_period_total": "43.16"
    },
    {
        "org_ppa_guid": "5904376408",
        "internal_id": "126_2022_01",
        "pp_internal_id": "126_2022_01",
        "calc_value": "65.26",
        "tariff": "",
        "service_internal_id": "ГВС",
        "rr": "",
        "recalculation": "",
        "accounting_period_total": "65.32000000000001"
    },
    {
        "org_ppa_guid": "5904376408",
        "internal_id": "127_2022_01",
        "pp_internal_id": "127_2022_01",
        "calc_value": "42.8",
        "tariff": "",
        "service_internal_id": "ГВС",
        "rr": "",
        "recalculation": "",
        "accounting_period_total": "42.8"
    },
    {
        "org_ppa_guid": "5904376408",
        "internal_id": "128_2022_01",
        "pp_internal_id": "128_2022_01",
        "calc_value": "63.82",
        "tariff": "",
        "service_internal_id": "ГВС",
        "rr": "",
        "recalculation": "",
        "accounting_period_total": "63.82"
    },
    {
        "org_ppa_guid": "5904376408",
        "internal_id": "129_2022_01",
        "pp_internal_id": "129_2022_01",
        "calc_value": "31.54",
        "tariff": "",
        "service_internal_id": "ГВС",
        "rr": "",
        "recalculation": "",
        "accounting_period_total": "31.54"
    },
    {
        "org_ppa_guid": "5904376408",
        "internal_id": "130_2022_01",
        "pp_internal_id": "130_2022_01",
        "calc_value": "42.56",
        "tariff": "",
        "service_internal_id": "ГВС",
        "rr": "",
        "recalculation": "",
        "accounting_period_total": "42.56"
    },
    {
        "org_ppa_guid": "5904376408",
        "internal_id": "131_2022_01",
        "pp_internal_id": "131_2022_01",
        "calc_value": "62.12",
        "tariff": "",
        "service_internal_id": "ГВС",
        "rr": "",
        "recalculation": "",
        "accounting_period_total": "66.05"
    },
    {
        "org_ppa_guid": "5904376408",
        "internal_id": "132_2022_01",
        "pp_internal_id": "132_2022_01",
        "calc_value": "32.78",
        "tariff": "",
        "service_internal_id": "ГВС",
        "rr": "",
        "recalculation": "",
        "accounting_period_total": "41.17"
    },
    {
        "org_ppa_guid": "5904376408",
        "internal_id": "133_2022_01",
        "pp_internal_id": "133_2022_01",
        "calc_value": "21.52",
        "tariff": "",
        "service_internal_id": "ГВС",
        "rr": "",
        "recalculation": "",
        "accounting_period_total": "21.52"
    },
    {
        "org_ppa_guid": "5904376408",
        "internal_id": "134_2022_01",
        "pp_internal_id": "134_2022_01",
        "calc_value": "21.28",
        "tariff": "",
        "service_internal_id": "ГВС",
        "rr": "",
        "recalculation": "",
        "accounting_period_total": "21.28"
    },
    {
        "org_ppa_guid": "5904376408",
        "internal_id": "135_2022_01",
        "pp_internal_id": "135_2022_01",
        "calc_value": "21.34",
        "tariff": "",
        "service_internal_id": "ГВС",
        "rr": "",
        "recalculation": "",
        "accounting_period_total": "21.34"
    },
    {
        "org_ppa_guid": "5904376408",
        "internal_id": "136_2022_01",
        "pp_internal_id": "136_2022_01",
        "calc_value": "40.72",
        "tariff": "",
        "service_internal_id": "ГВС",
        "rr": "",
        "recalculation": "",
        "accounting_period_total": "40.72"
    },
    {
        "org_ppa_guid": "5904376408",
        "internal_id": "137_2022_01",
        "pp_internal_id": "137_2022_01",
        "calc_value": "63.82",
        "tariff": "",
        "service_internal_id": "ГВС",
        "rr": "",
        "recalculation": "",
        "accounting_period_total": "63.82"
    },
    {
        "org_ppa_guid": "5904376408",
        "internal_id": "138_2022_01",
        "pp_internal_id": "138_2022_01",
        "calc_value": "32.16",
        "tariff": "",
        "service_internal_id": "ГВС",
        "rr": "",
        "recalculation": "",
        "accounting_period_total": "34.489999999999995"
    },
    {
        "org_ppa_guid": "5904376408",
        "internal_id": "139_2022_01",
        "pp_internal_id": "139_2022_01",
        "calc_value": "21.28",
        "tariff": "",
        "service_internal_id": "ГВС",
        "rr": "",
        "recalculation": "",
        "accounting_period_total": "21.28"
    },
    {
        "org_ppa_guid": "5904376408",
        "internal_id": "140_2022_01",
        "pp_internal_id": "140_2022_01",
        "calc_value": "42.92",
        "tariff": "",
        "service_internal_id": "ГВС",
        "rr": "",
        "recalculation": "",
        "accounting_period_total": "42.92"
    },
    {
        "org_ppa_guid": "5904376408",
        "internal_id": "141_2022_01",
        "pp_internal_id": "141_2022_01",
        "calc_value": "65.56",
        "tariff": "",
        "service_internal_id": "ГВС",
        "rr": "",
        "recalculation": "",
        "accounting_period_total": "65.56"
    },
    {
        "org_ppa_guid": "5904376408",
        "internal_id": "142.173_2022_01",
        "pp_internal_id": "142.173_2022_01",
        "calc_value": "21.52",
        "tariff": "",
        "service_internal_id": "ГВС",
        "rr": "",
        "recalculation": "",
        "accounting_period_total": "21.52"
    },
    {
        "org_ppa_guid": "5904376408",
        "internal_id": "143_2022_01",
        "pp_internal_id": "143_2022_01",
        "calc_value": "43.16",
        "tariff": "",
        "service_internal_id": "ГВС",
        "rr": "",
        "recalculation": "",
        "accounting_period_total": "43.16"
    },
    {
        "org_ppa_guid": "5904376408",
        "internal_id": "144_2022_01",
        "pp_internal_id": "144_2022_01",
        "calc_value": "21.28",
        "tariff": "",
        "service_internal_id": "ГВС",
        "rr": "",
        "recalculation": "",
        "accounting_period_total": "21.28"
    },
    {
        "org_ppa_guid": "5904376408",
        "internal_id": "145_2022_01",
        "pp_internal_id": "145_2022_01",
        "calc_value": "21.52",
        "tariff": "",
        "service_internal_id": "ГВС",
        "rr": "",
        "recalculation": "",
        "accounting_period_total": "21.52"
    },
    {
        "org_ppa_guid": "5904376408",
        "internal_id": "146.164_2022_01",
        "pp_internal_id": "146.164_2022_01",
        "calc_value": "31.91",
        "tariff": "",
        "service_internal_id": "ГВС",
        "rr": "",
        "recalculation": "",
        "accounting_period_total": "31.91"
    },
    {
        "org_ppa_guid": "5904376408",
        "internal_id": "147_2022_01",
        "pp_internal_id": "147_2022_01",
        "calc_value": "63.08",
        "tariff": "",
        "service_internal_id": "ГВС",
        "rr": "",
        "recalculation": "",
        "accounting_period_total": "63.08"
    },
    {
        "org_ppa_guid": "5904376408",
        "internal_id": "148_2022_01",
        "pp_internal_id": "148_2022_01",
        "calc_value": "42.56",
        "tariff": "",
        "service_internal_id": "ГВС",
        "rr": "",
        "recalculation": "",
        "accounting_period_total": "42.56"
    },
    {
        "org_ppa_guid": "5904376408",
        "internal_id": "149_2022_01",
        "pp_internal_id": "149_2022_01",
        "calc_value": "42.92",
        "tariff": "",
        "service_internal_id": "ГВС",
        "rr": "",
        "recalculation": "",
        "accounting_period_total": "42.92"
    },
    {
        "org_ppa_guid": "5904376408",
        "internal_id": "150_2022_01",
        "pp_internal_id": "150_2022_01",
        "calc_value": "65.56",
        "tariff": "",
        "service_internal_id": "ГВС",
        "rr": "",
        "recalculation": "",
        "accounting_period_total": "65.56"
    },
    {
        "org_ppa_guid": "5904376408",
        "internal_id": "151_2022_01",
        "pp_internal_id": "151_2022_01",
        "calc_value": "43.04",
        "tariff": "",
        "service_internal_id": "ГВС",
        "rr": "",
        "recalculation": "",
        "accounting_period_total": "43.04"
    },
    {
        "org_ppa_guid": "5904376408",
        "internal_id": "152_2022_01",
        "pp_internal_id": "152_2022_01",
        "calc_value": "43.16",
        "tariff": "",
        "service_internal_id": "ГВС",
        "rr": "",
        "recalculation": "",
        "accounting_period_total": "43.16"
    },
    {
        "org_ppa_guid": "5904376408",
        "internal_id": "153_2022_01",
        "pp_internal_id": "153_2022_01",
        "calc_value": "42.68",
        "tariff": "",
        "service_internal_id": "ГВС",
        "rr": "",
        "recalculation": "",
        "accounting_period_total": "42.68"
    },
    {
        "org_ppa_guid": "5904376408",
        "internal_id": "154_2022_01",
        "pp_internal_id": "154_2022_01",
        "calc_value": "50.71",
        "tariff": "",
        "service_internal_id": "ГВС",
        "rr": "",
        "recalculation": "",
        "accounting_period_total": "50.71"
    },
    {
        "org_ppa_guid": "5904376408",
        "internal_id": "155_2022_01",
        "pp_internal_id": "155_2022_01",
        "calc_value": "46.45",
        "tariff": "",
        "service_internal_id": "ГВС",
        "rr": "",
        "recalculation": "",
        "accounting_period_total": "46.45"
    },
    {
        "org_ppa_guid": "5904376408",
        "internal_id": "156_2022_01",
        "pp_internal_id": "156_2022_01",
        "calc_value": "61.73",
        "tariff": "",
        "service_internal_id": "ГВС",
        "rr": "",
        "recalculation": "",
        "accounting_period_total": "61.739999999999995"
    },
    {
        "org_ppa_guid": "5904376408",
        "internal_id": "157_2022_01",
        "pp_internal_id": "157_2022_01",
        "calc_value": "21.28",
        "tariff": "",
        "service_internal_id": "ГВС",
        "rr": "",
        "recalculation": "",
        "accounting_period_total": "21.28"
    },
    {
        "org_ppa_guid": "5904376408",
        "internal_id": "158_2022_01",
        "pp_internal_id": "158_2022_01",
        "calc_value": "42.92",
        "tariff": "",
        "service_internal_id": "ГВС",
        "rr": "",
        "recalculation": "",
        "accounting_period_total": "42.92"
    },
    {
        "org_ppa_guid": "5904376408",
        "internal_id": "159_2022_01",
        "pp_internal_id": "159_2022_01",
        "calc_value": "67.78",
        "tariff": "",
        "service_internal_id": "ГВС",
        "rr": "",
        "recalculation": "",
        "accounting_period_total": "67.78"
    },
    {
        "org_ppa_guid": "5904376408",
        "internal_id": "160_2022_01",
        "pp_internal_id": "160_2022_01",
        "calc_value": "21.52",
        "tariff": "",
        "service_internal_id": "ГВС",
        "rr": "",
        "recalculation": "",
        "accounting_period_total": "27.29"
    },
    {
        "org_ppa_guid": "5904376408",
        "internal_id": "161_2022_01",
        "pp_internal_id": "161_2022_01",
        "calc_value": "43.16",
        "tariff": "",
        "service_internal_id": "ГВС",
        "rr": "",
        "recalculation": "",
        "accounting_period_total": "8252.96"
    }
]