[
    {
        "org_ppa_guid": "5904376408",
        "internal_id": "001_2022_06",
        "account_internal_id": "001_2022_06",
        "gis_id": "001_2022_06",
        "month": "15.06.2022",
        "credit": "1058.81",
        "saldo": "995.39",
        "payment_value": "1058.81",
        "payment_date": "15.06.2022",
        "bill_value": "",
        "account_number": "",
        "bank_bik": ""
    },
    {
        "org_ppa_guid": "5904376408",
        "internal_id": "002_2022_06",
        "account_internal_id": "002_2022_06",
        "gis_id": "002_2022_06",
        "month": "15.06.2022",
        "credit": "1060.5",
        "saldo": "992.55",
        "payment_value": "1060.5",
        "payment_date": "15.06.2022",
        "bill_value": "",
        "account_number": "",
        "bank_bik": ""
    },
    {
        "org_ppa_guid": "5904376408",
        "internal_id": "003_2022_06",
        "account_internal_id": "003_2022_06",
        "gis_id": "003_2022_06",
        "month": "15.06.2022",
        "credit": "1607.82",
        "saldo": "1511.51",
        "payment_value": "1607.82",
        "payment_date": "15.06.2022",
        "bill_value": "",
        "account_number": "",
        "bank_bik": ""
    },
    {
        "org_ppa_guid": "5904376408",
        "internal_id": "004_2022_06",
        "account_internal_id": "004_2022_06",
        "gis_id": "004_2022_06",
        "month": "15.06.2022",
        "credit": "3093.54",
        "saldo": "1470.49",
        "payment_value": "3093.54",
        "payment_date": "15.06.2022",
        "bill_value": "",
        "account_number": "",
        "bank_bik": ""
    },
    {
        "org_ppa_guid": "5904376408",
        "internal_id": "005_2022_06",
        "account_internal_id": "005_2022_06",
        "gis_id": "005_2022_06",
        "month": "15.06.2022",
        "credit": "2060.33",
        "saldo": "993.06",
        "payment_value": "2060.33",
        "payment_date": "15.06.2022",
        "bill_value": "",
        "account_number": "",
        "bank_bik": ""
    },
    {
        "org_ppa_guid": "5904376408",
        "internal_id": "006_2022_06",
        "account_internal_id": "006_2022_06",
        "gis_id": "006_2022_06",
        "month": "15.06.2022",
        "credit": "1052.77",
        "saldo": "989.71",
        "payment_value": "1052.77",
        "payment_date": "15.06.2022",
        "bill_value": "",
        "account_number": "",
        "bank_bik": ""
    },
    {
        "org_ppa_guid": "5904376408",
        "internal_id": "007_2022_06",
        "account_internal_id": "007_2022_06",
        "gis_id": "007_2022_06",
        "month": "15.06.2022",
        "credit": "1065.48",
        "saldo": "1505.84",
        "payment_value": "1065.48",
        "payment_date": "15.06.2022",
        "bill_value": "",
        "account_number": "",
        "bank_bik": ""
    },
    {
        "org_ppa_guid": "5904376408",
        "internal_id": "008_2022_06",
        "account_internal_id": "008_2022_06",
        "gis_id": "008_2022_06",
        "month": "15.06.2022",
        "credit": "1052.77",
        "saldo": "2042.48",
        "payment_value": "0.0",
        "payment_date": "",
        "bill_value": "",
        "account_number": "",
        "bank_bik": ""
    },
    {
        "org_ppa_guid": "5904376408",
        "internal_id": "009_2022_06",
        "account_internal_id": "009_2022_06",
        "gis_id": "009_2022_06",
        "month": "15.06.2022",
        "credit": "13398.56",
        "saldo": "11247.57",
        "payment_value": "3500.0",
        "payment_date": "15.06.2022",
        "bill_value": "",
        "account_number": "",
        "bank_bik": ""
    },
    {
        "org_ppa_guid": "5904376408",
        "internal_id": "010_2022_06",
        "account_internal_id": "010_2022_06",
        "gis_id": "010_2022_06",
        "month": "15.06.2022",
        "credit": "1055.79",
        "saldo": "992.55",
        "payment_value": "1055.79",
        "payment_date": "15.06.2022",
        "bill_value": "",
        "account_number": "",
        "bank_bik": ""
    },
    {
        "org_ppa_guid": "5904376408",
        "internal_id": "011_2022_06",
        "account_internal_id": "011_2022_06",
        "gis_id": "011_2022_06",
        "month": "15.06.2022",
        "credit": "2077.49",
        "saldo": "3088.57",
        "payment_value": "0.0",
        "payment_date": "",
        "bill_value": "",
        "account_number": "",
        "bank_bik": ""
    },
    {
        "org_ppa_guid": "5904376408",
        "internal_id": "012_2022_06",
        "account_internal_id": "012_2022_06",
        "gis_id": "012_2022_06",
        "month": "15.06.2022",
        "credit": "4133.78",
        "saldo": "1529.79",
        "payment_value": "4133.78",
        "payment_date": "15.06.2022",
        "bill_value": "",
        "account_number": "",
        "bank_bik": ""
    },
    {
        "org_ppa_guid": "5904376408",
        "internal_id": "013_2022_06",
        "account_internal_id": "013_2022_06",
        "gis_id": "013_2022_06",
        "month": "15.06.2022",
        "credit": "1556.54",
        "saldo": "1463.3",
        "payment_value": "1556.54",
        "payment_date": "15.06.2022",
        "bill_value": "",
        "account_number": "",
        "bank_bik": ""
    },
    {
        "org_ppa_guid": "5904376408",
        "internal_id": "014_2022_06",
        "account_internal_id": "014_2022_06",
        "gis_id": "014_2022_06",
        "month": "15.06.2022",
        "credit": "1025.63",
        "saldo": "964.19",
        "payment_value": "1025.63",
        "payment_date": "15.06.2022",
        "bill_value": "",
        "account_number": "",
        "bank_bik": ""
    },
    {
        "org_ppa_guid": "5904376408",
        "internal_id": "015_2022_06",
        "account_internal_id": "015_2022_06",
        "gis_id": "015_2022_06",
        "month": "15.06.2022",
        "credit": "1052.77",
        "saldo": "989.71",
        "payment_value": "1052.77",
        "payment_date": "15.06.2022",
        "bill_value": "",
        "account_number": "",
        "bank_bik": ""
    },
    {
        "org_ppa_guid": "5904376408",
        "internal_id": "016.172_2022_06",
        "account_internal_id": "016.172_2022_06",
        "gis_id": "016.172_2022_06",
        "month": "15.06.2022",
        "credit": "645.19",
        "saldo": "1468.97",
        "payment_value": "645.19",
        "payment_date": "15.06.2022",
        "bill_value": "",
        "account_number": "",
        "bank_bik": ""
    },
    {
        "org_ppa_guid": "5904376408",
        "internal_id": "017_2022_06",
        "account_internal_id": "017_2022_06",
        "gis_id": "017_2022_06",
        "month": "15.06.2022",
        "credit": "1058.81",
        "saldo": "995.39",
        "payment_value": "1058.81",
        "payment_date": "15.06.2022",
        "bill_value": "",
        "account_number": "",
        "bank_bik": ""
    },
    {
        "org_ppa_guid": "5904376408",
        "internal_id": "018_2022_06",
        "account_internal_id": "018_2022_06",
        "gis_id": "018_2022_06",
        "month": "15.06.2022",
        "credit": "1058.81",
        "saldo": "995.39",
        "payment_value": "1058.81",
        "payment_date": "15.06.2022",
        "bill_value": "",
        "account_number": "",
        "bank_bik": ""
    },
    {
        "org_ppa_guid": "5904376408",
        "internal_id": "019_2022_06",
        "account_internal_id": "019_2022_06",
        "gis_id": "019_2022_06",
        "month": "15.06.2022",
        "credit": "1069.62",
        "saldo": "2062.17",
        "payment_value": "0.0",
        "payment_date": "",
        "bill_value": "",
        "account_number": "",
        "bank_bik": ""
    },
    {
        "org_ppa_guid": "5904376408",
        "internal_id": "020_2022_06",
        "account_internal_id": "020_2022_06",
        "gis_id": "020_2022_06",
        "month": "15.06.2022",
        "credit": "1061.82",
        "saldo": "998.21",
        "payment_value": "1061.82",
        "payment_date": "15.06.2022",
        "bill_value": "",
        "account_number": "",
        "bank_bik": ""
    },
    {
        "org_ppa_guid": "5904376408",
        "internal_id": "021_2022_06",
        "account_internal_id": "021_2022_06",
        "gis_id": "021_2022_06",
        "month": "15.06.2022",
        "credit": "1081.53",
        "saldo": "438.55",
        "payment_value": "2171.5",
        "payment_date": "15.06.2022",
        "bill_value": "",
        "account_number": "",
        "bank_bik": ""
    },
    {
        "org_ppa_guid": "5904376408",
        "internal_id": "022_2022_06",
        "account_internal_id": "022_2022_06",
        "gis_id": "022_2022_06",
        "month": "15.06.2022",
        "credit": "4464.8",
        "saldo": "1505.48",
        "payment_value": "4464.8",
        "payment_date": "15.06.2022",
        "bill_value": "",
        "account_number": "",
        "bank_bik": ""
    },
    {
        "org_ppa_guid": "5904376408",
        "internal_id": "023_2022_06",
        "account_internal_id": "023_2022_06",
        "gis_id": "023_2022_06",
        "month": "15.06.2022",
        "credit": "1055.79",
        "saldo": "992.55",
        "payment_value": "1055.79",
        "payment_date": "15.06.2022",
        "bill_value": "",
        "account_number": "",
        "bank_bik": ""
    },
    {
        "org_ppa_guid": "5904376408",
        "internal_id": "024_2022_06",
        "account_internal_id": "024_2022_06",
        "gis_id": "024_2022_06",
        "month": "15.06.2022",
        "credit": "1052.77",
        "saldo": "989.71",
        "payment_value": "1052.77",
        "payment_date": "15.06.2022",
        "bill_value": "",
        "account_number": "",
        "bank_bik": ""
    },
    {
        "org_ppa_guid": "5904376408",
        "internal_id": "025_2022_06",
        "account_internal_id": "025_2022_06",
        "gis_id": "025_2022_06",
        "month": "15.06.2022",
        "credit": "2025.35",
        "saldo": "1930.12",
        "payment_value": "1047.22",
        "payment_date": "15.06.2022",
        "bill_value": "",
        "account_number": "",
        "bank_bik": ""
    },
    {
        "org_ppa_guid": "5904376408",
        "internal_id": "026_2022_06",
        "account_internal_id": "026_2022_06",
        "gis_id": "026_2022_06",
        "month": "15.06.2022",
        "credit": "1037.7",
        "saldo": "975.54",
        "payment_value": "1037.7",
        "payment_date": "15.06.2022",
        "bill_value": "",
        "account_number": "",
        "bank_bik": ""
    },
    {
        "org_ppa_guid": "5904376408",
        "internal_id": "027_2022_06",
        "account_internal_id": "027_2022_06",
        "gis_id": "027_2022_06",
        "month": "15.06.2022",
        "credit": "1058.81",
        "saldo": "995.39",
        "payment_value": "1058.81",
        "payment_date": "15.06.2022",
        "bill_value": "",
        "account_number": "",
        "bank_bik": ""
    },
    {
        "org_ppa_guid": "5904376408",
        "internal_id": "028_2022_06",
        "account_internal_id": "028_2022_06",
        "gis_id": "028_2022_06",
        "month": "15.06.2022",
        "credit": "1055.79",
        "saldo": "992.55",
        "payment_value": "1055.79",
        "payment_date": "15.06.2022",
        "bill_value": "",
        "account_number": "",
        "bank_bik": ""
    },
    {
        "org_ppa_guid": "5904376408",
        "internal_id": "029_2022_06",
        "account_internal_id": "029_2022_06",
        "gis_id": "029_2022_06",
        "month": "15.06.2022",
        "credit": "1061.82",
        "saldo": "998.21",
        "payment_value": "1061.82",
        "payment_date": "15.06.2022",
        "bill_value": "",
        "account_number": "",
        "bank_bik": ""
    },
    {
        "org_ppa_guid": "5904376408",
        "internal_id": "030_2022_06",
        "account_internal_id": "030_2022_06",
        "gis_id": "030_2022_06",
        "month": "15.06.2022",
        "credit": "1625.92",
        "saldo": "1528.52",
        "payment_value": "1625.92",
        "payment_date": "15.06.2022",
        "bill_value": "",
        "account_number": "",
        "bank_bik": ""
    },
    {
        "org_ppa_guid": "5904376408",
        "internal_id": "031_2022_06",
        "account_internal_id": "031_2022_06",
        "gis_id": "031_2022_06",
        "month": "15.06.2022",
        "credit": "1556.54",
        "saldo": "1463.3",
        "payment_value": "1556.54",
        "payment_date": "15.06.2022",
        "bill_value": "",
        "account_number": "",
        "bank_bik": ""
    },
    {
        "org_ppa_guid": "5904376408",
        "internal_id": "032_2022_06",
        "account_internal_id": "032_2022_06",
        "gis_id": "032_2022_06",
        "month": "15.06.2022",
        "credit": "1055.79",
        "saldo": "992.55",
        "payment_value": "1055.79",
        "payment_date": "15.06.2022",
        "bill_value": "",
        "account_number": "",
        "bank_bik": ""
    },
    {
        "org_ppa_guid": "5904376408",
        "internal_id": "033_2022_06",
        "account_internal_id": "033_2022_06",
        "gis_id": "033_2022_06",
        "month": "15.06.2022",
        "credit": "251.97",
        "saldo": "251.97",
        "payment_value": "0.0",
        "payment_date": "",
        "bill_value": "",
        "account_number": "",
        "bank_bik": ""
    },
    {
        "org_ppa_guid": "5904376408",
        "internal_id": "033.162_2022_06",
        "account_internal_id": "033.162_2022_06",
        "gis_id": "033.162_2022_06",
        "month": "15.06.2022",
        "credit": "1052.77",
        "saldo": "989.71",
        "payment_value": "1052.77",
        "payment_date": "15.06.2022",
        "bill_value": "",
        "account_number": "",
        "bank_bik": ""
    },
    {
        "org_ppa_guid": "5904376408",
        "internal_id": "034_2022_06",
        "account_internal_id": "034_2022_06",
        "gis_id": "034_2022_06",
        "month": "15.06.2022",
        "credit": "1589.71",
        "saldo": "1494.48",
        "payment_value": "1589.71",
        "payment_date": "15.06.2022",
        "bill_value": "",
        "account_number": "",
        "bank_bik": ""
    },
    {
        "org_ppa_guid": "5904376408",
        "internal_id": "035_2022_06",
        "account_internal_id": "035_2022_06",
        "gis_id": "035_2022_06",
        "month": "15.06.2022",
        "credit": "1058.81",
        "saldo": "995.39",
        "payment_value": "1058.81",
        "payment_date": "15.06.2022",
        "bill_value": "",
        "account_number": "",
        "bank_bik": ""
    },
    {
        "org_ppa_guid": "5904376408",
        "internal_id": "036_2022_06",
        "account_internal_id": "036_2022_06",
        "gis_id": "036_2022_06",
        "month": "15.06.2022",
        "credit": "1058.81",
        "saldo": "995.39",
        "payment_value": "1058.81",
        "payment_date": "15.06.2022",
        "bill_value": "",
        "account_number": "",
        "bank_bik": ""
    },
    {
        "org_ppa_guid": "5904376408",
        "internal_id": "037_2022_06",
        "account_internal_id": "037_2022_06",
        "gis_id": "037_2022_06",
        "month": "15.06.2022",
        "credit": "1055.79",
        "saldo": "992.55",
        "payment_value": "1055.79",
        "payment_date": "15.06.2022",
        "bill_value": "",
        "account_number": "",
        "bank_bik": ""
    },
    {
        "org_ppa_guid": "5904376408",
        "internal_id": "038_2022_06",
        "account_internal_id": "038_2022_06",
        "gis_id": "038_2022_06",
        "month": "15.06.2022",
        "credit": "1061.82",
        "saldo": "998.21",
        "payment_value": "1061.82",
        "payment_date": "15.06.2022",
        "bill_value": "",
        "account_number": "",
        "bank_bik": ""
    },
    {
        "org_ppa_guid": "5904376408",
        "internal_id": "039_2022_06",
        "account_internal_id": "039_2022_06",
        "gis_id": "039_2022_06",
        "month": "15.06.2022",
        "credit": "1625.92",
        "saldo": "1528.52",
        "payment_value": "1625.92",
        "payment_date": "15.06.2022",
        "bill_value": "",
        "account_number": "",
        "bank_bik": ""
    },
    {
        "org_ppa_guid": "5904376408",
        "internal_id": "040_2022_06",
        "account_internal_id": "040_2022_06",
        "gis_id": "040_2022_06",
        "month": "15.06.2022",
        "credit": "514.22",
        "saldo": "420.98",
        "payment_value": "1556.54",
        "payment_date": "15.06.2022",
        "bill_value": "",
        "account_number": "",
        "bank_bik": ""
    },
    {
        "org_ppa_guid": "5904376408",
        "internal_id": "041_2022_06",
        "account_internal_id": "041_2022_06",
        "gis_id": "041_2022_06",
        "month": "15.06.2022",
        "credit": "1055.79",
        "saldo": "992.55",
        "payment_value": "1055.79",
        "payment_date": "15.06.2022",
        "bill_value": "",
        "account_number": "",
        "bank_bik": ""
    },
    {
        "org_ppa_guid": "5904376408",
        "internal_id": "042_2022_06",
        "account_internal_id": "042_2022_06",
        "gis_id": "042_2022_06",
        "month": "15.06.2022",
        "credit": "1063.15",
        "saldo": "1000.09",
        "payment_value": "1052.77",
        "payment_date": "15.06.2022",
        "bill_value": "",
        "account_number": "",
        "bank_bik": ""
    },
    {
        "org_ppa_guid": "5904376408",
        "internal_id": "043_2022_06",
        "account_internal_id": "043_2022_06",
        "gis_id": "043_2022_06",
        "month": "15.06.2022",
        "credit": "3110.33",
        "saldo": "1499.55",
        "payment_value": "3110.33",
        "payment_date": "15.06.2022",
        "bill_value": "",
        "account_number": "",
        "bank_bik": ""
    },
    {
        "org_ppa_guid": "5904376408",
        "internal_id": "044_2022_06",
        "account_internal_id": "044_2022_06",
        "gis_id": "044_2022_06",
        "month": "15.06.2022",
        "credit": "158.81",
        "saldo": "995.39",
        "payment_value": "158.81",
        "payment_date": "15.06.2022",
        "bill_value": "",
        "account_number": "",
        "bank_bik": ""
    },
    {
        "org_ppa_guid": "5904376408",
        "internal_id": "045_2022_06",
        "account_internal_id": "045_2022_06",
        "gis_id": "045_2022_06",
        "month": "15.06.2022",
        "credit": "411.75",
        "saldo": "-403.69",
        "payment_value": "1810.83",
        "payment_date": "15.06.2022",
        "bill_value": "",
        "account_number": "",
        "bank_bik": ""
    },
    {
        "org_ppa_guid": "5904376408",
        "internal_id": "046_2022_06",
        "account_internal_id": "046_2022_06",
        "gis_id": "046_2022_06",
        "month": "15.06.2022",
        "credit": "1055.79",
        "saldo": "992.55",
        "payment_value": "1055.79",
        "payment_date": "15.06.2022",
        "bill_value": "",
        "account_number": "",
        "bank_bik": ""
    },
    {
        "org_ppa_guid": "5904376408",
        "internal_id": "047_2022_06",
        "account_internal_id": "047_2022_06",
        "gis_id": "047_2022_06",
        "month": "15.06.2022",
        "credit": "1061.82",
        "saldo": "998.21",
        "payment_value": "1061.82",
        "payment_date": "15.06.2022",
        "bill_value": "",
        "account_number": "",
        "bank_bik": ""
    },
    {
        "org_ppa_guid": "5904376408",
        "internal_id": "048_2022_06",
        "account_internal_id": "048_2022_06",
        "gis_id": "048_2022_06",
        "month": "15.06.2022",
        "credit": "1580.67",
        "saldo": "1485.99",
        "payment_value": "1580.67",
        "payment_date": "15.06.2022",
        "bill_value": "",
        "account_number": "",
        "bank_bik": ""
    },
    {
        "org_ppa_guid": "5904376408",
        "internal_id": "049_2022_06",
        "account_internal_id": "049_2022_06",
        "gis_id": "049_2022_06",
        "month": "15.06.2022",
        "credit": "1556.54",
        "saldo": "1463.3",
        "payment_value": "1556.54",
        "payment_date": "15.06.2022",
        "bill_value": "",
        "account_number": "",
        "bank_bik": ""
    },
    {
        "org_ppa_guid": "5904376408",
        "internal_id": "050_2022_06",
        "account_internal_id": "050_2022_06",
        "gis_id": "050_2022_06",
        "month": "15.06.2022",
        "credit": "1065.7",
        "saldo": "992.56",
        "payment_value": "1065.7",
        "payment_date": "15.06.2022",
        "bill_value": "",
        "account_number": "",
        "bank_bik": ""
    },
    {
        "org_ppa_guid": "5904376408",
        "internal_id": "051_2022_06",
        "account_internal_id": "051_2022_06",
        "gis_id": "051_2022_06",
        "month": "15.06.2022",
        "credit": "1052.77",
        "saldo": "-457.52",
        "payment_value": "2500.0",
        "payment_date": "15.06.2022",
        "bill_value": "",
        "account_number": "",
        "bank_bik": ""
    },
    {
        "org_ppa_guid": "5904376408",
        "internal_id": "052_2022_06",
        "account_internal_id": "052_2022_06",
        "gis_id": "052_2022_06",
        "month": "15.06.2022",
        "credit": "543.56",
        "saldo": "-86.96",
        "payment_value": "2125.0",
        "payment_date": "15.06.2022",
        "bill_value": "",
        "account_number": "",
        "bank_bik": ""
    },
    {
        "org_ppa_guid": "5904376408",
        "internal_id": "053_2022_06",
        "account_internal_id": "053_2022_06",
        "gis_id": "053_2022_06",
        "month": "15.06.2022",
        "credit": "1058.81",
        "saldo": "995.39",
        "payment_value": "1058.81",
        "payment_date": "15.06.2022",
        "bill_value": "",
        "account_number": "",
        "bank_bik": ""
    },
    {
        "org_ppa_guid": "5904376408",
        "internal_id": "054_2022_06",
        "account_internal_id": "054_2022_06",
        "gis_id": "054_2022_06",
        "month": "15.06.2022",
        "credit": "1058.81",
        "saldo": "995.39",
        "payment_value": "1058.81",
        "payment_date": "15.06.2022",
        "bill_value": "",
        "account_number": "",
        "bank_bik": ""
    },
    {
        "org_ppa_guid": "5904376408",
        "internal_id": "055_2022_06",
        "account_internal_id": "055_2022_06",
        "gis_id": "055_2022_06",
        "month": "15.06.2022",
        "credit": "1028.65",
        "saldo": "967.03",
        "payment_value": "1028.65",
        "payment_date": "15.06.2022",
        "bill_value": "",
        "account_number": "",
        "bank_bik": ""
    },
    {
        "org_ppa_guid": "5904376408",
        "internal_id": "056_2022_06",
        "account_internal_id": "056_2022_06",
        "gis_id": "056_2022_06",
        "month": "15.06.2022",
        "credit": "625.8",
        "saldo": "562.19",
        "payment_value": "625.8",
        "payment_date": "15.06.2022",
        "bill_value": "",
        "account_number": "",
        "bank_bik": ""
    },
    {
        "org_ppa_guid": "5904376408",
        "internal_id": "057_2022_06",
        "account_internal_id": "057_2022_06",
        "gis_id": "057_2022_06",
        "month": "15.06.2022",
        "credit": "1081.53",
        "saldo": "1528.52",
        "payment_value": "1081.53",
        "payment_date": "15.06.2022",
        "bill_value": "",
        "account_number": "",
        "bank_bik": ""
    },
    {
        "org_ppa_guid": "5904376408",
        "internal_id": "058_2022_06",
        "account_internal_id": "058_2022_06",
        "gis_id": "058_2022_06",
        "month": "15.06.2022",
        "credit": "1547.5",
        "saldo": "1454.8",
        "payment_value": "1547.5",
        "payment_date": "15.06.2022",
        "bill_value": "",
        "account_number": "",
        "bank_bik": ""
    },
    {
        "org_ppa_guid": "5904376408",
        "internal_id": "059_2022_06",
        "account_internal_id": "059_2022_06",
        "gis_id": "059_2022_06",
        "month": "15.06.2022",
        "credit": "1055.79",
        "saldo": "992.55",
        "payment_value": "1055.79",
        "payment_date": "15.06.2022",
        "bill_value": "",
        "account_number": "",
        "bank_bik": ""
    },
    {
        "org_ppa_guid": "5904376408",
        "internal_id": "060_2022_06",
        "account_internal_id": "060_2022_06",
        "gis_id": "060_2022_06",
        "month": "15.06.2022",
        "credit": "11550.7",
        "saldo": "13018.87",
        "payment_value": "0.0",
        "payment_date": "",
        "bill_value": "",
        "account_number": "",
        "bank_bik": ""
    },
    {
        "org_ppa_guid": "5904376408",
        "internal_id": "061_2022_06",
        "account_internal_id": "061_2022_06",
        "gis_id": "061_2022_06",
        "month": "15.06.2022",
        "credit": "1589.71",
        "saldo": "1494.48",
        "payment_value": "1589.71",
        "payment_date": "15.06.2022",
        "bill_value": "",
        "account_number": "",
        "bank_bik": ""
    },
    {
        "org_ppa_guid": "5904376408",
        "internal_id": "062_2022_06",
        "account_internal_id": "062_2022_06",
        "gis_id": "062_2022_06",
        "month": "15.06.2022",
        "credit": "1058.81",
        "saldo": "995.39",
        "payment_value": "1058.81",
        "payment_date": "15.06.2022",
        "bill_value": "",
        "account_number": "",
        "bank_bik": ""
    },
    {
        "org_ppa_guid": "5904376408",
        "internal_id": "063_2022_06",
        "account_internal_id": "063_2022_06",
        "gis_id": "063_2022_06",
        "month": "15.06.2022",
        "credit": "1058.81",
        "saldo": "995.39",
        "payment_value": "1058.81",
        "payment_date": "15.06.2022",
        "bill_value": "",
        "account_number": "",
        "bank_bik": ""
    },
    {
        "org_ppa_guid": "5904376408",
        "internal_id": "064_2022_06",
        "account_internal_id": "064_2022_06",
        "gis_id": "064_2022_06",
        "month": "15.06.2022",
        "credit": "1116.12",
        "saldo": "1049.26",
        "payment_value": "1116.12",
        "payment_date": "15.06.2022",
        "bill_value": "",
        "account_number": "",
        "bank_bik": ""
    },
    {
        "org_ppa_guid": "5904376408",
        "internal_id": "065_2022_06",
        "account_internal_id": "065_2022_06",
        "gis_id": "065_2022_06",
        "month": "15.06.2022",
        "credit": "1061.82",
        "saldo": "998.21",
        "payment_value": "1061.82",
        "payment_date": "15.06.2022",
        "bill_value": "",
        "account_number": "",
        "bank_bik": ""
    },
    {
        "org_ppa_guid": "5904376408",
        "internal_id": "066_2022_06",
        "account_internal_id": "066_2022_06",
        "gis_id": "066_2022_06",
        "month": "15.06.2022",
        "credit": "273.52",
        "saldo": "273.52",
        "payment_value": "0.0",
        "payment_date": "",
        "bill_value": "",
        "account_number": "",
        "bank_bik": ""
    },
    {
        "org_ppa_guid": "5904376408",
        "internal_id": "066.169_2022_06",
        "account_internal_id": "066.169_2022_06",
        "gis_id": "066.169_2022_06",
        "month": "15.06.2022",
        "credit": "1625.92",
        "saldo": "1528.52",
        "payment_value": "1625.92",
        "payment_date": "15.06.2022",
        "bill_value": "",
        "account_number": "",
        "bank_bik": ""
    },
    {
        "org_ppa_guid": "5904376408",
        "internal_id": "067_2022_06",
        "account_internal_id": "067_2022_06",
        "gis_id": "067_2022_06",
        "month": "15.06.2022",
        "credit": "1556.54",
        "saldo": "1463.3",
        "payment_value": "1556.54",
        "payment_date": "15.06.2022",
        "bill_value": "",
        "account_number": "",
        "bank_bik": ""
    },
    {
        "org_ppa_guid": "5904376408",
        "internal_id": "068_2022_06",
        "account_internal_id": "068_2022_06",
        "gis_id": "068_2022_06",
        "month": "15.06.2022",
        "credit": "1136.68",
        "saldo": "1136.68",
        "payment_value": "0.0",
        "payment_date": "",
        "bill_value": "",
        "account_number": "",
        "bank_bik": ""
    },
    {
        "org_ppa_guid": "5904376408",
        "internal_id": "068.163_2022_06",
        "account_internal_id": "068.163_2022_06",
        "gis_id": "068.163_2022_06",
        "month": "15.06.2022",
        "credit": "1052.77",
        "saldo": "989.71",
        "payment_value": "1052.77",
        "payment_date": "15.06.2022",
        "bill_value": "",
        "account_number": "",
        "bank_bik": ""
    },
    {
        "org_ppa_guid": "5904376408",
        "internal_id": "069_Возницкая_Нина_Ивановна,_069_2022_06",
        "account_internal_id": "069_Возницкая_Нина_Ивановна,_069_2022_06",
        "gis_id": "069_Возницкая_Нина_Ивановна,_069_2022_06",
        "month": "15.06.2022",
        "credit": "1052.77",
        "saldo": "989.71",
        "payment_value": "1052.77",
        "payment_date": "15.06.2022",
        "bill_value": "",
        "account_number": "",
        "bank_bik": ""
    },
    {
        "org_ppa_guid": "5904376408",
        "internal_id": "070_2022_06",
        "account_internal_id": "070_2022_06",
        "gis_id": "070_2022_06",
        "month": "15.06.2022",
        "credit": "-265.08",
        "saldo": "-265.08",
        "payment_value": "0.0",
        "payment_date": "",
        "bill_value": "",
        "account_number": "",
        "bank_bik": ""
    },
    {
        "org_ppa_guid": "5904376408",
        "internal_id": "070.168_2022_06",
        "account_internal_id": "070.168_2022_06",
        "gis_id": "070.168_2022_06",
        "month": "15.06.2022",
        "credit": "22.91",
        "saldo": "1487.85",
        "payment_value": "22.91",
        "payment_date": "15.06.2022",
        "bill_value": "",
        "account_number": "",
        "bank_bik": ""
    },
    {
        "org_ppa_guid": "5904376408",
        "internal_id": "071_2022_06",
        "account_internal_id": "071_2022_06",
        "gis_id": "071_2022_06",
        "month": "15.06.2022",
        "credit": "1058.81",
        "saldo": "995.39",
        "payment_value": "1058.81",
        "payment_date": "15.06.2022",
        "bill_value": "",
        "account_number": "",
        "bank_bik": ""
    },
    {
        "org_ppa_guid": "5904376408",
        "internal_id": "072_2022_06",
        "account_internal_id": "072_2022_06",
        "gis_id": "072_2022_06",
        "month": "15.06.2022",
        "credit": "-176.55",
        "saldo": "-176.55",
        "payment_value": "0.0",
        "payment_date": "",
        "bill_value": "",
        "account_number": "",
        "bank_bik": ""
    },
    {
        "org_ppa_guid": "5904376408",
        "internal_id": "072.171_2022_06",
        "account_internal_id": "072.171_2022_06",
        "gis_id": "072.171_2022_06",
        "month": "15.06.2022",
        "credit": "1058.81",
        "saldo": "995.39",
        "payment_value": "1058.81",
        "payment_date": "15.06.2022",
        "bill_value": "",
        "account_number": "",
        "bank_bik": ""
    },
    {
        "org_ppa_guid": "5904376408",
        "internal_id": "073_2022_06",
        "account_internal_id": "073_2022_06",
        "gis_id": "073_2022_06",
        "month": "15.06.2022",
        "credit": "1055.79",
        "saldo": "992.55",
        "payment_value": "1055.79",
        "payment_date": "15.06.2022",
        "bill_value": "",
        "account_number": "",
        "bank_bik": ""
    },
    {
        "org_ppa_guid": "5904376408",
        "internal_id": "074_2022_06",
        "account_internal_id": "074_2022_06",
        "gis_id": "074_2022_06",
        "month": "15.06.2022",
        "credit": "1063.21",
        "saldo": "2061.42",
        "payment_value": "0.0",
        "payment_date": "",
        "bill_value": "",
        "account_number": "",
        "bank_bik": ""
    },
    {
        "org_ppa_guid": "5904376408",
        "internal_id": "075_2022_06",
        "account_internal_id": "075_2022_06",
        "gis_id": "075_2022_06",
        "month": "15.06.2022",
        "credit": "1622.89",
        "saldo": "3148.57",
        "payment_value": "0.0",
        "payment_date": "",
        "bill_value": "",
        "account_number": "",
        "bank_bik": ""
    },
    {
        "org_ppa_guid": "5904376408",
        "internal_id": "076_2022_06",
        "account_internal_id": "076_2022_06",
        "gis_id": "076_2022_06",
        "month": "15.06.2022",
        "credit": "1537.45",
        "saldo": "1463.3",
        "payment_value": "1537.45",
        "payment_date": "15.06.2022",
        "bill_value": "",
        "account_number": "",
        "bank_bik": ""
    },
    {
        "org_ppa_guid": "5904376408",
        "internal_id": "077_2022_06",
        "account_internal_id": "077_2022_06",
        "gis_id": "077_2022_06",
        "month": "15.06.2022",
        "credit": "1055.79",
        "saldo": "992.55",
        "payment_value": "1055.79",
        "payment_date": "15.06.2022",
        "bill_value": "",
        "account_number": "",
        "bank_bik": ""
    },
    {
        "org_ppa_guid": "5904376408",
        "internal_id": "078_2022_06",
        "account_internal_id": "078_2022_06",
        "gis_id": "078_2022_06",
        "month": "15.06.2022",
        "credit": "2059.81",
        "saldo": "3062.31",
        "payment_value": "0.0",
        "payment_date": "",
        "bill_value": "",
        "account_number": "",
        "bank_bik": ""
    },
    {
        "org_ppa_guid": "5904376408",
        "internal_id": "079_2022_06",
        "account_internal_id": "079_2022_06",
        "gis_id": "079_2022_06",
        "month": "15.06.2022",
        "credit": "1589.71",
        "saldo": "1494.48",
        "payment_value": "1589.71",
        "payment_date": "15.06.2022",
        "bill_value": "",
        "account_number": "",
        "bank_bik": ""
    },
    {
        "org_ppa_guid": "5904376408",
        "internal_id": "080_2022_06",
        "account_internal_id": "080_2022_06",
        "gis_id": "080_2022_06",
        "month": "15.06.2022",
        "credit": "2932.25",
        "saldo": "3534.72",
        "payment_value": "400.0",
        "payment_date": "15.06.2022",
        "bill_value": "",
        "account_number": "",
        "bank_bik": ""
    },
    {
        "org_ppa_guid": "5904376408",
        "internal_id": "081_2022_06",
        "account_internal_id": "081_2022_06",
        "gis_id": "081_2022_06",
        "month": "15.06.2022",
        "credit": "22574.56",
        "saldo": "24326.23",
        "payment_value": "0.0",
        "payment_date": "",
        "bill_value": "",
        "account_number": "",
        "bank_bik": ""
    },
    {
        "org_ppa_guid": "5904376408",
        "internal_id": "082_2022_06",
        "account_internal_id": "082_2022_06",
        "gis_id": "082_2022_06",
        "month": "15.06.2022",
        "credit": "-177.82",
        "saldo": "-177.82",
        "payment_value": "0.0",
        "payment_date": "",
        "bill_value": "",
        "account_number": "",
        "bank_bik": ""
    },
    {
        "org_ppa_guid": "5904376408",
        "internal_id": "082.167_2022_06",
        "account_internal_id": "082.167_2022_06",
        "gis_id": "082.167_2022_06",
        "month": "15.06.2022",
        "credit": "1049.75",
        "saldo": "986.87",
        "payment_value": "1049.75",
        "payment_date": "15.06.2022",
        "bill_value": "",
        "account_number": "",
        "bank_bik": ""
    },
    {
        "org_ppa_guid": "5904376408",
        "internal_id": "083_2022_06",
        "account_internal_id": "083_2022_06",
        "gis_id": "083_2022_06",
        "month": "15.06.2022",
        "credit": "1037.7",
        "saldo": "975.54",
        "payment_value": "1037.7",
        "payment_date": "15.06.2022",
        "bill_value": "",
        "account_number": "",
        "bank_bik": ""
    },
    {
        "org_ppa_guid": "5904376408",
        "internal_id": "084_2022_06",
        "account_internal_id": "084_2022_06",
        "gis_id": "084_2022_06",
        "month": "15.06.2022",
        "credit": "1586.69",
        "saldo": "1491.65",
        "payment_value": "1586.69",
        "payment_date": "15.06.2022",
        "bill_value": "",
        "account_number": "",
        "bank_bik": ""
    },
    {
        "org_ppa_guid": "5904376408",
        "internal_id": "085_2022_06",
        "account_internal_id": "085_2022_06",
        "gis_id": "085_2022_06",
        "month": "15.06.2022",
        "credit": "1532.39",
        "saldo": "1440.6",
        "payment_value": "1532.39",
        "payment_date": "15.06.2022",
        "bill_value": "",
        "account_number": "",
        "bank_bik": ""
    },
    {
        "org_ppa_guid": "5904376408",
        "internal_id": "086_2022_06",
        "account_internal_id": "086_2022_06",
        "gis_id": "086_2022_06",
        "month": "15.06.2022",
        "credit": "1460.0",
        "saldo": "1372.54",
        "payment_value": "1460.0",
        "payment_date": "15.06.2022",
        "bill_value": "",
        "account_number": "",
        "bank_bik": ""
    },
    {
        "org_ppa_guid": "5904376408",
        "internal_id": "087_2022_06",
        "account_internal_id": "087_2022_06",
        "gis_id": "087_2022_06",
        "month": "15.06.2022",
        "credit": "1604.8",
        "saldo": "1508.67",
        "payment_value": "1604.8",
        "payment_date": "15.06.2022",
        "bill_value": "",
        "account_number": "",
        "bank_bik": ""
    },
    {
        "org_ppa_guid": "5904376408",
        "internal_id": "088_2022_06",
        "account_internal_id": "088_2022_06",
        "gis_id": "088_2022_06",
        "month": "15.06.2022",
        "credit": "2014.08",
        "saldo": "1930.18",
        "payment_value": "1080.27",
        "payment_date": "15.06.2022",
        "bill_value": "",
        "account_number": "",
        "bank_bik": ""
    },
    {
        "org_ppa_guid": "5904376408",
        "internal_id": "089_2022_06",
        "account_internal_id": "089_2022_06",
        "gis_id": "089_2022_06",
        "month": "15.06.2022",
        "credit": "1046.74",
        "saldo": "984.04",
        "payment_value": "1046.74",
        "payment_date": "15.06.2022",
        "bill_value": "",
        "account_number": "",
        "bank_bik": ""
    },
    {
        "org_ppa_guid": "5904376408",
        "internal_id": "090_2022_06",
        "account_internal_id": "090_2022_06",
        "gis_id": "090_2022_06",
        "month": "15.06.2022",
        "credit": "2040.71",
        "saldo": "986.61",
        "payment_value": "2036.19",
        "payment_date": "15.06.2022",
        "bill_value": "",
        "account_number": "",
        "bank_bik": ""
    },
    {
        "org_ppa_guid": "5904376408",
        "internal_id": "091_2022_06",
        "account_internal_id": "091_2022_06",
        "gis_id": "091_2022_06",
        "month": "15.06.2022",
        "credit": "103.18",
        "saldo": "986.87",
        "payment_value": "103.18",
        "payment_date": "15.06.2022",
        "bill_value": "",
        "account_number": "",
        "bank_bik": ""
    },
    {
        "org_ppa_guid": "5904376408",
        "internal_id": "092_2022_06",
        "account_internal_id": "092_2022_06",
        "gis_id": "092_2022_06",
        "month": "15.06.2022",
        "credit": "1556.54",
        "saldo": "1463.3",
        "payment_value": "1556.54",
        "payment_date": "15.06.2022",
        "bill_value": "",
        "account_number": "",
        "bank_bik": ""
    },
    {
        "org_ppa_guid": "5904376408",
        "internal_id": "093_2022_06",
        "account_internal_id": "093_2022_06",
        "gis_id": "093_2022_06",
        "month": "15.06.2022",
        "credit": "1538.44",
        "saldo": "1446.28",
        "payment_value": "1538.44",
        "payment_date": "15.06.2022",
        "bill_value": "",
        "account_number": "",
        "bank_bik": ""
    },
    {
        "org_ppa_guid": "5904376408",
        "internal_id": "094_2022_06",
        "account_internal_id": "094_2022_06",
        "gis_id": "094_2022_06",
        "month": "15.06.2022",
        "credit": "1037.7",
        "saldo": "975.54",
        "payment_value": "1037.7",
        "payment_date": "15.06.2022",
        "bill_value": "",
        "account_number": "",
        "bank_bik": ""
    },
    {
        "org_ppa_guid": "5904376408",
        "internal_id": "095_2022_06",
        "account_internal_id": "095_2022_06",
        "gis_id": "095_2022_06",
        "month": "15.06.2022",
        "credit": "1046.74",
        "saldo": "984.04",
        "payment_value": "1046.74",
        "payment_date": "15.06.2022",
        "bill_value": "",
        "account_number": "",
        "bank_bik": ""
    },
    {
        "org_ppa_guid": "5904376408",
        "internal_id": "096_2022_06",
        "account_internal_id": "096_2022_06",
        "gis_id": "096_2022_06",
        "month": "15.06.2022",
        "credit": "3147.11",
        "saldo": "1506.05",
        "payment_value": "3147.11",
        "payment_date": "15.06.2022",
        "bill_value": "",
        "account_number": "",
        "bank_bik": ""
    },
    {
        "org_ppa_guid": "5904376408",
        "internal_id": "097_2022_06",
        "account_internal_id": "097_2022_06",
        "gis_id": "097_2022_06",
        "month": "15.06.2022",
        "credit": "1049.75",
        "saldo": "986.87",
        "payment_value": "1049.75",
        "payment_date": "15.06.2022",
        "bill_value": "",
        "account_number": "",
        "bank_bik": ""
    },
    {
        "org_ppa_guid": "5904376408",
        "internal_id": "098_2022_06",
        "account_internal_id": "098_2022_06",
        "gis_id": "098_2022_06",
        "month": "15.06.2022",
        "credit": "-175.55",
        "saldo": "-175.55",
        "payment_value": "0.0",
        "payment_date": "",
        "bill_value": "",
        "account_number": "",
        "bank_bik": ""
    },
    {
        "org_ppa_guid": "5904376408",
        "internal_id": "098.170_2022_06",
        "account_internal_id": "098.170_2022_06",
        "gis_id": "098.170_2022_06",
        "month": "15.06.2022",
        "credit": "1052.77",
        "saldo": "637.22",
        "payment_value": "1405.26",
        "payment_date": "15.06.2022",
        "bill_value": "",
        "account_number": "",
        "bank_bik": ""
    },
    {
        "org_ppa_guid": "5904376408",
        "internal_id": "099_2022_06",
        "account_internal_id": "099_2022_06",
        "gis_id": "099_2022_06",
        "month": "15.06.2022",
        "credit": "1040.71",
        "saldo": "978.37",
        "payment_value": "1040.71",
        "payment_date": "15.06.2022",
        "bill_value": "",
        "account_number": "",
        "bank_bik": ""
    },
    {
        "org_ppa_guid": "5904376408",
        "internal_id": "100_2022_06",
        "account_internal_id": "100_2022_06",
        "gis_id": "100_2022_06",
        "month": "15.06.2022",
        "credit": "1049.75",
        "saldo": "986.87",
        "payment_value": "1049.75",
        "payment_date": "15.06.2022",
        "bill_value": "",
        "account_number": "",
        "bank_bik": ""
    },
    {
        "org_ppa_guid": "5904376408",
        "internal_id": "101_2022_06",
        "account_internal_id": "101_2022_06",
        "gis_id": "101_2022_06",
        "month": "15.06.2022",
        "credit": "1556.54",
        "saldo": "1463.3",
        "payment_value": "1556.54",
        "payment_date": "15.06.2022",
        "bill_value": "",
        "account_number": "",
        "bank_bik": ""
    },
    {
        "org_ppa_guid": "5904376408",
        "internal_id": "102_2022_06",
        "account_internal_id": "102_2022_06",
        "gis_id": "102_2022_06",
        "month": "15.06.2022",
        "credit": "1023.84",
        "saldo": "931.68",
        "payment_value": "1023.84",
        "payment_date": "15.06.2022",
        "bill_value": "",
        "account_number": "",
        "bank_bik": ""
    },
    {
        "org_ppa_guid": "5904376408",
        "internal_id": "103_2022_06",
        "account_internal_id": "103_2022_06",
        "gis_id": "103_2022_06",
        "month": "15.06.2022",
        "credit": "4037.49",
        "saldo": "5085.13",
        "payment_value": "0.0",
        "payment_date": "",
        "bill_value": "",
        "account_number": "",
        "bank_bik": ""
    },
    {
        "org_ppa_guid": "5904376408",
        "internal_id": "104_2022_06",
        "account_internal_id": "104_2022_06",
        "gis_id": "104_2022_06",
        "month": "15.06.2022",
        "credit": "1046.74",
        "saldo": "984.04",
        "payment_value": "1046.74",
        "payment_date": "15.06.2022",
        "bill_value": "",
        "account_number": "",
        "bank_bik": ""
    },
    {
        "org_ppa_guid": "5904376408",
        "internal_id": "105.165_2022_06",
        "account_internal_id": "105.165_2022_06",
        "gis_id": "105.165_2022_06",
        "month": "15.06.2022",
        "credit": "1598.77",
        "saldo": "1503.0",
        "payment_value": "1598.77",
        "payment_date": "15.06.2022",
        "bill_value": "",
        "account_number": "",
        "bank_bik": ""
    },
    {
        "org_ppa_guid": "5904376408",
        "internal_id": "106_2022_06",
        "account_internal_id": "106_2022_06",
        "gis_id": "106_2022_06",
        "month": "15.06.2022",
        "credit": "1049.75",
        "saldo": "986.87",
        "payment_value": "1049.75",
        "payment_date": "15.06.2022",
        "bill_value": "",
        "account_number": "",
        "bank_bik": ""
    },
    {
        "org_ppa_guid": "5904376408",
        "internal_id": "107_2022_06",
        "account_internal_id": "107_2022_06",
        "gis_id": "107_2022_06",
        "month": "15.06.2022",
        "credit": "1052.77",
        "saldo": "989.71",
        "payment_value": "1052.77",
        "payment_date": "15.06.2022",
        "bill_value": "",
        "account_number": "",
        "bank_bik": ""
    },
    {
        "org_ppa_guid": "5904376408",
        "internal_id": "108_2022_06",
        "account_internal_id": "108_2022_06",
        "gis_id": "108_2022_06",
        "month": "15.06.2022",
        "credit": "1040.71",
        "saldo": "978.37",
        "payment_value": "1040.71",
        "payment_date": "15.06.2022",
        "bill_value": "",
        "account_number": "",
        "bank_bik": ""
    },
    {
        "org_ppa_guid": "5904376408",
        "internal_id": "109_2022_06",
        "account_internal_id": "109_2022_06",
        "gis_id": "109_2022_06",
        "month": "15.06.2022",
        "credit": "1076.07",
        "saldo": "978.37",
        "payment_value": "1076.07",
        "payment_date": "15.06.2022",
        "bill_value": "",
        "account_number": "",
        "bank_bik": ""
    },
    {
        "org_ppa_guid": "5904376408",
        "internal_id": "110_2022_06",
        "account_internal_id": "110_2022_06",
        "gis_id": "110_2022_06",
        "month": "15.06.2022",
        "credit": "1556.93",
        "saldo": "1463.3",
        "payment_value": "1556.93",
        "payment_date": "15.06.2022",
        "bill_value": "",
        "account_number": "",
        "bank_bik": ""
    },
    {
        "org_ppa_guid": "5904376408",
        "internal_id": "111_2022_06",
        "account_internal_id": "111_2022_06",
        "gis_id": "111_2022_06",
        "month": "15.06.2022",
        "credit": "1538.44",
        "saldo": "1446.28",
        "payment_value": "1538.44",
        "payment_date": "15.06.2022",
        "bill_value": "",
        "account_number": "",
        "bank_bik": ""
    },
    {
        "org_ppa_guid": "5904376408",
        "internal_id": "112_2022_06",
        "account_internal_id": "112_2022_06",
        "gis_id": "112_2022_06",
        "month": "15.06.2022",
        "credit": "1040.71",
        "saldo": "978.37",
        "payment_value": "1040.71",
        "payment_date": "15.06.2022",
        "bill_value": "",
        "account_number": "",
        "bank_bik": ""
    },
    {
        "org_ppa_guid": "5904376408",
        "internal_id": "113_2022_06",
        "account_internal_id": "113_2022_06",
        "gis_id": "113_2022_06",
        "month": "15.06.2022",
        "credit": "3071.6",
        "saldo": "4089.32",
        "payment_value": "0.0",
        "payment_date": "",
        "bill_value": "",
        "account_number": "",
        "bank_bik": ""
    },
    {
        "org_ppa_guid": "5904376408",
        "internal_id": "114_2022_06",
        "account_internal_id": "114_2022_06",
        "gis_id": "114_2022_06",
        "month": "15.06.2022",
        "credit": "3198.87",
        "saldo": "3171.89",
        "payment_value": "1564.0",
        "payment_date": "15.06.2022",
        "bill_value": "",
        "account_number": "",
        "bank_bik": ""
    },
    {
        "org_ppa_guid": "5904376408",
        "internal_id": "115_2022_06",
        "account_internal_id": "115_2022_06",
        "gis_id": "115_2022_06",
        "month": "15.06.2022",
        "credit": "32355.01",
        "saldo": "34091.72",
        "payment_value": "0.0",
        "payment_date": "",
        "bill_value": "",
        "account_number": "",
        "bank_bik": ""
    },
    {
        "org_ppa_guid": "5904376408",
        "internal_id": "116_2022_06",
        "account_internal_id": "116_2022_06",
        "gis_id": "116_2022_06",
        "month": "15.06.2022",
        "credit": "1061.82",
        "saldo": "998.21",
        "payment_value": "1061.82",
        "payment_date": "15.06.2022",
        "bill_value": "",
        "account_number": "",
        "bank_bik": ""
    },
    {
        "org_ppa_guid": "5904376408",
        "internal_id": "117_2022_06",
        "account_internal_id": "117_2022_06",
        "gis_id": "117_2022_06",
        "month": "15.06.2022",
        "credit": "-173.54",
        "saldo": "-173.54",
        "payment_value": "0.0",
        "payment_date": "",
        "bill_value": "",
        "account_number": "",
        "bank_bik": ""
    },
    {
        "org_ppa_guid": "5904376408",
        "internal_id": "117.166_2022_06",
        "account_internal_id": "117.166_2022_06",
        "gis_id": "117.166_2022_06",
        "month": "15.06.2022",
        "credit": "1040.71",
        "saldo": "2019.53",
        "payment_value": "0.0",
        "payment_date": "",
        "bill_value": "",
        "account_number": "",
        "bank_bik": ""
    },
    {
        "org_ppa_guid": "5904376408",
        "internal_id": "118_2022_06",
        "account_internal_id": "118_2022_06",
        "gis_id": "118_2022_06",
        "month": "15.06.2022",
        "credit": "1049.75",
        "saldo": "2036.62",
        "payment_value": "0.0",
        "payment_date": "",
        "bill_value": "",
        "account_number": "",
        "bank_bik": ""
    },
    {
        "org_ppa_guid": "5904376408",
        "internal_id": "119_2022_06",
        "account_internal_id": "119_2022_06",
        "gis_id": "119_2022_06",
        "month": "15.06.2022",
        "credit": "1556.54",
        "saldo": "1463.3",
        "payment_value": "1556.54",
        "payment_date": "15.06.2022",
        "bill_value": "",
        "account_number": "",
        "bank_bik": ""
    },
    {
        "org_ppa_guid": "5904376408",
        "internal_id": "120_2022_06",
        "account_internal_id": "120_2022_06",
        "gis_id": "120_2022_06",
        "month": "15.06.2022",
        "credit": "1538.44",
        "saldo": "1446.28",
        "payment_value": "1538.44",
        "payment_date": "15.06.2022",
        "bill_value": "",
        "account_number": "",
        "bank_bik": ""
    },
    {
        "org_ppa_guid": "5904376408",
        "internal_id": "121_2022_06",
        "account_internal_id": "121_2022_06",
        "gis_id": "121_2022_06",
        "month": "15.06.2022",
        "credit": "1037.7",
        "saldo": "975.54",
        "payment_value": "1037.7",
        "payment_date": "15.06.2022",
        "bill_value": "",
        "account_number": "",
        "bank_bik": ""
    },
    {
        "org_ppa_guid": "5904376408",
        "internal_id": "122_2022_06",
        "account_internal_id": "122_2022_06",
        "gis_id": "122_2022_06",
        "month": "15.06.2022",
        "credit": "1046.74",
        "saldo": "984.04",
        "payment_value": "1046.74",
        "payment_date": "15.06.2022",
        "bill_value": "",
        "account_number": "",
        "bank_bik": ""
    },
    {
        "org_ppa_guid": "5904376408",
        "internal_id": "123_2022_06",
        "account_internal_id": "123_2022_06",
        "gis_id": "123_2022_06",
        "month": "15.06.2022",
        "credit": "3128.62",
        "saldo": "1503.7",
        "payment_value": "3128.62",
        "payment_date": "15.06.2022",
        "bill_value": "",
        "account_number": "",
        "bank_bik": ""
    },
    {
        "org_ppa_guid": "5904376408",
        "internal_id": "124_2022_06",
        "account_internal_id": "124_2022_06",
        "gis_id": "124_2022_06",
        "month": "15.06.2022",
        "credit": "1049.75",
        "saldo": "986.87",
        "payment_value": "1049.75",
        "payment_date": "15.06.2022",
        "bill_value": "",
        "account_number": "",
        "bank_bik": ""
    },
    {
        "org_ppa_guid": "5904376408",
        "internal_id": "125_2022_06",
        "account_internal_id": "125_2022_06",
        "gis_id": "125_2022_06",
        "month": "15.06.2022",
        "credit": "1052.77",
        "saldo": "989.71",
        "payment_value": "1052.77",
        "payment_date": "15.06.2022",
        "bill_value": "",
        "account_number": "",
        "bank_bik": ""
    },
    {
        "org_ppa_guid": "5904376408",
        "internal_id": "126_2022_06",
        "account_internal_id": "126_2022_06",
        "gis_id": "126_2022_06",
        "month": "15.06.2022",
        "credit": "1040.71",
        "saldo": "978.37",
        "payment_value": "1040.71",
        "payment_date": "15.06.2022",
        "bill_value": "",
        "account_number": "",
        "bank_bik": ""
    },
    {
        "org_ppa_guid": "5904376408",
        "internal_id": "127_2022_06",
        "account_internal_id": "127_2022_06",
        "gis_id": "127_2022_06",
        "month": "15.06.2022",
        "credit": "2042.1",
        "saldo": "984.53",
        "payment_value": "2042.1",
        "payment_date": "15.06.2022",
        "bill_value": "",
        "account_number": "",
        "bank_bik": ""
    },
    {
        "org_ppa_guid": "5904376408",
        "internal_id": "128_2022_06",
        "account_internal_id": "128_2022_06",
        "gis_id": "128_2022_06",
        "month": "15.06.2022",
        "credit": "1556.54",
        "saldo": "1463.3",
        "payment_value": "1556.54",
        "payment_date": "15.06.2022",
        "bill_value": "",
        "account_number": "",
        "bank_bik": ""
    },
    {
        "org_ppa_guid": "5904376408",
        "internal_id": "129_2022_06",
        "account_internal_id": "129_2022_06",
        "gis_id": "129_2022_06",
        "month": "15.06.2022",
        "credit": "1538.44",
        "saldo": "1446.28",
        "payment_value": "1538.44",
        "payment_date": "15.06.2022",
        "bill_value": "",
        "account_number": "",
        "bank_bik": ""
    },
    {
        "org_ppa_guid": "5904376408",
        "internal_id": "130_2022_06",
        "account_internal_id": "130_2022_06",
        "gis_id": "130_2022_06",
        "month": "15.06.2022",
        "credit": "1037.7",
        "saldo": "975.54",
        "payment_value": "1037.7",
        "payment_date": "15.06.2022",
        "bill_value": "",
        "account_number": "",
        "bank_bik": ""
    },
    {
        "org_ppa_guid": "5904376408",
        "internal_id": "131_2022_06",
        "account_internal_id": "131_2022_06",
        "gis_id": "131_2022_06",
        "month": "15.06.2022",
        "credit": "12455.57",
        "saldo": "12299.27",
        "payment_value": "1500.0",
        "payment_date": "15.06.2022",
        "bill_value": "",
        "account_number": "",
        "bank_bik": ""
    },
    {
        "org_ppa_guid": "5904376408",
        "internal_id": "132_2022_06",
        "account_internal_id": "132_2022_06",
        "gis_id": "132_2022_06",
        "month": "15.06.2022",
        "credit": "29724.8",
        "saldo": "32326.6",
        "payment_value": "0.0",
        "payment_date": "",
        "bill_value": "",
        "account_number": "",
        "bank_bik": ""
    },
    {
        "org_ppa_guid": "5904376408",
        "internal_id": "133_2022_06",
        "account_internal_id": "133_2022_06",
        "gis_id": "133_2022_06",
        "month": "15.06.2022",
        "credit": "1049.75",
        "saldo": "2036.62",
        "payment_value": "0.0",
        "payment_date": "",
        "bill_value": "",
        "account_number": "",
        "bank_bik": ""
    },
    {
        "org_ppa_guid": "5904376408",
        "internal_id": "134_2022_06",
        "account_internal_id": "134_2022_06",
        "gis_id": "134_2022_06",
        "month": "15.06.2022",
        "credit": "1037.7",
        "saldo": "975.54",
        "payment_value": "1037.7",
        "payment_date": "15.06.2022",
        "bill_value": "",
        "account_number": "",
        "bank_bik": ""
    },
    {
        "org_ppa_guid": "5904376408",
        "internal_id": "135_2022_06",
        "account_internal_id": "135_2022_06",
        "gis_id": "135_2022_06",
        "month": "15.06.2022",
        "credit": "1040.71",
        "saldo": "978.37",
        "payment_value": "1040.71",
        "payment_date": "15.06.2022",
        "bill_value": "",
        "account_number": "",
        "bank_bik": ""
    },
    {
        "org_ppa_guid": "5904376408",
        "internal_id": "136_2022_06",
        "account_internal_id": "136_2022_06",
        "gis_id": "136_2022_06",
        "month": "15.06.2022",
        "credit": "1049.75",
        "saldo": "986.87",
        "payment_value": "1049.75",
        "payment_date": "15.06.2022",
        "bill_value": "",
        "account_number": "",
        "bank_bik": ""
    },
    {
        "org_ppa_guid": "5904376408",
        "internal_id": "137_2022_06",
        "account_internal_id": "137_2022_06",
        "gis_id": "137_2022_06",
        "month": "15.06.2022",
        "credit": "1556.54",
        "saldo": "1463.3",
        "payment_value": "1556.54",
        "payment_date": "15.06.2022",
        "bill_value": "",
        "account_number": "",
        "bank_bik": ""
    },
    {
        "org_ppa_guid": "5904376408",
        "internal_id": "138_2022_06",
        "account_internal_id": "138_2022_06",
        "gis_id": "138_2022_06",
        "month": "15.06.2022",
        "credit": "8793.15",
        "saldo": "10427.51",
        "payment_value": "0.0",
        "payment_date": "",
        "bill_value": "",
        "account_number": "",
        "bank_bik": ""
    },
    {
        "org_ppa_guid": "5904376408",
        "internal_id": "139_2022_06",
        "account_internal_id": "139_2022_06",
        "gis_id": "139_2022_06",
        "month": "15.06.2022",
        "credit": "1037.7",
        "saldo": "975.54",
        "payment_value": "1037.7",
        "payment_date": "15.06.2022",
        "bill_value": "",
        "account_number": "",
        "bank_bik": ""
    },
    {
        "org_ppa_guid": "5904376408",
        "internal_id": "140_2022_06",
        "account_internal_id": "140_2022_06",
        "gis_id": "140_2022_06",
        "month": "15.06.2022",
        "credit": "1046.74",
        "saldo": "984.04",
        "payment_value": "1046.74",
        "payment_date": "15.06.2022",
        "bill_value": "",
        "account_number": "",
        "bank_bik": ""
    },
    {
        "org_ppa_guid": "5904376408",
        "internal_id": "141_2022_06",
        "account_internal_id": "141_2022_06",
        "gis_id": "141_2022_06",
        "month": "15.06.2022",
        "credit": "1598.77",
        "saldo": "1503.0",
        "payment_value": "1598.77",
        "payment_date": "15.06.2022",
        "bill_value": "",
        "account_number": "",
        "bank_bik": ""
    },
    {
        "org_ppa_guid": "5904376408",
        "internal_id": "142_2022_06",
        "account_internal_id": "142_2022_06",
        "gis_id": "142_2022_06",
        "month": "15.06.2022",
        "credit": "-175.04",
        "saldo": "-175.04",
        "payment_value": "0.0",
        "payment_date": "",
        "bill_value": "",
        "account_number": "",
        "bank_bik": ""
    },
    {
        "org_ppa_guid": "5904376408",
        "internal_id": "142.173_2022_06",
        "account_internal_id": "142.173_2022_06",
        "gis_id": "142.173_2022_06",
        "month": "15.06.2022",
        "credit": "1049.75",
        "saldo": "986.87",
        "payment_value": "1049.75",
        "payment_date": "15.06.2022",
        "bill_value": "",
        "account_number": "",
        "bank_bik": ""
    },
    {
        "org_ppa_guid": "5904376408",
        "internal_id": "143_2022_06",
        "account_internal_id": "143_2022_06",
        "gis_id": "143_2022_06",
        "month": "15.06.2022",
        "credit": "45.75",
        "saldo": "989.71",
        "payment_value": "45.75",
        "payment_date": "15.06.2022",
        "bill_value": "",
        "account_number": "",
        "bank_bik": ""
    },
    {
        "org_ppa_guid": "5904376408",
        "internal_id": "144_2022_06",
        "account_internal_id": "144_2022_06",
        "gis_id": "144_2022_06",
        "month": "15.06.2022",
        "credit": "1037.7",
        "saldo": "975.54",
        "payment_value": "1037.7",
        "payment_date": "15.06.2022",
        "bill_value": "",
        "account_number": "",
        "bank_bik": ""
    },
    {
        "org_ppa_guid": "5904376408",
        "internal_id": "145_2022_06",
        "account_internal_id": "145_2022_06",
        "gis_id": "145_2022_06",
        "month": "15.06.2022",
        "credit": "1049.75",
        "saldo": "986.87",
        "payment_value": "1049.75",
        "payment_date": "15.06.2022",
        "bill_value": "",
        "account_number": "",
        "bank_bik": ""
    },
    {
        "org_ppa_guid": "5904376408",
        "internal_id": "146_2022_06",
        "account_internal_id": "146_2022_06",
        "gis_id": "146_2022_06",
        "month": "15.06.2022",
        "credit": "372.53",
        "saldo": "372.53",
        "payment_value": "0.0",
        "payment_date": "",
        "bill_value": "",
        "account_number": "",
        "bank_bik": ""
    },
    {
        "org_ppa_guid": "5904376408",
        "internal_id": "146.164_2022_06",
        "account_internal_id": "146.164_2022_06",
        "gis_id": "146.164_2022_06",
        "month": "15.06.2022",
        "credit": "1556.54",
        "saldo": "1463.3",
        "payment_value": "1556.54",
        "payment_date": "15.06.2022",
        "bill_value": "",
        "account_number": "",
        "bank_bik": ""
    },
    {
        "org_ppa_guid": "5904376408",
        "internal_id": "147_2022_06",
        "account_internal_id": "147_2022_06",
        "gis_id": "147_2022_06",
        "month": "15.06.2022",
        "credit": "1538.44",
        "saldo": "1446.28",
        "payment_value": "1538.44",
        "payment_date": "15.06.2022",
        "bill_value": "",
        "account_number": "",
        "bank_bik": ""
    },
    {
        "org_ppa_guid": "5904376408",
        "internal_id": "148_2022_06",
        "account_internal_id": "148_2022_06",
        "gis_id": "148_2022_06",
        "month": "15.06.2022",
        "credit": "2030.3",
        "saldo": "2013.24",
        "payment_value": "992.6",
        "payment_date": "15.06.2022",
        "bill_value": "",
        "account_number": "",
        "bank_bik": ""
    },
    {
        "org_ppa_guid": "5904376408",
        "internal_id": "149_2022_06",
        "account_internal_id": "149_2022_06",
        "gis_id": "149_2022_06",
        "month": "15.06.2022",
        "credit": "1046.74",
        "saldo": "984.04",
        "payment_value": "1046.74",
        "payment_date": "15.06.2022",
        "bill_value": "",
        "account_number": "",
        "bank_bik": ""
    },
    {
        "org_ppa_guid": "5904376408",
        "internal_id": "150_2022_06",
        "account_internal_id": "150_2022_06",
        "gis_id": "150_2022_06",
        "month": "15.06.2022",
        "credit": "1598.77",
        "saldo": "1503.0",
        "payment_value": "1598.77",
        "payment_date": "15.06.2022",
        "bill_value": "",
        "account_number": "",
        "bank_bik": ""
    },
    {
        "org_ppa_guid": "5904376408",
        "internal_id": "151_2022_06",
        "account_internal_id": "151_2022_06",
        "gis_id": "151_2022_06",
        "month": "15.06.2022",
        "credit": "2053.88",
        "saldo": "3053.47",
        "payment_value": "0.0",
        "payment_date": "",
        "bill_value": "",
        "account_number": "",
        "bank_bik": ""
    },
    {
        "org_ppa_guid": "5904376408",
        "internal_id": "152_2022_06",
        "account_internal_id": "152_2022_06",
        "gis_id": "152_2022_06",
        "month": "15.06.2022",
        "credit": "1052.77",
        "saldo": "989.71",
        "payment_value": "1052.77",
        "payment_date": "15.06.2022",
        "bill_value": "",
        "account_number": "",
        "bank_bik": ""
    },
    {
        "org_ppa_guid": "5904376408",
        "internal_id": "153_2022_06",
        "account_internal_id": "153_2022_06",
        "gis_id": "153_2022_06",
        "month": "15.06.2022",
        "credit": "1040.71",
        "saldo": "978.37",
        "payment_value": "1040.71",
        "payment_date": "15.06.2022",
        "bill_value": "",
        "account_number": "",
        "bank_bik": ""
    },
    {
        "org_ppa_guid": "5904376408",
        "internal_id": "154_2022_06",
        "account_internal_id": "154_2022_06",
        "gis_id": "154_2022_06",
        "month": "15.06.2022",
        "credit": "1049.75",
        "saldo": "634.9",
        "payment_value": "1401.72",
        "payment_date": "15.06.2022",
        "bill_value": "",
        "account_number": "",
        "bank_bik": ""
    },
    {
        "org_ppa_guid": "5904376408",
        "internal_id": "155_2022_06",
        "account_internal_id": "155_2022_06",
        "gis_id": "155_2022_06",
        "month": "15.06.2022",
        "credit": "1559.37",
        "saldo": "1466.13",
        "payment_value": "1559.37",
        "payment_date": "15.06.2022",
        "bill_value": "",
        "account_number": "",
        "bank_bik": ""
    },
    {
        "org_ppa_guid": "5904376408",
        "internal_id": "156_2022_06",
        "account_internal_id": "156_2022_06",
        "gis_id": "156_2022_06",
        "month": "15.06.2022",
        "credit": "2670.54",
        "saldo": "2579.65",
        "payment_value": "1517.32",
        "payment_date": "15.06.2022",
        "bill_value": "",
        "account_number": "",
        "bank_bik": ""
    },
    {
        "org_ppa_guid": "5904376408",
        "internal_id": "157_2022_06",
        "account_internal_id": "157_2022_06",
        "gis_id": "157_2022_06",
        "month": "15.06.2022",
        "credit": "1037.7",
        "saldo": "975.54",
        "payment_value": "1037.7",
        "payment_date": "15.06.2022",
        "bill_value": "",
        "account_number": "",
        "bank_bik": ""
    },
    {
        "org_ppa_guid": "5904376408",
        "internal_id": "158_2022_06",
        "account_internal_id": "158_2022_06",
        "gis_id": "158_2022_06",
        "month": "15.06.2022",
        "credit": "1046.74",
        "saldo": "984.04",
        "payment_value": "1046.74",
        "payment_date": "15.06.2022",
        "bill_value": "",
        "account_number": "",
        "bank_bik": ""
    },
    {
        "org_ppa_guid": "5904376408",
        "internal_id": "159_2022_06",
        "account_internal_id": "159_2022_06",
        "gis_id": "159_2022_06",
        "month": "15.06.2022",
        "credit": "1653.07",
        "saldo": "1554.05",
        "payment_value": "1653.07",
        "payment_date": "15.06.2022",
        "bill_value": "",
        "account_number": "",
        "bank_bik": ""
    },
    {
        "org_ppa_guid": "5904376408",
        "internal_id": "160_2022_06",
        "account_internal_id": "160_2022_06",
        "gis_id": "160_2022_06",
        "month": "15.06.2022",
        "credit": "1049.75",
        "saldo": "986.87",
        "payment_value": "1049.75",
        "payment_date": "15.06.2022",
        "bill_value": "",
        "account_number": "",
        "bank_bik": ""
    },
    {
        "org_ppa_guid": "5904376408",
        "internal_id": "161_2022_06",
        "account_internal_id": "161_2022_06",
        "gis_id": "161_2022_06",
        "month": "15.06.2022",
        "credit": "1052.77",
        "saldo": "989.71",
        "payment_value": "1052.77",
        "payment_date": "15.06.2022",
        "bill_value": "",
        "account_number": "",
        "bank_bik": ""
    }
]