[
    {
        "org_ppa_guid": "5905240015",
        "internal_id": "00012_2022_02",
        "pp_internal_id": "00012_2022_02",
        "calc_value": "2312.1",
        "tariff": "",
        "service_internal_id": "ХВС",
        "rr": "",
        "recalculation": "",
        "accounting_period_total": "2312.1"
    },
    {
        "org_ppa_guid": "5905240015",
        "internal_id": "021_2022_02",
        "pp_internal_id": "021_2022_02",
        "calc_value": "6707.91",
        "tariff": "",
        "service_internal_id": "Услуги",
        "rr": "",
        "recalculation": "",
        "accounting_period_total": "6707.91"
    },
    {
        "org_ppa_guid": "5905240015",
        "internal_id": "068_2022_02",
        "pp_internal_id": "068_2022_02",
        "calc_value": "429.39",
        "tariff": "",
        "service_internal_id": "ХВС",
        "rr": "",
        "recalculation": "",
        "accounting_period_total": "429.39"
    },
    {
        "org_ppa_guid": "5905240015",
        "internal_id": "1_2022_02",
        "pp_internal_id": "1_2022_02",
        "calc_value": "198.18",
        "tariff": "",
        "service_internal_id": "ХВС",
        "rr": "",
        "recalculation": "",
        "accounting_period_total": "198.18"
    },
    {
        "org_ppa_guid": "5905240015",
        "internal_id": "10_2022_02",
        "pp_internal_id": "10_2022_02",
        "calc_value": "891.81",
        "tariff": "",
        "service_internal_id": "ХВС",
        "rr": "",
        "recalculation": "",
        "accounting_period_total": "891.81"
    },
    {
        "org_ppa_guid": "5905240015",
        "internal_id": "13_2022_02",
        "pp_internal_id": "13_2022_02",
        "calc_value": "231.21",
        "tariff": "",
        "service_internal_id": "ХВС",
        "rr": "",
        "recalculation": "",
        "accounting_period_total": "231.21"
    },
    {
        "org_ppa_guid": "5905240015",
        "internal_id": "14_2022_02",
        "pp_internal_id": "14_2022_02",
        "calc_value": "594.54",
        "tariff": "",
        "service_internal_id": "ХВС",
        "rr": "",
        "recalculation": "",
        "accounting_period_total": "594.54"
    },
    {
        "org_ppa_guid": "5905240015",
        "internal_id": "15_2022_02",
        "pp_internal_id": "15_2022_02",
        "calc_value": "476.94",
        "tariff": "",
        "service_internal_id": "Электроэнергия",
        "rr": "",
        "recalculation": "",
        "accounting_period_total": "476.94"
    },
    {
        "org_ppa_guid": "5905240015",
        "internal_id": "16_2022_02",
        "pp_internal_id": "16_2022_02",
        "calc_value": "165.15",
        "tariff": "",
        "service_internal_id": "ХВС",
        "rr": "",
        "recalculation": "",
        "accounting_period_total": "165.15"
    },
    {
        "org_ppa_guid": "5905240015",
        "internal_id": "17_2022_02",
        "pp_internal_id": "17_2022_02",
        "calc_value": "174.05",
        "tariff": "",
        "service_internal_id": "ХВС",
        "rr": "",
        "recalculation": "",
        "accounting_period_total": "174.05"
    },
    {
        "org_ppa_guid": "5905240015",
        "internal_id": "18_2022_02",
        "pp_internal_id": "18_2022_02",
        "calc_value": "165.15",
        "tariff": "",
        "service_internal_id": "ХВС",
        "rr": "",
        "recalculation": "",
        "accounting_period_total": "165.15"
    },
    {
        "org_ppa_guid": "5905240015",
        "internal_id": "19_2022_02",
        "pp_internal_id": "19_2022_02",
        "calc_value": "66.06",
        "tariff": "",
        "service_internal_id": "ХВС",
        "rr": "",
        "recalculation": "",
        "accounting_period_total": "66.06"
    },
    {
        "org_ppa_guid": "5905240015",
        "internal_id": "2_2022_02",
        "pp_internal_id": "2_2022_02",
        "calc_value": "759.69",
        "tariff": "",
        "service_internal_id": "ХВС",
        "rr": "",
        "recalculation": "",
        "accounting_period_total": "759.69"
    },
    {
        "org_ppa_guid": "5905240015",
        "internal_id": "20_2022_02",
        "pp_internal_id": "20_2022_02",
        "calc_value": "354.4",
        "tariff": "",
        "service_internal_id": "Электроэнергия",
        "rr": "",
        "recalculation": "",
        "accounting_period_total": "354.4"
    },
    {
        "org_ppa_guid": "5905240015",
        "internal_id": "22_2022_02",
        "pp_internal_id": "22_2022_02",
        "calc_value": "297.27",
        "tariff": "",
        "service_internal_id": "ХВС",
        "rr": "",
        "recalculation": "",
        "accounting_period_total": "297.27"
    },
    {
        "org_ppa_guid": "5905240015",
        "internal_id": "23_2022_02",
        "pp_internal_id": "23_2022_02",
        "calc_value": "873.9",
        "tariff": "",
        "service_internal_id": "ХВС",
        "rr": "",
        "recalculation": "",
        "accounting_period_total": "873.9"
    },
    {
        "org_ppa_guid": "5905240015",
        "internal_id": "24_2022_02",
        "pp_internal_id": "24_2022_02",
        "calc_value": "820.12",
        "tariff": "",
        "service_internal_id": "ХВС",
        "rr": "",
        "recalculation": "",
        "accounting_period_total": "820.12"
    },
    {
        "org_ppa_guid": "5905240015",
        "internal_id": "25_2022_02",
        "pp_internal_id": "25_2022_02",
        "calc_value": "429.39",
        "tariff": "",
        "service_internal_id": "ХВС",
        "rr": "",
        "recalculation": "",
        "accounting_period_total": "429.39"
    },
    {
        "org_ppa_guid": "5905240015",
        "internal_id": "26_2022_02",
        "pp_internal_id": "26_2022_02",
        "calc_value": "233.82",
        "tariff": "",
        "service_internal_id": "Электроэнергия",
        "rr": "",
        "recalculation": "",
        "accounting_period_total": "233.82"
    },
    {
        "org_ppa_guid": "5905240015",
        "internal_id": "27_2022_02",
        "pp_internal_id": "27_2022_02",
        "calc_value": "231.21",
        "tariff": "",
        "service_internal_id": "ХВС",
        "rr": "",
        "recalculation": "",
        "accounting_period_total": "231.21"
    },
    {
        "org_ppa_guid": "5905240015",
        "internal_id": "28_2022_02",
        "pp_internal_id": "28_2022_02",
        "calc_value": "231.21",
        "tariff": "",
        "service_internal_id": "ХВС",
        "rr": "",
        "recalculation": "",
        "accounting_period_total": "231.21"
    },
    {
        "org_ppa_guid": "5905240015",
        "internal_id": "29_2022_02",
        "pp_internal_id": "29_2022_02",
        "calc_value": "132.12",
        "tariff": "",
        "service_internal_id": "ХВС",
        "rr": "",
        "recalculation": "",
        "accounting_period_total": "132.12"
    },
    {
        "org_ppa_guid": "5905240015",
        "internal_id": "3_2022_02",
        "pp_internal_id": "3_2022_02",
        "calc_value": "429.39",
        "tariff": "",
        "service_internal_id": "ХВС",
        "rr": "",
        "recalculation": "",
        "accounting_period_total": "429.39"
    },
    {
        "org_ppa_guid": "5905240015",
        "internal_id": "30_2022_02",
        "pp_internal_id": "30_2022_02",
        "calc_value": "594.54",
        "tariff": "",
        "service_internal_id": "ХВС",
        "rr": "",
        "recalculation": "",
        "accounting_period_total": "594.54"
    },
    {
        "org_ppa_guid": "5905240015",
        "internal_id": "31_2022_02",
        "pp_internal_id": "31_2022_02",
        "calc_value": "627.57",
        "tariff": "",
        "service_internal_id": "ХВС",
        "rr": "",
        "recalculation": "",
        "accounting_period_total": "627.57"
    },
    {
        "org_ppa_guid": "5905240015",
        "internal_id": "32_2022_02",
        "pp_internal_id": "32_2022_02",
        "calc_value": "759.69",
        "tariff": "",
        "service_internal_id": "ХВС",
        "rr": "",
        "recalculation": "",
        "accounting_period_total": "759.69"
    },
    {
        "org_ppa_guid": "5905240015",
        "internal_id": "33_2022_02",
        "pp_internal_id": "33_2022_02",
        "calc_value": "132.12",
        "tariff": "",
        "service_internal_id": "ХВС",
        "rr": "",
        "recalculation": "",
        "accounting_period_total": "132.12"
    },
    {
        "org_ppa_guid": "5905240015",
        "internal_id": "34_2022_02",
        "pp_internal_id": "34_2022_02",
        "calc_value": "3038.76",
        "tariff": "",
        "service_internal_id": "ХВС",
        "rr": "",
        "recalculation": "",
        "accounting_period_total": "3038.76"
    },
    {
        "org_ppa_guid": "5905240015",
        "internal_id": "35_2022_02",
        "pp_internal_id": "35_2022_02",
        "calc_value": "825.75",
        "tariff": "",
        "service_internal_id": "ХВС",
        "rr": "",
        "recalculation": "",
        "accounting_period_total": "825.75"
    },
    {
        "org_ppa_guid": "5905240015",
        "internal_id": "36_2022_02",
        "pp_internal_id": "36_2022_02",
        "calc_value": "99.09",
        "tariff": "",
        "service_internal_id": "ХВС",
        "rr": "",
        "recalculation": "",
        "accounting_period_total": "99.09"
    },
    {
        "org_ppa_guid": "5905240015",
        "internal_id": "37_2022_02",
        "pp_internal_id": "37_2022_02",
        "calc_value": "330.3",
        "tariff": "",
        "service_internal_id": "ХВС",
        "rr": "",
        "recalculation": "",
        "accounting_period_total": "330.3"
    },
    {
        "org_ppa_guid": "5905240015",
        "internal_id": "38_2022_02",
        "pp_internal_id": "38_2022_02",
        "calc_value": "77.94",
        "tariff": "",
        "service_internal_id": "Электроэнергия",
        "rr": "",
        "recalculation": "",
        "accounting_period_total": "77.94"
    },
    {
        "org_ppa_guid": "5905240015",
        "internal_id": "39_2022_02",
        "pp_internal_id": "39_2022_02",
        "calc_value": "99.09",
        "tariff": "",
        "service_internal_id": "ХВС",
        "rr": "",
        "recalculation": "",
        "accounting_period_total": "99.09"
    },
    {
        "org_ppa_guid": "5905240015",
        "internal_id": "4_2022_02",
        "pp_internal_id": "4_2022_02",
        "calc_value": "330.3",
        "tariff": "",
        "service_internal_id": "ХВС",
        "rr": "",
        "recalculation": "",
        "accounting_period_total": "330.3"
    },
    {
        "org_ppa_guid": "5905240015",
        "internal_id": "40_2022_02",
        "pp_internal_id": "40_2022_02",
        "calc_value": "132.12",
        "tariff": "",
        "service_internal_id": "ХВС",
        "rr": "",
        "recalculation": "",
        "accounting_period_total": "132.12"
    },
    {
        "org_ppa_guid": "5905240015",
        "internal_id": "41_2022_02",
        "pp_internal_id": "41_2022_02",
        "calc_value": "231.21",
        "tariff": "",
        "service_internal_id": "ХВС",
        "rr": "",
        "recalculation": "",
        "accounting_period_total": "231.21"
    },
    {
        "org_ppa_guid": "5905240015",
        "internal_id": "42_2022_02",
        "pp_internal_id": "42_2022_02",
        "calc_value": "858.78",
        "tariff": "",
        "service_internal_id": "ХВС",
        "rr": "",
        "recalculation": "",
        "accounting_period_total": "858.78"
    },
    {
        "org_ppa_guid": "5905240015",
        "internal_id": "43_2022_02",
        "pp_internal_id": "43_2022_02",
        "calc_value": "198.18",
        "tariff": "",
        "service_internal_id": "ХВС",
        "rr": "",
        "recalculation": "",
        "accounting_period_total": "198.18"
    },
    {
        "org_ppa_guid": "5905240015",
        "internal_id": "44_2022_02",
        "pp_internal_id": "44_2022_02",
        "calc_value": "5702.03",
        "tariff": "",
        "service_internal_id": "Услуги",
        "rr": "",
        "recalculation": "",
        "accounting_period_total": "5702.03"
    },
    {
        "org_ppa_guid": "5905240015",
        "internal_id": "45_2022_02",
        "pp_internal_id": "45_2022_02",
        "calc_value": "429.39",
        "tariff": "",
        "service_internal_id": "ХВС",
        "rr": "",
        "recalculation": "",
        "accounting_period_total": "429.39"
    },
    {
        "org_ppa_guid": "5905240015",
        "internal_id": "46_2022_02",
        "pp_internal_id": "46_2022_02",
        "calc_value": "627.57",
        "tariff": "",
        "service_internal_id": "ХВС",
        "rr": "",
        "recalculation": "",
        "accounting_period_total": "627.57"
    },
    {
        "org_ppa_guid": "5905240015",
        "internal_id": "47_2022_02",
        "pp_internal_id": "47_2022_02",
        "calc_value": "165.15",
        "tariff": "",
        "service_internal_id": "ХВС",
        "rr": "",
        "recalculation": "",
        "accounting_period_total": "165.15"
    },
    {
        "org_ppa_guid": "5905240015",
        "internal_id": "48_2022_02",
        "pp_internal_id": "48_2022_02",
        "calc_value": "6645.0",
        "tariff": "",
        "service_internal_id": "ХВС",
        "rr": "",
        "recalculation": "",
        "accounting_period_total": "6645.0"
    },
    {
        "org_ppa_guid": "5905240015",
        "internal_id": "49_2022_02",
        "pp_internal_id": "49_2022_02",
        "calc_value": "198.18",
        "tariff": "",
        "service_internal_id": "ХВС",
        "rr": "",
        "recalculation": "",
        "accounting_period_total": "198.18"
    },
    {
        "org_ppa_guid": "5905240015",
        "internal_id": "5_2022_02",
        "pp_internal_id": "5_2022_02",
        "calc_value": "330.3",
        "tariff": "",
        "service_internal_id": "ХВС",
        "rr": "",
        "recalculation": "",
        "accounting_period_total": "330.3"
    },
    {
        "org_ppa_guid": "5905240015",
        "internal_id": "50_2022_02",
        "pp_internal_id": "50_2022_02",
        "calc_value": "627.57",
        "tariff": "",
        "service_internal_id": "ХВС",
        "rr": "",
        "recalculation": "",
        "accounting_period_total": "627.57"
    },
    {
        "org_ppa_guid": "5905240015",
        "internal_id": "51_2022_02",
        "pp_internal_id": "51_2022_02",
        "calc_value": "330.3",
        "tariff": "",
        "service_internal_id": "ХВС",
        "rr": "",
        "recalculation": "",
        "accounting_period_total": "330.3"
    },
    {
        "org_ppa_guid": "5905240015",
        "internal_id": "52_2022_02",
        "pp_internal_id": "52_2022_02",
        "calc_value": "164.54",
        "tariff": "",
        "service_internal_id": "Электроэнергия",
        "rr": "",
        "recalculation": "",
        "accounting_period_total": "164.54"
    },
    {
        "org_ppa_guid": "5905240015",
        "internal_id": "53_2022_02",
        "pp_internal_id": "53_2022_02",
        "calc_value": "594.54",
        "tariff": "",
        "service_internal_id": "ХВС",
        "rr": "",
        "recalculation": "",
        "accounting_period_total": "594.54"
    },
    {
        "org_ppa_guid": "5905240015",
        "internal_id": "55_2022_02",
        "pp_internal_id": "55_2022_02",
        "calc_value": "354.9",
        "tariff": "",
        "service_internal_id": "Электроэнергия",
        "rr": "",
        "recalculation": "",
        "accounting_period_total": "354.9"
    },
    {
        "org_ppa_guid": "5905240015",
        "internal_id": "56_2022_02",
        "pp_internal_id": "56_2022_02",
        "calc_value": "528.48",
        "tariff": "",
        "service_internal_id": "ХВС",
        "rr": "",
        "recalculation": "",
        "accounting_period_total": "528.48"
    },
    {
        "org_ppa_guid": "5905240015",
        "internal_id": "57_2022_02",
        "pp_internal_id": "57_2022_02",
        "calc_value": "297.27",
        "tariff": "",
        "service_internal_id": "ХВС",
        "rr": "",
        "recalculation": "",
        "accounting_period_total": "297.27"
    },
    {
        "org_ppa_guid": "5905240015",
        "internal_id": "58_2022_02",
        "pp_internal_id": "58_2022_02",
        "calc_value": "594.54",
        "tariff": "",
        "service_internal_id": "ХВС",
        "rr": "",
        "recalculation": "",
        "accounting_period_total": "594.54"
    },
    {
        "org_ppa_guid": "5905240015",
        "internal_id": "59_2022_02",
        "pp_internal_id": "59_2022_02",
        "calc_value": "2278.28",
        "tariff": "",
        "service_internal_id": "ХВС",
        "rr": "",
        "recalculation": "",
        "accounting_period_total": "2278.28"
    },
    {
        "org_ppa_guid": "5905240015",
        "internal_id": "6_2022_02",
        "pp_internal_id": "6_2022_02",
        "calc_value": "198.18",
        "tariff": "",
        "service_internal_id": "ХВС",
        "rr": "",
        "recalculation": "",
        "accounting_period_total": "198.18"
    },
    {
        "org_ppa_guid": "5905240015",
        "internal_id": "60_2022_02",
        "pp_internal_id": "60_2022_02",
        "calc_value": "5.38",
        "tariff": "",
        "service_internal_id": "Электроэнергия",
        "rr": "",
        "recalculation": "",
        "accounting_period_total": "5.38"
    },
    {
        "org_ppa_guid": "5905240015",
        "internal_id": "61_2022_02",
        "pp_internal_id": "61_2022_02",
        "calc_value": "231.21",
        "tariff": "",
        "service_internal_id": "ХВС",
        "rr": "",
        "recalculation": "",
        "accounting_period_total": "231.21"
    },
    {
        "org_ppa_guid": "5905240015",
        "internal_id": "62_2022_02",
        "pp_internal_id": "62_2022_02",
        "calc_value": "231.21",
        "tariff": "",
        "service_internal_id": "ХВС",
        "rr": "",
        "recalculation": "",
        "accounting_period_total": "231.21"
    },
    {
        "org_ppa_guid": "5905240015",
        "internal_id": "63_2022_02",
        "pp_internal_id": "63_2022_02",
        "calc_value": "231.21",
        "tariff": "",
        "service_internal_id": "ХВС",
        "rr": "",
        "recalculation": "",
        "accounting_period_total": "231.21"
    },
    {
        "org_ppa_guid": "5905240015",
        "internal_id": "64_2022_02",
        "pp_internal_id": "64_2022_02",
        "calc_value": "10835.15",
        "tariff": "",
        "service_internal_id": "Услуги",
        "rr": "",
        "recalculation": "",
        "accounting_period_total": "10835.15"
    },
    {
        "org_ppa_guid": "5905240015",
        "internal_id": "65_2022_02",
        "pp_internal_id": "65_2022_02",
        "calc_value": "33.03",
        "tariff": "",
        "service_internal_id": "ХВС",
        "rr": "",
        "recalculation": "",
        "accounting_period_total": "33.03"
    },
    {
        "org_ppa_guid": "5905240015",
        "internal_id": "66_2022_02",
        "pp_internal_id": "66_2022_02",
        "calc_value": "155.88",
        "tariff": "",
        "service_internal_id": "Электроэнергия",
        "rr": "",
        "recalculation": "",
        "accounting_period_total": "155.88"
    },
    {
        "org_ppa_guid": "5905240015",
        "internal_id": "67_2022_02",
        "pp_internal_id": "67_2022_02",
        "calc_value": "495.45",
        "tariff": "",
        "service_internal_id": "ХВС",
        "rr": "",
        "recalculation": "",
        "accounting_period_total": "495.45"
    },
    {
        "org_ppa_guid": "5905240015",
        "internal_id": "69_2022_02",
        "pp_internal_id": "69_2022_02",
        "calc_value": "132.12",
        "tariff": "",
        "service_internal_id": "ХВС",
        "rr": "",
        "recalculation": "",
        "accounting_period_total": "132.12"
    },
    {
        "org_ppa_guid": "5905240015",
        "internal_id": "7_2022_02",
        "pp_internal_id": "7_2022_02",
        "calc_value": "627.57",
        "tariff": "",
        "service_internal_id": "ХВС",
        "rr": "",
        "recalculation": "",
        "accounting_period_total": "627.57"
    },
    {
        "org_ppa_guid": "5905240015",
        "internal_id": "70_2022_02",
        "pp_internal_id": "70_2022_02",
        "calc_value": "264.24",
        "tariff": "",
        "service_internal_id": "ХВС",
        "rr": "",
        "recalculation": "",
        "accounting_period_total": "264.24"
    },
    {
        "org_ppa_guid": "5905240015",
        "internal_id": "71_2022_02",
        "pp_internal_id": "71_2022_02",
        "calc_value": "1197.16",
        "tariff": "",
        "service_internal_id": "ХВС",
        "rr": "",
        "recalculation": "",
        "accounting_period_total": "1197.16"
    },
    {
        "org_ppa_guid": "5905240015",
        "internal_id": "72_2022_02",
        "pp_internal_id": "72_2022_02",
        "calc_value": "701.69",
        "tariff": "",
        "service_internal_id": "ХВС",
        "rr": "",
        "recalculation": "",
        "accounting_period_total": "701.69"
    },
    {
        "org_ppa_guid": "5905240015",
        "internal_id": "73_2022_02",
        "pp_internal_id": "73_2022_02",
        "calc_value": "561.51",
        "tariff": "",
        "service_internal_id": "ХВС",
        "rr": "",
        "recalculation": "",
        "accounting_period_total": "561.51"
    },
    {
        "org_ppa_guid": "5905240015",
        "internal_id": "74_2022_02",
        "pp_internal_id": "74_2022_02",
        "calc_value": "66.06",
        "tariff": "",
        "service_internal_id": "ХВС",
        "rr": "",
        "recalculation": "",
        "accounting_period_total": "66.06"
    },
    {
        "org_ppa_guid": "5905240015",
        "internal_id": "75_2022_02",
        "pp_internal_id": "75_2022_02",
        "calc_value": "660.6",
        "tariff": "",
        "service_internal_id": "ХВС",
        "rr": "",
        "recalculation": "",
        "accounting_period_total": "660.6"
    },
    {
        "org_ppa_guid": "5905240015",
        "internal_id": "76_2022_02",
        "pp_internal_id": "76_2022_02",
        "calc_value": "66.06",
        "tariff": "",
        "service_internal_id": "ХВС",
        "rr": "",
        "recalculation": "",
        "accounting_period_total": "66.06"
    },
    {
        "org_ppa_guid": "5905240015",
        "internal_id": "77_2022_02",
        "pp_internal_id": "77_2022_02",
        "calc_value": "198.18",
        "tariff": "",
        "service_internal_id": "ХВС",
        "rr": "",
        "recalculation": "",
        "accounting_period_total": "198.18"
    },
    {
        "org_ppa_guid": "5905240015",
        "internal_id": "78_2022_02",
        "pp_internal_id": "78_2022_02",
        "calc_value": "66.06",
        "tariff": "",
        "service_internal_id": "ХВС",
        "rr": "",
        "recalculation": "",
        "accounting_period_total": "66.06"
    },
    {
        "org_ppa_guid": "5905240015",
        "internal_id": "79_2022_02",
        "pp_internal_id": "79_2022_02",
        "calc_value": "396.36",
        "tariff": "",
        "service_internal_id": "ХВС",
        "rr": "",
        "recalculation": "",
        "accounting_period_total": "396.36"
    },
    {
        "org_ppa_guid": "5905240015",
        "internal_id": "8_2022_02",
        "pp_internal_id": "8_2022_02",
        "calc_value": "165.15",
        "tariff": "",
        "service_internal_id": "ХВС",
        "rr": "",
        "recalculation": "",
        "accounting_period_total": "165.15"
    },
    {
        "org_ppa_guid": "5905240015",
        "internal_id": "80_2022_02",
        "pp_internal_id": "80_2022_02",
        "calc_value": "363.33",
        "tariff": "",
        "service_internal_id": "ХВС",
        "rr": "",
        "recalculation": "",
        "accounting_period_total": "363.33"
    },
    {
        "org_ppa_guid": "5905240015",
        "internal_id": "81_2022_02",
        "pp_internal_id": "81_2022_02",
        "calc_value": "693.63",
        "tariff": "",
        "service_internal_id": "ХВС",
        "rr": "",
        "recalculation": "",
        "accounting_period_total": "693.63"
    },
    {
        "org_ppa_guid": "5905240015",
        "internal_id": "82_2022_02",
        "pp_internal_id": "82_2022_02",
        "calc_value": "6.56",
        "tariff": "",
        "service_internal_id": "Электроэнергия",
        "rr": "",
        "recalculation": "",
        "accounting_period_total": "6.56"
    },
    {
        "org_ppa_guid": "5905240015",
        "internal_id": "83_2022_02",
        "pp_internal_id": "83_2022_02",
        "calc_value": "726.66",
        "tariff": "",
        "service_internal_id": "ХВС",
        "rr": "",
        "recalculation": "",
        "accounting_period_total": "726.66"
    },
    {
        "org_ppa_guid": "5905240015",
        "internal_id": "9_2022_02",
        "pp_internal_id": "9_2022_02",
        "calc_value": "660.6",
        "tariff": "",
        "service_internal_id": "ХВС",
        "rr": "",
        "recalculation": "",
        "accounting_period_total": "35786.299999999996"
    }
]