[
    {
        "org_ppa_guid": "5905240015",
        "internal_id": "1_2022_02",
        "account_internal_id": "1_2022_02",
        "gis_id": "1_2022_02",
        "month": "01.02.2022",
        "credit": "0.0",
        "saldo": "0.0",
        "payment_value": "0.0",
        "payment_date": "",
        "bill_value": "7676.42",
        "account_number": "",
        "bank_bik": ""
    },
    {
        "org_ppa_guid": "5905240015",
        "internal_id": "2_2022_02",
        "account_internal_id": "2_2022_02",
        "gis_id": "2_2022_02",
        "month": "01.02.2022",
        "credit": "0.0",
        "saldo": "0.0",
        "payment_value": "0.0",
        "payment_date": "",
        "bill_value": "12055.15",
        "account_number": "",
        "bank_bik": ""
    },
    {
        "org_ppa_guid": "5905240015",
        "internal_id": "3_2022_02",
        "account_internal_id": "3_2022_02",
        "gis_id": "3_2022_02",
        "month": "01.02.2022",
        "credit": "0.0",
        "saldo": "0.0",
        "payment_value": "0.0",
        "payment_date": "",
        "bill_value": "7992.0",
        "account_number": "",
        "bank_bik": ""
    },
    {
        "org_ppa_guid": "5905240015",
        "internal_id": "4_2022_02",
        "account_internal_id": "4_2022_02",
        "gis_id": "4_2022_02",
        "month": "01.02.2022",
        "credit": "0.0",
        "saldo": "0.0",
        "payment_value": "0.0",
        "payment_date": "",
        "bill_value": "7159.36",
        "account_number": "",
        "bank_bik": ""
    },
    {
        "org_ppa_guid": "5905240015",
        "internal_id": "5_2022_02",
        "account_internal_id": "5_2022_02",
        "gis_id": "5_2022_02",
        "month": "01.02.2022",
        "credit": "0.0",
        "saldo": "0.0",
        "payment_value": "0.0",
        "payment_date": "",
        "bill_value": "5642.68",
        "account_number": "",
        "bank_bik": ""
    },
    {
        "org_ppa_guid": "5905240015",
        "internal_id": "6_2022_02",
        "account_internal_id": "6_2022_02",
        "gis_id": "6_2022_02",
        "month": "01.02.2022",
        "credit": "0.0",
        "saldo": "0.0",
        "payment_value": "0.0",
        "payment_date": "",
        "bill_value": "10571.15",
        "account_number": "",
        "bank_bik": ""
    },
    {
        "org_ppa_guid": "5905240015",
        "internal_id": "7_2022_02",
        "account_internal_id": "7_2022_02",
        "gis_id": "7_2022_02",
        "month": "01.02.2022",
        "credit": "0.0",
        "saldo": "0.0",
        "payment_value": "0.0",
        "payment_date": "",
        "bill_value": "12209.77",
        "account_number": "",
        "bank_bik": ""
    },
    {
        "org_ppa_guid": "5905240015",
        "internal_id": "8_2022_02",
        "account_internal_id": "8_2022_02",
        "gis_id": "8_2022_02",
        "month": "01.02.2022",
        "credit": "0.0",
        "saldo": "0.0",
        "payment_value": "0.0",
        "payment_date": "",
        "bill_value": "6158.24",
        "account_number": "",
        "bank_bik": ""
    },
    {
        "org_ppa_guid": "5905240015",
        "internal_id": "9_2022_02",
        "account_internal_id": "9_2022_02",
        "gis_id": "9_2022_02",
        "month": "01.02.2022",
        "credit": "0.0",
        "saldo": "0.0",
        "payment_value": "0.0",
        "payment_date": "",
        "bill_value": "7670.81",
        "account_number": "",
        "bank_bik": ""
    },
    {
        "org_ppa_guid": "5905240015",
        "internal_id": "10_2022_02",
        "account_internal_id": "10_2022_02",
        "gis_id": "10_2022_02",
        "month": "01.02.2022",
        "credit": "0.0",
        "saldo": "0.0",
        "payment_value": "0.0",
        "payment_date": "",
        "bill_value": "5244.17",
        "account_number": "",
        "bank_bik": ""
    },
    {
        "org_ppa_guid": "5905240015",
        "internal_id": "12_2022_02",
        "account_internal_id": "12_2022_02",
        "gis_id": "12_2022_02",
        "month": "01.02.2022",
        "credit": "0.0",
        "saldo": "0.0",
        "payment_value": "0.0",
        "payment_date": "",
        "bill_value": "13585.23",
        "account_number": "",
        "bank_bik": ""
    },
    {
        "org_ppa_guid": "5905240015",
        "internal_id": "13_2022_02",
        "account_internal_id": "13_2022_02",
        "gis_id": "13_2022_02",
        "month": "01.02.2022",
        "credit": "0.0",
        "saldo": "0.0",
        "payment_value": "0.0",
        "payment_date": "",
        "bill_value": "8696.94",
        "account_number": "",
        "bank_bik": ""
    },
    {
        "org_ppa_guid": "5905240015",
        "internal_id": "14_2022_02",
        "account_internal_id": "14_2022_02",
        "gis_id": "14_2022_02",
        "month": "01.02.2022",
        "credit": "0.0",
        "saldo": "0.0",
        "payment_value": "0.0",
        "payment_date": "",
        "bill_value": "8583.2",
        "account_number": "",
        "bank_bik": ""
    },
    {
        "org_ppa_guid": "5905240015",
        "internal_id": "15_2022_02",
        "account_internal_id": "15_2022_02",
        "gis_id": "15_2022_02",
        "month": "01.02.2022",
        "credit": "0.0",
        "saldo": "0.0",
        "payment_value": "0.0",
        "payment_date": "",
        "bill_value": "3213.12",
        "account_number": "",
        "bank_bik": ""
    },
    {
        "org_ppa_guid": "5905240015",
        "internal_id": "16_2022_02",
        "account_internal_id": "16_2022_02",
        "gis_id": "16_2022_02",
        "month": "01.02.2022",
        "credit": "0.0",
        "saldo": "0.0",
        "payment_value": "0.0",
        "payment_date": "",
        "bill_value": "6336.64",
        "account_number": "",
        "bank_bik": ""
    },
    {
        "org_ppa_guid": "5905240015",
        "internal_id": "17_2022_02",
        "account_internal_id": "17_2022_02",
        "gis_id": "17_2022_02",
        "month": "01.02.2022",
        "credit": "0.0",
        "saldo": "0.0",
        "payment_value": "0.0",
        "payment_date": "",
        "bill_value": "4500.02",
        "account_number": "",
        "bank_bik": ""
    },
    {
        "org_ppa_guid": "5905240015",
        "internal_id": "18_2022_02",
        "account_internal_id": "18_2022_02",
        "gis_id": "18_2022_02",
        "month": "01.02.2022",
        "credit": "0.0",
        "saldo": "0.0",
        "payment_value": "0.0",
        "payment_date": "",
        "bill_value": "6270.01",
        "account_number": "",
        "bank_bik": ""
    },
    {
        "org_ppa_guid": "5905240015",
        "internal_id": "19_2022_02",
        "account_internal_id": "19_2022_02",
        "gis_id": "19_2022_02",
        "month": "01.02.2022",
        "credit": "0.0",
        "saldo": "0.0",
        "payment_value": "0.0",
        "payment_date": "",
        "bill_value": "4823.92",
        "account_number": "",
        "bank_bik": ""
    },
    {
        "org_ppa_guid": "5905240015",
        "internal_id": "20_2022_02",
        "account_internal_id": "20_2022_02",
        "gis_id": "20_2022_02",
        "month": "01.02.2022",
        "credit": "0.0",
        "saldo": "0.0",
        "payment_value": "0.0",
        "payment_date": "",
        "bill_value": "7002.59",
        "account_number": "",
        "bank_bik": ""
    },
    {
        "org_ppa_guid": "5905240015",
        "internal_id": "21_2022_02",
        "account_internal_id": "21_2022_02",
        "gis_id": "21_2022_02",
        "month": "01.02.2022",
        "credit": "0.0",
        "saldo": "0.0",
        "payment_value": "0.0",
        "payment_date": "",
        "bill_value": "5711.04",
        "account_number": "",
        "bank_bik": ""
    },
    {
        "org_ppa_guid": "5905240015",
        "internal_id": "22_2022_02",
        "account_internal_id": "22_2022_02",
        "gis_id": "22_2022_02",
        "month": "01.02.2022",
        "credit": "0.0",
        "saldo": "0.0",
        "payment_value": "0.0",
        "payment_date": "",
        "bill_value": "20309.84",
        "account_number": "",
        "bank_bik": ""
    },
    {
        "org_ppa_guid": "5905240015",
        "internal_id": "23_2022_02",
        "account_internal_id": "23_2022_02",
        "gis_id": "23_2022_02",
        "month": "01.02.2022",
        "credit": "0.0",
        "saldo": "0.0",
        "payment_value": "0.0",
        "payment_date": "",
        "bill_value": "13536.21",
        "account_number": "",
        "bank_bik": ""
    },
    {
        "org_ppa_guid": "5905240015",
        "internal_id": "24_2022_02",
        "account_internal_id": "24_2022_02",
        "gis_id": "24_2022_02",
        "month": "01.02.2022",
        "credit": "0.0",
        "saldo": "0.0",
        "payment_value": "0.0",
        "payment_date": "",
        "bill_value": "10683.73",
        "account_number": "",
        "bank_bik": ""
    },
    {
        "org_ppa_guid": "5905240015",
        "internal_id": "25_2022_02",
        "account_internal_id": "25_2022_02",
        "gis_id": "25_2022_02",
        "month": "01.02.2022",
        "credit": "0.0",
        "saldo": "0.0",
        "payment_value": "0.0",
        "payment_date": "",
        "bill_value": "10525.33",
        "account_number": "",
        "bank_bik": ""
    },
    {
        "org_ppa_guid": "5905240015",
        "internal_id": "26_2022_02",
        "account_internal_id": "26_2022_02",
        "gis_id": "26_2022_02",
        "month": "01.02.2022",
        "credit": "0.0",
        "saldo": "0.0",
        "payment_value": "0.0",
        "payment_date": "",
        "bill_value": "10761.36",
        "account_number": "",
        "bank_bik": ""
    },
    {
        "org_ppa_guid": "5905240015",
        "internal_id": "27_2022_02",
        "account_internal_id": "27_2022_02",
        "gis_id": "27_2022_02",
        "month": "01.02.2022",
        "credit": "0.0",
        "saldo": "0.0",
        "payment_value": "0.0",
        "payment_date": "",
        "bill_value": "5929.97",
        "account_number": "",
        "bank_bik": ""
    },
    {
        "org_ppa_guid": "5905240015",
        "internal_id": "28_2022_02",
        "account_internal_id": "28_2022_02",
        "gis_id": "28_2022_02",
        "month": "01.02.2022",
        "credit": "0.0",
        "saldo": "0.0",
        "payment_value": "0.0",
        "payment_date": "",
        "bill_value": "3435.53",
        "account_number": "",
        "bank_bik": ""
    },
    {
        "org_ppa_guid": "5905240015",
        "internal_id": "29_2022_02",
        "account_internal_id": "29_2022_02",
        "gis_id": "29_2022_02",
        "month": "01.02.2022",
        "credit": "0.0",
        "saldo": "0.0",
        "payment_value": "0.0",
        "payment_date": "",
        "bill_value": "10992.33",
        "account_number": "",
        "bank_bik": ""
    },
    {
        "org_ppa_guid": "5905240015",
        "internal_id": "30_2022_02",
        "account_internal_id": "30_2022_02",
        "gis_id": "30_2022_02",
        "month": "01.02.2022",
        "credit": "0.0",
        "saldo": "0.0",
        "payment_value": "0.0",
        "payment_date": "",
        "bill_value": "8701.73",
        "account_number": "",
        "bank_bik": ""
    },
    {
        "org_ppa_guid": "5905240015",
        "internal_id": "31_2022_02",
        "account_internal_id": "31_2022_02",
        "gis_id": "31_2022_02",
        "month": "01.02.2022",
        "credit": "0.0",
        "saldo": "0.0",
        "payment_value": "0.0",
        "payment_date": "",
        "bill_value": "13548.74",
        "account_number": "",
        "bank_bik": ""
    },
    {
        "org_ppa_guid": "5905240015",
        "internal_id": "32_2022_02",
        "account_internal_id": "32_2022_02",
        "gis_id": "32_2022_02",
        "month": "01.02.2022",
        "credit": "0.0",
        "saldo": "0.0",
        "payment_value": "0.0",
        "payment_date": "",
        "bill_value": "12528.29",
        "account_number": "",
        "bank_bik": ""
    },
    {
        "org_ppa_guid": "5905240015",
        "internal_id": "33_2022_02",
        "account_internal_id": "33_2022_02",
        "gis_id": "33_2022_02",
        "month": "01.02.2022",
        "credit": "0.0",
        "saldo": "0.0",
        "payment_value": "0.0",
        "payment_date": "",
        "bill_value": "5565.02",
        "account_number": "",
        "bank_bik": ""
    },
    {
        "org_ppa_guid": "5905240015",
        "internal_id": "34_2022_02",
        "account_internal_id": "34_2022_02",
        "gis_id": "34_2022_02",
        "month": "01.02.2022",
        "credit": "0.0",
        "saldo": "0.0",
        "payment_value": "0.0",
        "payment_date": "",
        "bill_value": "12139.86",
        "account_number": "",
        "bank_bik": ""
    },
    {
        "org_ppa_guid": "5905240015",
        "internal_id": "35_2022_02",
        "account_internal_id": "35_2022_02",
        "gis_id": "35_2022_02",
        "month": "01.02.2022",
        "credit": "0.0",
        "saldo": "0.0",
        "payment_value": "0.0",
        "payment_date": "",
        "bill_value": "12408.66",
        "account_number": "",
        "bank_bik": ""
    },
    {
        "org_ppa_guid": "5905240015",
        "internal_id": "36_2022_02",
        "account_internal_id": "36_2022_02",
        "gis_id": "36_2022_02",
        "month": "01.02.2022",
        "credit": "0.0",
        "saldo": "0.0",
        "payment_value": "0.0",
        "payment_date": "",
        "bill_value": "3747.39",
        "account_number": "",
        "bank_bik": ""
    },
    {
        "org_ppa_guid": "5905240015",
        "internal_id": "37_2022_02",
        "account_internal_id": "37_2022_02",
        "gis_id": "37_2022_02",
        "month": "01.02.2022",
        "credit": "0.0",
        "saldo": "0.0",
        "payment_value": "0.0",
        "payment_date": "",
        "bill_value": "11644.75",
        "account_number": "",
        "bank_bik": ""
    },
    {
        "org_ppa_guid": "5905240015",
        "internal_id": "38_2022_02",
        "account_internal_id": "38_2022_02",
        "gis_id": "38_2022_02",
        "month": "01.02.2022",
        "credit": "0.0",
        "saldo": "0.0",
        "payment_value": "0.0",
        "payment_date": "",
        "bill_value": "5113.73",
        "account_number": "",
        "bank_bik": ""
    },
    {
        "org_ppa_guid": "5905240015",
        "internal_id": "39_2022_02",
        "account_internal_id": "39_2022_02",
        "gis_id": "39_2022_02",
        "month": "01.02.2022",
        "credit": "0.0",
        "saldo": "0.0",
        "payment_value": "0.0",
        "payment_date": "",
        "bill_value": "4480.59",
        "account_number": "",
        "bank_bik": ""
    },
    {
        "org_ppa_guid": "5905240015",
        "internal_id": "40_2022_02",
        "account_internal_id": "40_2022_02",
        "gis_id": "40_2022_02",
        "month": "01.02.2022",
        "credit": "0.0",
        "saldo": "0.0",
        "payment_value": "0.0",
        "payment_date": "",
        "bill_value": "6139.41",
        "account_number": "",
        "bank_bik": ""
    },
    {
        "org_ppa_guid": "5905240015",
        "internal_id": "41_2022_02",
        "account_internal_id": "41_2022_02",
        "gis_id": "41_2022_02",
        "month": "01.02.2022",
        "credit": "0.0",
        "saldo": "0.0",
        "payment_value": "0.0",
        "payment_date": "",
        "bill_value": "10705.93",
        "account_number": "",
        "bank_bik": ""
    },
    {
        "org_ppa_guid": "5905240015",
        "internal_id": "42_2022_02",
        "account_internal_id": "42_2022_02",
        "gis_id": "42_2022_02",
        "month": "01.02.2022",
        "credit": "0.0",
        "saldo": "0.0",
        "payment_value": "0.0",
        "payment_date": "",
        "bill_value": "7910.12",
        "account_number": "",
        "bank_bik": ""
    },
    {
        "org_ppa_guid": "5905240015",
        "internal_id": "43_2022_02",
        "account_internal_id": "43_2022_02",
        "gis_id": "43_2022_02",
        "month": "01.02.2022",
        "credit": "0.0",
        "saldo": "0.0",
        "payment_value": "0.0",
        "payment_date": "",
        "bill_value": "3463.57",
        "account_number": "",
        "bank_bik": ""
    },
    {
        "org_ppa_guid": "5905240015",
        "internal_id": "44_2022_02",
        "account_internal_id": "44_2022_02",
        "gis_id": "44_2022_02",
        "month": "01.02.2022",
        "credit": "0.0",
        "saldo": "0.0",
        "payment_value": "0.0",
        "payment_date": "",
        "bill_value": "4958.67",
        "account_number": "",
        "bank_bik": ""
    },
    {
        "org_ppa_guid": "5905240015",
        "internal_id": "45_2022_02",
        "account_internal_id": "45_2022_02",
        "gis_id": "45_2022_02",
        "month": "01.02.2022",
        "credit": "0.0",
        "saldo": "0.0",
        "payment_value": "0.0",
        "payment_date": "",
        "bill_value": "4476.35",
        "account_number": "",
        "bank_bik": ""
    },
    {
        "org_ppa_guid": "5905240015",
        "internal_id": "46_2022_02",
        "account_internal_id": "46_2022_02",
        "gis_id": "46_2022_02",
        "month": "01.02.2022",
        "credit": "0.0",
        "saldo": "0.0",
        "payment_value": "0.0",
        "payment_date": "",
        "bill_value": "12409.6",
        "account_number": "",
        "bank_bik": ""
    },
    {
        "org_ppa_guid": "5905240015",
        "internal_id": "47_2022_02",
        "account_internal_id": "47_2022_02",
        "gis_id": "47_2022_02",
        "month": "01.02.2022",
        "credit": "0.0",
        "saldo": "0.0",
        "payment_value": "0.0",
        "payment_date": "",
        "bill_value": "7857.43",
        "account_number": "",
        "bank_bik": ""
    },
    {
        "org_ppa_guid": "5905240015",
        "internal_id": "48_2022_02",
        "account_internal_id": "48_2022_02",
        "gis_id": "48_2022_02",
        "month": "01.02.2022",
        "credit": "0.0",
        "saldo": "0.0",
        "payment_value": "0.0",
        "payment_date": "",
        "bill_value": "33280.24",
        "account_number": "",
        "bank_bik": ""
    },
    {
        "org_ppa_guid": "5905240015",
        "internal_id": "49_2022_02",
        "account_internal_id": "49_2022_02",
        "gis_id": "49_2022_02",
        "month": "01.02.2022",
        "credit": "0.0",
        "saldo": "0.0",
        "payment_value": "0.0",
        "payment_date": "",
        "bill_value": "7894.35",
        "account_number": "",
        "bank_bik": ""
    },
    {
        "org_ppa_guid": "5905240015",
        "internal_id": "50_2022_02",
        "account_internal_id": "50_2022_02",
        "gis_id": "50_2022_02",
        "month": "01.02.2022",
        "credit": "0.0",
        "saldo": "0.0",
        "payment_value": "0.0",
        "payment_date": "",
        "bill_value": "8865.94",
        "account_number": "",
        "bank_bik": ""
    },
    {
        "org_ppa_guid": "5905240015",
        "internal_id": "51_2022_02",
        "account_internal_id": "51_2022_02",
        "gis_id": "51_2022_02",
        "month": "01.02.2022",
        "credit": "0.0",
        "saldo": "0.0",
        "payment_value": "0.0",
        "payment_date": "",
        "bill_value": "13248.45",
        "account_number": "",
        "bank_bik": ""
    },
    {
        "org_ppa_guid": "5905240015",
        "internal_id": "52_2022_02",
        "account_internal_id": "52_2022_02",
        "gis_id": "52_2022_02",
        "month": "01.02.2022",
        "credit": "0.0",
        "saldo": "0.0",
        "payment_value": "0.0",
        "payment_date": "",
        "bill_value": "6227.38",
        "account_number": "",
        "bank_bik": ""
    },
    {
        "org_ppa_guid": "5905240015",
        "internal_id": "53_2022_02",
        "account_internal_id": "53_2022_02",
        "gis_id": "53_2022_02",
        "month": "01.02.2022",
        "credit": "0.0",
        "saldo": "0.0",
        "payment_value": "0.0",
        "payment_date": "",
        "bill_value": "8740.51",
        "account_number": "",
        "bank_bik": ""
    },
    {
        "org_ppa_guid": "5905240015",
        "internal_id": "55_2022_02",
        "account_internal_id": "55_2022_02",
        "gis_id": "55_2022_02",
        "month": "01.02.2022",
        "credit": "0.0",
        "saldo": "0.0",
        "payment_value": "0.0",
        "payment_date": "",
        "bill_value": "4331.75",
        "account_number": "",
        "bank_bik": ""
    },
    {
        "org_ppa_guid": "5905240015",
        "internal_id": "56_2022_02",
        "account_internal_id": "56_2022_02",
        "gis_id": "56_2022_02",
        "month": "01.02.2022",
        "credit": "0.0",
        "saldo": "0.0",
        "payment_value": "0.0",
        "payment_date": "",
        "bill_value": "7332.99",
        "account_number": "",
        "bank_bik": ""
    },
    {
        "org_ppa_guid": "5905240015",
        "internal_id": "57_2022_02",
        "account_internal_id": "57_2022_02",
        "gis_id": "57_2022_02",
        "month": "01.02.2022",
        "credit": "0.0",
        "saldo": "0.0",
        "payment_value": "0.0",
        "payment_date": "",
        "bill_value": "5921.01",
        "account_number": "",
        "bank_bik": ""
    },
    {
        "org_ppa_guid": "5905240015",
        "internal_id": "58_2022_02",
        "account_internal_id": "58_2022_02",
        "gis_id": "58_2022_02",
        "month": "01.02.2022",
        "credit": "0.0",
        "saldo": "0.0",
        "payment_value": "0.0",
        "payment_date": "",
        "bill_value": "10897.41",
        "account_number": "",
        "bank_bik": ""
    },
    {
        "org_ppa_guid": "5905240015",
        "internal_id": "59_2022_02",
        "account_internal_id": "59_2022_02",
        "gis_id": "59_2022_02",
        "month": "01.02.2022",
        "credit": "0.0",
        "saldo": "0.0",
        "payment_value": "0.0",
        "payment_date": "",
        "bill_value": "13228.47",
        "account_number": "",
        "bank_bik": ""
    },
    {
        "org_ppa_guid": "5905240015",
        "internal_id": "60_2022_02",
        "account_internal_id": "60_2022_02",
        "gis_id": "60_2022_02",
        "month": "01.02.2022",
        "credit": "0.0",
        "saldo": "0.0",
        "payment_value": "0.0",
        "payment_date": "",
        "bill_value": "2830.96",
        "account_number": "",
        "bank_bik": ""
    },
    {
        "org_ppa_guid": "5905240015",
        "internal_id": "61_2022_02",
        "account_internal_id": "61_2022_02",
        "gis_id": "61_2022_02",
        "month": "01.02.2022",
        "credit": "0.0",
        "saldo": "0.0",
        "payment_value": "0.0",
        "payment_date": "",
        "bill_value": "7421.79",
        "account_number": "",
        "bank_bik": ""
    },
    {
        "org_ppa_guid": "5905240015",
        "internal_id": "62_2022_02",
        "account_internal_id": "62_2022_02",
        "gis_id": "62_2022_02",
        "month": "01.02.2022",
        "credit": "0.0",
        "saldo": "0.0",
        "payment_value": "0.0",
        "payment_date": "",
        "bill_value": "6479.13",
        "account_number": "",
        "bank_bik": ""
    },
    {
        "org_ppa_guid": "5905240015",
        "internal_id": "63_2022_02",
        "account_internal_id": "63_2022_02",
        "gis_id": "63_2022_02",
        "month": "01.02.2022",
        "credit": "0.0",
        "saldo": "0.0",
        "payment_value": "0.0",
        "payment_date": "",
        "bill_value": "7136.91",
        "account_number": "",
        "bank_bik": ""
    },
    {
        "org_ppa_guid": "5905240015",
        "internal_id": "64_2022_02",
        "account_internal_id": "64_2022_02",
        "gis_id": "64_2022_02",
        "month": "01.02.2022",
        "credit": "0.0",
        "saldo": "0.0",
        "payment_value": "0.0",
        "payment_date": "",
        "bill_value": "2806.36",
        "account_number": "",
        "bank_bik": ""
    },
    {
        "org_ppa_guid": "5905240015",
        "internal_id": "65_2022_02",
        "account_internal_id": "65_2022_02",
        "gis_id": "65_2022_02",
        "month": "01.02.2022",
        "credit": "0.0",
        "saldo": "0.0",
        "payment_value": "0.0",
        "payment_date": "",
        "bill_value": "6718.75",
        "account_number": "",
        "bank_bik": ""
    },
    {
        "org_ppa_guid": "5905240015",
        "internal_id": "66_2022_02",
        "account_internal_id": "66_2022_02",
        "gis_id": "66_2022_02",
        "month": "01.02.2022",
        "credit": "0.0",
        "saldo": "0.0",
        "payment_value": "0.0",
        "payment_date": "",
        "bill_value": "6370.16",
        "account_number": "",
        "bank_bik": ""
    },
    {
        "org_ppa_guid": "5905240015",
        "internal_id": "67_2022_02",
        "account_internal_id": "67_2022_02",
        "gis_id": "67_2022_02",
        "month": "01.02.2022",
        "credit": "0.0",
        "saldo": "0.0",
        "payment_value": "0.0",
        "payment_date": "",
        "bill_value": "6095.41",
        "account_number": "",
        "bank_bik": ""
    },
    {
        "org_ppa_guid": "5905240015",
        "internal_id": "68_2022_02",
        "account_internal_id": "68_2022_02",
        "gis_id": "68_2022_02",
        "month": "01.02.2022",
        "credit": "0.0",
        "saldo": "0.0",
        "payment_value": "0.0",
        "payment_date": "",
        "bill_value": "8827.72",
        "account_number": "",
        "bank_bik": ""
    },
    {
        "org_ppa_guid": "5905240015",
        "internal_id": "69_2022_02",
        "account_internal_id": "69_2022_02",
        "gis_id": "69_2022_02",
        "month": "01.02.2022",
        "credit": "0.0",
        "saldo": "0.0",
        "payment_value": "0.0",
        "payment_date": "",
        "bill_value": "4631.03",
        "account_number": "",
        "bank_bik": ""
    },
    {
        "org_ppa_guid": "5905240015",
        "internal_id": "70_2022_02",
        "account_internal_id": "70_2022_02",
        "gis_id": "70_2022_02",
        "month": "01.02.2022",
        "credit": "0.0",
        "saldo": "0.0",
        "payment_value": "0.0",
        "payment_date": "",
        "bill_value": "6556.41",
        "account_number": "",
        "bank_bik": ""
    },
    {
        "org_ppa_guid": "5905240015",
        "internal_id": "71_2022_02",
        "account_internal_id": "71_2022_02",
        "gis_id": "71_2022_02",
        "month": "01.02.2022",
        "credit": "0.0",
        "saldo": "0.0",
        "payment_value": "0.0",
        "payment_date": "",
        "bill_value": "5736.89",
        "account_number": "",
        "bank_bik": ""
    },
    {
        "org_ppa_guid": "5905240015",
        "internal_id": "72_2022_02",
        "account_internal_id": "72_2022_02",
        "gis_id": "72_2022_02",
        "month": "01.02.2022",
        "credit": "0.0",
        "saldo": "0.0",
        "payment_value": "0.0",
        "payment_date": "",
        "bill_value": "9487.88",
        "account_number": "",
        "bank_bik": ""
    },
    {
        "org_ppa_guid": "5905240015",
        "internal_id": "73_2022_02",
        "account_internal_id": "73_2022_02",
        "gis_id": "73_2022_02",
        "month": "01.02.2022",
        "credit": "0.0",
        "saldo": "0.0",
        "payment_value": "0.0",
        "payment_date": "",
        "bill_value": "8601.92",
        "account_number": "",
        "bank_bik": ""
    },
    {
        "org_ppa_guid": "5905240015",
        "internal_id": "74_2022_02",
        "account_internal_id": "74_2022_02",
        "gis_id": "74_2022_02",
        "month": "01.02.2022",
        "credit": "0.0",
        "saldo": "0.0",
        "payment_value": "0.0",
        "payment_date": "",
        "bill_value": "3563.48",
        "account_number": "",
        "bank_bik": ""
    },
    {
        "org_ppa_guid": "5905240015",
        "internal_id": "75_2022_02",
        "account_internal_id": "75_2022_02",
        "gis_id": "75_2022_02",
        "month": "01.02.2022",
        "credit": "0.0",
        "saldo": "0.0",
        "payment_value": "0.0",
        "payment_date": "",
        "bill_value": "11190.18",
        "account_number": "",
        "bank_bik": ""
    },
    {
        "org_ppa_guid": "5905240015",
        "internal_id": "76_2022_02",
        "account_internal_id": "76_2022_02",
        "gis_id": "76_2022_02",
        "month": "01.02.2022",
        "credit": "0.0",
        "saldo": "0.0",
        "payment_value": "0.0",
        "payment_date": "",
        "bill_value": "5786.86",
        "account_number": "",
        "bank_bik": ""
    },
    {
        "org_ppa_guid": "5905240015",
        "internal_id": "77_2022_02",
        "account_internal_id": "77_2022_02",
        "gis_id": "77_2022_02",
        "month": "01.02.2022",
        "credit": "0.0",
        "saldo": "0.0",
        "payment_value": "0.0",
        "payment_date": "",
        "bill_value": "7578.45",
        "account_number": "",
        "bank_bik": ""
    },
    {
        "org_ppa_guid": "5905240015",
        "internal_id": "78_2022_02",
        "account_internal_id": "78_2022_02",
        "gis_id": "78_2022_02",
        "month": "01.02.2022",
        "credit": "0.0",
        "saldo": "0.0",
        "payment_value": "0.0",
        "payment_date": "",
        "bill_value": "3895.29",
        "account_number": "",
        "bank_bik": ""
    },
    {
        "org_ppa_guid": "5905240015",
        "internal_id": "79_2022_02",
        "account_internal_id": "79_2022_02",
        "gis_id": "79_2022_02",
        "month": "01.02.2022",
        "credit": "0.0",
        "saldo": "0.0",
        "payment_value": "0.0",
        "payment_date": "",
        "bill_value": "8630.24",
        "account_number": "",
        "bank_bik": ""
    },
    {
        "org_ppa_guid": "5905240015",
        "internal_id": "80_2022_02",
        "account_internal_id": "80_2022_02",
        "gis_id": "80_2022_02",
        "month": "01.02.2022",
        "credit": "0.0",
        "saldo": "0.0",
        "payment_value": "0.0",
        "payment_date": "",
        "bill_value": "26228.12",
        "account_number": "",
        "bank_bik": ""
    },
    {
        "org_ppa_guid": "5905240015",
        "internal_id": "81_2022_02",
        "account_internal_id": "81_2022_02",
        "gis_id": "81_2022_02",
        "month": "01.02.2022",
        "credit": "0.0",
        "saldo": "0.0",
        "payment_value": "0.0",
        "payment_date": "",
        "bill_value": "17967.73",
        "account_number": "",
        "bank_bik": ""
    },
    {
        "org_ppa_guid": "5905240015",
        "internal_id": "82_2022_02",
        "account_internal_id": "82_2022_02",
        "gis_id": "82_2022_02",
        "month": "01.02.2022",
        "credit": "0.0",
        "saldo": "0.0",
        "payment_value": "0.0",
        "payment_date": "",
        "bill_value": "11528.92",
        "account_number": "",
        "bank_bik": ""
    },
    {
        "org_ppa_guid": "5905240015",
        "internal_id": "83_2022_02",
        "account_internal_id": "83_2022_02",
        "gis_id": "83_2022_02",
        "month": "01.02.2022",
        "credit": "0.0",
        "saldo": "0.0",
        "payment_value": "0.0",
        "payment_date": "",
        "bill_value": "20351.76",
        "account_number": "",
        "bank_bik": ""
    },
    {
        "org_ppa_guid": "5905240015",
        "internal_id": "1_2022_02",
        "account_internal_id": "1_2022_02",
        "gis_id": "1_2022_02",
        "month": "01.02.2022",
        "credit": "0.0",
        "saldo": "0.0",
        "payment_value": "0.0",
        "payment_date": "",
        "bill_value": "",
        "account_number": "",
        "bank_bik": ""
    },
    {
        "org_ppa_guid": "5905240015",
        "internal_id": "2_2022_02",
        "account_internal_id": "2_2022_02",
        "gis_id": "2_2022_02",
        "month": "01.02.2022",
        "credit": "0.0",
        "saldo": "0.0",
        "payment_value": "0.0",
        "payment_date": "",
        "bill_value": "",
        "account_number": "",
        "bank_bik": ""
    },
    {
        "org_ppa_guid": "5905240015",
        "internal_id": "3_2022_02",
        "account_internal_id": "3_2022_02",
        "gis_id": "3_2022_02",
        "month": "01.02.2022",
        "credit": "0.0",
        "saldo": "0.0",
        "payment_value": "0.0",
        "payment_date": "",
        "bill_value": "",
        "account_number": "",
        "bank_bik": ""
    },
    {
        "org_ppa_guid": "5905240015",
        "internal_id": "4_2022_02",
        "account_internal_id": "4_2022_02",
        "gis_id": "4_2022_02",
        "month": "01.02.2022",
        "credit": "0.0",
        "saldo": "0.0",
        "payment_value": "0.0",
        "payment_date": "",
        "bill_value": "",
        "account_number": "",
        "bank_bik": ""
    },
    {
        "org_ppa_guid": "5905240015",
        "internal_id": "5_2022_02",
        "account_internal_id": "5_2022_02",
        "gis_id": "5_2022_02",
        "month": "01.02.2022",
        "credit": "0.0",
        "saldo": "0.0",
        "payment_value": "0.0",
        "payment_date": "",
        "bill_value": "",
        "account_number": "",
        "bank_bik": ""
    },
    {
        "org_ppa_guid": "5905240015",
        "internal_id": "6_2022_02",
        "account_internal_id": "6_2022_02",
        "gis_id": "6_2022_02",
        "month": "01.02.2022",
        "credit": "0.0",
        "saldo": "0.0",
        "payment_value": "0.0",
        "payment_date": "",
        "bill_value": "",
        "account_number": "",
        "bank_bik": ""
    },
    {
        "org_ppa_guid": "5905240015",
        "internal_id": "7_2022_02",
        "account_internal_id": "7_2022_02",
        "gis_id": "7_2022_02",
        "month": "01.02.2022",
        "credit": "0.0",
        "saldo": "0.0",
        "payment_value": "0.0",
        "payment_date": "",
        "bill_value": "",
        "account_number": "",
        "bank_bik": ""
    },
    {
        "org_ppa_guid": "5905240015",
        "internal_id": "8_2022_02",
        "account_internal_id": "8_2022_02",
        "gis_id": "8_2022_02",
        "month": "01.02.2022",
        "credit": "0.0",
        "saldo": "0.0",
        "payment_value": "0.0",
        "payment_date": "",
        "bill_value": "",
        "account_number": "",
        "bank_bik": ""
    },
    {
        "org_ppa_guid": "5905240015",
        "internal_id": "9_2022_02",
        "account_internal_id": "9_2022_02",
        "gis_id": "9_2022_02",
        "month": "01.02.2022",
        "credit": "0.0",
        "saldo": "0.0",
        "payment_value": "0.0",
        "payment_date": "",
        "bill_value": "",
        "account_number": "",
        "bank_bik": ""
    },
    {
        "org_ppa_guid": "5905240015",
        "internal_id": "10_2022_02",
        "account_internal_id": "10_2022_02",
        "gis_id": "10_2022_02",
        "month": "01.02.2022",
        "credit": "0.0",
        "saldo": "0.0",
        "payment_value": "0.0",
        "payment_date": "",
        "bill_value": "",
        "account_number": "",
        "bank_bik": ""
    },
    {
        "org_ppa_guid": "5905240015",
        "internal_id": "00012_2022_02",
        "account_internal_id": "00012_2022_02",
        "gis_id": "00012_2022_02",
        "month": "01.02.2022",
        "credit": "0.0",
        "saldo": "0.0",
        "payment_value": "0.0",
        "payment_date": "",
        "bill_value": "",
        "account_number": "",
        "bank_bik": ""
    },
    {
        "org_ppa_guid": "5905240015",
        "internal_id": "13_2022_02",
        "account_internal_id": "13_2022_02",
        "gis_id": "13_2022_02",
        "month": "01.02.2022",
        "credit": "0.0",
        "saldo": "0.0",
        "payment_value": "0.0",
        "payment_date": "",
        "bill_value": "",
        "account_number": "",
        "bank_bik": ""
    },
    {
        "org_ppa_guid": "5905240015",
        "internal_id": "14_2022_02",
        "account_internal_id": "14_2022_02",
        "gis_id": "14_2022_02",
        "month": "01.02.2022",
        "credit": "0.0",
        "saldo": "0.0",
        "payment_value": "0.0",
        "payment_date": "",
        "bill_value": "",
        "account_number": "",
        "bank_bik": ""
    },
    {
        "org_ppa_guid": "5905240015",
        "internal_id": "15_2022_02",
        "account_internal_id": "15_2022_02",
        "gis_id": "15_2022_02",
        "month": "01.02.2022",
        "credit": "0.0",
        "saldo": "0.0",
        "payment_value": "0.0",
        "payment_date": "",
        "bill_value": "",
        "account_number": "",
        "bank_bik": ""
    },
    {
        "org_ppa_guid": "5905240015",
        "internal_id": "16_2022_02",
        "account_internal_id": "16_2022_02",
        "gis_id": "16_2022_02",
        "month": "01.02.2022",
        "credit": "0.0",
        "saldo": "0.0",
        "payment_value": "0.0",
        "payment_date": "",
        "bill_value": "",
        "account_number": "",
        "bank_bik": ""
    },
    {
        "org_ppa_guid": "5905240015",
        "internal_id": "17_2022_02",
        "account_internal_id": "17_2022_02",
        "gis_id": "17_2022_02",
        "month": "01.02.2022",
        "credit": "0.0",
        "saldo": "0.0",
        "payment_value": "0.0",
        "payment_date": "",
        "bill_value": "",
        "account_number": "",
        "bank_bik": ""
    },
    {
        "org_ppa_guid": "5905240015",
        "internal_id": "18_2022_02",
        "account_internal_id": "18_2022_02",
        "gis_id": "18_2022_02",
        "month": "01.02.2022",
        "credit": "0.0",
        "saldo": "0.0",
        "payment_value": "0.0",
        "payment_date": "",
        "bill_value": "",
        "account_number": "",
        "bank_bik": ""
    },
    {
        "org_ppa_guid": "5905240015",
        "internal_id": "19_2022_02",
        "account_internal_id": "19_2022_02",
        "gis_id": "19_2022_02",
        "month": "01.02.2022",
        "credit": "0.0",
        "saldo": "0.0",
        "payment_value": "0.0",
        "payment_date": "",
        "bill_value": "",
        "account_number": "",
        "bank_bik": ""
    },
    {
        "org_ppa_guid": "5905240015",
        "internal_id": "20_2022_02",
        "account_internal_id": "20_2022_02",
        "gis_id": "20_2022_02",
        "month": "01.02.2022",
        "credit": "0.0",
        "saldo": "0.0",
        "payment_value": "0.0",
        "payment_date": "",
        "bill_value": "",
        "account_number": "",
        "bank_bik": ""
    },
    {
        "org_ppa_guid": "5905240015",
        "internal_id": "021_2022_02",
        "account_internal_id": "021_2022_02",
        "gis_id": "021_2022_02",
        "month": "01.02.2022",
        "credit": "0.0",
        "saldo": "0.0",
        "payment_value": "0.0",
        "payment_date": "",
        "bill_value": "",
        "account_number": "",
        "bank_bik": ""
    },
    {
        "org_ppa_guid": "5905240015",
        "internal_id": "22_2022_02",
        "account_internal_id": "22_2022_02",
        "gis_id": "22_2022_02",
        "month": "01.02.2022",
        "credit": "0.0",
        "saldo": "0.0",
        "payment_value": "0.0",
        "payment_date": "",
        "bill_value": "",
        "account_number": "",
        "bank_bik": ""
    },
    {
        "org_ppa_guid": "5905240015",
        "internal_id": "23_2022_02",
        "account_internal_id": "23_2022_02",
        "gis_id": "23_2022_02",
        "month": "01.02.2022",
        "credit": "0.0",
        "saldo": "0.0",
        "payment_value": "0.0",
        "payment_date": "",
        "bill_value": "",
        "account_number": "",
        "bank_bik": ""
    },
    {
        "org_ppa_guid": "5905240015",
        "internal_id": "24_2022_02",
        "account_internal_id": "24_2022_02",
        "gis_id": "24_2022_02",
        "month": "01.02.2022",
        "credit": "0.0",
        "saldo": "0.0",
        "payment_value": "0.0",
        "payment_date": "",
        "bill_value": "",
        "account_number": "",
        "bank_bik": ""
    },
    {
        "org_ppa_guid": "5905240015",
        "internal_id": "25_2022_02",
        "account_internal_id": "25_2022_02",
        "gis_id": "25_2022_02",
        "month": "01.02.2022",
        "credit": "0.0",
        "saldo": "0.0",
        "payment_value": "0.0",
        "payment_date": "",
        "bill_value": "",
        "account_number": "",
        "bank_bik": ""
    },
    {
        "org_ppa_guid": "5905240015",
        "internal_id": "26_2022_02",
        "account_internal_id": "26_2022_02",
        "gis_id": "26_2022_02",
        "month": "01.02.2022",
        "credit": "0.0",
        "saldo": "0.0",
        "payment_value": "0.0",
        "payment_date": "",
        "bill_value": "",
        "account_number": "",
        "bank_bik": ""
    },
    {
        "org_ppa_guid": "5905240015",
        "internal_id": "27_2022_02",
        "account_internal_id": "27_2022_02",
        "gis_id": "27_2022_02",
        "month": "01.02.2022",
        "credit": "0.0",
        "saldo": "0.0",
        "payment_value": "0.0",
        "payment_date": "",
        "bill_value": "",
        "account_number": "",
        "bank_bik": ""
    },
    {
        "org_ppa_guid": "5905240015",
        "internal_id": "28_2022_02",
        "account_internal_id": "28_2022_02",
        "gis_id": "28_2022_02",
        "month": "01.02.2022",
        "credit": "0.0",
        "saldo": "0.0",
        "payment_value": "0.0",
        "payment_date": "",
        "bill_value": "",
        "account_number": "",
        "bank_bik": ""
    },
    {
        "org_ppa_guid": "5905240015",
        "internal_id": "29_2022_02",
        "account_internal_id": "29_2022_02",
        "gis_id": "29_2022_02",
        "month": "01.02.2022",
        "credit": "0.0",
        "saldo": "0.0",
        "payment_value": "0.0",
        "payment_date": "",
        "bill_value": "",
        "account_number": "",
        "bank_bik": ""
    },
    {
        "org_ppa_guid": "5905240015",
        "internal_id": "30_2022_02",
        "account_internal_id": "30_2022_02",
        "gis_id": "30_2022_02",
        "month": "01.02.2022",
        "credit": "0.0",
        "saldo": "0.0",
        "payment_value": "0.0",
        "payment_date": "",
        "bill_value": "",
        "account_number": "",
        "bank_bik": ""
    },
    {
        "org_ppa_guid": "5905240015",
        "internal_id": "31_2022_02",
        "account_internal_id": "31_2022_02",
        "gis_id": "31_2022_02",
        "month": "01.02.2022",
        "credit": "0.0",
        "saldo": "0.0",
        "payment_value": "0.0",
        "payment_date": "",
        "bill_value": "",
        "account_number": "",
        "bank_bik": ""
    },
    {
        "org_ppa_guid": "5905240015",
        "internal_id": "32_2022_02",
        "account_internal_id": "32_2022_02",
        "gis_id": "32_2022_02",
        "month": "01.02.2022",
        "credit": "0.0",
        "saldo": "0.0",
        "payment_value": "0.0",
        "payment_date": "",
        "bill_value": "",
        "account_number": "",
        "bank_bik": ""
    },
    {
        "org_ppa_guid": "5905240015",
        "internal_id": "33_2022_02",
        "account_internal_id": "33_2022_02",
        "gis_id": "33_2022_02",
        "month": "01.02.2022",
        "credit": "0.0",
        "saldo": "0.0",
        "payment_value": "0.0",
        "payment_date": "",
        "bill_value": "",
        "account_number": "",
        "bank_bik": ""
    },
    {
        "org_ppa_guid": "5905240015",
        "internal_id": "34_2022_02",
        "account_internal_id": "34_2022_02",
        "gis_id": "34_2022_02",
        "month": "01.02.2022",
        "credit": "0.0",
        "saldo": "0.0",
        "payment_value": "0.0",
        "payment_date": "",
        "bill_value": "",
        "account_number": "",
        "bank_bik": ""
    },
    {
        "org_ppa_guid": "5905240015",
        "internal_id": "35_2022_02",
        "account_internal_id": "35_2022_02",
        "gis_id": "35_2022_02",
        "month": "01.02.2022",
        "credit": "0.0",
        "saldo": "0.0",
        "payment_value": "0.0",
        "payment_date": "",
        "bill_value": "",
        "account_number": "",
        "bank_bik": ""
    },
    {
        "org_ppa_guid": "5905240015",
        "internal_id": "36_2022_02",
        "account_internal_id": "36_2022_02",
        "gis_id": "36_2022_02",
        "month": "01.02.2022",
        "credit": "0.0",
        "saldo": "0.0",
        "payment_value": "0.0",
        "payment_date": "",
        "bill_value": "",
        "account_number": "",
        "bank_bik": ""
    },
    {
        "org_ppa_guid": "5905240015",
        "internal_id": "37_2022_02",
        "account_internal_id": "37_2022_02",
        "gis_id": "37_2022_02",
        "month": "01.02.2022",
        "credit": "0.0",
        "saldo": "0.0",
        "payment_value": "0.0",
        "payment_date": "",
        "bill_value": "",
        "account_number": "",
        "bank_bik": ""
    },
    {
        "org_ppa_guid": "5905240015",
        "internal_id": "38_2022_02",
        "account_internal_id": "38_2022_02",
        "gis_id": "38_2022_02",
        "month": "01.02.2022",
        "credit": "0.0",
        "saldo": "0.0",
        "payment_value": "0.0",
        "payment_date": "",
        "bill_value": "",
        "account_number": "",
        "bank_bik": ""
    },
    {
        "org_ppa_guid": "5905240015",
        "internal_id": "39_2022_02",
        "account_internal_id": "39_2022_02",
        "gis_id": "39_2022_02",
        "month": "01.02.2022",
        "credit": "0.0",
        "saldo": "0.0",
        "payment_value": "0.0",
        "payment_date": "",
        "bill_value": "",
        "account_number": "",
        "bank_bik": ""
    },
    {
        "org_ppa_guid": "5905240015",
        "internal_id": "40_2022_02",
        "account_internal_id": "40_2022_02",
        "gis_id": "40_2022_02",
        "month": "01.02.2022",
        "credit": "0.0",
        "saldo": "0.0",
        "payment_value": "0.0",
        "payment_date": "",
        "bill_value": "",
        "account_number": "",
        "bank_bik": ""
    },
    {
        "org_ppa_guid": "5905240015",
        "internal_id": "41_2022_02",
        "account_internal_id": "41_2022_02",
        "gis_id": "41_2022_02",
        "month": "01.02.2022",
        "credit": "0.0",
        "saldo": "0.0",
        "payment_value": "0.0",
        "payment_date": "",
        "bill_value": "",
        "account_number": "",
        "bank_bik": ""
    },
    {
        "org_ppa_guid": "5905240015",
        "internal_id": "42_2022_02",
        "account_internal_id": "42_2022_02",
        "gis_id": "42_2022_02",
        "month": "01.02.2022",
        "credit": "0.0",
        "saldo": "0.0",
        "payment_value": "0.0",
        "payment_date": "",
        "bill_value": "",
        "account_number": "",
        "bank_bik": ""
    },
    {
        "org_ppa_guid": "5905240015",
        "internal_id": "43_2022_02",
        "account_internal_id": "43_2022_02",
        "gis_id": "43_2022_02",
        "month": "01.02.2022",
        "credit": "0.0",
        "saldo": "0.0",
        "payment_value": "0.0",
        "payment_date": "",
        "bill_value": "",
        "account_number": "",
        "bank_bik": ""
    },
    {
        "org_ppa_guid": "5905240015",
        "internal_id": "44_2022_02",
        "account_internal_id": "44_2022_02",
        "gis_id": "44_2022_02",
        "month": "01.02.2022",
        "credit": "0.0",
        "saldo": "0.0",
        "payment_value": "0.0",
        "payment_date": "",
        "bill_value": "",
        "account_number": "",
        "bank_bik": ""
    },
    {
        "org_ppa_guid": "5905240015",
        "internal_id": "45_2022_02",
        "account_internal_id": "45_2022_02",
        "gis_id": "45_2022_02",
        "month": "01.02.2022",
        "credit": "0.0",
        "saldo": "0.0",
        "payment_value": "0.0",
        "payment_date": "",
        "bill_value": "",
        "account_number": "",
        "bank_bik": ""
    },
    {
        "org_ppa_guid": "5905240015",
        "internal_id": "46_2022_02",
        "account_internal_id": "46_2022_02",
        "gis_id": "46_2022_02",
        "month": "01.02.2022",
        "credit": "0.0",
        "saldo": "0.0",
        "payment_value": "0.0",
        "payment_date": "",
        "bill_value": "",
        "account_number": "",
        "bank_bik": ""
    },
    {
        "org_ppa_guid": "5905240015",
        "internal_id": "47_2022_02",
        "account_internal_id": "47_2022_02",
        "gis_id": "47_2022_02",
        "month": "01.02.2022",
        "credit": "0.0",
        "saldo": "0.0",
        "payment_value": "0.0",
        "payment_date": "",
        "bill_value": "",
        "account_number": "",
        "bank_bik": ""
    },
    {
        "org_ppa_guid": "5905240015",
        "internal_id": "48_2022_02",
        "account_internal_id": "48_2022_02",
        "gis_id": "48_2022_02",
        "month": "01.02.2022",
        "credit": "0.0",
        "saldo": "0.0",
        "payment_value": "0.0",
        "payment_date": "",
        "bill_value": "",
        "account_number": "",
        "bank_bik": ""
    },
    {
        "org_ppa_guid": "5905240015",
        "internal_id": "49_2022_02",
        "account_internal_id": "49_2022_02",
        "gis_id": "49_2022_02",
        "month": "01.02.2022",
        "credit": "0.0",
        "saldo": "0.0",
        "payment_value": "0.0",
        "payment_date": "",
        "bill_value": "",
        "account_number": "",
        "bank_bik": ""
    },
    {
        "org_ppa_guid": "5905240015",
        "internal_id": "50_2022_02",
        "account_internal_id": "50_2022_02",
        "gis_id": "50_2022_02",
        "month": "01.02.2022",
        "credit": "0.0",
        "saldo": "0.0",
        "payment_value": "0.0",
        "payment_date": "",
        "bill_value": "",
        "account_number": "",
        "bank_bik": ""
    },
    {
        "org_ppa_guid": "5905240015",
        "internal_id": "51_2022_02",
        "account_internal_id": "51_2022_02",
        "gis_id": "51_2022_02",
        "month": "01.02.2022",
        "credit": "0.0",
        "saldo": "0.0",
        "payment_value": "0.0",
        "payment_date": "",
        "bill_value": "",
        "account_number": "",
        "bank_bik": ""
    },
    {
        "org_ppa_guid": "5905240015",
        "internal_id": "52_2022_02",
        "account_internal_id": "52_2022_02",
        "gis_id": "52_2022_02",
        "month": "01.02.2022",
        "credit": "0.0",
        "saldo": "0.0",
        "payment_value": "0.0",
        "payment_date": "",
        "bill_value": "",
        "account_number": "",
        "bank_bik": ""
    },
    {
        "org_ppa_guid": "5905240015",
        "internal_id": "53_2022_02",
        "account_internal_id": "53_2022_02",
        "gis_id": "53_2022_02",
        "month": "01.02.2022",
        "credit": "0.0",
        "saldo": "0.0",
        "payment_value": "0.0",
        "payment_date": "",
        "bill_value": "",
        "account_number": "",
        "bank_bik": ""
    },
    {
        "org_ppa_guid": "5905240015",
        "internal_id": "55_2022_02",
        "account_internal_id": "55_2022_02",
        "gis_id": "55_2022_02",
        "month": "01.02.2022",
        "credit": "0.0",
        "saldo": "0.0",
        "payment_value": "0.0",
        "payment_date": "",
        "bill_value": "",
        "account_number": "",
        "bank_bik": ""
    },
    {
        "org_ppa_guid": "5905240015",
        "internal_id": "56_2022_02",
        "account_internal_id": "56_2022_02",
        "gis_id": "56_2022_02",
        "month": "01.02.2022",
        "credit": "0.0",
        "saldo": "0.0",
        "payment_value": "0.0",
        "payment_date": "",
        "bill_value": "",
        "account_number": "",
        "bank_bik": ""
    },
    {
        "org_ppa_guid": "5905240015",
        "internal_id": "57_2022_02",
        "account_internal_id": "57_2022_02",
        "gis_id": "57_2022_02",
        "month": "01.02.2022",
        "credit": "0.0",
        "saldo": "0.0",
        "payment_value": "0.0",
        "payment_date": "",
        "bill_value": "",
        "account_number": "",
        "bank_bik": ""
    },
    {
        "org_ppa_guid": "5905240015",
        "internal_id": "58_2022_02",
        "account_internal_id": "58_2022_02",
        "gis_id": "58_2022_02",
        "month": "01.02.2022",
        "credit": "0.0",
        "saldo": "0.0",
        "payment_value": "0.0",
        "payment_date": "",
        "bill_value": "",
        "account_number": "",
        "bank_bik": ""
    },
    {
        "org_ppa_guid": "5905240015",
        "internal_id": "59_2022_02",
        "account_internal_id": "59_2022_02",
        "gis_id": "59_2022_02",
        "month": "01.02.2022",
        "credit": "0.0",
        "saldo": "0.0",
        "payment_value": "0.0",
        "payment_date": "",
        "bill_value": "",
        "account_number": "",
        "bank_bik": ""
    },
    {
        "org_ppa_guid": "5905240015",
        "internal_id": "60_2022_02",
        "account_internal_id": "60_2022_02",
        "gis_id": "60_2022_02",
        "month": "01.02.2022",
        "credit": "0.0",
        "saldo": "0.0",
        "payment_value": "0.0",
        "payment_date": "",
        "bill_value": "",
        "account_number": "",
        "bank_bik": ""
    },
    {
        "org_ppa_guid": "5905240015",
        "internal_id": "61_2022_02",
        "account_internal_id": "61_2022_02",
        "gis_id": "61_2022_02",
        "month": "01.02.2022",
        "credit": "0.0",
        "saldo": "0.0",
        "payment_value": "0.0",
        "payment_date": "",
        "bill_value": "",
        "account_number": "",
        "bank_bik": ""
    },
    {
        "org_ppa_guid": "5905240015",
        "internal_id": "62_2022_02",
        "account_internal_id": "62_2022_02",
        "gis_id": "62_2022_02",
        "month": "01.02.2022",
        "credit": "0.0",
        "saldo": "0.0",
        "payment_value": "0.0",
        "payment_date": "",
        "bill_value": "",
        "account_number": "",
        "bank_bik": ""
    },
    {
        "org_ppa_guid": "5905240015",
        "internal_id": "63_2022_02",
        "account_internal_id": "63_2022_02",
        "gis_id": "63_2022_02",
        "month": "01.02.2022",
        "credit": "0.0",
        "saldo": "0.0",
        "payment_value": "0.0",
        "payment_date": "",
        "bill_value": "",
        "account_number": "",
        "bank_bik": ""
    },
    {
        "org_ppa_guid": "5905240015",
        "internal_id": "64_2022_02",
        "account_internal_id": "64_2022_02",
        "gis_id": "64_2022_02",
        "month": "01.02.2022",
        "credit": "0.0",
        "saldo": "0.0",
        "payment_value": "0.0",
        "payment_date": "",
        "bill_value": "",
        "account_number": "",
        "bank_bik": ""
    },
    {
        "org_ppa_guid": "5905240015",
        "internal_id": "65_2022_02",
        "account_internal_id": "65_2022_02",
        "gis_id": "65_2022_02",
        "month": "01.02.2022",
        "credit": "0.0",
        "saldo": "0.0",
        "payment_value": "0.0",
        "payment_date": "",
        "bill_value": "",
        "account_number": "",
        "bank_bik": ""
    },
    {
        "org_ppa_guid": "5905240015",
        "internal_id": "66_2022_02",
        "account_internal_id": "66_2022_02",
        "gis_id": "66_2022_02",
        "month": "01.02.2022",
        "credit": "0.0",
        "saldo": "0.0",
        "payment_value": "0.0",
        "payment_date": "",
        "bill_value": "",
        "account_number": "",
        "bank_bik": ""
    },
    {
        "org_ppa_guid": "5905240015",
        "internal_id": "67_2022_02",
        "account_internal_id": "67_2022_02",
        "gis_id": "67_2022_02",
        "month": "01.02.2022",
        "credit": "0.0",
        "saldo": "0.0",
        "payment_value": "0.0",
        "payment_date": "",
        "bill_value": "",
        "account_number": "",
        "bank_bik": ""
    },
    {
        "org_ppa_guid": "5905240015",
        "internal_id": "068_2022_02",
        "account_internal_id": "068_2022_02",
        "gis_id": "068_2022_02",
        "month": "01.02.2022",
        "credit": "0.0",
        "saldo": "0.0",
        "payment_value": "0.0",
        "payment_date": "",
        "bill_value": "",
        "account_number": "",
        "bank_bik": ""
    },
    {
        "org_ppa_guid": "5905240015",
        "internal_id": "69_2022_02",
        "account_internal_id": "69_2022_02",
        "gis_id": "69_2022_02",
        "month": "01.02.2022",
        "credit": "0.0",
        "saldo": "0.0",
        "payment_value": "0.0",
        "payment_date": "",
        "bill_value": "",
        "account_number": "",
        "bank_bik": ""
    },
    {
        "org_ppa_guid": "5905240015",
        "internal_id": "70_2022_02",
        "account_internal_id": "70_2022_02",
        "gis_id": "70_2022_02",
        "month": "01.02.2022",
        "credit": "0.0",
        "saldo": "0.0",
        "payment_value": "0.0",
        "payment_date": "",
        "bill_value": "",
        "account_number": "",
        "bank_bik": ""
    },
    {
        "org_ppa_guid": "5905240015",
        "internal_id": "71_2022_02",
        "account_internal_id": "71_2022_02",
        "gis_id": "71_2022_02",
        "month": "01.02.2022",
        "credit": "0.0",
        "saldo": "0.0",
        "payment_value": "0.0",
        "payment_date": "",
        "bill_value": "",
        "account_number": "",
        "bank_bik": ""
    },
    {
        "org_ppa_guid": "5905240015",
        "internal_id": "72_2022_02",
        "account_internal_id": "72_2022_02",
        "gis_id": "72_2022_02",
        "month": "01.02.2022",
        "credit": "0.0",
        "saldo": "0.0",
        "payment_value": "0.0",
        "payment_date": "",
        "bill_value": "",
        "account_number": "",
        "bank_bik": ""
    },
    {
        "org_ppa_guid": "5905240015",
        "internal_id": "73_2022_02",
        "account_internal_id": "73_2022_02",
        "gis_id": "73_2022_02",
        "month": "01.02.2022",
        "credit": "0.0",
        "saldo": "0.0",
        "payment_value": "0.0",
        "payment_date": "",
        "bill_value": "",
        "account_number": "",
        "bank_bik": ""
    },
    {
        "org_ppa_guid": "5905240015",
        "internal_id": "74_2022_02",
        "account_internal_id": "74_2022_02",
        "gis_id": "74_2022_02",
        "month": "01.02.2022",
        "credit": "0.0",
        "saldo": "0.0",
        "payment_value": "0.0",
        "payment_date": "",
        "bill_value": "",
        "account_number": "",
        "bank_bik": ""
    },
    {
        "org_ppa_guid": "5905240015",
        "internal_id": "75_2022_02",
        "account_internal_id": "75_2022_02",
        "gis_id": "75_2022_02",
        "month": "01.02.2022",
        "credit": "0.0",
        "saldo": "0.0",
        "payment_value": "0.0",
        "payment_date": "",
        "bill_value": "",
        "account_number": "",
        "bank_bik": ""
    },
    {
        "org_ppa_guid": "5905240015",
        "internal_id": "76_2022_02",
        "account_internal_id": "76_2022_02",
        "gis_id": "76_2022_02",
        "month": "01.02.2022",
        "credit": "0.0",
        "saldo": "0.0",
        "payment_value": "0.0",
        "payment_date": "",
        "bill_value": "",
        "account_number": "",
        "bank_bik": ""
    },
    {
        "org_ppa_guid": "5905240015",
        "internal_id": "77_2022_02",
        "account_internal_id": "77_2022_02",
        "gis_id": "77_2022_02",
        "month": "01.02.2022",
        "credit": "0.0",
        "saldo": "0.0",
        "payment_value": "0.0",
        "payment_date": "",
        "bill_value": "",
        "account_number": "",
        "bank_bik": ""
    },
    {
        "org_ppa_guid": "5905240015",
        "internal_id": "78_2022_02",
        "account_internal_id": "78_2022_02",
        "gis_id": "78_2022_02",
        "month": "01.02.2022",
        "credit": "0.0",
        "saldo": "0.0",
        "payment_value": "0.0",
        "payment_date": "",
        "bill_value": "",
        "account_number": "",
        "bank_bik": ""
    },
    {
        "org_ppa_guid": "5905240015",
        "internal_id": "79_2022_02",
        "account_internal_id": "79_2022_02",
        "gis_id": "79_2022_02",
        "month": "01.02.2022",
        "credit": "0.0",
        "saldo": "0.0",
        "payment_value": "0.0",
        "payment_date": "",
        "bill_value": "",
        "account_number": "",
        "bank_bik": ""
    },
    {
        "org_ppa_guid": "5905240015",
        "internal_id": "80_2022_02",
        "account_internal_id": "80_2022_02",
        "gis_id": "80_2022_02",
        "month": "01.02.2022",
        "credit": "0.0",
        "saldo": "0.0",
        "payment_value": "0.0",
        "payment_date": "",
        "bill_value": "",
        "account_number": "",
        "bank_bik": ""
    },
    {
        "org_ppa_guid": "5905240015",
        "internal_id": "81_2022_02",
        "account_internal_id": "81_2022_02",
        "gis_id": "81_2022_02",
        "month": "01.02.2022",
        "credit": "0.0",
        "saldo": "0.0",
        "payment_value": "0.0",
        "payment_date": "",
        "bill_value": "",
        "account_number": "",
        "bank_bik": ""
    },
    {
        "org_ppa_guid": "5905240015",
        "internal_id": "82_2022_02",
        "account_internal_id": "82_2022_02",
        "gis_id": "82_2022_02",
        "month": "01.02.2022",
        "credit": "0.0",
        "saldo": "0.0",
        "payment_value": "0.0",
        "payment_date": "",
        "bill_value": "",
        "account_number": "",
        "bank_bik": ""
    },
    {
        "org_ppa_guid": "5905240015",
        "internal_id": "83_2022_02",
        "account_internal_id": "83_2022_02",
        "gis_id": "83_2022_02",
        "month": "01.02.2022",
        "credit": "0.0",
        "saldo": "0.0",
        "payment_value": "0.0",
        "payment_date": "",
        "bill_value": "",
        "account_number": "",
        "bank_bik": ""
    }
]