[
    {
        "org_ppa_guid": "5905240015",
        "internal_id": "00012_2022_02",
        "account_internal_id": "00012_2022_02",
        "gis_id": "00012_2022_02",
        "month": "01.02.2022",
        "credit": "41873.52",
        "saldo": "14755.82",
        "payment_value": "41873.52",
        "payment_date": "01.02.2022",
        "bill_value": "",
        "account_number": "",
        "bank_bik": ""
    },
    {
        "org_ppa_guid": "5905240015",
        "internal_id": "021_2022_02",
        "account_internal_id": "021_2022_02",
        "gis_id": "021_2022_02",
        "month": "01.02.2022",
        "credit": "0.0",
        "saldo": "0.0",
        "payment_value": "0.0",
        "payment_date": "",
        "bill_value": "",
        "account_number": "",
        "bank_bik": ""
    },
    {
        "org_ppa_guid": "5905240015",
        "internal_id": "068_2022_02",
        "account_internal_id": "068_2022_02",
        "gis_id": "068_2022_02",
        "month": "01.02.2022",
        "credit": "0.0",
        "saldo": "9551.89",
        "payment_value": "0.0",
        "payment_date": "",
        "bill_value": "",
        "account_number": "",
        "bank_bik": ""
    },
    {
        "org_ppa_guid": "5905240015",
        "internal_id": "1_2022_02",
        "account_internal_id": "1_2022_02",
        "gis_id": "1_2022_02",
        "month": "01.02.2022",
        "credit": "9622.56",
        "saldo": "8695.51",
        "payment_value": "9622.56",
        "payment_date": "01.02.2022",
        "bill_value": "",
        "account_number": "",
        "bank_bik": ""
    },
    {
        "org_ppa_guid": "5905240015",
        "internal_id": "10_2022_02",
        "account_internal_id": "10_2022_02",
        "gis_id": "10_2022_02",
        "month": "01.02.2022",
        "credit": "17734.16",
        "saldo": "5746.14",
        "payment_value": "17734.16",
        "payment_date": "01.02.2022",
        "bill_value": "",
        "account_number": "",
        "bank_bik": ""
    },
    {
        "org_ppa_guid": "5905240015",
        "internal_id": "13_2022_02",
        "account_internal_id": "13_2022_02",
        "gis_id": "13_2022_02",
        "month": "01.02.2022",
        "credit": "31792.36",
        "saldo": "41422.54",
        "payment_value": "0.0",
        "payment_date": "",
        "bill_value": "",
        "account_number": "",
        "bank_bik": ""
    },
    {
        "org_ppa_guid": "5905240015",
        "internal_id": "14_2022_02",
        "account_internal_id": "14_2022_02",
        "gis_id": "14_2022_02",
        "month": "01.02.2022",
        "credit": "11416.39",
        "saldo": "9525.53",
        "payment_value": "11416.39",
        "payment_date": "01.02.2022",
        "bill_value": "",
        "account_number": "",
        "bank_bik": ""
    },
    {
        "org_ppa_guid": "5905240015",
        "internal_id": "15_2022_02",
        "account_internal_id": "15_2022_02",
        "gis_id": "15_2022_02",
        "month": "01.02.2022",
        "credit": "4181.72",
        "saldo": "4219.08",
        "payment_value": "3678.74",
        "payment_date": "01.02.2022",
        "bill_value": "",
        "account_number": "",
        "bank_bik": ""
    },
    {
        "org_ppa_guid": "5905240015",
        "internal_id": "16_2022_02",
        "account_internal_id": "16_2022_02",
        "gis_id": "16_2022_02",
        "month": "01.02.2022",
        "credit": "7911.65",
        "saldo": "7087.07",
        "payment_value": "7911.65",
        "payment_date": "01.02.2022",
        "bill_value": "",
        "account_number": "",
        "bank_bik": ""
    },
    {
        "org_ppa_guid": "5905240015",
        "internal_id": "17_2022_02",
        "account_internal_id": "17_2022_02",
        "gis_id": "17_2022_02",
        "month": "01.02.2022",
        "credit": "5643.95",
        "saldo": "5021.18",
        "payment_value": "5643.95",
        "payment_date": "01.02.2022",
        "bill_value": "",
        "account_number": "",
        "bank_bik": ""
    },
    {
        "org_ppa_guid": "5905240015",
        "internal_id": "18_2022_02",
        "account_internal_id": "18_2022_02",
        "gis_id": "18_2022_02",
        "month": "01.02.2022",
        "credit": "0.0",
        "saldo": "7014.38",
        "payment_value": "0.0",
        "payment_date": "",
        "bill_value": "",
        "account_number": "",
        "bank_bik": ""
    },
    {
        "org_ppa_guid": "5905240015",
        "internal_id": "19_2022_02",
        "account_internal_id": "19_2022_02",
        "gis_id": "19_2022_02",
        "month": "01.02.2022",
        "credit": "15779.57",
        "saldo": "20603.49",
        "payment_value": "501.97",
        "payment_date": "01.02.2022",
        "bill_value": "",
        "account_number": "",
        "bank_bik": ""
    },
    {
        "org_ppa_guid": "5905240015",
        "internal_id": "2_2022_02",
        "account_internal_id": "2_2022_02",
        "gis_id": "2_2022_02",
        "month": "01.02.2022",
        "credit": "14976.94",
        "saldo": "13336.84",
        "payment_value": "14976.94",
        "payment_date": "01.02.2022",
        "bill_value": "",
        "account_number": "",
        "bank_bik": ""
    },
    {
        "org_ppa_guid": "5905240015",
        "internal_id": "20_2022_02",
        "account_internal_id": "20_2022_02",
        "gis_id": "20_2022_02",
        "month": "01.02.2022",
        "credit": "17875.92",
        "saldo": "25873.36",
        "payment_value": "0.0",
        "payment_date": "",
        "bill_value": "",
        "account_number": "",
        "bank_bik": ""
    },
    {
        "org_ppa_guid": "5905240015",
        "internal_id": "21_2022_02",
        "account_internal_id": "21_2022_02",
        "gis_id": "21_2022_02",
        "month": "01.02.2022",
        "credit": "24390.26",
        "saldo": "24390.26",
        "payment_value": "0.0",
        "payment_date": "",
        "bill_value": "",
        "account_number": "",
        "bank_bik": ""
    },
    {
        "org_ppa_guid": "5905240015",
        "internal_id": "22_2022_02",
        "account_internal_id": "22_2022_02",
        "gis_id": "22_2022_02",
        "month": "01.02.2022",
        "credit": "0.0",
        "saldo": "22195.51",
        "payment_value": "0.0",
        "payment_date": "",
        "bill_value": "",
        "account_number": "",
        "bank_bik": ""
    },
    {
        "org_ppa_guid": "5905240015",
        "internal_id": "23_2022_02",
        "account_internal_id": "23_2022_02",
        "gis_id": "23_2022_02",
        "month": "01.02.2022",
        "credit": "17608.84",
        "saldo": "14808.81",
        "payment_value": "17608.84",
        "payment_date": "01.02.2022",
        "bill_value": "",
        "account_number": "",
        "bank_bik": ""
    },
    {
        "org_ppa_guid": "5905240015",
        "internal_id": "24_2022_02",
        "account_internal_id": "24_2022_02",
        "gis_id": "24_2022_02",
        "month": "01.02.2022",
        "credit": "13768.88",
        "saldo": "11740.19",
        "payment_value": "13768.88",
        "payment_date": "01.02.2022",
        "bill_value": "",
        "account_number": "",
        "bank_bik": ""
    },
    {
        "org_ppa_guid": "5905240015",
        "internal_id": "25_2022_02",
        "account_internal_id": "25_2022_02",
        "gis_id": "25_2022_02",
        "month": "01.02.2022",
        "credit": "12516.5",
        "saldo": "11591.89",
        "payment_value": "12516.5",
        "payment_date": "01.02.2022",
        "bill_value": "",
        "account_number": "",
        "bank_bik": ""
    },
    {
        "org_ppa_guid": "5905240015",
        "internal_id": "26_2022_02",
        "account_internal_id": "26_2022_02",
        "gis_id": "26_2022_02",
        "month": "01.02.2022",
        "credit": "14419.81",
        "saldo": "12619.76",
        "payment_value": "14419.81",
        "payment_date": "01.02.2022",
        "bill_value": "",
        "account_number": "",
        "bank_bik": ""
    },
    {
        "org_ppa_guid": "5905240015",
        "internal_id": "27_2022_02",
        "account_internal_id": "27_2022_02",
        "gis_id": "27_2022_02",
        "month": "01.02.2022",
        "credit": "8243.68",
        "saldo": "6728.88",
        "payment_value": "8243.68",
        "payment_date": "01.02.2022",
        "bill_value": "",
        "account_number": "",
        "bank_bik": ""
    },
    {
        "org_ppa_guid": "5905240015",
        "internal_id": "28_2022_02",
        "account_internal_id": "28_2022_02",
        "gis_id": "28_2022_02",
        "month": "01.02.2022",
        "credit": "14961.77",
        "saldo": "11188.35",
        "payment_value": "7711.93",
        "payment_date": "01.02.2022",
        "bill_value": "",
        "account_number": "",
        "bank_bik": ""
    },
    {
        "org_ppa_guid": "5905240015",
        "internal_id": "29_2022_02",
        "account_internal_id": "29_2022_02",
        "gis_id": "29_2022_02",
        "month": "01.02.2022",
        "credit": "14321.22",
        "saldo": "25313.55",
        "payment_value": "958.49",
        "payment_date": "01.02.2022",
        "bill_value": "",
        "account_number": "",
        "bank_bik": ""
    },
    {
        "org_ppa_guid": "5905240015",
        "internal_id": "3_2022_02",
        "account_internal_id": "3_2022_02",
        "gis_id": "3_2022_02",
        "month": "01.02.2022",
        "credit": "0.0",
        "saldo": "8514.17",
        "payment_value": "0.0",
        "payment_date": "",
        "bill_value": "",
        "account_number": "",
        "bank_bik": ""
    },
    {
        "org_ppa_guid": "5905240015",
        "internal_id": "30_2022_02",
        "account_internal_id": "30_2022_02",
        "gis_id": "30_2022_02",
        "month": "01.02.2022",
        "credit": "16576.11",
        "saldo": "15376.47",
        "payment_value": "10912.38",
        "payment_date": "01.02.2022",
        "bill_value": "",
        "account_number": "",
        "bank_bik": ""
    },
    {
        "org_ppa_guid": "5905240015",
        "internal_id": "31_2022_02",
        "account_internal_id": "31_2022_02",
        "gis_id": "31_2022_02",
        "month": "01.02.2022",
        "credit": "17267.79",
        "saldo": "14888.0",
        "payment_value": "17267.79",
        "payment_date": "01.02.2022",
        "bill_value": "",
        "account_number": "",
        "bank_bik": ""
    },
    {
        "org_ppa_guid": "5905240015",
        "internal_id": "32_2022_02",
        "account_internal_id": "32_2022_02",
        "gis_id": "32_2022_02",
        "month": "01.02.2022",
        "credit": "31514.88",
        "saldo": "13841.29",
        "payment_value": "31514.88",
        "payment_date": "01.02.2022",
        "bill_value": "",
        "account_number": "",
        "bank_bik": ""
    },
    {
        "org_ppa_guid": "5905240015",
        "internal_id": "33_2022_02",
        "account_internal_id": "33_2022_02",
        "gis_id": "33_2022_02",
        "month": "01.02.2022",
        "credit": "6672.75",
        "saldo": "12237.77",
        "payment_value": "499.95",
        "payment_date": "01.02.2022",
        "bill_value": "",
        "account_number": "",
        "bank_bik": ""
    },
    {
        "org_ppa_guid": "5905240015",
        "internal_id": "34_2022_02",
        "account_internal_id": "34_2022_02",
        "gis_id": "34_2022_02",
        "month": "01.02.2022",
        "credit": "95972.75",
        "saldo": "59181.19",
        "payment_value": "50000.0",
        "payment_date": "01.02.2022",
        "bill_value": "",
        "account_number": "",
        "bank_bik": ""
    },
    {
        "org_ppa_guid": "5905240015",
        "internal_id": "35_2022_02",
        "account_internal_id": "35_2022_02",
        "gis_id": "35_2022_02",
        "month": "01.02.2022",
        "credit": "15018.87",
        "saldo": "13413.61",
        "payment_value": "15018.87",
        "payment_date": "01.02.2022",
        "bill_value": "",
        "account_number": "",
        "bank_bik": ""
    },
    {
        "org_ppa_guid": "5905240015",
        "internal_id": "36_2022_02",
        "account_internal_id": "36_2022_02",
        "gis_id": "36_2022_02",
        "month": "01.02.2022",
        "credit": "5647.09",
        "saldo": "4250.37",
        "payment_value": "5647.09",
        "payment_date": "01.02.2022",
        "bill_value": "",
        "account_number": "",
        "bank_bik": ""
    },
    {
        "org_ppa_guid": "5905240015",
        "internal_id": "37_2022_02",
        "account_internal_id": "37_2022_02",
        "gis_id": "37_2022_02",
        "month": "01.02.2022",
        "credit": "14467.78",
        "saldo": "27395.23",
        "payment_value": "0.0",
        "payment_date": "",
        "bill_value": "",
        "account_number": "",
        "bank_bik": ""
    },
    {
        "org_ppa_guid": "5905240015",
        "internal_id": "38_2022_02",
        "account_internal_id": "38_2022_02",
        "gis_id": "38_2022_02",
        "month": "01.02.2022",
        "credit": "6831.93",
        "saldo": "11945.66",
        "payment_value": "742.35",
        "payment_date": "01.02.2022",
        "bill_value": "",
        "account_number": "",
        "bank_bik": ""
    },
    {
        "org_ppa_guid": "5905240015",
        "internal_id": "39_2022_02",
        "account_internal_id": "39_2022_02",
        "gis_id": "39_2022_02",
        "month": "01.02.2022",
        "credit": "5487.28",
        "saldo": "10471.86",
        "payment_value": "0.0",
        "payment_date": "",
        "bill_value": "",
        "account_number": "",
        "bank_bik": ""
    },
    {
        "org_ppa_guid": "5905240015",
        "internal_id": "4_2022_02",
        "account_internal_id": "4_2022_02",
        "gis_id": "4_2022_02",
        "month": "01.02.2022",
        "credit": "8797.35",
        "saldo": "7911.81",
        "payment_value": "8797.35",
        "payment_date": "01.02.2022",
        "bill_value": "",
        "account_number": "",
        "bank_bik": ""
    },
    {
        "org_ppa_guid": "5905240015",
        "internal_id": "40_2022_02",
        "account_internal_id": "40_2022_02",
        "gis_id": "40_2022_02",
        "month": "01.02.2022",
        "credit": "8440.61",
        "saldo": "6720.1",
        "payment_value": "8809.32",
        "payment_date": "01.02.2022",
        "bill_value": "",
        "account_number": "",
        "bank_bik": ""
    },
    {
        "org_ppa_guid": "5905240015",
        "internal_id": "41_2022_02",
        "account_internal_id": "41_2022_02",
        "gis_id": "41_2022_02",
        "month": "01.02.2022",
        "credit": "0.0",
        "saldo": "12130.03",
        "payment_value": "0.0",
        "payment_date": "",
        "bill_value": "",
        "account_number": "",
        "bank_bik": ""
    },
    {
        "org_ppa_guid": "5905240015",
        "internal_id": "42_2022_02",
        "account_internal_id": "42_2022_02",
        "gis_id": "42_2022_02",
        "month": "01.02.2022",
        "credit": "8932.77",
        "saldo": "8662.57",
        "payment_value": "8932.77",
        "payment_date": "01.02.2022",
        "bill_value": "",
        "account_number": "",
        "bank_bik": ""
    },
    {
        "org_ppa_guid": "5905240015",
        "internal_id": "43_2022_02",
        "account_internal_id": "43_2022_02",
        "gis_id": "43_2022_02",
        "month": "01.02.2022",
        "credit": "4435.25",
        "saldo": "3976.65",
        "payment_value": "4435.25",
        "payment_date": "01.02.2022",
        "bill_value": "",
        "account_number": "",
        "bank_bik": ""
    },
    {
        "org_ppa_guid": "5905240015",
        "internal_id": "44_2022_02",
        "account_internal_id": "44_2022_02",
        "gis_id": "44_2022_02",
        "month": "01.02.2022",
        "credit": "0.0",
        "saldo": "0.0",
        "payment_value": "0.0",
        "payment_date": "",
        "bill_value": "",
        "account_number": "",
        "bank_bik": ""
    },
    {
        "org_ppa_guid": "5905240015",
        "internal_id": "45_2022_02",
        "account_internal_id": "45_2022_02",
        "gis_id": "45_2022_02",
        "month": "01.02.2022",
        "credit": "5169.65",
        "saldo": "4978.32",
        "payment_value": "5169.65",
        "payment_date": "01.02.2022",
        "bill_value": "",
        "account_number": "",
        "bank_bik": ""
    },
    {
        "org_ppa_guid": "5905240015",
        "internal_id": "46_2022_02",
        "account_internal_id": "46_2022_02",
        "gis_id": "46_2022_02",
        "month": "01.02.2022",
        "credit": "14880.42",
        "saldo": "13380.21",
        "payment_value": "14880.42",
        "payment_date": "01.02.2022",
        "bill_value": "",
        "account_number": "",
        "bank_bik": ""
    },
    {
        "org_ppa_guid": "5905240015",
        "internal_id": "47_2022_02",
        "account_internal_id": "47_2022_02",
        "gis_id": "47_2022_02",
        "month": "01.02.2022",
        "credit": "0.0",
        "saldo": "0.0",
        "payment_value": "0.0",
        "payment_date": "",
        "bill_value": "",
        "account_number": "",
        "bank_bik": ""
    },
    {
        "org_ppa_guid": "5905240015",
        "internal_id": "48_2022_02",
        "account_internal_id": "48_2022_02",
        "gis_id": "48_2022_02",
        "month": "01.02.2022",
        "credit": "0.0",
        "saldo": "0.0",
        "payment_value": "87064.24",
        "payment_date": "01.02.2022",
        "bill_value": "",
        "account_number": "",
        "bank_bik": ""
    },
    {
        "org_ppa_guid": "5905240015",
        "internal_id": "49_2022_02",
        "account_internal_id": "49_2022_02",
        "gis_id": "49_2022_02",
        "month": "01.02.2022",
        "credit": "10556.89",
        "saldo": "19044.11",
        "payment_value": "0.0",
        "payment_date": "",
        "bill_value": "",
        "account_number": "",
        "bank_bik": ""
    },
    {
        "org_ppa_guid": "5905240015",
        "internal_id": "5_2022_02",
        "account_internal_id": "5_2022_02",
        "gis_id": "5_2022_02",
        "month": "01.02.2022",
        "credit": "6989.28",
        "saldo": "6210.3",
        "payment_value": "6989.28",
        "payment_date": "01.02.2022",
        "bill_value": "",
        "account_number": "",
        "bank_bik": ""
    },
    {
        "org_ppa_guid": "5905240015",
        "internal_id": "50_2022_02",
        "account_internal_id": "50_2022_02",
        "gis_id": "50_2022_02",
        "month": "01.02.2022",
        "credit": "10923.2",
        "saldo": "9657.78",
        "payment_value": "10923.2",
        "payment_date": "01.02.2022",
        "bill_value": "",
        "account_number": "",
        "bank_bik": ""
    },
    {
        "org_ppa_guid": "5905240015",
        "internal_id": "51_2022_02",
        "account_internal_id": "51_2022_02",
        "gis_id": "51_2022_02",
        "month": "01.02.2022",
        "credit": "33464.0",
        "saldo": "48141.6",
        "payment_value": "0.0",
        "payment_date": "",
        "bill_value": "",
        "account_number": "",
        "bank_bik": ""
    },
    {
        "org_ppa_guid": "5905240015",
        "internal_id": "52_2022_02",
        "account_internal_id": "52_2022_02",
        "gis_id": "52_2022_02",
        "month": "01.02.2022",
        "credit": "8366.36",
        "saldo": "7289.9",
        "payment_value": "8366.36",
        "payment_date": "01.02.2022",
        "bill_value": "",
        "account_number": "",
        "bank_bik": ""
    },
    {
        "org_ppa_guid": "5905240015",
        "internal_id": "53_2022_02",
        "account_internal_id": "53_2022_02",
        "gis_id": "53_2022_02",
        "month": "01.02.2022",
        "credit": "9868.12",
        "saldo": "9274.8",
        "payment_value": "9868.12",
        "payment_date": "01.02.2022",
        "bill_value": "",
        "account_number": "",
        "bank_bik": ""
    },
    {
        "org_ppa_guid": "5905240015",
        "internal_id": "55_2022_02",
        "account_internal_id": "55_2022_02",
        "gis_id": "55_2022_02",
        "month": "01.02.2022",
        "credit": "16805.7",
        "saldo": "21651.54",
        "payment_value": "0.0",
        "payment_date": "",
        "bill_value": "",
        "account_number": "",
        "bank_bik": ""
    },
    {
        "org_ppa_guid": "5905240015",
        "internal_id": "56_2022_02",
        "account_internal_id": "56_2022_02",
        "gis_id": "56_2022_02",
        "month": "01.02.2022",
        "credit": "8515.86",
        "saldo": "8073.32",
        "payment_value": "8515.86",
        "payment_date": "01.02.2022",
        "bill_value": "",
        "account_number": "",
        "bank_bik": ""
    },
    {
        "org_ppa_guid": "5905240015",
        "internal_id": "57_2022_02",
        "account_internal_id": "57_2022_02",
        "gis_id": "57_2022_02",
        "month": "01.02.2022",
        "credit": "20703.66",
        "saldo": "27129.67",
        "payment_value": "0.0",
        "payment_date": "",
        "bill_value": "",
        "account_number": "",
        "bank_bik": ""
    },
    {
        "org_ppa_guid": "5905240015",
        "internal_id": "58_2022_02",
        "account_internal_id": "58_2022_02",
        "gis_id": "58_2022_02",
        "month": "01.02.2022",
        "credit": "12588.12",
        "saldo": "11963.97",
        "payment_value": "12588.12",
        "payment_date": "01.02.2022",
        "bill_value": "",
        "account_number": "",
        "bank_bik": ""
    },
    {
        "org_ppa_guid": "5905240015",
        "internal_id": "59_2022_02",
        "account_internal_id": "59_2022_02",
        "gis_id": "59_2022_02",
        "month": "01.02.2022",
        "credit": "0.0",
        "saldo": "0.0",
        "payment_value": "30000.0",
        "payment_date": "01.02.2022",
        "bill_value": "",
        "account_number": "",
        "bank_bik": ""
    },
    {
        "org_ppa_guid": "5905240015",
        "internal_id": "6_2022_02",
        "account_internal_id": "6_2022_02",
        "gis_id": "6_2022_02",
        "month": "01.02.2022",
        "credit": "14058.31",
        "saldo": "25609.16",
        "payment_value": "0.0",
        "payment_date": "",
        "bill_value": "",
        "account_number": "",
        "bank_bik": ""
    },
    {
        "org_ppa_guid": "5905240015",
        "internal_id": "60_2022_02",
        "account_internal_id": "60_2022_02",
        "gis_id": "60_2022_02",
        "month": "01.02.2022",
        "credit": "3770.17",
        "saldo": "3309.7",
        "payment_value": "3770.17",
        "payment_date": "01.02.2022",
        "bill_value": "",
        "account_number": "",
        "bank_bik": ""
    },
    {
        "org_ppa_guid": "5905240015",
        "internal_id": "61_2022_02",
        "account_internal_id": "61_2022_02",
        "gis_id": "61_2022_02",
        "month": "01.02.2022",
        "credit": "9367.11",
        "saldo": "8145.96",
        "payment_value": "9367.11",
        "payment_date": "01.02.2022",
        "bill_value": "",
        "account_number": "",
        "bank_bik": ""
    },
    {
        "org_ppa_guid": "5905240015",
        "internal_id": "62_2022_02",
        "account_internal_id": "62_2022_02",
        "gis_id": "62_2022_02",
        "month": "01.02.2022",
        "credit": "0.0",
        "saldo": "6979.08",
        "payment_value": "0.0",
        "payment_date": "",
        "bill_value": "",
        "account_number": "",
        "bank_bik": ""
    },
    {
        "org_ppa_guid": "5905240015",
        "internal_id": "63_2022_02",
        "account_internal_id": "63_2022_02",
        "gis_id": "63_2022_02",
        "month": "01.02.2022",
        "credit": "-4812.62",
        "saldo": "3068.66",
        "payment_value": "0.0",
        "payment_date": "",
        "bill_value": "",
        "account_number": "",
        "bank_bik": ""
    },
    {
        "org_ppa_guid": "5905240015",
        "internal_id": "64_2022_02",
        "account_internal_id": "64_2022_02",
        "gis_id": "64_2022_02",
        "month": "01.02.2022",
        "credit": "3663.42",
        "saldo": "3190.16",
        "payment_value": "3769.47",
        "payment_date": "01.02.2022",
        "bill_value": "",
        "account_number": "",
        "bank_bik": ""
    },
    {
        "org_ppa_guid": "5905240015",
        "internal_id": "65_2022_02",
        "account_internal_id": "65_2022_02",
        "gis_id": "65_2022_02",
        "month": "01.02.2022",
        "credit": "8681.05",
        "saldo": "7713.6",
        "payment_value": "8681.05",
        "payment_date": "01.02.2022",
        "bill_value": "",
        "account_number": "",
        "bank_bik": ""
    },
    {
        "org_ppa_guid": "5905240015",
        "internal_id": "66_2022_02",
        "account_internal_id": "66_2022_02",
        "gis_id": "66_2022_02",
        "month": "01.02.2022",
        "credit": "16314.35",
        "saldo": "23647.04",
        "payment_value": "0.0",
        "payment_date": "",
        "bill_value": "",
        "account_number": "",
        "bank_bik": ""
    },
    {
        "org_ppa_guid": "5905240015",
        "internal_id": "67_2022_02",
        "account_internal_id": "67_2022_02",
        "gis_id": "67_2022_02",
        "month": "01.02.2022",
        "credit": "6847.8",
        "saldo": "6576.17",
        "payment_value": "6847.8",
        "payment_date": "01.02.2022",
        "bill_value": "",
        "account_number": "",
        "bank_bik": ""
    },
    {
        "org_ppa_guid": "5905240015",
        "internal_id": "68_2022_02",
        "account_internal_id": "68_2022_02",
        "gis_id": "68_2022_02",
        "month": "01.02.2022",
        "credit": "0.0",
        "saldo": "0.0",
        "payment_value": "0.0",
        "payment_date": "",
        "bill_value": "",
        "account_number": "",
        "bank_bik": ""
    },
    {
        "org_ppa_guid": "5905240015",
        "internal_id": "69_2022_02",
        "account_internal_id": "69_2022_02",
        "gis_id": "69_2022_02",
        "month": "01.02.2022",
        "credit": "-24115.03",
        "saldo": "-18981.02",
        "payment_value": "0.0",
        "payment_date": "",
        "bill_value": "",
        "account_number": "",
        "bank_bik": ""
    },
    {
        "org_ppa_guid": "5905240015",
        "internal_id": "7_2022_02",
        "account_internal_id": "7_2022_02",
        "gis_id": "7_2022_02",
        "month": "01.02.2022",
        "credit": "15827.13",
        "saldo": "24021.65",
        "payment_value": "5000.0",
        "payment_date": "01.02.2022",
        "bill_value": "",
        "account_number": "",
        "bank_bik": ""
    },
    {
        "org_ppa_guid": "5905240015",
        "internal_id": "70_2022_02",
        "account_internal_id": "70_2022_02",
        "gis_id": "70_2022_02",
        "month": "01.02.2022",
        "credit": "23589.67",
        "saldo": "7321.99",
        "payment_value": "23589.67",
        "payment_date": "01.02.2022",
        "bill_value": "",
        "account_number": "",
        "bank_bik": ""
    },
    {
        "org_ppa_guid": "5905240015",
        "internal_id": "71_2022_02",
        "account_internal_id": "71_2022_02",
        "gis_id": "71_2022_02",
        "month": "01.02.2022",
        "credit": "17156.23",
        "saldo": "6241.89",
        "payment_value": "17156.23",
        "payment_date": "01.02.2022",
        "bill_value": "",
        "account_number": "",
        "bank_bik": ""
    },
    {
        "org_ppa_guid": "5905240015",
        "internal_id": "72_2022_02",
        "account_internal_id": "72_2022_02",
        "gis_id": "72_2022_02",
        "month": "01.02.2022",
        "credit": "0.0",
        "saldo": "88232.24",
        "payment_value": "39400.0",
        "payment_date": "01.02.2022",
        "bill_value": "",
        "account_number": "",
        "bank_bik": ""
    },
    {
        "org_ppa_guid": "5905240015",
        "internal_id": "73_2022_02",
        "account_internal_id": "73_2022_02",
        "gis_id": "73_2022_02",
        "month": "01.02.2022",
        "credit": "10657.44",
        "saldo": "9621.01",
        "payment_value": "10657.44",
        "payment_date": "01.02.2022",
        "bill_value": "",
        "account_number": "",
        "bank_bik": ""
    },
    {
        "org_ppa_guid": "5905240015",
        "internal_id": "74_2022_02",
        "account_internal_id": "74_2022_02",
        "gis_id": "74_2022_02",
        "month": "01.02.2022",
        "credit": "4611.05",
        "saldo": "8681.55",
        "payment_value": "0.0",
        "payment_date": "",
        "bill_value": "",
        "account_number": "",
        "bank_bik": ""
    },
    {
        "org_ppa_guid": "5905240015",
        "internal_id": "75_2022_02",
        "account_internal_id": "75_2022_02",
        "gis_id": "75_2022_02",
        "month": "01.02.2022",
        "credit": "13205.8",
        "saldo": "25195.9",
        "payment_value": "0.0",
        "payment_date": "",
        "bill_value": "",
        "account_number": "",
        "bank_bik": ""
    },
    {
        "org_ppa_guid": "5905240015",
        "internal_id": "76_2022_02",
        "account_internal_id": "76_2022_02",
        "gis_id": "76_2022_02",
        "month": "01.02.2022",
        "credit": "23313.78",
        "saldo": "29693.51",
        "payment_value": "0.0",
        "payment_date": "",
        "bill_value": "",
        "account_number": "",
        "bank_bik": ""
    },
    {
        "org_ppa_guid": "5905240015",
        "internal_id": "77_2022_02",
        "account_internal_id": "77_2022_02",
        "gis_id": "77_2022_02",
        "month": "01.02.2022",
        "credit": "0.0",
        "saldo": "8391.5",
        "payment_value": "0.0",
        "payment_date": "",
        "bill_value": "",
        "account_number": "",
        "bank_bik": ""
    },
    {
        "org_ppa_guid": "5905240015",
        "internal_id": "78_2022_02",
        "account_internal_id": "78_2022_02",
        "gis_id": "78_2022_02",
        "month": "01.02.2022",
        "credit": "7267.31",
        "saldo": "7170.53",
        "payment_value": "4551.61",
        "payment_date": "01.02.2022",
        "bill_value": "",
        "account_number": "",
        "bank_bik": ""
    },
    {
        "org_ppa_guid": "5905240015",
        "internal_id": "79_2022_02",
        "account_internal_id": "79_2022_02",
        "gis_id": "79_2022_02",
        "month": "01.02.2022",
        "credit": "10192.61",
        "saldo": "9577.62",
        "payment_value": "10192.61",
        "payment_date": "01.02.2022",
        "bill_value": "",
        "account_number": "",
        "bank_bik": ""
    },
    {
        "org_ppa_guid": "5905240015",
        "internal_id": "8_2022_02",
        "account_internal_id": "8_2022_02",
        "gis_id": "8_2022_02",
        "month": "01.02.2022",
        "credit": "14716.73",
        "saldo": "21437.54",
        "payment_value": "0.0",
        "payment_date": "",
        "bill_value": "",
        "account_number": "",
        "bank_bik": ""
    },
    {
        "org_ppa_guid": "5905240015",
        "internal_id": "80_2022_02",
        "account_internal_id": "80_2022_02",
        "gis_id": "80_2022_02",
        "month": "01.02.2022",
        "credit": "0.0",
        "saldo": "0.0",
        "payment_value": "0.0",
        "payment_date": "",
        "bill_value": "",
        "account_number": "",
        "bank_bik": ""
    },
    {
        "org_ppa_guid": "5905240015",
        "internal_id": "81_2022_02",
        "account_internal_id": "81_2022_02",
        "gis_id": "81_2022_02",
        "month": "01.02.2022",
        "credit": "27264.7",
        "saldo": "18232.43",
        "payment_value": "29383.6",
        "payment_date": "01.02.2022",
        "bill_value": "",
        "account_number": "",
        "bank_bik": ""
    },
    {
        "org_ppa_guid": "5905240015",
        "internal_id": "82_2022_02",
        "account_internal_id": "82_2022_02",
        "gis_id": "82_2022_02",
        "month": "01.02.2022",
        "credit": "58906.46",
        "saldo": "72432.15",
        "payment_value": "0.0",
        "payment_date": "",
        "bill_value": "",
        "account_number": "",
        "bank_bik": ""
    },
    {
        "org_ppa_guid": "5905240015",
        "internal_id": "83_2022_02",
        "account_internal_id": "83_2022_02",
        "gis_id": "83_2022_02",
        "month": "01.02.2022",
        "credit": "28213.12",
        "saldo": "22750.51",
        "payment_value": "28213.12",
        "payment_date": "01.02.2022",
        "bill_value": "",
        "account_number": "",
        "bank_bik": ""
    },
    {
        "org_ppa_guid": "5905240015",
        "internal_id": "9_2022_02",
        "account_internal_id": "9_2022_02",
        "gis_id": "9_2022_02",
        "month": "01.02.2022",
        "credit": "9096.81",
        "saldo": "8412.15",
        "payment_value": "9096.81",
        "payment_date": "01.02.2022",
        "bill_value": "",
        "account_number": "",
        "bank_bik": ""
    }
]