[
    {
        "org_ppa_guid": "5905240015",
        "internal_id": "00012_2022_04",
        "pp_internal_id": "00012_2022_04",
        "calc_value": "1222.11",
        "tariff": "",
        "service_internal_id": "ХВС",
        "rr": "",
        "recalculation": "",
        "accounting_period_total": "1222.11"
    },
    {
        "org_ppa_guid": "5905240015",
        "internal_id": "021_2022_04",
        "pp_internal_id": "021_2022_04",
        "calc_value": "5682.49",
        "tariff": "",
        "service_internal_id": "Услуги",
        "rr": "",
        "recalculation": "",
        "accounting_period_total": "5682.49"
    },
    {
        "org_ppa_guid": "5905240015",
        "internal_id": "068_2022_04",
        "pp_internal_id": "068_2022_04",
        "calc_value": "858.78",
        "tariff": "",
        "service_internal_id": "ХВС",
        "rr": "",
        "recalculation": "",
        "accounting_period_total": "858.78"
    },
    {
        "org_ppa_guid": "5905240015",
        "internal_id": "1_2022_04",
        "pp_internal_id": "1_2022_04",
        "calc_value": "132.12",
        "tariff": "",
        "service_internal_id": "ХВС",
        "rr": "",
        "recalculation": "",
        "accounting_period_total": "132.12"
    },
    {
        "org_ppa_guid": "5905240015",
        "internal_id": "10_2022_04",
        "pp_internal_id": "10_2022_04",
        "calc_value": "330.3",
        "tariff": "",
        "service_internal_id": "ХВС",
        "rr": "",
        "recalculation": "",
        "accounting_period_total": "330.3"
    },
    {
        "org_ppa_guid": "5905240015",
        "internal_id": "13_2022_04",
        "pp_internal_id": "13_2022_04",
        "calc_value": "198.18",
        "tariff": "",
        "service_internal_id": "ХВС",
        "rr": "",
        "recalculation": "",
        "accounting_period_total": "198.18"
    },
    {
        "org_ppa_guid": "5905240015",
        "internal_id": "14_2022_04",
        "pp_internal_id": "14_2022_04",
        "calc_value": "693.63",
        "tariff": "",
        "service_internal_id": "ХВС",
        "rr": "",
        "recalculation": "",
        "accounting_period_total": "693.63"
    },
    {
        "org_ppa_guid": "5905240015",
        "internal_id": "15_2022_04",
        "pp_internal_id": "15_2022_04",
        "calc_value": "480.88",
        "tariff": "",
        "service_internal_id": "Электроэнергия",
        "rr": "",
        "recalculation": "",
        "accounting_period_total": "480.88"
    },
    {
        "org_ppa_guid": "5905240015",
        "internal_id": "16_2022_04",
        "pp_internal_id": "16_2022_04",
        "calc_value": "132.12",
        "tariff": "",
        "service_internal_id": "ХВС",
        "rr": "",
        "recalculation": "",
        "accounting_period_total": "132.12"
    },
    {
        "org_ppa_guid": "5905240015",
        "internal_id": "17_2022_04",
        "pp_internal_id": "17_2022_04",
        "calc_value": "165.15",
        "tariff": "",
        "service_internal_id": "ХВС",
        "rr": "",
        "recalculation": "",
        "accounting_period_total": "165.15"
    },
    {
        "org_ppa_guid": "5905240015",
        "internal_id": "18_2022_04",
        "pp_internal_id": "18_2022_04",
        "calc_value": "330.3",
        "tariff": "",
        "service_internal_id": "ХВС",
        "rr": "",
        "recalculation": "",
        "accounting_period_total": "330.3"
    },
    {
        "org_ppa_guid": "5905240015",
        "internal_id": "19_2022_04",
        "pp_internal_id": "19_2022_04",
        "calc_value": "165.15",
        "tariff": "",
        "service_internal_id": "ХВС",
        "rr": "",
        "recalculation": "",
        "accounting_period_total": "165.15"
    },
    {
        "org_ppa_guid": "5905240015",
        "internal_id": "2_2022_04",
        "pp_internal_id": "2_2022_04",
        "calc_value": "792.72",
        "tariff": "",
        "service_internal_id": "ХВС",
        "rr": "",
        "recalculation": "",
        "accounting_period_total": "792.72"
    },
    {
        "org_ppa_guid": "5905240015",
        "internal_id": "20_2022_04",
        "pp_internal_id": "20_2022_04",
        "calc_value": "396.36",
        "tariff": "",
        "service_internal_id": "ХВС",
        "rr": "",
        "recalculation": "",
        "accounting_period_total": "396.36"
    },
    {
        "org_ppa_guid": "5905240015",
        "internal_id": "22_2022_04",
        "pp_internal_id": "22_2022_04",
        "calc_value": "594.54",
        "tariff": "",
        "service_internal_id": "ХВС",
        "rr": "",
        "recalculation": "",
        "accounting_period_total": "594.54"
    },
    {
        "org_ppa_guid": "5905240015",
        "internal_id": "23_2022_04",
        "pp_internal_id": "23_2022_04",
        "calc_value": "957.87",
        "tariff": "",
        "service_internal_id": "ХВС",
        "rr": "",
        "recalculation": "",
        "accounting_period_total": "957.87"
    },
    {
        "org_ppa_guid": "5905240015",
        "internal_id": "24_2022_04",
        "pp_internal_id": "24_2022_04",
        "calc_value": "693.63",
        "tariff": "",
        "service_internal_id": "ХВС",
        "rr": "",
        "recalculation": "",
        "accounting_period_total": "693.63"
    },
    {
        "org_ppa_guid": "5905240015",
        "internal_id": "25_2022_04",
        "pp_internal_id": "25_2022_04",
        "calc_value": "396.36",
        "tariff": "",
        "service_internal_id": "ХВС",
        "rr": "",
        "recalculation": "",
        "accounting_period_total": "396.36"
    },
    {
        "org_ppa_guid": "5905240015",
        "internal_id": "26_2022_04",
        "pp_internal_id": "26_2022_04",
        "calc_value": "511.46",
        "tariff": "",
        "service_internal_id": "Электроэнергия",
        "rr": "",
        "recalculation": "",
        "accounting_period_total": "511.46"
    },
    {
        "org_ppa_guid": "5905240015",
        "internal_id": "27_2022_04",
        "pp_internal_id": "27_2022_04",
        "calc_value": "297.27",
        "tariff": "",
        "service_internal_id": "ХВС",
        "rr": "",
        "recalculation": "",
        "accounting_period_total": "297.27"
    },
    {
        "org_ppa_guid": "5905240015",
        "internal_id": "28_2022_04",
        "pp_internal_id": "28_2022_04",
        "calc_value": "132.12",
        "tariff": "",
        "service_internal_id": "ХВС",
        "rr": "",
        "recalculation": "",
        "accounting_period_total": "132.12"
    },
    {
        "org_ppa_guid": "5905240015",
        "internal_id": "29_2022_04",
        "pp_internal_id": "29_2022_04",
        "calc_value": "392.3",
        "tariff": "",
        "service_internal_id": "ХВС",
        "rr": "",
        "recalculation": "",
        "accounting_period_total": "392.3"
    },
    {
        "org_ppa_guid": "5905240015",
        "internal_id": "3_2022_04",
        "pp_internal_id": "3_2022_04",
        "calc_value": "792.72",
        "tariff": "",
        "service_internal_id": "ХВС",
        "rr": "",
        "recalculation": "",
        "accounting_period_total": "792.72"
    },
    {
        "org_ppa_guid": "5905240015",
        "internal_id": "30_2022_04",
        "pp_internal_id": "30_2022_04",
        "calc_value": "363.33",
        "tariff": "",
        "service_internal_id": "ХВС",
        "rr": "",
        "recalculation": "",
        "accounting_period_total": "363.33"
    },
    {
        "org_ppa_guid": "5905240015",
        "internal_id": "31_2022_04",
        "pp_internal_id": "31_2022_04",
        "calc_value": "462.42",
        "tariff": "",
        "service_internal_id": "ХВС",
        "rr": "",
        "recalculation": "",
        "accounting_period_total": "462.42"
    },
    {
        "org_ppa_guid": "5905240015",
        "internal_id": "32_2022_04",
        "pp_internal_id": "32_2022_04",
        "calc_value": "693.63",
        "tariff": "",
        "service_internal_id": "ХВС",
        "rr": "",
        "recalculation": "",
        "accounting_period_total": "693.63"
    },
    {
        "org_ppa_guid": "5905240015",
        "internal_id": "33_2022_04",
        "pp_internal_id": "33_2022_04",
        "calc_value": "198.18",
        "tariff": "",
        "service_internal_id": "ХВС",
        "rr": "",
        "recalculation": "",
        "accounting_period_total": "198.18"
    },
    {
        "org_ppa_guid": "5905240015",
        "internal_id": "34_2022_04",
        "pp_internal_id": "34_2022_04",
        "calc_value": "363.33",
        "tariff": "",
        "service_internal_id": "ХВС",
        "rr": "",
        "recalculation": "",
        "accounting_period_total": "363.33"
    },
    {
        "org_ppa_guid": "5905240015",
        "internal_id": "35_2022_04",
        "pp_internal_id": "35_2022_04",
        "calc_value": "792.72",
        "tariff": "",
        "service_internal_id": "ХВС",
        "rr": "",
        "recalculation": "",
        "accounting_period_total": "792.72"
    },
    {
        "org_ppa_guid": "5905240015",
        "internal_id": "36_2022_04",
        "pp_internal_id": "36_2022_04",
        "calc_value": "132.12",
        "tariff": "",
        "service_internal_id": "ХВС",
        "rr": "",
        "recalculation": "",
        "accounting_period_total": "132.12"
    },
    {
        "org_ppa_guid": "5905240015",
        "internal_id": "37_2022_04",
        "pp_internal_id": "37_2022_04",
        "calc_value": "396.36",
        "tariff": "",
        "service_internal_id": "ХВС",
        "rr": "",
        "recalculation": "",
        "accounting_period_total": "396.36"
    },
    {
        "org_ppa_guid": "5905240015",
        "internal_id": "38_2022_04",
        "pp_internal_id": "38_2022_04",
        "calc_value": "86.6",
        "tariff": "",
        "service_internal_id": "Электроэнергия",
        "rr": "",
        "recalculation": "",
        "accounting_period_total": "86.6"
    },
    {
        "org_ppa_guid": "5905240015",
        "internal_id": "39_2022_04",
        "pp_internal_id": "39_2022_04",
        "calc_value": "99.09",
        "tariff": "",
        "service_internal_id": "ХВС",
        "rr": "",
        "recalculation": "",
        "accounting_period_total": "99.09"
    },
    {
        "org_ppa_guid": "5905240015",
        "internal_id": "4_2022_04",
        "pp_internal_id": "4_2022_04",
        "calc_value": "330.3",
        "tariff": "",
        "service_internal_id": "ХВС",
        "rr": "",
        "recalculation": "",
        "accounting_period_total": "330.3"
    },
    {
        "org_ppa_guid": "5905240015",
        "internal_id": "40_2022_04",
        "pp_internal_id": "40_2022_04",
        "calc_value": "132.12",
        "tariff": "",
        "service_internal_id": "ХВС",
        "rr": "",
        "recalculation": "",
        "accounting_period_total": "132.12"
    },
    {
        "org_ppa_guid": "5905240015",
        "internal_id": "41_2022_04",
        "pp_internal_id": "41_2022_04",
        "calc_value": "495.45",
        "tariff": "",
        "service_internal_id": "ХВС",
        "rr": "",
        "recalculation": "",
        "accounting_period_total": "495.45"
    },
    {
        "org_ppa_guid": "5905240015",
        "internal_id": "42_2022_04",
        "pp_internal_id": "42_2022_04",
        "calc_value": "264.24",
        "tariff": "",
        "service_internal_id": "ХВС",
        "rr": "",
        "recalculation": "",
        "accounting_period_total": "264.24"
    },
    {
        "org_ppa_guid": "5905240015",
        "internal_id": "43_2022_04",
        "pp_internal_id": "43_2022_04",
        "calc_value": "198.18",
        "tariff": "",
        "service_internal_id": "ХВС",
        "rr": "",
        "recalculation": "",
        "accounting_period_total": "198.18"
    },
    {
        "org_ppa_guid": "5905240015",
        "internal_id": "44_2022_04",
        "pp_internal_id": "44_2022_04",
        "calc_value": "57578.36",
        "tariff": "",
        "service_internal_id": "Услуги",
        "rr": "",
        "recalculation": "",
        "accounting_period_total": "57578.36"
    },
    {
        "org_ppa_guid": "5905240015",
        "internal_id": "45_2022_04",
        "pp_internal_id": "45_2022_04",
        "calc_value": "495.45",
        "tariff": "",
        "service_internal_id": "ХВС",
        "rr": "",
        "recalculation": "",
        "accounting_period_total": "495.45"
    },
    {
        "org_ppa_guid": "5905240015",
        "internal_id": "46_2022_04",
        "pp_internal_id": "46_2022_04",
        "calc_value": "528.48",
        "tariff": "",
        "service_internal_id": "ХВС",
        "rr": "",
        "recalculation": "",
        "accounting_period_total": "528.48"
    },
    {
        "org_ppa_guid": "5905240015",
        "internal_id": "47_2022_04",
        "pp_internal_id": "47_2022_04",
        "calc_value": "132.12",
        "tariff": "",
        "service_internal_id": "ХВС",
        "rr": "",
        "recalculation": "",
        "accounting_period_total": "132.12"
    },
    {
        "org_ppa_guid": "5905240015",
        "internal_id": "48_2022_04",
        "pp_internal_id": "48_2022_04",
        "calc_value": "1329.0",
        "tariff": "",
        "service_internal_id": "ХВС",
        "rr": "",
        "recalculation": "",
        "accounting_period_total": "1329.0"
    },
    {
        "org_ppa_guid": "5905240015",
        "internal_id": "49_2022_04",
        "pp_internal_id": "49_2022_04",
        "calc_value": "264.24",
        "tariff": "",
        "service_internal_id": "ХВС",
        "rr": "",
        "recalculation": "",
        "accounting_period_total": "264.24"
    },
    {
        "org_ppa_guid": "5905240015",
        "internal_id": "5_2022_04",
        "pp_internal_id": "5_2022_04",
        "calc_value": "396.36",
        "tariff": "",
        "service_internal_id": "ХВС",
        "rr": "",
        "recalculation": "",
        "accounting_period_total": "396.36"
    },
    {
        "org_ppa_guid": "5905240015",
        "internal_id": "50_2022_04",
        "pp_internal_id": "50_2022_04",
        "calc_value": "198.18",
        "tariff": "",
        "service_internal_id": "ХВС",
        "rr": "",
        "recalculation": "",
        "accounting_period_total": "198.18"
    },
    {
        "org_ppa_guid": "5905240015",
        "internal_id": "51_2022_04",
        "pp_internal_id": "51_2022_04",
        "calc_value": "1023.93",
        "tariff": "",
        "service_internal_id": "ХВС",
        "rr": "",
        "recalculation": "",
        "accounting_period_total": "1023.93"
    },
    {
        "org_ppa_guid": "5905240015",
        "internal_id": "52_2022_04",
        "pp_internal_id": "52_2022_04",
        "calc_value": "63.9",
        "tariff": "",
        "service_internal_id": "Электроэнергия",
        "rr": "",
        "recalculation": "",
        "accounting_period_total": "63.9"
    },
    {
        "org_ppa_guid": "5905240015",
        "internal_id": "53_2022_04",
        "pp_internal_id": "53_2022_04",
        "calc_value": "627.57",
        "tariff": "",
        "service_internal_id": "ХВС",
        "rr": "",
        "recalculation": "",
        "accounting_period_total": "627.57"
    },
    {
        "org_ppa_guid": "5905240015",
        "internal_id": "55_2022_04",
        "pp_internal_id": "55_2022_04",
        "calc_value": "362.64",
        "tariff": "",
        "service_internal_id": "Электроэнергия",
        "rr": "",
        "recalculation": "",
        "accounting_period_total": "362.64"
    },
    {
        "org_ppa_guid": "5905240015",
        "internal_id": "56_2022_04",
        "pp_internal_id": "56_2022_04",
        "calc_value": "495.45",
        "tariff": "",
        "service_internal_id": "ХВС",
        "rr": "",
        "recalculation": "",
        "accounting_period_total": "495.45"
    },
    {
        "org_ppa_guid": "5905240015",
        "internal_id": "57_2022_04",
        "pp_internal_id": "57_2022_04",
        "calc_value": "231.21",
        "tariff": "",
        "service_internal_id": "ХВС",
        "rr": "",
        "recalculation": "",
        "accounting_period_total": "231.21"
    },
    {
        "org_ppa_guid": "5905240015",
        "internal_id": "58_2022_04",
        "pp_internal_id": "58_2022_04",
        "calc_value": "990.9",
        "tariff": "",
        "service_internal_id": "ХВС",
        "rr": "",
        "recalculation": "",
        "accounting_period_total": "990.9"
    },
    {
        "org_ppa_guid": "5905240015",
        "internal_id": "59_2022_04",
        "pp_internal_id": "59_2022_04",
        "calc_value": "569.57",
        "tariff": "",
        "service_internal_id": "ХВС",
        "rr": "",
        "recalculation": "",
        "accounting_period_total": "569.57"
    },
    {
        "org_ppa_guid": "5905240015",
        "internal_id": "6_2022_04",
        "pp_internal_id": "6_2022_04",
        "calc_value": "132.12",
        "tariff": "",
        "service_internal_id": "ХВС",
        "rr": "",
        "recalculation": "",
        "accounting_period_total": "132.12"
    },
    {
        "org_ppa_guid": "5905240015",
        "internal_id": "60_2022_04",
        "pp_internal_id": "60_2022_04",
        "calc_value": "8.66",
        "tariff": "",
        "service_internal_id": "Электроэнергия",
        "rr": "",
        "recalculation": "",
        "accounting_period_total": "8.66"
    },
    {
        "org_ppa_guid": "5905240015",
        "internal_id": "61_2022_04",
        "pp_internal_id": "61_2022_04",
        "calc_value": "264.24",
        "tariff": "",
        "service_internal_id": "ХВС",
        "rr": "",
        "recalculation": "",
        "accounting_period_total": "264.24"
    },
    {
        "org_ppa_guid": "5905240015",
        "internal_id": "62_2022_04",
        "pp_internal_id": "62_2022_04",
        "calc_value": "280.9",
        "tariff": "",
        "service_internal_id": "Электроэнергия",
        "rr": "",
        "recalculation": "",
        "accounting_period_total": "280.9"
    },
    {
        "org_ppa_guid": "5905240015",
        "internal_id": "63_2022_04",
        "pp_internal_id": "63_2022_04",
        "calc_value": "330.3",
        "tariff": "",
        "service_internal_id": "ХВС",
        "rr": "",
        "recalculation": "",
        "accounting_period_total": "330.3"
    },
    {
        "org_ppa_guid": "5905240015",
        "internal_id": "64_2022_04",
        "pp_internal_id": "64_2022_04",
        "calc_value": "9117.39",
        "tariff": "",
        "service_internal_id": "Услуги",
        "rr": "",
        "recalculation": "",
        "accounting_period_total": "9117.39"
    },
    {
        "org_ppa_guid": "5905240015",
        "internal_id": "65_2022_04",
        "pp_internal_id": "65_2022_04",
        "calc_value": "66.06",
        "tariff": "",
        "service_internal_id": "ХВС",
        "rr": "",
        "recalculation": "",
        "accounting_period_total": "66.06"
    },
    {
        "org_ppa_guid": "5905240015",
        "internal_id": "66_2022_04",
        "pp_internal_id": "66_2022_04",
        "calc_value": "142.5",
        "tariff": "",
        "service_internal_id": "Электроэнергия",
        "rr": "",
        "recalculation": "",
        "accounting_period_total": "142.5"
    },
    {
        "org_ppa_guid": "5905240015",
        "internal_id": "67_2022_04",
        "pp_internal_id": "67_2022_04",
        "calc_value": "528.48",
        "tariff": "",
        "service_internal_id": "ХВС",
        "rr": "",
        "recalculation": "",
        "accounting_period_total": "528.48"
    },
    {
        "org_ppa_guid": "5905240015",
        "internal_id": "69_2022_04",
        "pp_internal_id": "69_2022_04",
        "calc_value": "330.3",
        "tariff": "",
        "service_internal_id": "ХВС",
        "rr": "",
        "recalculation": "",
        "accounting_period_total": "330.3"
    },
    {
        "org_ppa_guid": "5905240015",
        "internal_id": "7_2022_04",
        "pp_internal_id": "7_2022_04",
        "calc_value": "297.27",
        "tariff": "",
        "service_internal_id": "ХВС",
        "rr": "",
        "recalculation": "",
        "accounting_period_total": "297.27"
    },
    {
        "org_ppa_guid": "5905240015",
        "internal_id": "70_2022_04",
        "pp_internal_id": "70_2022_04",
        "calc_value": "99.09",
        "tariff": "",
        "service_internal_id": "ХВС",
        "rr": "",
        "recalculation": "",
        "accounting_period_total": "99.09"
    },
    {
        "org_ppa_guid": "5905240015",
        "internal_id": "71_2022_04",
        "pp_internal_id": "71_2022_04",
        "calc_value": "198.18",
        "tariff": "",
        "service_internal_id": "ХВС",
        "rr": "",
        "recalculation": "",
        "accounting_period_total": "198.18"
    },
    {
        "org_ppa_guid": "5905240015",
        "internal_id": "72_2022_04",
        "pp_internal_id": "72_2022_04",
        "calc_value": "569.57",
        "tariff": "",
        "service_internal_id": "ХВС",
        "rr": "",
        "recalculation": "",
        "accounting_period_total": "569.57"
    },
    {
        "org_ppa_guid": "5905240015",
        "internal_id": "73_2022_04",
        "pp_internal_id": "73_2022_04",
        "calc_value": "528.48",
        "tariff": "",
        "service_internal_id": "ХВС",
        "rr": "",
        "recalculation": "",
        "accounting_period_total": "528.48"
    },
    {
        "org_ppa_guid": "5905240015",
        "internal_id": "74_2022_04",
        "pp_internal_id": "74_2022_04",
        "calc_value": "132.12",
        "tariff": "",
        "service_internal_id": "ХВС",
        "rr": "",
        "recalculation": "",
        "accounting_period_total": "132.12"
    },
    {
        "org_ppa_guid": "5905240015",
        "internal_id": "75_2022_04",
        "pp_internal_id": "75_2022_04",
        "calc_value": "627.57",
        "tariff": "",
        "service_internal_id": "ХВС",
        "rr": "",
        "recalculation": "",
        "accounting_period_total": "627.57"
    },
    {
        "org_ppa_guid": "5905240015",
        "internal_id": "76_2022_04",
        "pp_internal_id": "76_2022_04",
        "calc_value": "33.03",
        "tariff": "",
        "service_internal_id": "ХВС",
        "rr": "",
        "recalculation": "",
        "accounting_period_total": "33.03"
    },
    {
        "org_ppa_guid": "5905240015",
        "internal_id": "77_2022_04",
        "pp_internal_id": "77_2022_04",
        "calc_value": "429.39",
        "tariff": "",
        "service_internal_id": "ХВС",
        "rr": "",
        "recalculation": "",
        "accounting_period_total": "429.39"
    },
    {
        "org_ppa_guid": "5905240015",
        "internal_id": "78_2022_04",
        "pp_internal_id": "78_2022_04",
        "calc_value": "33.03",
        "tariff": "",
        "service_internal_id": "ХВС",
        "rr": "",
        "recalculation": "",
        "accounting_period_total": "33.03"
    },
    {
        "org_ppa_guid": "5905240015",
        "internal_id": "79_2022_04",
        "pp_internal_id": "79_2022_04",
        "calc_value": "429.39",
        "tariff": "",
        "service_internal_id": "ХВС",
        "rr": "",
        "recalculation": "",
        "accounting_period_total": "429.39"
    },
    {
        "org_ppa_guid": "5905240015",
        "internal_id": "8_2022_04",
        "pp_internal_id": "8_2022_04",
        "calc_value": "165.15",
        "tariff": "",
        "service_internal_id": "ХВС",
        "rr": "",
        "recalculation": "",
        "accounting_period_total": "165.15"
    },
    {
        "org_ppa_guid": "5905240015",
        "internal_id": "80_2022_04",
        "pp_internal_id": "80_2022_04",
        "calc_value": "66.06",
        "tariff": "",
        "service_internal_id": "ХВС",
        "rr": "",
        "recalculation": "",
        "accounting_period_total": "66.06"
    },
    {
        "org_ppa_guid": "5905240015",
        "internal_id": "81_2022_04",
        "pp_internal_id": "81_2022_04",
        "calc_value": "99.09",
        "tariff": "",
        "service_internal_id": "ХВС",
        "rr": "",
        "recalculation": "",
        "accounting_period_total": "99.09"
    },
    {
        "org_ppa_guid": "5905240015",
        "internal_id": "82_2022_04",
        "pp_internal_id": "82_2022_04",
        "calc_value": "33.03",
        "tariff": "",
        "service_internal_id": "ХВС",
        "rr": "",
        "recalculation": "",
        "accounting_period_total": "33.03"
    },
    {
        "org_ppa_guid": "5905240015",
        "internal_id": "83_2022_04",
        "pp_internal_id": "83_2022_04",
        "calc_value": "429.39",
        "tariff": "",
        "service_internal_id": "ХВС",
        "rr": "",
        "recalculation": "",
        "accounting_period_total": "429.39"
    },
    {
        "org_ppa_guid": "5905240015",
        "internal_id": "9_2022_04",
        "pp_internal_id": "9_2022_04",
        "calc_value": "627.57",
        "tariff": "",
        "service_internal_id": "ХВС",
        "rr": "",
        "recalculation": "",
        "accounting_period_total": "36215.69"
    }
]