[
    {
        "org_ppa_guid": "5905240015",
        "internal_id": "00012_2022_06",
        "account_internal_id": "00012_2022_06",
        "gis_id": "00012_2022_06",
        "month": "15.06.2022",
        "credit": "14755.82",
        "saldo": "13901.65",
        "payment_value": "14755.82",
        "payment_date": "15.06.2022",
        "bill_value": "",
        "account_number": "",
        "bank_bik": ""
    },
    {
        "org_ppa_guid": "5905240015",
        "internal_id": "021_2022_06",
        "account_internal_id": "021_2022_06",
        "gis_id": "021_2022_06",
        "month": "15.06.2022",
        "credit": "0.0",
        "saldo": "0.0",
        "payment_value": "0.0",
        "payment_date": "",
        "bill_value": "",
        "account_number": "",
        "bank_bik": ""
    },
    {
        "org_ppa_guid": "5905240015",
        "internal_id": "068_2022_06",
        "account_internal_id": "068_2022_06",
        "gis_id": "068_2022_06",
        "month": "15.06.2022",
        "credit": "9551.89",
        "saldo": "9013.22",
        "payment_value": "9551.89",
        "payment_date": "15.06.2022",
        "bill_value": "",
        "account_number": "",
        "bank_bik": ""
    },
    {
        "org_ppa_guid": "5905240015",
        "internal_id": "1_2022_06",
        "account_internal_id": "1_2022_06",
        "gis_id": "1_2022_06",
        "month": "15.06.2022",
        "credit": "8695.51",
        "saldo": "7803.34",
        "payment_value": "8695.51",
        "payment_date": "15.06.2022",
        "bill_value": "",
        "account_number": "",
        "bank_bik": ""
    },
    {
        "org_ppa_guid": "5905240015",
        "internal_id": "10_2022_06",
        "account_internal_id": "10_2022_06",
        "gis_id": "10_2022_06",
        "month": "15.06.2022",
        "credit": "5746.14",
        "saldo": "5308.32",
        "payment_value": "5746.14",
        "payment_date": "15.06.2022",
        "bill_value": "",
        "account_number": "",
        "bank_bik": ""
    },
    {
        "org_ppa_guid": "5905240015",
        "internal_id": "13_2022_06",
        "account_internal_id": "13_2022_06",
        "gis_id": "13_2022_06",
        "month": "15.06.2022",
        "credit": "41422.54",
        "saldo": "50085.5",
        "payment_value": "0.0",
        "payment_date": "",
        "bill_value": "",
        "account_number": "",
        "bank_bik": ""
    },
    {
        "org_ppa_guid": "5905240015",
        "internal_id": "14_2022_06",
        "account_internal_id": "14_2022_06",
        "gis_id": "14_2022_06",
        "month": "15.06.2022",
        "credit": "9525.53",
        "saldo": "9039.81",
        "payment_value": "9525.53",
        "payment_date": "15.06.2022",
        "bill_value": "",
        "account_number": "",
        "bank_bik": ""
    },
    {
        "org_ppa_guid": "5905240015",
        "internal_id": "15_2022_06",
        "account_internal_id": "15_2022_06",
        "gis_id": "15_2022_06",
        "month": "15.06.2022",
        "credit": "4219.08",
        "saldo": "7779.69",
        "payment_value": "0.0",
        "payment_date": "",
        "bill_value": "",
        "account_number": "",
        "bank_bik": ""
    },
    {
        "org_ppa_guid": "5905240015",
        "internal_id": "16_2022_06",
        "account_internal_id": "16_2022_06",
        "gis_id": "16_2022_06",
        "month": "15.06.2022",
        "credit": "7087.07",
        "saldo": "6816.7",
        "payment_value": "7087.07",
        "payment_date": "15.06.2022",
        "bill_value": "",
        "account_number": "",
        "bank_bik": ""
    },
    {
        "org_ppa_guid": "5905240015",
        "internal_id": "17_2022_06",
        "account_internal_id": "17_2022_06",
        "gis_id": "17_2022_06",
        "month": "15.06.2022",
        "credit": "5021.18",
        "saldo": "5311.66",
        "payment_value": "5021.18",
        "payment_date": "15.06.2022",
        "bill_value": "",
        "account_number": "",
        "bank_bik": ""
    },
    {
        "org_ppa_guid": "5905240015",
        "internal_id": "18_2022_06",
        "account_internal_id": "18_2022_06",
        "gis_id": "18_2022_06",
        "month": "15.06.2022",
        "credit": "7014.38",
        "saldo": "6727.76",
        "payment_value": "7014.38",
        "payment_date": "15.06.2022",
        "bill_value": "",
        "account_number": "",
        "bank_bik": ""
    },
    {
        "org_ppa_guid": "5905240015",
        "internal_id": "19_2022_06",
        "account_internal_id": "19_2022_06",
        "gis_id": "19_2022_06",
        "month": "15.06.2022",
        "credit": "20603.49",
        "saldo": "9981.28",
        "payment_value": "15779.57",
        "payment_date": "15.06.2022",
        "bill_value": "",
        "account_number": "",
        "bank_bik": ""
    },
    {
        "org_ppa_guid": "5905240015",
        "internal_id": "2_2022_06",
        "account_internal_id": "2_2022_06",
        "gis_id": "2_2022_06",
        "month": "15.06.2022",
        "credit": "13336.84",
        "saldo": "12716.33",
        "payment_value": "13255.0",
        "payment_date": "15.06.2022",
        "bill_value": "",
        "account_number": "",
        "bank_bik": ""
    },
    {
        "org_ppa_guid": "5905240015",
        "internal_id": "20_2022_06",
        "account_internal_id": "20_2022_06",
        "gis_id": "20_2022_06",
        "month": "15.06.2022",
        "credit": "25873.36",
        "saldo": "7695.82",
        "payment_value": "25873.36",
        "payment_date": "15.06.2022",
        "bill_value": "",
        "account_number": "",
        "bank_bik": ""
    },
    {
        "org_ppa_guid": "5905240015",
        "internal_id": "21_2022_06",
        "account_internal_id": "21_2022_06",
        "gis_id": "21_2022_06",
        "month": "15.06.2022",
        "credit": "24390.26",
        "saldo": "24390.26",
        "payment_value": "0.0",
        "payment_date": "",
        "bill_value": "",
        "account_number": "",
        "bank_bik": ""
    },
    {
        "org_ppa_guid": "5905240015",
        "internal_id": "22_2022_06",
        "account_internal_id": "22_2022_06",
        "gis_id": "22_2022_06",
        "month": "15.06.2022",
        "credit": "22195.51",
        "saldo": "20570.16",
        "payment_value": "22196.0",
        "payment_date": "15.06.2022",
        "bill_value": "",
        "account_number": "",
        "bank_bik": ""
    },
    {
        "org_ppa_guid": "5905240015",
        "internal_id": "23_2022_06",
        "account_internal_id": "23_2022_06",
        "gis_id": "23_2022_06",
        "month": "15.06.2022",
        "credit": "14808.81",
        "saldo": "12976.27",
        "payment_value": "14808.81",
        "payment_date": "15.06.2022",
        "bill_value": "",
        "account_number": "",
        "bank_bik": ""
    },
    {
        "org_ppa_guid": "5905240015",
        "internal_id": "24_2022_06",
        "account_internal_id": "24_2022_06",
        "gis_id": "24_2022_06",
        "month": "15.06.2022",
        "credit": "11740.19",
        "saldo": "10875.26",
        "payment_value": "11740.19",
        "payment_date": "15.06.2022",
        "bill_value": "",
        "account_number": "",
        "bank_bik": ""
    },
    {
        "org_ppa_guid": "5905240015",
        "internal_id": "25_2022_06",
        "account_internal_id": "25_2022_06",
        "gis_id": "25_2022_06",
        "month": "15.06.2022",
        "credit": "11591.89",
        "saldo": "11102.2",
        "payment_value": "11591.89",
        "payment_date": "15.06.2022",
        "bill_value": "",
        "account_number": "",
        "bank_bik": ""
    },
    {
        "org_ppa_guid": "5905240015",
        "internal_id": "26_2022_06",
        "account_internal_id": "26_2022_06",
        "gis_id": "26_2022_06",
        "month": "15.06.2022",
        "credit": "12619.76",
        "saldo": "24722.91",
        "payment_value": "0.0",
        "payment_date": "",
        "bill_value": "",
        "account_number": "",
        "bank_bik": ""
    },
    {
        "org_ppa_guid": "5905240015",
        "internal_id": "27_2022_06",
        "account_internal_id": "27_2022_06",
        "gis_id": "27_2022_06",
        "month": "15.06.2022",
        "credit": "6728.88",
        "saldo": "6270.12",
        "payment_value": "6728.88",
        "payment_date": "15.06.2022",
        "bill_value": "",
        "account_number": "",
        "bank_bik": ""
    },
    {
        "org_ppa_guid": "5905240015",
        "internal_id": "28_2022_06",
        "account_internal_id": "28_2022_06",
        "gis_id": "28_2022_06",
        "month": "15.06.2022",
        "credit": "11188.35",
        "saldo": "4460.16",
        "payment_value": "10685.37",
        "payment_date": "15.06.2022",
        "bill_value": "",
        "account_number": "",
        "bank_bik": ""
    },
    {
        "org_ppa_guid": "5905240015",
        "internal_id": "29_2022_06",
        "account_internal_id": "29_2022_06",
        "gis_id": "29_2022_06",
        "month": "15.06.2022",
        "credit": "25313.55",
        "saldo": "21291.09",
        "payment_value": "14321.49",
        "payment_date": "15.06.2022",
        "bill_value": "",
        "account_number": "",
        "bank_bik": ""
    },
    {
        "org_ppa_guid": "5905240015",
        "internal_id": "3_2022_06",
        "account_internal_id": "3_2022_06",
        "gis_id": "3_2022_06",
        "month": "15.06.2022",
        "credit": "8514.17",
        "saldo": "7997.75",
        "payment_value": "8514.17",
        "payment_date": "15.06.2022",
        "bill_value": "",
        "account_number": "",
        "bank_bik": ""
    },
    {
        "org_ppa_guid": "5905240015",
        "internal_id": "30_2022_06",
        "account_internal_id": "30_2022_06",
        "gis_id": "30_2022_06",
        "month": "15.06.2022",
        "credit": "15376.47",
        "saldo": "15012.66",
        "payment_value": "9711.01",
        "payment_date": "15.06.2022",
        "bill_value": "",
        "account_number": "",
        "bank_bik": ""
    },
    {
        "org_ppa_guid": "5905240015",
        "internal_id": "31_2022_06",
        "account_internal_id": "31_2022_06",
        "gis_id": "31_2022_06",
        "month": "15.06.2022",
        "credit": "14888.0",
        "saldo": "13853.29",
        "payment_value": "14888.0",
        "payment_date": "15.06.2022",
        "bill_value": "",
        "account_number": "",
        "bank_bik": ""
    },
    {
        "org_ppa_guid": "5905240015",
        "internal_id": "32_2022_06",
        "account_internal_id": "32_2022_06",
        "gis_id": "32_2022_06",
        "month": "15.06.2022",
        "credit": "13841.29",
        "saldo": "13421.84",
        "payment_value": "13841.29",
        "payment_date": "15.06.2022",
        "bill_value": "",
        "account_number": "",
        "bank_bik": ""
    },
    {
        "org_ppa_guid": "5905240015",
        "internal_id": "33_2022_06",
        "account_internal_id": "33_2022_06",
        "gis_id": "33_2022_06",
        "month": "15.06.2022",
        "credit": "12237.77",
        "saldo": "17216.16",
        "payment_value": "499.95",
        "payment_date": "15.06.2022",
        "bill_value": "",
        "account_number": "",
        "bank_bik": ""
    },
    {
        "org_ppa_guid": "5905240015",
        "internal_id": "34_2022_06",
        "account_internal_id": "34_2022_06",
        "gis_id": "34_2022_06",
        "month": "15.06.2022",
        "credit": "59181.19",
        "saldo": "71483.92",
        "payment_value": "0.0",
        "payment_date": "",
        "bill_value": "",
        "account_number": "",
        "bank_bik": ""
    },
    {
        "org_ppa_guid": "5905240015",
        "internal_id": "35_2022_06",
        "account_internal_id": "35_2022_06",
        "gis_id": "35_2022_06",
        "month": "15.06.2022",
        "credit": "13413.61",
        "saldo": "13082.87",
        "payment_value": "13413.61",
        "payment_date": "15.06.2022",
        "bill_value": "",
        "account_number": "",
        "bank_bik": ""
    },
    {
        "org_ppa_guid": "5905240015",
        "internal_id": "36_2022_06",
        "account_internal_id": "36_2022_06",
        "gis_id": "36_2022_06",
        "month": "15.06.2022",
        "credit": "4250.37",
        "saldo": "3812.28",
        "payment_value": "4250.37",
        "payment_date": "15.06.2022",
        "bill_value": "",
        "account_number": "",
        "bank_bik": ""
    },
    {
        "org_ppa_guid": "5905240015",
        "internal_id": "37_2022_06",
        "account_internal_id": "37_2022_06",
        "gis_id": "37_2022_06",
        "month": "15.06.2022",
        "credit": "27395.23",
        "saldo": "32570.34",
        "payment_value": "7395.23",
        "payment_date": "15.06.2022",
        "bill_value": "",
        "account_number": "",
        "bank_bik": ""
    },
    {
        "org_ppa_guid": "5905240015",
        "internal_id": "38_2022_06",
        "account_internal_id": "38_2022_06",
        "gis_id": "38_2022_06",
        "month": "15.06.2022",
        "credit": "11945.66",
        "saldo": "5966.76",
        "payment_value": "11630.35",
        "payment_date": "15.06.2022",
        "bill_value": "",
        "account_number": "",
        "bank_bik": ""
    },
    {
        "org_ppa_guid": "5905240015",
        "internal_id": "39_2022_06",
        "account_internal_id": "39_2022_06",
        "gis_id": "39_2022_06",
        "month": "15.06.2022",
        "credit": "10471.86",
        "saldo": "5443.97",
        "payment_value": "10471.86",
        "payment_date": "15.06.2022",
        "bill_value": "",
        "account_number": "",
        "bank_bik": ""
    },
    {
        "org_ppa_guid": "5905240015",
        "internal_id": "4_2022_06",
        "account_internal_id": "4_2022_06",
        "gis_id": "4_2022_06",
        "month": "15.06.2022",
        "credit": "7911.81",
        "saldo": "7186.0",
        "payment_value": "7911.81",
        "payment_date": "15.06.2022",
        "bill_value": "",
        "account_number": "",
        "bank_bik": ""
    },
    {
        "org_ppa_guid": "5905240015",
        "internal_id": "40_2022_06",
        "account_internal_id": "40_2022_06",
        "gis_id": "40_2022_06",
        "month": "15.06.2022",
        "credit": "6720.1",
        "saldo": "6688.44",
        "payment_value": "6859.82",
        "payment_date": "15.06.2022",
        "bill_value": "",
        "account_number": "",
        "bank_bik": ""
    },
    {
        "org_ppa_guid": "5905240015",
        "internal_id": "41_2022_06",
        "account_internal_id": "41_2022_06",
        "gis_id": "41_2022_06",
        "month": "15.06.2022",
        "credit": "12130.03",
        "saldo": "12163.55",
        "payment_value": "12130.03",
        "payment_date": "15.06.2022",
        "bill_value": "",
        "account_number": "",
        "bank_bik": ""
    },
    {
        "org_ppa_guid": "5905240015",
        "internal_id": "42_2022_06",
        "account_internal_id": "42_2022_06",
        "gis_id": "42_2022_06",
        "month": "15.06.2022",
        "credit": "8662.57",
        "saldo": "7708.72",
        "payment_value": "8562.57",
        "payment_date": "15.06.2022",
        "bill_value": "",
        "account_number": "",
        "bank_bik": ""
    },
    {
        "org_ppa_guid": "5905240015",
        "internal_id": "43_2022_06",
        "account_internal_id": "43_2022_06",
        "gis_id": "43_2022_06",
        "month": "15.06.2022",
        "credit": "3976.65",
        "saldo": "3966.93",
        "payment_value": "3976.65",
        "payment_date": "15.06.2022",
        "bill_value": "",
        "account_number": "",
        "bank_bik": ""
    },
    {
        "org_ppa_guid": "5905240015",
        "internal_id": "44_2022_06",
        "account_internal_id": "44_2022_06",
        "gis_id": "44_2022_06",
        "month": "15.06.2022",
        "credit": "0.0",
        "saldo": "0.0",
        "payment_value": "0.0",
        "payment_date": "",
        "bill_value": "",
        "account_number": "",
        "bank_bik": ""
    },
    {
        "org_ppa_guid": "5905240015",
        "internal_id": "45_2022_06",
        "account_internal_id": "45_2022_06",
        "gis_id": "45_2022_06",
        "month": "15.06.2022",
        "credit": "4978.32",
        "saldo": "4749.95",
        "payment_value": "4978.32",
        "payment_date": "15.06.2022",
        "bill_value": "",
        "account_number": "",
        "bank_bik": ""
    },
    {
        "org_ppa_guid": "5905240015",
        "internal_id": "46_2022_06",
        "account_internal_id": "46_2022_06",
        "gis_id": "46_2022_06",
        "month": "15.06.2022",
        "credit": "13380.21",
        "saldo": "11743.39",
        "payment_value": "13380.21",
        "payment_date": "15.06.2022",
        "bill_value": "",
        "account_number": "",
        "bank_bik": ""
    },
    {
        "org_ppa_guid": "5905240015",
        "internal_id": "47_2022_06",
        "account_internal_id": "47_2022_06",
        "gis_id": "47_2022_06",
        "month": "15.06.2022",
        "credit": "0.0",
        "saldo": "0.0",
        "payment_value": "2100.0",
        "payment_date": "15.06.2022",
        "bill_value": "",
        "account_number": "",
        "bank_bik": ""
    },
    {
        "org_ppa_guid": "5905240015",
        "internal_id": "48_2022_06",
        "account_internal_id": "48_2022_06",
        "gis_id": "48_2022_06",
        "month": "15.06.2022",
        "credit": "0.0",
        "saldo": "0.0",
        "payment_value": "0.0",
        "payment_date": "",
        "bill_value": "",
        "account_number": "",
        "bank_bik": ""
    },
    {
        "org_ppa_guid": "5905240015",
        "internal_id": "49_2022_06",
        "account_internal_id": "49_2022_06",
        "gis_id": "49_2022_06",
        "month": "15.06.2022",
        "credit": "19044.11",
        "saldo": "7390.32",
        "payment_value": "19044.11",
        "payment_date": "15.06.2022",
        "bill_value": "",
        "account_number": "",
        "bank_bik": ""
    },
    {
        "org_ppa_guid": "5905240015",
        "internal_id": "5_2022_06",
        "account_internal_id": "5_2022_06",
        "gis_id": "5_2022_06",
        "month": "15.06.2022",
        "credit": "6210.3",
        "saldo": "9211.41",
        "payment_value": "2567.62",
        "payment_date": "15.06.2022",
        "bill_value": "",
        "account_number": "",
        "bank_bik": ""
    },
    {
        "org_ppa_guid": "5905240015",
        "internal_id": "50_2022_06",
        "account_internal_id": "50_2022_06",
        "gis_id": "50_2022_06",
        "month": "15.06.2022",
        "credit": "9657.78",
        "saldo": "7707.51",
        "payment_value": "9657.78",
        "payment_date": "15.06.2022",
        "bill_value": "",
        "account_number": "",
        "bank_bik": ""
    },
    {
        "org_ppa_guid": "5905240015",
        "internal_id": "51_2022_06",
        "account_internal_id": "51_2022_06",
        "gis_id": "51_2022_06",
        "month": "15.06.2022",
        "credit": "48141.6",
        "saldo": "21667.76",
        "payment_value": "41222.5",
        "payment_date": "15.06.2022",
        "bill_value": "",
        "account_number": "",
        "bank_bik": ""
    },
    {
        "org_ppa_guid": "5905240015",
        "internal_id": "52_2022_06",
        "account_internal_id": "52_2022_06",
        "gis_id": "52_2022_06",
        "month": "15.06.2022",
        "credit": "7289.9",
        "saldo": "7006.56",
        "payment_value": "7289.9",
        "payment_date": "15.06.2022",
        "bill_value": "",
        "account_number": "",
        "bank_bik": ""
    },
    {
        "org_ppa_guid": "5905240015",
        "internal_id": "53_2022_06",
        "account_internal_id": "53_2022_06",
        "gis_id": "53_2022_06",
        "month": "15.06.2022",
        "credit": "9274.8",
        "saldo": "8130.9",
        "payment_value": "9274.8",
        "payment_date": "15.06.2022",
        "bill_value": "",
        "account_number": "",
        "bank_bik": ""
    },
    {
        "org_ppa_guid": "5905240015",
        "internal_id": "55_2022_06",
        "account_internal_id": "55_2022_06",
        "gis_id": "55_2022_06",
        "month": "15.06.2022",
        "credit": "21651.54",
        "saldo": "26330.86",
        "payment_value": "0.0",
        "payment_date": "",
        "bill_value": "",
        "account_number": "",
        "bank_bik": ""
    },
    {
        "org_ppa_guid": "5905240015",
        "internal_id": "56_2022_06",
        "account_internal_id": "56_2022_06",
        "gis_id": "56_2022_06",
        "month": "15.06.2022",
        "credit": "8073.32",
        "saldo": "7436.83",
        "payment_value": "8073.32",
        "payment_date": "15.06.2022",
        "bill_value": "",
        "account_number": "",
        "bank_bik": ""
    },
    {
        "org_ppa_guid": "5905240015",
        "internal_id": "57_2022_06",
        "account_internal_id": "57_2022_06",
        "gis_id": "57_2022_06",
        "month": "15.06.2022",
        "credit": "27129.67",
        "saldo": "31253.38",
        "payment_value": "1983.0",
        "payment_date": "15.06.2022",
        "bill_value": "",
        "account_number": "",
        "bank_bik": ""
    },
    {
        "org_ppa_guid": "5905240015",
        "internal_id": "58_2022_06",
        "account_internal_id": "58_2022_06",
        "gis_id": "58_2022_06",
        "month": "15.06.2022",
        "credit": "11963.97",
        "saldo": "23108.22",
        "payment_value": "0.0",
        "payment_date": "",
        "bill_value": "",
        "account_number": "",
        "bank_bik": ""
    },
    {
        "org_ppa_guid": "5905240015",
        "internal_id": "59_2022_06",
        "account_internal_id": "59_2022_06",
        "gis_id": "59_2022_06",
        "month": "15.06.2022",
        "credit": "0.0",
        "saldo": "0.0",
        "payment_value": "0.0",
        "payment_date": "",
        "bill_value": "",
        "account_number": "",
        "bank_bik": ""
    },
    {
        "org_ppa_guid": "5905240015",
        "internal_id": "6_2022_06",
        "account_internal_id": "6_2022_06",
        "gis_id": "6_2022_06",
        "month": "15.06.2022",
        "credit": "25609.16",
        "saldo": "11310.3",
        "payment_value": "24705.95",
        "payment_date": "15.06.2022",
        "bill_value": "",
        "account_number": "",
        "bank_bik": ""
    },
    {
        "org_ppa_guid": "5905240015",
        "internal_id": "60_2022_06",
        "account_internal_id": "60_2022_06",
        "gis_id": "60_2022_06",
        "month": "15.06.2022",
        "credit": "3309.7",
        "saldo": "3173.71",
        "payment_value": "3309.7",
        "payment_date": "15.06.2022",
        "bill_value": "",
        "account_number": "",
        "bank_bik": ""
    },
    {
        "org_ppa_guid": "5905240015",
        "internal_id": "61_2022_06",
        "account_internal_id": "61_2022_06",
        "gis_id": "61_2022_06",
        "month": "15.06.2022",
        "credit": "8145.96",
        "saldo": "7039.24",
        "payment_value": "8145.96",
        "payment_date": "15.06.2022",
        "bill_value": "",
        "account_number": "",
        "bank_bik": ""
    },
    {
        "org_ppa_guid": "5905240015",
        "internal_id": "62_2022_06",
        "account_internal_id": "62_2022_06",
        "gis_id": "62_2022_06",
        "month": "15.06.2022",
        "credit": "6979.08",
        "saldo": "5246.51",
        "payment_value": "6979.08",
        "payment_date": "15.06.2022",
        "bill_value": "",
        "account_number": "",
        "bank_bik": ""
    },
    {
        "org_ppa_guid": "5905240015",
        "internal_id": "63_2022_06",
        "account_internal_id": "63_2022_06",
        "gis_id": "63_2022_06",
        "month": "15.06.2022",
        "credit": "3068.66",
        "saldo": "9075.61",
        "payment_value": "0.0",
        "payment_date": "",
        "bill_value": "",
        "account_number": "",
        "bank_bik": ""
    },
    {
        "org_ppa_guid": "5905240015",
        "internal_id": "64_2022_06",
        "account_internal_id": "64_2022_06",
        "gis_id": "64_2022_06",
        "month": "15.06.2022",
        "credit": "3190.16",
        "saldo": "3056.49",
        "payment_value": "3296.21",
        "payment_date": "15.06.2022",
        "bill_value": "",
        "account_number": "",
        "bank_bik": ""
    },
    {
        "org_ppa_guid": "5905240015",
        "internal_id": "65_2022_06",
        "account_internal_id": "65_2022_06",
        "gis_id": "65_2022_06",
        "month": "15.06.2022",
        "credit": "7713.6",
        "saldo": "15096.72",
        "payment_value": "0.0",
        "payment_date": "",
        "bill_value": "",
        "account_number": "",
        "bank_bik": ""
    },
    {
        "org_ppa_guid": "5905240015",
        "internal_id": "66_2022_06",
        "account_internal_id": "66_2022_06",
        "gis_id": "66_2022_06",
        "month": "15.06.2022",
        "credit": "23647.04",
        "saldo": "7562.47",
        "payment_value": "23197.04",
        "payment_date": "15.06.2022",
        "bill_value": "",
        "account_number": "",
        "bank_bik": ""
    },
    {
        "org_ppa_guid": "5905240015",
        "internal_id": "67_2022_06",
        "account_internal_id": "67_2022_06",
        "gis_id": "67_2022_06",
        "month": "15.06.2022",
        "credit": "6576.17",
        "saldo": "6381.33",
        "payment_value": "6576.17",
        "payment_date": "15.06.2022",
        "bill_value": "",
        "account_number": "",
        "bank_bik": ""
    },
    {
        "org_ppa_guid": "5905240015",
        "internal_id": "68_2022_06",
        "account_internal_id": "68_2022_06",
        "gis_id": "68_2022_06",
        "month": "15.06.2022",
        "credit": "0.0",
        "saldo": "0.0",
        "payment_value": "0.0",
        "payment_date": "",
        "bill_value": "",
        "account_number": "",
        "bank_bik": ""
    },
    {
        "org_ppa_guid": "5905240015",
        "internal_id": "69_2022_06",
        "account_internal_id": "69_2022_06",
        "gis_id": "69_2022_06",
        "month": "15.06.2022",
        "credit": "-18981.02",
        "saldo": "-18886.85",
        "payment_value": "5134.01",
        "payment_date": "15.06.2022",
        "bill_value": "",
        "account_number": "",
        "bank_bik": ""
    },
    {
        "org_ppa_guid": "5905240015",
        "internal_id": "7_2022_06",
        "account_internal_id": "7_2022_06",
        "gis_id": "7_2022_06",
        "month": "15.06.2022",
        "credit": "24021.65",
        "saldo": "35341.94",
        "payment_value": "0.0",
        "payment_date": "",
        "bill_value": "",
        "account_number": "",
        "bank_bik": ""
    },
    {
        "org_ppa_guid": "5905240015",
        "internal_id": "70_2022_06",
        "account_internal_id": "70_2022_06",
        "gis_id": "70_2022_06",
        "month": "15.06.2022",
        "credit": "7321.99",
        "saldo": "7748.1",
        "payment_value": "7321.99",
        "payment_date": "15.06.2022",
        "bill_value": "",
        "account_number": "",
        "bank_bik": ""
    },
    {
        "org_ppa_guid": "5905240015",
        "internal_id": "71_2022_06",
        "account_internal_id": "71_2022_06",
        "gis_id": "71_2022_06",
        "month": "15.06.2022",
        "credit": "6241.89",
        "saldo": "5147.54",
        "payment_value": "6241.89",
        "payment_date": "15.06.2022",
        "bill_value": "",
        "account_number": "",
        "bank_bik": ""
    },
    {
        "org_ppa_guid": "5905240015",
        "internal_id": "72_2022_06",
        "account_internal_id": "72_2022_06",
        "gis_id": "72_2022_06",
        "month": "15.06.2022",
        "credit": "88232.24",
        "saldo": "98220.87",
        "payment_value": "0.0",
        "payment_date": "",
        "bill_value": "",
        "account_number": "",
        "bank_bik": ""
    },
    {
        "org_ppa_guid": "5905240015",
        "internal_id": "73_2022_06",
        "account_internal_id": "73_2022_06",
        "gis_id": "73_2022_06",
        "month": "15.06.2022",
        "credit": "9621.01",
        "saldo": "8941.49",
        "payment_value": "9621.01",
        "payment_date": "15.06.2022",
        "bill_value": "",
        "account_number": "",
        "bank_bik": ""
    },
    {
        "org_ppa_guid": "5905240015",
        "internal_id": "74_2022_06",
        "account_internal_id": "74_2022_06",
        "gis_id": "74_2022_06",
        "month": "15.06.2022",
        "credit": "8681.55",
        "saldo": "12585.99",
        "payment_value": "0.0",
        "payment_date": "",
        "bill_value": "",
        "account_number": "",
        "bank_bik": ""
    },
    {
        "org_ppa_guid": "5905240015",
        "internal_id": "75_2022_06",
        "account_internal_id": "75_2022_06",
        "gis_id": "75_2022_06",
        "month": "15.06.2022",
        "credit": "25195.9",
        "saldo": "12677.18",
        "payment_value": "23596.06",
        "payment_date": "15.06.2022",
        "bill_value": "",
        "account_number": "",
        "bank_bik": ""
    },
    {
        "org_ppa_guid": "5905240015",
        "internal_id": "76_2022_06",
        "account_internal_id": "76_2022_06",
        "gis_id": "76_2022_06",
        "month": "15.06.2022",
        "credit": "29693.51",
        "saldo": "35613.66",
        "payment_value": "0.0",
        "payment_date": "",
        "bill_value": "",
        "account_number": "",
        "bank_bik": ""
    },
    {
        "org_ppa_guid": "5905240015",
        "internal_id": "77_2022_06",
        "account_internal_id": "77_2022_06",
        "gis_id": "77_2022_06",
        "month": "15.06.2022",
        "credit": "8391.5",
        "saldo": "7912.0",
        "payment_value": "8391.5",
        "payment_date": "15.06.2022",
        "bill_value": "",
        "account_number": "",
        "bank_bik": ""
    },
    {
        "org_ppa_guid": "5905240015",
        "internal_id": "78_2022_06",
        "account_internal_id": "78_2022_06",
        "gis_id": "78_2022_06",
        "month": "15.06.2022",
        "credit": "7170.53",
        "saldo": "7554.07",
        "payment_value": "3895.29",
        "payment_date": "15.06.2022",
        "bill_value": "",
        "account_number": "",
        "bank_bik": ""
    },
    {
        "org_ppa_guid": "5905240015",
        "internal_id": "79_2022_06",
        "account_internal_id": "79_2022_06",
        "gis_id": "79_2022_06",
        "month": "15.06.2022",
        "credit": "9577.62",
        "saldo": "9114.71",
        "payment_value": "9577.62",
        "payment_date": "15.06.2022",
        "bill_value": "",
        "account_number": "",
        "bank_bik": ""
    },
    {
        "org_ppa_guid": "5905240015",
        "internal_id": "8_2022_06",
        "account_internal_id": "8_2022_06",
        "gis_id": "8_2022_06",
        "month": "15.06.2022",
        "credit": "21437.54",
        "saldo": "12163.52",
        "payment_value": "14716.73",
        "payment_date": "15.06.2022",
        "bill_value": "",
        "account_number": "",
        "bank_bik": ""
    },
    {
        "org_ppa_guid": "5905240015",
        "internal_id": "80_2022_06",
        "account_internal_id": "80_2022_06",
        "gis_id": "80_2022_06",
        "month": "15.06.2022",
        "credit": "0.0",
        "saldo": "0.0",
        "payment_value": "0.0",
        "payment_date": "",
        "bill_value": "",
        "account_number": "",
        "bank_bik": ""
    },
    {
        "org_ppa_guid": "5905240015",
        "internal_id": "81_2022_06",
        "account_internal_id": "81_2022_06",
        "gis_id": "81_2022_06",
        "month": "15.06.2022",
        "credit": "18232.43",
        "saldo": "19257.19",
        "payment_value": "18232.43",
        "payment_date": "15.06.2022",
        "bill_value": "",
        "account_number": "",
        "bank_bik": ""
    },
    {
        "org_ppa_guid": "5905240015",
        "internal_id": "82_2022_06",
        "account_internal_id": "82_2022_06",
        "gis_id": "82_2022_06",
        "month": "15.06.2022",
        "credit": "72432.15",
        "saldo": "12977.57",
        "payment_value": "72432.15",
        "payment_date": "15.06.2022",
        "bill_value": "",
        "account_number": "",
        "bank_bik": ""
    },
    {
        "org_ppa_guid": "5905240015",
        "internal_id": "83_2022_06",
        "account_internal_id": "83_2022_06",
        "gis_id": "83_2022_06",
        "month": "15.06.2022",
        "credit": "22750.51",
        "saldo": "22606.17",
        "payment_value": "22750.51",
        "payment_date": "15.06.2022",
        "bill_value": "",
        "account_number": "",
        "bank_bik": ""
    },
    {
        "org_ppa_guid": "5905240015",
        "internal_id": "9_2022_06",
        "account_internal_id": "9_2022_06",
        "gis_id": "9_2022_06",
        "month": "15.06.2022",
        "credit": "8412.15",
        "saldo": "7712.44",
        "payment_value": "8412.15",
        "payment_date": "15.06.2022",
        "bill_value": "",
        "account_number": "",
        "bank_bik": ""
    }
]