[
    {
        "org_ppa_guid": "5905240015",
        "internal_id": "1_2022_04",
        "pp_internal_id": "1_2022_04",
        "calc_value": "233781.23",
        "tariff": "",
        "service_internal_id": "Услуги",
        "rr": "",
        "recalculation": "",
        "accounting_period_total": "233781.23"
    },
    {
        "org_ppa_guid": "5905240015",
        "internal_id": "2_2022_04",
        "pp_internal_id": "2_2022_04",
        "calc_value": "33739.77",
        "tariff": "",
        "service_internal_id": "Услуги",
        "rr": "",
        "recalculation": "",
        "accounting_period_total": "33739.77"
    },
    {
        "org_ppa_guid": "5905240015",
        "internal_id": "3_2022_04",
        "pp_internal_id": "3_2022_04",
        "calc_value": "25682.16",
        "tariff": "",
        "service_internal_id": "Услуги",
        "rr": "",
        "recalculation": "",
        "accounting_period_total": "25682.16"
    },
    {
        "org_ppa_guid": "5905240015",
        "internal_id": "4_2022_04",
        "pp_internal_id": "4_2022_04",
        "calc_value": "20226.02",
        "tariff": "",
        "service_internal_id": "Услуги",
        "rr": "",
        "recalculation": "",
        "accounting_period_total": "20226.02"
    },
    {
        "org_ppa_guid": "5905240015",
        "internal_id": "5_2022_04",
        "pp_internal_id": "5_2022_04",
        "calc_value": "66442.43",
        "tariff": "",
        "service_internal_id": "Услуги",
        "rr": "",
        "recalculation": "",
        "accounting_period_total": "66442.43"
    },
    {
        "org_ppa_guid": "5905240015",
        "internal_id": "6_2022_04",
        "pp_internal_id": "6_2022_04",
        "calc_value": "41413.77",
        "tariff": "",
        "service_internal_id": "Услуги",
        "rr": "",
        "recalculation": "",
        "accounting_period_total": "41413.77"
    },
    {
        "org_ppa_guid": "5905240015",
        "internal_id": "7_2022_04",
        "pp_internal_id": "7_2022_04",
        "calc_value": "53388.6",
        "tariff": "",
        "service_internal_id": "Услуги",
        "rr": "",
        "recalculation": "",
        "accounting_period_total": "53388.6"
    },
    {
        "org_ppa_guid": "5905240015",
        "internal_id": "8_2022_04",
        "pp_internal_id": "8_2022_04",
        "calc_value": "33140.03",
        "tariff": "",
        "service_internal_id": "Услуги",
        "rr": "",
        "recalculation": "",
        "accounting_period_total": "33140.03"
    },
    {
        "org_ppa_guid": "5905240015",
        "internal_id": "9_2022_04",
        "pp_internal_id": "9_2022_04",
        "calc_value": "19976.96",
        "tariff": "",
        "service_internal_id": "Услуги",
        "rr": "",
        "recalculation": "",
        "accounting_period_total": "19976.96"
    },
    {
        "org_ppa_guid": "5905240015",
        "internal_id": "10_2022_04",
        "pp_internal_id": "10_2022_04",
        "calc_value": "21826.25",
        "tariff": "",
        "service_internal_id": "Услуги",
        "rr": "",
        "recalculation": "",
        "accounting_period_total": "21826.25"
    },
    {
        "org_ppa_guid": "5905240015",
        "internal_id": "12_2022_04",
        "pp_internal_id": "12_2022_04",
        "calc_value": "28255.92",
        "tariff": "",
        "service_internal_id": "Услуги",
        "rr": "",
        "recalculation": "",
        "accounting_period_total": "28255.92"
    },
    {
        "org_ppa_guid": "5905240015",
        "internal_id": "13_2022_04",
        "pp_internal_id": "13_2022_04",
        "calc_value": "84982.96",
        "tariff": "",
        "service_internal_id": "Услуги",
        "rr": "",
        "recalculation": "",
        "accounting_period_total": "84982.96"
    },
    {
        "org_ppa_guid": "5905240015",
        "internal_id": "14_2022_04",
        "pp_internal_id": "14_2022_04",
        "calc_value": "31391.29",
        "tariff": "",
        "service_internal_id": "Услуги",
        "rr": "",
        "recalculation": "",
        "accounting_period_total": "31391.29"
    },
    {
        "org_ppa_guid": "5905240015",
        "internal_id": "15_2022_04",
        "pp_internal_id": "15_2022_04",
        "calc_value": "230196.38",
        "tariff": "",
        "service_internal_id": "Услуги",
        "rr": "",
        "recalculation": "",
        "accounting_period_total": "230196.38"
    },
    {
        "org_ppa_guid": "5905240015",
        "internal_id": "16_2022_04",
        "pp_internal_id": "16_2022_04",
        "calc_value": "55572.34",
        "tariff": "",
        "service_internal_id": "Услуги",
        "rr": "",
        "recalculation": "",
        "accounting_period_total": "55572.34"
    },
    {
        "org_ppa_guid": "5905240015",
        "internal_id": "17_2022_04",
        "pp_internal_id": "17_2022_04",
        "calc_value": "39304.51",
        "tariff": "",
        "service_internal_id": "Услуги",
        "rr": "",
        "recalculation": "",
        "accounting_period_total": "39304.51"
    },
    {
        "org_ppa_guid": "5905240015",
        "internal_id": "18_2022_04",
        "pp_internal_id": "18_2022_04",
        "calc_value": "34365.01",
        "tariff": "",
        "service_internal_id": "Услуги",
        "rr": "",
        "recalculation": "",
        "accounting_period_total": "34365.01"
    },
    {
        "org_ppa_guid": "5905240015",
        "internal_id": "19_2022_04",
        "pp_internal_id": "19_2022_04",
        "calc_value": "30778.15",
        "tariff": "",
        "service_internal_id": "Услуги",
        "rr": "",
        "recalculation": "",
        "accounting_period_total": "30778.15"
    },
    {
        "org_ppa_guid": "5905240015",
        "internal_id": "20_2022_04",
        "pp_internal_id": "20_2022_04",
        "calc_value": "48191.88",
        "tariff": "",
        "service_internal_id": "Услуги",
        "rr": "",
        "recalculation": "",
        "accounting_period_total": "48191.88"
    },
    {
        "org_ppa_guid": "5905240015",
        "internal_id": "21_2022_04",
        "pp_internal_id": "21_2022_04",
        "calc_value": "239026.73",
        "tariff": "",
        "service_internal_id": "Услуги",
        "rr": "",
        "recalculation": "",
        "accounting_period_total": "239026.73"
    },
    {
        "org_ppa_guid": "5905240015",
        "internal_id": "22_2022_04",
        "pp_internal_id": "22_2022_04",
        "calc_value": "25050.54",
        "tariff": "",
        "service_internal_id": "Услуги",
        "rr": "",
        "recalculation": "",
        "accounting_period_total": "25050.54"
    },
    {
        "org_ppa_guid": "5905240015",
        "internal_id": "23_2022_04",
        "pp_internal_id": "23_2022_04",
        "calc_value": "49753.99",
        "tariff": "",
        "service_internal_id": "Услуги",
        "rr": "",
        "recalculation": "",
        "accounting_period_total": "49753.99"
    },
    {
        "org_ppa_guid": "5905240015",
        "internal_id": "24_2022_04",
        "pp_internal_id": "24_2022_04",
        "calc_value": "29674.56",
        "tariff": "",
        "service_internal_id": "Услуги",
        "rr": "",
        "recalculation": "",
        "accounting_period_total": "29674.56"
    },
    {
        "org_ppa_guid": "5905240015",
        "internal_id": "25_2022_04",
        "pp_internal_id": "25_2022_04",
        "calc_value": "38516.27",
        "tariff": "",
        "service_internal_id": "Услуги",
        "rr": "",
        "recalculation": "",
        "accounting_period_total": "38516.27"
    },
    {
        "org_ppa_guid": "5905240015",
        "internal_id": "26_2022_04",
        "pp_internal_id": "26_2022_04",
        "calc_value": "45025.11",
        "tariff": "",
        "service_internal_id": "Услуги",
        "rr": "",
        "recalculation": "",
        "accounting_period_total": "45025.11"
    },
    {
        "org_ppa_guid": "5905240015",
        "internal_id": "27_2022_04",
        "pp_internal_id": "27_2022_04",
        "calc_value": "43836.76",
        "tariff": "",
        "service_internal_id": "Услуги",
        "rr": "",
        "recalculation": "",
        "accounting_period_total": "43836.76"
    },
    {
        "org_ppa_guid": "5905240015",
        "internal_id": "28_2022_04",
        "pp_internal_id": "28_2022_04",
        "calc_value": "29360.95",
        "tariff": "",
        "service_internal_id": "Услуги",
        "rr": "",
        "recalculation": "",
        "accounting_period_total": "29360.95"
    },
    {
        "org_ppa_guid": "5905240015",
        "internal_id": "29_2022_04",
        "pp_internal_id": "29_2022_04",
        "calc_value": "97673.53",
        "tariff": "",
        "service_internal_id": "Услуги",
        "rr": "",
        "recalculation": "",
        "accounting_period_total": "97673.53"
    },
    {
        "org_ppa_guid": "5905240015",
        "internal_id": "30_2022_04",
        "pp_internal_id": "30_2022_04",
        "calc_value": "46727.01",
        "tariff": "",
        "service_internal_id": "Услуги",
        "rr": "",
        "recalculation": "",
        "accounting_period_total": "46727.01"
    },
    {
        "org_ppa_guid": "5905240015",
        "internal_id": "31_2022_04",
        "pp_internal_id": "31_2022_04",
        "calc_value": "21584.95",
        "tariff": "",
        "service_internal_id": "Услуги",
        "rr": "",
        "recalculation": "",
        "accounting_period_total": "21584.95"
    },
    {
        "org_ppa_guid": "5905240015",
        "internal_id": "32_2022_04",
        "pp_internal_id": "32_2022_04",
        "calc_value": "66609.32",
        "tariff": "",
        "service_internal_id": "Услуги",
        "rr": "",
        "recalculation": "",
        "accounting_period_total": "66609.32"
    },
    {
        "org_ppa_guid": "5905240015",
        "internal_id": "33_2022_04",
        "pp_internal_id": "33_2022_04",
        "calc_value": "28777.23",
        "tariff": "",
        "service_internal_id": "Услуги",
        "rr": "",
        "recalculation": "",
        "accounting_period_total": "28777.23"
    },
    {
        "org_ppa_guid": "5905240015",
        "internal_id": "34_2022_04",
        "pp_internal_id": "34_2022_04",
        "calc_value": "82912.41",
        "tariff": "",
        "service_internal_id": "Услуги",
        "rr": "",
        "recalculation": "",
        "accounting_period_total": "82912.41"
    },
    {
        "org_ppa_guid": "5905240015",
        "internal_id": "35_2022_04",
        "pp_internal_id": "35_2022_04",
        "calc_value": "29403.38",
        "tariff": "",
        "service_internal_id": "Услуги",
        "rr": "",
        "recalculation": "",
        "accounting_period_total": "29403.38"
    },
    {
        "org_ppa_guid": "5905240015",
        "internal_id": "36_2022_04",
        "pp_internal_id": "36_2022_04",
        "calc_value": "19625.87",
        "tariff": "",
        "service_internal_id": "Услуги",
        "rr": "",
        "recalculation": "",
        "accounting_period_total": "19625.87"
    },
    {
        "org_ppa_guid": "5905240015",
        "internal_id": "37_2022_04",
        "pp_internal_id": "37_2022_04",
        "calc_value": "73386.39",
        "tariff": "",
        "service_internal_id": "Услуги",
        "rr": "",
        "recalculation": "",
        "accounting_period_total": "73386.39"
    },
    {
        "org_ppa_guid": "5905240015",
        "internal_id": "38_2022_04",
        "pp_internal_id": "38_2022_04",
        "calc_value": "29007.61",
        "tariff": "",
        "service_internal_id": "Услуги",
        "rr": "",
        "recalculation": "",
        "accounting_period_total": "29007.61"
    },
    {
        "org_ppa_guid": "5905240015",
        "internal_id": "39_2022_04",
        "pp_internal_id": "39_2022_04",
        "calc_value": "19118.93",
        "tariff": "",
        "service_internal_id": "Услуги",
        "rr": "",
        "recalculation": "",
        "accounting_period_total": "19118.93"
    },
    {
        "org_ppa_guid": "5905240015",
        "internal_id": "40_2022_04",
        "pp_internal_id": "40_2022_04",
        "calc_value": "99884.72",
        "tariff": "",
        "service_internal_id": "Услуги",
        "rr": "",
        "recalculation": "",
        "accounting_period_total": "99884.72"
    },
    {
        "org_ppa_guid": "5905240015",
        "internal_id": "41_2022_04",
        "pp_internal_id": "41_2022_04",
        "calc_value": "22640.69",
        "tariff": "",
        "service_internal_id": "Услуги",
        "rr": "",
        "recalculation": "",
        "accounting_period_total": "22640.69"
    },
    {
        "org_ppa_guid": "5905240015",
        "internal_id": "42_2022_04",
        "pp_internal_id": "42_2022_04",
        "calc_value": "36894.8",
        "tariff": "",
        "service_internal_id": "Услуги",
        "rr": "",
        "recalculation": "",
        "accounting_period_total": "36894.8"
    },
    {
        "org_ppa_guid": "5905240015",
        "internal_id": "43_2022_04",
        "pp_internal_id": "43_2022_04",
        "calc_value": "189867.54",
        "tariff": "",
        "service_internal_id": "Услуги",
        "rr": "",
        "recalculation": "",
        "accounting_period_total": "189867.54"
    },
    {
        "org_ppa_guid": "5905240015",
        "internal_id": "44_2022_04",
        "pp_internal_id": "44_2022_04",
        "calc_value": "293676.41",
        "tariff": "",
        "service_internal_id": "Услуги",
        "rr": "",
        "recalculation": "",
        "accounting_period_total": "293676.41"
    },
    {
        "org_ppa_guid": "5905240015",
        "internal_id": "45_2022_04",
        "pp_internal_id": "45_2022_04",
        "calc_value": "19335.82",
        "tariff": "",
        "service_internal_id": "Услуги",
        "rr": "",
        "recalculation": "",
        "accounting_period_total": "19335.82"
    },
    {
        "org_ppa_guid": "5905240015",
        "internal_id": "46_2022_04",
        "pp_internal_id": "46_2022_04",
        "calc_value": "27876.67",
        "tariff": "",
        "service_internal_id": "Услуги",
        "rr": "",
        "recalculation": "",
        "accounting_period_total": "27876.67"
    },
    {
        "org_ppa_guid": "5905240015",
        "internal_id": "47_2022_04",
        "pp_internal_id": "47_2022_04",
        "calc_value": "201254.76",
        "tariff": "",
        "service_internal_id": "Услуги",
        "rr": "",
        "recalculation": "",
        "accounting_period_total": "201254.76"
    },
    {
        "org_ppa_guid": "5905240015",
        "internal_id": "48_2022_04",
        "pp_internal_id": "48_2022_04",
        "calc_value": "244388.39",
        "tariff": "",
        "service_internal_id": "Услуги",
        "rr": "",
        "recalculation": "",
        "accounting_period_total": "244388.39"
    },
    {
        "org_ppa_guid": "5905240015",
        "internal_id": "49_2022_04",
        "pp_internal_id": "49_2022_04",
        "calc_value": "20340.52",
        "tariff": "",
        "service_internal_id": "Услуги",
        "rr": "",
        "recalculation": "",
        "accounting_period_total": "20340.52"
    },
    {
        "org_ppa_guid": "5905240015",
        "internal_id": "50_2022_04",
        "pp_internal_id": "50_2022_04",
        "calc_value": "29250.45",
        "tariff": "",
        "service_internal_id": "Услуги",
        "rr": "",
        "recalculation": "",
        "accounting_period_total": "29250.45"
    },
    {
        "org_ppa_guid": "5905240015",
        "internal_id": "51_2022_04",
        "pp_internal_id": "51_2022_04",
        "calc_value": "46385.25",
        "tariff": "",
        "service_internal_id": "Услуги",
        "rr": "",
        "recalculation": "",
        "accounting_period_total": "46385.25"
    },
    {
        "org_ppa_guid": "5905240015",
        "internal_id": "52_2022_04",
        "pp_internal_id": "52_2022_04",
        "calc_value": "23991.92",
        "tariff": "",
        "service_internal_id": "Услуги",
        "rr": "",
        "recalculation": "",
        "accounting_period_total": "23991.92"
    },
    {
        "org_ppa_guid": "5905240015",
        "internal_id": "53_2022_04",
        "pp_internal_id": "53_2022_04",
        "calc_value": "47674.85",
        "tariff": "",
        "service_internal_id": "Услуги",
        "rr": "",
        "recalculation": "",
        "accounting_period_total": "47674.85"
    },
    {
        "org_ppa_guid": "5905240015",
        "internal_id": "55_2022_04",
        "pp_internal_id": "55_2022_04",
        "calc_value": "69514.22",
        "tariff": "",
        "service_internal_id": "Услуги",
        "rr": "",
        "recalculation": "",
        "accounting_period_total": "69514.22"
    },
    {
        "org_ppa_guid": "5905240015",
        "internal_id": "56_2022_04",
        "pp_internal_id": "56_2022_04",
        "calc_value": "159704.91",
        "tariff": "",
        "service_internal_id": "Услуги",
        "rr": "",
        "recalculation": "",
        "accounting_period_total": "159704.91"
    },
    {
        "org_ppa_guid": "5905240015",
        "internal_id": "57_2022_04",
        "pp_internal_id": "57_2022_04",
        "calc_value": "62099.49",
        "tariff": "",
        "service_internal_id": "Услуги",
        "rr": "",
        "recalculation": "",
        "accounting_period_total": "62099.49"
    },
    {
        "org_ppa_guid": "5905240015",
        "internal_id": "58_2022_04",
        "pp_internal_id": "58_2022_04",
        "calc_value": "16996.83",
        "tariff": "",
        "service_internal_id": "Услуги",
        "rr": "",
        "recalculation": "",
        "accounting_period_total": "16996.83"
    },
    {
        "org_ppa_guid": "5905240015",
        "internal_id": "59_2022_04",
        "pp_internal_id": "59_2022_04",
        "calc_value": "159458.75",
        "tariff": "",
        "service_internal_id": "Услуги",
        "rr": "",
        "recalculation": "",
        "accounting_period_total": "159458.75"
    },
    {
        "org_ppa_guid": "5905240015",
        "internal_id": "60_2022_04",
        "pp_internal_id": "60_2022_04",
        "calc_value": "15529.92",
        "tariff": "",
        "service_internal_id": "Услуги",
        "rr": "",
        "recalculation": "",
        "accounting_period_total": "15529.92"
    },
    {
        "org_ppa_guid": "5905240015",
        "internal_id": "61_2022_04",
        "pp_internal_id": "61_2022_04",
        "calc_value": "29819.4",
        "tariff": "",
        "service_internal_id": "Услуги",
        "rr": "",
        "recalculation": "",
        "accounting_period_total": "29819.4"
    },
    {
        "org_ppa_guid": "5905240015",
        "internal_id": "62_2022_04",
        "pp_internal_id": "62_2022_04",
        "calc_value": "11534.08",
        "tariff": "",
        "service_internal_id": "Услуги",
        "rr": "",
        "recalculation": "",
        "accounting_period_total": "11534.08"
    },
    {
        "org_ppa_guid": "5905240015",
        "internal_id": "63_2022_04",
        "pp_internal_id": "63_2022_04",
        "calc_value": "41857.19",
        "tariff": "",
        "service_internal_id": "Услуги",
        "rr": "",
        "recalculation": "",
        "accounting_period_total": "41857.19"
    },
    {
        "org_ppa_guid": "5905240015",
        "internal_id": "64_2022_04",
        "pp_internal_id": "64_2022_04",
        "calc_value": "19701.82",
        "tariff": "",
        "service_internal_id": "Услуги",
        "rr": "",
        "recalculation": "",
        "accounting_period_total": "19701.82"
    },
    {
        "org_ppa_guid": "5905240015",
        "internal_id": "65_2022_04",
        "pp_internal_id": "65_2022_04",
        "calc_value": "24208.18",
        "tariff": "",
        "service_internal_id": "Услуги",
        "rr": "",
        "recalculation": "",
        "accounting_period_total": "24208.18"
    },
    {
        "org_ppa_guid": "5905240015",
        "internal_id": "66_2022_04",
        "pp_internal_id": "66_2022_04",
        "calc_value": "20689.62",
        "tariff": "",
        "service_internal_id": "Услуги",
        "rr": "",
        "recalculation": "",
        "accounting_period_total": "503.36"
    },
    {
        "org_ppa_guid": "5905240015",
        "internal_id": "67_2022_04",
        "pp_internal_id": "67_2022_04",
        "calc_value": "58049.53",
        "tariff": "",
        "service_internal_id": "Услуги",
        "rr": "",
        "recalculation": "",
        "accounting_period_total": "58049.53"
    },
    {
        "org_ppa_guid": "5905240015",
        "internal_id": "68_2022_04",
        "pp_internal_id": "68_2022_04",
        "calc_value": "27006.59",
        "tariff": "",
        "service_internal_id": "Услуги",
        "rr": "",
        "recalculation": "",
        "accounting_period_total": "27006.59"
    },
    {
        "org_ppa_guid": "5905240015",
        "internal_id": "69_2022_04",
        "pp_internal_id": "69_2022_04",
        "calc_value": "12906.32",
        "tariff": "",
        "service_internal_id": "Услуги",
        "rr": "",
        "recalculation": "",
        "accounting_period_total": "-7279.94"
    },
    {
        "org_ppa_guid": "5905240015",
        "internal_id": "70_2022_04",
        "pp_internal_id": "70_2022_04",
        "calc_value": "111888.42",
        "tariff": "",
        "service_internal_id": "Услуги",
        "rr": "",
        "recalculation": "",
        "accounting_period_total": "111888.42"
    },
    {
        "org_ppa_guid": "5905240015",
        "internal_id": "71_2022_04",
        "pp_internal_id": "71_2022_04",
        "calc_value": "31769.31",
        "tariff": "",
        "service_internal_id": "Услуги",
        "rr": "",
        "recalculation": "",
        "accounting_period_total": "31769.31"
    },
    {
        "org_ppa_guid": "5905240015",
        "internal_id": "72_2022_04",
        "pp_internal_id": "72_2022_04",
        "calc_value": "88602.3",
        "tariff": "",
        "service_internal_id": "Услуги",
        "rr": "",
        "recalculation": "",
        "accounting_period_total": "88602.3"
    },
    {
        "org_ppa_guid": "5905240015",
        "internal_id": "73_2022_04",
        "pp_internal_id": "73_2022_04",
        "calc_value": "36883.85",
        "tariff": "",
        "service_internal_id": "Услуги",
        "rr": "",
        "recalculation": "",
        "accounting_period_total": "36883.85"
    },
    {
        "org_ppa_guid": "5905240015",
        "internal_id": "74_2022_04",
        "pp_internal_id": "74_2022_04",
        "calc_value": "44842.8",
        "tariff": "",
        "service_internal_id": "Услуги",
        "rr": "",
        "recalculation": "",
        "accounting_period_total": "44842.8"
    },
    {
        "org_ppa_guid": "5905240015",
        "internal_id": "75_2022_04",
        "pp_internal_id": "75_2022_04",
        "calc_value": "39870.06",
        "tariff": "",
        "service_internal_id": "Услуги",
        "rr": "",
        "recalculation": "",
        "accounting_period_total": "39870.06"
    },
    {
        "org_ppa_guid": "5905240015",
        "internal_id": "76_2022_04",
        "pp_internal_id": "76_2022_04",
        "calc_value": "47157.6",
        "tariff": "",
        "service_internal_id": "Услуги",
        "rr": "",
        "recalculation": "",
        "accounting_period_total": "47157.6"
    },
    {
        "org_ppa_guid": "5905240015",
        "internal_id": "77_2022_04",
        "pp_internal_id": "77_2022_04",
        "calc_value": "29764.31",
        "tariff": "",
        "service_internal_id": "Услуги",
        "rr": "",
        "recalculation": "",
        "accounting_period_total": "29764.31"
    },
    {
        "org_ppa_guid": "5905240015",
        "internal_id": "78_2022_04",
        "pp_internal_id": "78_2022_04",
        "calc_value": "26880.39",
        "tariff": "",
        "service_internal_id": "Услуги",
        "rr": "",
        "recalculation": "",
        "accounting_period_total": "26880.39"
    },
    {
        "org_ppa_guid": "5905240015",
        "internal_id": "79_2022_04",
        "pp_internal_id": "79_2022_04",
        "calc_value": "244443.42",
        "tariff": "",
        "service_internal_id": "Услуги",
        "rr": "",
        "recalculation": "",
        "accounting_period_total": "244443.42"
    },
    {
        "org_ppa_guid": "5905240015",
        "internal_id": "80_2022_04",
        "pp_internal_id": "80_2022_04",
        "calc_value": "265930.78",
        "tariff": "",
        "service_internal_id": "Услуги",
        "rr": "",
        "recalculation": "",
        "accounting_period_total": "265930.78"
    },
    {
        "org_ppa_guid": "5905240015",
        "internal_id": "81_2022_04",
        "pp_internal_id": "81_2022_04",
        "calc_value": "61095.97",
        "tariff": "",
        "service_internal_id": "Услуги",
        "rr": "",
        "recalculation": "",
        "accounting_period_total": "61095.97"
    },
    {
        "org_ppa_guid": "5905240015",
        "internal_id": "82_2022_04",
        "pp_internal_id": "82_2022_04",
        "calc_value": "73296.99",
        "tariff": "",
        "service_internal_id": "Услуги",
        "rr": "",
        "recalculation": "",
        "accounting_period_total": "73296.99"
    },
    {
        "org_ppa_guid": "5905240015",
        "internal_id": "83_2022_04",
        "pp_internal_id": "83_2022_04",
        "calc_value": "36822.98",
        "tariff": "",
        "service_internal_id": "Услуги",
        "rr": "",
        "recalculation": "",
        "accounting_period_total": "2023522.6"
    }
]