[
    {
        "org_ppa_guid": "5905240015",
        "internal_id": "1_2022_02",
        "pp_internal_id": "1_2022_02",
        "calc_value": "226094.24",
        "tariff": "",
        "service_internal_id": "Услуги",
        "rr": "",
        "recalculation": "",
        "accounting_period_total": "226094.24"
    },
    {
        "org_ppa_guid": "5905240015",
        "internal_id": "2_2022_02",
        "pp_internal_id": "2_2022_02",
        "calc_value": "29778.59",
        "tariff": "",
        "service_internal_id": "Услуги",
        "rr": "",
        "recalculation": "",
        "accounting_period_total": "29778.59"
    },
    {
        "org_ppa_guid": "5905240015",
        "internal_id": "3_2022_02",
        "pp_internal_id": "3_2022_02",
        "calc_value": "31949.31",
        "tariff": "",
        "service_internal_id": "Услуги",
        "rr": "",
        "recalculation": "",
        "accounting_period_total": "31949.31"
    },
    {
        "org_ppa_guid": "5905240015",
        "internal_id": "4_2022_02",
        "pp_internal_id": "4_2022_02",
        "calc_value": "34406.31",
        "tariff": "",
        "service_internal_id": "Услуги",
        "rr": "",
        "recalculation": "",
        "accounting_period_total": "34406.31"
    },
    {
        "org_ppa_guid": "5905240015",
        "internal_id": "5_2022_02",
        "pp_internal_id": "5_2022_02",
        "calc_value": "52110.58",
        "tariff": "",
        "service_internal_id": "Услуги",
        "rr": "",
        "recalculation": "",
        "accounting_period_total": "52110.58"
    },
    {
        "org_ppa_guid": "5905240015",
        "internal_id": "6_2022_02",
        "pp_internal_id": "6_2022_02",
        "calc_value": "50360.41",
        "tariff": "",
        "service_internal_id": "Услуги",
        "rr": "",
        "recalculation": "",
        "accounting_period_total": "50360.41"
    },
    {
        "org_ppa_guid": "5905240015",
        "internal_id": "7_2022_02",
        "pp_internal_id": "7_2022_02",
        "calc_value": "31531.37",
        "tariff": "",
        "service_internal_id": "Услуги",
        "rr": "",
        "recalculation": "",
        "accounting_period_total": "31531.37"
    },
    {
        "org_ppa_guid": "5905240015",
        "internal_id": "8_2022_02",
        "pp_internal_id": "8_2022_02",
        "calc_value": "38859.38",
        "tariff": "",
        "service_internal_id": "Услуги",
        "rr": "",
        "recalculation": "",
        "accounting_period_total": "38859.38"
    },
    {
        "org_ppa_guid": "5905240015",
        "internal_id": "9_2022_02",
        "pp_internal_id": "9_2022_02",
        "calc_value": "21810.64",
        "tariff": "",
        "service_internal_id": "Услуги",
        "rr": "",
        "recalculation": "",
        "accounting_period_total": "21810.64"
    },
    {
        "org_ppa_guid": "5905240015",
        "internal_id": "10_2022_02",
        "pp_internal_id": "10_2022_02",
        "calc_value": "17802.19",
        "tariff": "",
        "service_internal_id": "Услуги",
        "rr": "",
        "recalculation": "",
        "accounting_period_total": "17802.19"
    },
    {
        "org_ppa_guid": "5905240015",
        "internal_id": "12_2022_02",
        "pp_internal_id": "12_2022_02",
        "calc_value": "38529.67",
        "tariff": "",
        "service_internal_id": "Услуги",
        "rr": "",
        "recalculation": "",
        "accounting_period_total": "38529.67"
    },
    {
        "org_ppa_guid": "5905240015",
        "internal_id": "13_2022_02",
        "pp_internal_id": "13_2022_02",
        "calc_value": "75565.51",
        "tariff": "",
        "service_internal_id": "Услуги",
        "rr": "",
        "recalculation": "",
        "accounting_period_total": "75565.51"
    },
    {
        "org_ppa_guid": "5905240015",
        "internal_id": "14_2022_02",
        "pp_internal_id": "14_2022_02",
        "calc_value": "38531.04",
        "tariff": "",
        "service_internal_id": "Услуги",
        "rr": "",
        "recalculation": "",
        "accounting_period_total": "38531.04"
    },
    {
        "org_ppa_guid": "5905240015",
        "internal_id": "15_2022_02",
        "pp_internal_id": "15_2022_02",
        "calc_value": "3234.12",
        "tariff": "",
        "service_internal_id": "Услуги",
        "rr": "",
        "recalculation": "",
        "accounting_period_total": "3234.12"
    },
    {
        "org_ppa_guid": "5905240015",
        "internal_id": "16_2022_02",
        "pp_internal_id": "16_2022_02",
        "calc_value": "46978.32",
        "tariff": "",
        "service_internal_id": "Услуги",
        "rr": "",
        "recalculation": "",
        "accounting_period_total": "46978.32"
    },
    {
        "org_ppa_guid": "5905240015",
        "internal_id": "17_2022_02",
        "pp_internal_id": "17_2022_02",
        "calc_value": "47931.68",
        "tariff": "",
        "service_internal_id": "Услуги",
        "rr": "",
        "recalculation": "",
        "accounting_period_total": "47931.68"
    },
    {
        "org_ppa_guid": "5905240015",
        "internal_id": "18_2022_02",
        "pp_internal_id": "18_2022_02",
        "calc_value": "40373.89",
        "tariff": "",
        "service_internal_id": "Услуги",
        "rr": "",
        "recalculation": "",
        "accounting_period_total": "40373.89"
    },
    {
        "org_ppa_guid": "5905240015",
        "internal_id": "19_2022_02",
        "pp_internal_id": "19_2022_02",
        "calc_value": "52627.12",
        "tariff": "",
        "service_internal_id": "Услуги",
        "rr": "",
        "recalculation": "",
        "accounting_period_total": "52627.12"
    },
    {
        "org_ppa_guid": "5905240015",
        "internal_id": "20_2022_02",
        "pp_internal_id": "20_2022_02",
        "calc_value": "57035.38",
        "tariff": "",
        "service_internal_id": "Услуги",
        "rr": "",
        "recalculation": "",
        "accounting_period_total": "57035.38"
    },
    {
        "org_ppa_guid": "5905240015",
        "internal_id": "21_2022_02",
        "pp_internal_id": "21_2022_02",
        "calc_value": "232017.49",
        "tariff": "",
        "service_internal_id": "Услуги",
        "rr": "",
        "recalculation": "",
        "accounting_period_total": "232017.49"
    },
    {
        "org_ppa_guid": "5905240015",
        "internal_id": "22_2022_02",
        "pp_internal_id": "22_2022_02",
        "calc_value": "34920.83",
        "tariff": "",
        "service_internal_id": "Услуги",
        "rr": "",
        "recalculation": "",
        "accounting_period_total": "34920.83"
    },
    {
        "org_ppa_guid": "5905240015",
        "internal_id": "23_2022_02",
        "pp_internal_id": "23_2022_02",
        "calc_value": "48912.6",
        "tariff": "",
        "service_internal_id": "Услуги",
        "rr": "",
        "recalculation": "",
        "accounting_period_total": "48912.6"
    },
    {
        "org_ppa_guid": "5905240015",
        "internal_id": "24_2022_02",
        "pp_internal_id": "24_2022_02",
        "calc_value": "26670.73",
        "tariff": "",
        "service_internal_id": "Услуги",
        "rr": "",
        "recalculation": "",
        "accounting_period_total": "26670.73"
    },
    {
        "org_ppa_guid": "5905240015",
        "internal_id": "25_2022_02",
        "pp_internal_id": "25_2022_02",
        "calc_value": "43523.89",
        "tariff": "",
        "service_internal_id": "Услуги",
        "rr": "",
        "recalculation": "",
        "accounting_period_total": "43523.89"
    },
    {
        "org_ppa_guid": "5905240015",
        "internal_id": "26_2022_02",
        "pp_internal_id": "26_2022_02",
        "calc_value": "53818.37",
        "tariff": "",
        "service_internal_id": "Услуги",
        "rr": "",
        "recalculation": "",
        "accounting_period_total": "53818.37"
    },
    {
        "org_ppa_guid": "5905240015",
        "internal_id": "27_2022_02",
        "pp_internal_id": "27_2022_02",
        "calc_value": "59955.53",
        "tariff": "",
        "service_internal_id": "Услуги",
        "rr": "",
        "recalculation": "",
        "accounting_period_total": "59955.53"
    },
    {
        "org_ppa_guid": "5905240015",
        "internal_id": "28_2022_02",
        "pp_internal_id": "28_2022_02",
        "calc_value": "20771.37",
        "tariff": "",
        "service_internal_id": "Услуги",
        "rr": "",
        "recalculation": "",
        "accounting_period_total": "20771.37"
    },
    {
        "org_ppa_guid": "5905240015",
        "internal_id": "29_2022_02",
        "pp_internal_id": "29_2022_02",
        "calc_value": "133278.65",
        "tariff": "",
        "service_internal_id": "Услуги",
        "rr": "",
        "recalculation": "",
        "accounting_period_total": "133278.65"
    },
    {
        "org_ppa_guid": "5905240015",
        "internal_id": "30_2022_02",
        "pp_internal_id": "30_2022_02",
        "calc_value": "53231.7",
        "tariff": "",
        "service_internal_id": "Услуги",
        "rr": "",
        "recalculation": "",
        "accounting_period_total": "53231.7"
    },
    {
        "org_ppa_guid": "5905240015",
        "internal_id": "31_2022_02",
        "pp_internal_id": "31_2022_02",
        "calc_value": "26223.63",
        "tariff": "",
        "service_internal_id": "Услуги",
        "rr": "",
        "recalculation": "",
        "accounting_period_total": "26223.63"
    },
    {
        "org_ppa_guid": "5905240015",
        "internal_id": "32_2022_02",
        "pp_internal_id": "32_2022_02",
        "calc_value": "49039.87",
        "tariff": "",
        "service_internal_id": "Услуги",
        "rr": "",
        "recalculation": "",
        "accounting_period_total": "49039.87"
    },
    {
        "org_ppa_guid": "5905240015",
        "internal_id": "33_2022_02",
        "pp_internal_id": "33_2022_02",
        "calc_value": "28092.86",
        "tariff": "",
        "service_internal_id": "Услуги",
        "rr": "",
        "recalculation": "",
        "accounting_period_total": "28092.86"
    },
    {
        "org_ppa_guid": "5905240015",
        "internal_id": "34_2022_02",
        "pp_internal_id": "34_2022_02",
        "calc_value": "60733.2",
        "tariff": "",
        "service_internal_id": "Услуги",
        "rr": "",
        "recalculation": "",
        "accounting_period_total": "60733.2"
    },
    {
        "org_ppa_guid": "5905240015",
        "internal_id": "35_2022_02",
        "pp_internal_id": "35_2022_02",
        "calc_value": "34776.28",
        "tariff": "",
        "service_internal_id": "Услуги",
        "rr": "",
        "recalculation": "",
        "accounting_period_total": "34776.28"
    },
    {
        "org_ppa_guid": "5905240015",
        "internal_id": "36_2022_02",
        "pp_internal_id": "36_2022_02",
        "calc_value": "23774.57",
        "tariff": "",
        "service_internal_id": "Услуги",
        "rr": "",
        "recalculation": "",
        "accounting_period_total": "23774.57"
    },
    {
        "org_ppa_guid": "5905240015",
        "internal_id": "37_2022_02",
        "pp_internal_id": "37_2022_02",
        "calc_value": "46282.69",
        "tariff": "",
        "service_internal_id": "Услуги",
        "rr": "",
        "recalculation": "",
        "accounting_period_total": "46282.69"
    },
    {
        "org_ppa_guid": "5905240015",
        "internal_id": "38_2022_02",
        "pp_internal_id": "38_2022_02",
        "calc_value": "35245.87",
        "tariff": "",
        "service_internal_id": "Услуги",
        "rr": "",
        "recalculation": "",
        "accounting_period_total": "35245.87"
    },
    {
        "org_ppa_guid": "5905240015",
        "internal_id": "39_2022_02",
        "pp_internal_id": "39_2022_02",
        "calc_value": "20356.19",
        "tariff": "",
        "service_internal_id": "Услуги",
        "rr": "",
        "recalculation": "",
        "accounting_period_total": "20356.19"
    },
    {
        "org_ppa_guid": "5905240015",
        "internal_id": "40_2022_02",
        "pp_internal_id": "40_2022_02",
        "calc_value": "92467.19",
        "tariff": "",
        "service_internal_id": "Услуги",
        "rr": "",
        "recalculation": "",
        "accounting_period_total": "92467.19"
    },
    {
        "org_ppa_guid": "5905240015",
        "internal_id": "41_2022_02",
        "pp_internal_id": "41_2022_02",
        "calc_value": "24371.31",
        "tariff": "",
        "service_internal_id": "Услуги",
        "rr": "",
        "recalculation": "",
        "accounting_period_total": "24371.31"
    },
    {
        "org_ppa_guid": "5905240015",
        "internal_id": "42_2022_02",
        "pp_internal_id": "42_2022_02",
        "calc_value": "46685.13",
        "tariff": "",
        "service_internal_id": "Услуги",
        "rr": "",
        "recalculation": "",
        "accounting_period_total": "46685.13"
    },
    {
        "org_ppa_guid": "5905240015",
        "internal_id": "43_2022_02",
        "pp_internal_id": "43_2022_02",
        "calc_value": "177318.16",
        "tariff": "",
        "service_internal_id": "Услуги",
        "rr": "",
        "recalculation": "",
        "accounting_period_total": "177318.16"
    },
    {
        "org_ppa_guid": "5905240015",
        "internal_id": "44_2022_02",
        "pp_internal_id": "44_2022_02",
        "calc_value": "356200.72",
        "tariff": "",
        "service_internal_id": "Услуги",
        "rr": "",
        "recalculation": "",
        "accounting_period_total": "356200.72"
    },
    {
        "org_ppa_guid": "5905240015",
        "internal_id": "45_2022_02",
        "pp_internal_id": "45_2022_02",
        "calc_value": "30278.07",
        "tariff": "",
        "service_internal_id": "Услуги",
        "rr": "",
        "recalculation": "",
        "accounting_period_total": "30278.07"
    },
    {
        "org_ppa_guid": "5905240015",
        "internal_id": "46_2022_02",
        "pp_internal_id": "46_2022_02",
        "calc_value": "30121.62",
        "tariff": "",
        "service_internal_id": "Услуги",
        "rr": "",
        "recalculation": "",
        "accounting_period_total": "30121.62"
    },
    {
        "org_ppa_guid": "5905240015",
        "internal_id": "47_2022_02",
        "pp_internal_id": "47_2022_02",
        "calc_value": "193863.4",
        "tariff": "",
        "service_internal_id": "Услуги",
        "rr": "",
        "recalculation": "",
        "accounting_period_total": "193863.4"
    },
    {
        "org_ppa_guid": "5905240015",
        "internal_id": "48_2022_02",
        "pp_internal_id": "48_2022_02",
        "calc_value": "208803.02",
        "tariff": "",
        "service_internal_id": "Услуги",
        "rr": "",
        "recalculation": "",
        "accounting_period_total": "208803.02"
    },
    {
        "org_ppa_guid": "5905240015",
        "internal_id": "49_2022_02",
        "pp_internal_id": "49_2022_02",
        "calc_value": "37668.97",
        "tariff": "",
        "service_internal_id": "Услуги",
        "rr": "",
        "recalculation": "",
        "accounting_period_total": "37668.97"
    },
    {
        "org_ppa_guid": "5905240015",
        "internal_id": "50_2022_02",
        "pp_internal_id": "50_2022_02",
        "calc_value": "35733.79",
        "tariff": "",
        "service_internal_id": "Услуги",
        "rr": "",
        "recalculation": "",
        "accounting_period_total": "35733.79"
    },
    {
        "org_ppa_guid": "5905240015",
        "internal_id": "51_2022_02",
        "pp_internal_id": "51_2022_02",
        "calc_value": "66976.43",
        "tariff": "",
        "service_internal_id": "Услуги",
        "rr": "",
        "recalculation": "",
        "accounting_period_total": "66976.43"
    },
    {
        "org_ppa_guid": "5905240015",
        "internal_id": "52_2022_02",
        "pp_internal_id": "52_2022_02",
        "calc_value": "28724.89",
        "tariff": "",
        "service_internal_id": "Услуги",
        "rr": "",
        "recalculation": "",
        "accounting_period_total": "28724.89"
    },
    {
        "org_ppa_guid": "5905240015",
        "internal_id": "53_2022_02",
        "pp_internal_id": "53_2022_02",
        "calc_value": "39865.19",
        "tariff": "",
        "service_internal_id": "Услуги",
        "rr": "",
        "recalculation": "",
        "accounting_period_total": "39865.19"
    },
    {
        "org_ppa_guid": "5905240015",
        "internal_id": "55_2022_02",
        "pp_internal_id": "55_2022_02",
        "calc_value": "54741.56",
        "tariff": "",
        "service_internal_id": "Услуги",
        "rr": "",
        "recalculation": "",
        "accounting_period_total": "54741.56"
    },
    {
        "org_ppa_guid": "5905240015",
        "internal_id": "56_2022_02",
        "pp_internal_id": "56_2022_02",
        "calc_value": "168882.56",
        "tariff": "",
        "service_internal_id": "Услуги",
        "rr": "",
        "recalculation": "",
        "accounting_period_total": "168882.56"
    },
    {
        "org_ppa_guid": "5905240015",
        "internal_id": "57_2022_02",
        "pp_internal_id": "57_2022_02",
        "calc_value": "58429.77",
        "tariff": "",
        "service_internal_id": "Услуги",
        "rr": "",
        "recalculation": "",
        "accounting_period_total": "58429.77"
    },
    {
        "org_ppa_guid": "5905240015",
        "internal_id": "58_2022_02",
        "pp_internal_id": "58_2022_02",
        "calc_value": "19910.76",
        "tariff": "",
        "service_internal_id": "Услуги",
        "rr": "",
        "recalculation": "",
        "accounting_period_total": "19910.76"
    },
    {
        "org_ppa_guid": "5905240015",
        "internal_id": "59_2022_02",
        "pp_internal_id": "59_2022_02",
        "calc_value": "141809.62",
        "tariff": "",
        "service_internal_id": "Услуги",
        "rr": "",
        "recalculation": "",
        "accounting_period_total": "141809.62"
    },
    {
        "org_ppa_guid": "5905240015",
        "internal_id": "60_2022_02",
        "pp_internal_id": "60_2022_02",
        "calc_value": "15851.22",
        "tariff": "",
        "service_internal_id": "Услуги",
        "rr": "",
        "recalculation": "",
        "accounting_period_total": "15851.22"
    },
    {
        "org_ppa_guid": "5905240015",
        "internal_id": "61_2022_02",
        "pp_internal_id": "61_2022_02",
        "calc_value": "19921.77",
        "tariff": "",
        "service_internal_id": "Услуги",
        "rr": "",
        "recalculation": "",
        "accounting_period_total": "19921.77"
    },
    {
        "org_ppa_guid": "5905240015",
        "internal_id": "62_2022_02",
        "pp_internal_id": "62_2022_02",
        "calc_value": "15435.47",
        "tariff": "",
        "service_internal_id": "Услуги",
        "rr": "",
        "recalculation": "",
        "accounting_period_total": "15435.47"
    },
    {
        "org_ppa_guid": "5905240015",
        "internal_id": "63_2022_02",
        "pp_internal_id": "63_2022_02",
        "calc_value": "26488.77",
        "tariff": "",
        "service_internal_id": "Услуги",
        "rr": "",
        "recalculation": "",
        "accounting_period_total": "26488.77"
    },
    {
        "org_ppa_guid": "5905240015",
        "internal_id": "64_2022_02",
        "pp_internal_id": "64_2022_02",
        "calc_value": "30037.23",
        "tariff": "",
        "service_internal_id": "Услуги",
        "rr": "",
        "recalculation": "",
        "accounting_period_total": "30037.23"
    },
    {
        "org_ppa_guid": "5905240015",
        "internal_id": "65_2022_02",
        "pp_internal_id": "65_2022_02",
        "calc_value": "25343.61",
        "tariff": "",
        "service_internal_id": "Услуги",
        "rr": "",
        "recalculation": "",
        "accounting_period_total": "25343.61"
    },
    {
        "org_ppa_guid": "5905240015",
        "internal_id": "66_2022_02",
        "pp_internal_id": "66_2022_02",
        "calc_value": "25494.74",
        "tariff": "",
        "service_internal_id": "Услуги",
        "rr": "",
        "recalculation": "",
        "accounting_period_total": "6010.74"
    },
    {
        "org_ppa_guid": "5905240015",
        "internal_id": "67_2022_02",
        "pp_internal_id": "67_2022_02",
        "calc_value": "44723.57",
        "tariff": "",
        "service_internal_id": "Услуги",
        "rr": "",
        "recalculation": "",
        "accounting_period_total": "44723.57"
    },
    {
        "org_ppa_guid": "5905240015",
        "internal_id": "68_2022_02",
        "pp_internal_id": "68_2022_02",
        "calc_value": "43359.57",
        "tariff": "",
        "service_internal_id": "Услуги",
        "rr": "",
        "recalculation": "",
        "accounting_period_total": "43359.57"
    },
    {
        "org_ppa_guid": "5905240015",
        "internal_id": "69_2022_02",
        "pp_internal_id": "69_2022_02",
        "calc_value": "27223.01",
        "tariff": "",
        "service_internal_id": "Услуги",
        "rr": "",
        "recalculation": "",
        "accounting_period_total": "7739.01"
    },
    {
        "org_ppa_guid": "5905240015",
        "internal_id": "70_2022_02",
        "pp_internal_id": "70_2022_02",
        "calc_value": "98913.29",
        "tariff": "",
        "service_internal_id": "Услуги",
        "rr": "",
        "recalculation": "",
        "accounting_period_total": "98913.29"
    },
    {
        "org_ppa_guid": "5905240015",
        "internal_id": "71_2022_02",
        "pp_internal_id": "71_2022_02",
        "calc_value": "32652.08",
        "tariff": "",
        "service_internal_id": "Услуги",
        "rr": "",
        "recalculation": "",
        "accounting_period_total": "32652.08"
    },
    {
        "org_ppa_guid": "5905240015",
        "internal_id": "72_2022_02",
        "pp_internal_id": "72_2022_02",
        "calc_value": "84301.99",
        "tariff": "",
        "service_internal_id": "Услуги",
        "rr": "",
        "recalculation": "",
        "accounting_period_total": "84301.99"
    },
    {
        "org_ppa_guid": "5905240015",
        "internal_id": "73_2022_02",
        "pp_internal_id": "73_2022_02",
        "calc_value": "43463.16",
        "tariff": "",
        "service_internal_id": "Услуги",
        "rr": "",
        "recalculation": "",
        "accounting_period_total": "43463.16"
    },
    {
        "org_ppa_guid": "5905240015",
        "internal_id": "74_2022_02",
        "pp_internal_id": "74_2022_02",
        "calc_value": "40917.56",
        "tariff": "",
        "service_internal_id": "Услуги",
        "rr": "",
        "recalculation": "",
        "accounting_period_total": "40917.56"
    },
    {
        "org_ppa_guid": "5905240015",
        "internal_id": "75_2022_02",
        "pp_internal_id": "75_2022_02",
        "calc_value": "38829.96",
        "tariff": "",
        "service_internal_id": "Услуги",
        "rr": "",
        "recalculation": "",
        "accounting_period_total": "38829.96"
    },
    {
        "org_ppa_guid": "5905240015",
        "internal_id": "76_2022_02",
        "pp_internal_id": "76_2022_02",
        "calc_value": "39807.38",
        "tariff": "",
        "service_internal_id": "Услуги",
        "rr": "",
        "recalculation": "",
        "accounting_period_total": "39807.38"
    },
    {
        "org_ppa_guid": "5905240015",
        "internal_id": "77_2022_02",
        "pp_internal_id": "77_2022_02",
        "calc_value": "34163.16",
        "tariff": "",
        "service_internal_id": "Услуги",
        "rr": "",
        "recalculation": "",
        "accounting_period_total": "34163.16"
    },
    {
        "org_ppa_guid": "5905240015",
        "internal_id": "78_2022_02",
        "pp_internal_id": "78_2022_02",
        "calc_value": "29070.41",
        "tariff": "",
        "service_internal_id": "Услуги",
        "rr": "",
        "recalculation": "",
        "accounting_period_total": "29070.41"
    },
    {
        "org_ppa_guid": "5905240015",
        "internal_id": "79_2022_02",
        "pp_internal_id": "79_2022_02",
        "calc_value": "218897.64",
        "tariff": "",
        "service_internal_id": "Услуги",
        "rr": "",
        "recalculation": "",
        "accounting_period_total": "218897.64"
    },
    {
        "org_ppa_guid": "5905240015",
        "internal_id": "80_2022_02",
        "pp_internal_id": "80_2022_02",
        "calc_value": "247056.84",
        "tariff": "",
        "service_internal_id": "Услуги",
        "rr": "",
        "recalculation": "",
        "accounting_period_total": "247056.84"
    },
    {
        "org_ppa_guid": "5905240015",
        "internal_id": "81_2022_02",
        "pp_internal_id": "81_2022_02",
        "calc_value": "86556.64",
        "tariff": "",
        "service_internal_id": "Услуги",
        "rr": "",
        "recalculation": "",
        "accounting_period_total": "86556.64"
    },
    {
        "org_ppa_guid": "5905240015",
        "internal_id": "82_2022_02",
        "pp_internal_id": "82_2022_02",
        "calc_value": "123497.78",
        "tariff": "",
        "service_internal_id": "Услуги",
        "rr": "",
        "recalculation": "",
        "accounting_period_total": "123497.78"
    },
    {
        "org_ppa_guid": "5905240015",
        "internal_id": "83_2022_02",
        "pp_internal_id": "83_2022_02",
        "calc_value": "44057.85",
        "tariff": "",
        "service_internal_id": "Услуги",
        "rr": "",
        "recalculation": "",
        "accounting_period_total": "2092431.2000000002"
    },
    {
        "org_ppa_guid": "5905240015",
        "internal_id": "1_2022_02",
        "pp_internal_id": "1_2022_02",
        "calc_value": "32660.68",
        "tariff": "",
        "service_internal_id": "Услуги",
        "rr": "",
        "recalculation": "",
        "accounting_period_total": "32660.68"
    },
    {
        "org_ppa_guid": "5905240015",
        "internal_id": "2_2022_02",
        "pp_internal_id": "2_2022_02",
        "calc_value": "51627.7",
        "tariff": "",
        "service_internal_id": "Услуги",
        "rr": "",
        "recalculation": "",
        "accounting_period_total": "51627.7"
    },
    {
        "org_ppa_guid": "5905240015",
        "internal_id": "3_2022_02",
        "pp_internal_id": "3_2022_02",
        "calc_value": "16035.7",
        "tariff": "",
        "service_internal_id": "Услуги",
        "rr": "",
        "recalculation": "",
        "accounting_period_total": "16035.7"
    },
    {
        "org_ppa_guid": "5905240015",
        "internal_id": "4_2022_02",
        "pp_internal_id": "4_2022_02",
        "calc_value": "30483.02",
        "tariff": "",
        "service_internal_id": "Услуги",
        "rr": "",
        "recalculation": "",
        "accounting_period_total": "30483.02"
    },
    {
        "org_ppa_guid": "5905240015",
        "internal_id": "5_2022_02",
        "pp_internal_id": "5_2022_02",
        "calc_value": "24184.88",
        "tariff": "",
        "service_internal_id": "Услуги",
        "rr": "",
        "recalculation": "",
        "accounting_period_total": "24184.88"
    },
    {
        "org_ppa_guid": "5905240015",
        "internal_id": "6_2022_02",
        "pp_internal_id": "6_2022_02",
        "calc_value": "45508.9",
        "tariff": "",
        "service_internal_id": "Услуги",
        "rr": "",
        "recalculation": "",
        "accounting_period_total": "45508.9"
    },
    {
        "org_ppa_guid": "5905240015",
        "internal_id": "7_2022_02",
        "pp_internal_id": "7_2022_02",
        "calc_value": "52920.28",
        "tariff": "",
        "service_internal_id": "Услуги",
        "rr": "",
        "recalculation": "",
        "accounting_period_total": "52920.28"
    },
    {
        "org_ppa_guid": "5905240015",
        "internal_id": "8_2022_02",
        "pp_internal_id": "8_2022_02",
        "calc_value": "38073.46",
        "tariff": "",
        "service_internal_id": "Услуги",
        "rr": "",
        "recalculation": "",
        "accounting_period_total": "38073.46"
    },
    {
        "org_ppa_guid": "5905240015",
        "internal_id": "9_2022_02",
        "pp_internal_id": "9_2022_02",
        "calc_value": "32125.96",
        "tariff": "",
        "service_internal_id": "Услуги",
        "rr": "",
        "recalculation": "",
        "accounting_period_total": "32125.96"
    },
    {
        "org_ppa_guid": "5905240015",
        "internal_id": "10_2022_02",
        "pp_internal_id": "10_2022_02",
        "calc_value": "44035.26",
        "tariff": "",
        "service_internal_id": "Услуги",
        "rr": "",
        "recalculation": "",
        "accounting_period_total": "44035.26"
    },
    {
        "org_ppa_guid": "5905240015",
        "internal_id": "00012_2022_02",
        "pp_internal_id": "00012_2022_02",
        "calc_value": "106436.8",
        "tariff": "",
        "service_internal_id": "Услуги",
        "rr": "",
        "recalculation": "",
        "accounting_period_total": "106436.8"
    },
    {
        "org_ppa_guid": "5905240015",
        "internal_id": "13_2022_02",
        "pp_internal_id": "13_2022_02",
        "calc_value": "75608.32",
        "tariff": "",
        "service_internal_id": "Услуги",
        "rr": "",
        "recalculation": "",
        "accounting_period_total": "75608.32"
    },
    {
        "org_ppa_guid": "5905240015",
        "internal_id": "14_2022_02",
        "pp_internal_id": "14_2022_02",
        "calc_value": "38207.82",
        "tariff": "",
        "service_internal_id": "Услуги",
        "rr": "",
        "recalculation": "",
        "accounting_period_total": "38207.82"
    },
    {
        "org_ppa_guid": "5905240015",
        "internal_id": "15_2022_02",
        "pp_internal_id": "15_2022_02",
        "calc_value": "13833.52",
        "tariff": "",
        "service_internal_id": "Услуги",
        "rr": "",
        "recalculation": "",
        "accounting_period_total": "13833.52"
    },
    {
        "org_ppa_guid": "5905240015",
        "internal_id": "16_2022_02",
        "pp_internal_id": "16_2022_02",
        "calc_value": "27070.02",
        "tariff": "",
        "service_internal_id": "Услуги",
        "rr": "",
        "recalculation": "",
        "accounting_period_total": "27070.02"
    },
    {
        "org_ppa_guid": "5905240015",
        "internal_id": "17_2022_02",
        "pp_internal_id": "17_2022_02",
        "calc_value": "19297.22",
        "tariff": "",
        "service_internal_id": "Услуги",
        "rr": "",
        "recalculation": "",
        "accounting_period_total": "19297.22"
    },
    {
        "org_ppa_guid": "5905240015",
        "internal_id": "18_2022_02",
        "pp_internal_id": "18_2022_02",
        "calc_value": "12613.72",
        "tariff": "",
        "service_internal_id": "Услуги",
        "rr": "",
        "recalculation": "",
        "accounting_period_total": "12613.72"
    },
    {
        "org_ppa_guid": "5905240015",
        "internal_id": "19_2022_02",
        "pp_internal_id": "19_2022_02",
        "calc_value": "40252.74",
        "tariff": "",
        "service_internal_id": "Услуги",
        "rr": "",
        "recalculation": "",
        "accounting_period_total": "40252.74"
    },
    {
        "org_ppa_guid": "5905240015",
        "internal_id": "20_2022_02",
        "pp_internal_id": "20_2022_02",
        "calc_value": "45949.0",
        "tariff": "",
        "service_internal_id": "Услуги",
        "rr": "",
        "recalculation": "",
        "accounting_period_total": "45949.0"
    },
    {
        "org_ppa_guid": "5905240015",
        "internal_id": "021_2022_02",
        "pp_internal_id": "021_2022_02",
        "calc_value": "425470.26",
        "tariff": "",
        "service_internal_id": "Услуги",
        "rr": "",
        "recalculation": "",
        "accounting_period_total": "425470.26"
    },
    {
        "org_ppa_guid": "5905240015",
        "internal_id": "22_2022_02",
        "pp_internal_id": "22_2022_02",
        "calc_value": "40806.38",
        "tariff": "",
        "service_internal_id": "Услуги",
        "rr": "",
        "recalculation": "",
        "accounting_period_total": "40806.38"
    },
    {
        "org_ppa_guid": "5905240015",
        "internal_id": "23_2022_02",
        "pp_internal_id": "23_2022_02",
        "calc_value": "59870.9",
        "tariff": "",
        "service_internal_id": "Услуги",
        "rr": "",
        "recalculation": "",
        "accounting_period_total": "59870.9"
    },
    {
        "org_ppa_guid": "5905240015",
        "internal_id": "24_2022_02",
        "pp_internal_id": "24_2022_02",
        "calc_value": "46896.9",
        "tariff": "",
        "service_internal_id": "Услуги",
        "rr": "",
        "recalculation": "",
        "accounting_period_total": "46896.9"
    },
    {
        "org_ppa_guid": "5905240015",
        "internal_id": "25_2022_02",
        "pp_internal_id": "25_2022_02",
        "calc_value": "44056.14",
        "tariff": "",
        "service_internal_id": "Услуги",
        "rr": "",
        "recalculation": "",
        "accounting_period_total": "44056.14"
    },
    {
        "org_ppa_guid": "5905240015",
        "internal_id": "26_2022_02",
        "pp_internal_id": "26_2022_02",
        "calc_value": "46829.54",
        "tariff": "",
        "service_internal_id": "Услуги",
        "rr": "",
        "recalculation": "",
        "accounting_period_total": "46829.54"
    },
    {
        "org_ppa_guid": "5905240015",
        "internal_id": "27_2022_02",
        "pp_internal_id": "27_2022_02",
        "calc_value": "26828.58",
        "tariff": "",
        "service_internal_id": "Услуги",
        "rr": "",
        "recalculation": "",
        "accounting_period_total": "26828.58"
    },
    {
        "org_ppa_guid": "5905240015",
        "internal_id": "28_2022_02",
        "pp_internal_id": "28_2022_02",
        "calc_value": "22344.72",
        "tariff": "",
        "service_internal_id": "Услуги",
        "rr": "",
        "recalculation": "",
        "accounting_period_total": "22344.72"
    },
    {
        "org_ppa_guid": "5905240015",
        "internal_id": "29_2022_02",
        "pp_internal_id": "29_2022_02",
        "calc_value": "48805.02",
        "tariff": "",
        "service_internal_id": "Услуги",
        "rr": "",
        "recalculation": "",
        "accounting_period_total": "48805.02"
    },
    {
        "org_ppa_guid": "5905240015",
        "internal_id": "30_2022_02",
        "pp_internal_id": "30_2022_02",
        "calc_value": "48633.76",
        "tariff": "",
        "service_internal_id": "Услуги",
        "rr": "",
        "recalculation": "",
        "accounting_period_total": "48633.76"
    },
    {
        "org_ppa_guid": "5905240015",
        "internal_id": "31_2022_02",
        "pp_internal_id": "31_2022_02",
        "calc_value": "59087.14",
        "tariff": "",
        "service_internal_id": "Услуги",
        "rr": "",
        "recalculation": "",
        "accounting_period_total": "59087.14"
    },
    {
        "org_ppa_guid": "5905240015",
        "internal_id": "32_2022_02",
        "pp_internal_id": "32_2022_02",
        "calc_value": "83060.54",
        "tariff": "",
        "service_internal_id": "Услуги",
        "rr": "",
        "recalculation": "",
        "accounting_period_total": "83060.54"
    },
    {
        "org_ppa_guid": "5905240015",
        "internal_id": "33_2022_02",
        "pp_internal_id": "33_2022_02",
        "calc_value": "23525.14",
        "tariff": "",
        "service_internal_id": "Услуги",
        "rr": "",
        "recalculation": "",
        "accounting_period_total": "23525.14"
    },
    {
        "org_ppa_guid": "5905240015",
        "internal_id": "34_2022_02",
        "pp_internal_id": "34_2022_02",
        "calc_value": "193605.26",
        "tariff": "",
        "service_internal_id": "Услуги",
        "rr": "",
        "recalculation": "",
        "accounting_period_total": "193605.26"
    },
    {
        "org_ppa_guid": "5905240015",
        "internal_id": "35_2022_02",
        "pp_internal_id": "35_2022_02",
        "calc_value": "52944.66",
        "tariff": "",
        "service_internal_id": "Услуги",
        "rr": "",
        "recalculation": "",
        "accounting_period_total": "52944.66"
    },
    {
        "org_ppa_guid": "5905240015",
        "internal_id": "36_2022_02",
        "pp_internal_id": "36_2022_02",
        "calc_value": "17832.8",
        "tariff": "",
        "service_internal_id": "Услуги",
        "rr": "",
        "recalculation": "",
        "accounting_period_total": "17832.8"
    },
    {
        "org_ppa_guid": "5905240015",
        "internal_id": "37_2022_02",
        "pp_internal_id": "37_2022_02",
        "calc_value": "49786.66",
        "tariff": "",
        "service_internal_id": "Услуги",
        "rr": "",
        "recalculation": "",
        "accounting_period_total": "49786.66"
    },
    {
        "org_ppa_guid": "5905240015",
        "internal_id": "38_2022_02",
        "pp_internal_id": "38_2022_02",
        "calc_value": "22480.12",
        "tariff": "",
        "service_internal_id": "Услуги",
        "rr": "",
        "recalculation": "",
        "accounting_period_total": "22480.12"
    },
    {
        "org_ppa_guid": "5905240015",
        "internal_id": "39_2022_02",
        "pp_internal_id": "39_2022_02",
        "calc_value": "18977.66",
        "tariff": "",
        "service_internal_id": "Услуги",
        "rr": "",
        "recalculation": "",
        "accounting_period_total": "18977.66"
    },
    {
        "org_ppa_guid": "5905240015",
        "internal_id": "40_2022_02",
        "pp_internal_id": "40_2022_02",
        "calc_value": "27789.54",
        "tariff": "",
        "service_internal_id": "Услуги",
        "rr": "",
        "recalculation": "",
        "accounting_period_total": "27789.54"
    },
    {
        "org_ppa_guid": "5905240015",
        "internal_id": "41_2022_02",
        "pp_internal_id": "41_2022_02",
        "calc_value": "21552.86",
        "tariff": "",
        "service_internal_id": "Услуги",
        "rr": "",
        "recalculation": "",
        "accounting_period_total": "21552.86"
    },
    {
        "org_ppa_guid": "5905240015",
        "internal_id": "42_2022_02",
        "pp_internal_id": "42_2022_02",
        "calc_value": "32255.38",
        "tariff": "",
        "service_internal_id": "Услуги",
        "rr": "",
        "recalculation": "",
        "accounting_period_total": "32255.38"
    },
    {
        "org_ppa_guid": "5905240015",
        "internal_id": "43_2022_02",
        "pp_internal_id": "43_2022_02",
        "calc_value": "14822.28",
        "tariff": "",
        "service_internal_id": "Услуги",
        "rr": "",
        "recalculation": "",
        "accounting_period_total": "14822.28"
    },
    {
        "org_ppa_guid": "5905240015",
        "internal_id": "44_2022_02",
        "pp_internal_id": "44_2022_02",
        "calc_value": "163127.94",
        "tariff": "",
        "service_internal_id": "Услуги",
        "rr": "",
        "recalculation": "",
        "accounting_period_total": "163127.94"
    },
    {
        "org_ppa_guid": "5905240015",
        "internal_id": "45_2022_02",
        "pp_internal_id": "45_2022_02",
        "calc_value": "18337.76",
        "tariff": "",
        "service_internal_id": "Услуги",
        "rr": "",
        "recalculation": "",
        "accounting_period_total": "18337.76"
    },
    {
        "org_ppa_guid": "5905240015",
        "internal_id": "46_2022_02",
        "pp_internal_id": "46_2022_02",
        "calc_value": "52734.92",
        "tariff": "",
        "service_internal_id": "Услуги",
        "rr": "",
        "recalculation": "",
        "accounting_period_total": "52734.92"
    },
    {
        "org_ppa_guid": "5905240015",
        "internal_id": "47_2022_02",
        "pp_internal_id": "47_2022_02",
        "calc_value": "332002.92",
        "tariff": "",
        "service_internal_id": "Услуги",
        "rr": "",
        "recalculation": "",
        "accounting_period_total": "332002.92"
    },
    {
        "org_ppa_guid": "5905240015",
        "internal_id": "48_2022_02",
        "pp_internal_id": "48_2022_02",
        "calc_value": "482887.02",
        "tariff": "",
        "service_internal_id": "Услуги",
        "rr": "",
        "recalculation": "",
        "accounting_period_total": "482887.02"
    },
    {
        "org_ppa_guid": "5905240015",
        "internal_id": "49_2022_02",
        "pp_internal_id": "49_2022_02",
        "calc_value": "35775.44",
        "tariff": "",
        "service_internal_id": "Услуги",
        "rr": "",
        "recalculation": "",
        "accounting_period_total": "35775.44"
    },
    {
        "org_ppa_guid": "5905240015",
        "internal_id": "50_2022_02",
        "pp_internal_id": "50_2022_02",
        "calc_value": "38073.0",
        "tariff": "",
        "service_internal_id": "Услуги",
        "rr": "",
        "recalculation": "",
        "accounting_period_total": "38073.0"
    },
    {
        "org_ppa_guid": "5905240015",
        "internal_id": "51_2022_02",
        "pp_internal_id": "51_2022_02",
        "calc_value": "82586.5",
        "tariff": "",
        "service_internal_id": "Услуги",
        "rr": "",
        "recalculation": "",
        "accounting_period_total": "82586.5"
    },
    {
        "org_ppa_guid": "5905240015",
        "internal_id": "52_2022_02",
        "pp_internal_id": "52_2022_02",
        "calc_value": "27167.64",
        "tariff": "",
        "service_internal_id": "Услуги",
        "rr": "",
        "recalculation": "",
        "accounting_period_total": "27167.64"
    },
    {
        "org_ppa_guid": "5905240015",
        "internal_id": "53_2022_02",
        "pp_internal_id": "53_2022_02",
        "calc_value": "36201.58",
        "tariff": "",
        "service_internal_id": "Услуги",
        "rr": "",
        "recalculation": "",
        "accounting_period_total": "36201.58"
    },
    {
        "org_ppa_guid": "5905240015",
        "internal_id": "55_2022_02",
        "pp_internal_id": "55_2022_02",
        "calc_value": "42785.26",
        "tariff": "",
        "service_internal_id": "Услуги",
        "rr": "",
        "recalculation": "",
        "accounting_period_total": "42785.26"
    },
    {
        "org_ppa_guid": "5905240015",
        "internal_id": "56_2022_02",
        "pp_internal_id": "56_2022_02",
        "calc_value": "30290.34",
        "tariff": "",
        "service_internal_id": "Услуги",
        "rr": "",
        "recalculation": "",
        "accounting_period_total": "30290.34"
    },
    {
        "org_ppa_guid": "5905240015",
        "internal_id": "57_2022_02",
        "pp_internal_id": "57_2022_02",
        "calc_value": "50343.34",
        "tariff": "",
        "service_internal_id": "Услуги",
        "rr": "",
        "recalculation": "",
        "accounting_period_total": "50343.34"
    },
    {
        "org_ppa_guid": "5905240015",
        "internal_id": "58_2022_02",
        "pp_internal_id": "58_2022_02",
        "calc_value": "44943.54",
        "tariff": "",
        "service_internal_id": "Услуги",
        "rr": "",
        "recalculation": "",
        "accounting_period_total": "44943.54"
    },
    {
        "org_ppa_guid": "5905240015",
        "internal_id": "59_2022_02",
        "pp_internal_id": "59_2022_02",
        "calc_value": "296630.2",
        "tariff": "",
        "service_internal_id": "Услуги",
        "rr": "",
        "recalculation": "",
        "accounting_period_total": "296630.2"
    },
    {
        "org_ppa_guid": "5905240015",
        "internal_id": "60_2022_02",
        "pp_internal_id": "60_2022_02",
        "calc_value": "12292.18",
        "tariff": "",
        "service_internal_id": "Услуги",
        "rr": "",
        "recalculation": "",
        "accounting_period_total": "12292.18"
    },
    {
        "org_ppa_guid": "5905240015",
        "internal_id": "61_2022_02",
        "pp_internal_id": "61_2022_02",
        "calc_value": "32201.16",
        "tariff": "",
        "service_internal_id": "Услуги",
        "rr": "",
        "recalculation": "",
        "accounting_period_total": "32201.16"
    },
    {
        "org_ppa_guid": "5905240015",
        "internal_id": "62_2022_02",
        "pp_internal_id": "62_2022_02",
        "calc_value": "13007.76",
        "tariff": "",
        "service_internal_id": "Услуги",
        "rr": "",
        "recalculation": "",
        "accounting_period_total": "13007.76"
    },
    {
        "org_ppa_guid": "5905240015",
        "internal_id": "63_2022_02",
        "pp_internal_id": "63_2022_02",
        "calc_value": "12510.68",
        "tariff": "",
        "service_internal_id": "Услуги",
        "rr": "",
        "recalculation": "",
        "accounting_period_total": "10673.84"
    },
    {
        "org_ppa_guid": "5905240015",
        "internal_id": "64_2022_02",
        "pp_internal_id": "64_2022_02",
        "calc_value": "12220.46",
        "tariff": "",
        "service_internal_id": "Услуги",
        "rr": "",
        "recalculation": "",
        "accounting_period_total": "12220.46"
    },
    {
        "org_ppa_guid": "5905240015",
        "internal_id": "65_2022_02",
        "pp_internal_id": "65_2022_02",
        "calc_value": "28908.4",
        "tariff": "",
        "service_internal_id": "Услуги",
        "rr": "",
        "recalculation": "",
        "accounting_period_total": "28908.4"
    },
    {
        "org_ppa_guid": "5905240015",
        "internal_id": "66_2022_02",
        "pp_internal_id": "66_2022_02",
        "calc_value": "41684.72",
        "tariff": "",
        "service_internal_id": "Услуги",
        "rr": "",
        "recalculation": "",
        "accounting_period_total": "41684.72"
    },
    {
        "org_ppa_guid": "5905240015",
        "internal_id": "67_2022_02",
        "pp_internal_id": "67_2022_02",
        "calc_value": "24972.5",
        "tariff": "",
        "service_internal_id": "Услуги",
        "rr": "",
        "recalculation": "",
        "accounting_period_total": "24972.5"
    },
    {
        "org_ppa_guid": "5905240015",
        "internal_id": "068_2022_02",
        "pp_internal_id": "068_2022_02",
        "calc_value": "17727.14",
        "tariff": "",
        "service_internal_id": "Услуги",
        "rr": "",
        "recalculation": "",
        "accounting_period_total": "17727.14"
    },
    {
        "org_ppa_guid": "5905240015",
        "internal_id": "69_2022_02",
        "pp_internal_id": "69_2022_02",
        "calc_value": "4680.83",
        "tariff": "",
        "service_internal_id": "Услуги",
        "rr": "",
        "recalculation": "",
        "accounting_period_total": "-38918.2"
    },
    {
        "org_ppa_guid": "5905240015",
        "internal_id": "70_2022_02",
        "pp_internal_id": "70_2022_02",
        "calc_value": "55886.68",
        "tariff": "",
        "service_internal_id": "Услуги",
        "rr": "",
        "recalculation": "",
        "accounting_period_total": "55886.68"
    },
    {
        "org_ppa_guid": "5905240015",
        "internal_id": "71_2022_02",
        "pp_internal_id": "71_2022_02",
        "calc_value": "42880.24",
        "tariff": "",
        "service_internal_id": "Услуги",
        "rr": "",
        "recalculation": "",
        "accounting_period_total": "42880.24"
    },
    {
        "org_ppa_guid": "5905240015",
        "internal_id": "72_2022_02",
        "pp_internal_id": "72_2022_02",
        "calc_value": "165688.3",
        "tariff": "",
        "service_internal_id": "Услуги",
        "rr": "",
        "recalculation": "",
        "accounting_period_total": "165688.3"
    },
    {
        "org_ppa_guid": "5905240015",
        "internal_id": "73_2022_02",
        "pp_internal_id": "73_2022_02",
        "calc_value": "36581.44",
        "tariff": "",
        "service_internal_id": "Услуги",
        "rr": "",
        "recalculation": "",
        "accounting_period_total": "36581.44"
    },
    {
        "org_ppa_guid": "5905240015",
        "internal_id": "74_2022_02",
        "pp_internal_id": "74_2022_02",
        "calc_value": "15385.22",
        "tariff": "",
        "service_internal_id": "Услуги",
        "rr": "",
        "recalculation": "",
        "accounting_period_total": "15385.22"
    },
    {
        "org_ppa_guid": "5905240015",
        "internal_id": "75_2022_02",
        "pp_internal_id": "75_2022_02",
        "calc_value": "47271.32",
        "tariff": "",
        "service_internal_id": "Услуги",
        "rr": "",
        "recalculation": "",
        "accounting_period_total": "47271.32"
    },
    {
        "org_ppa_guid": "5905240015",
        "internal_id": "76_2022_02",
        "pp_internal_id": "76_2022_02",
        "calc_value": "54833.08",
        "tariff": "",
        "service_internal_id": "Услуги",
        "rr": "",
        "recalculation": "",
        "accounting_period_total": "54833.08"
    },
    {
        "org_ppa_guid": "5905240015",
        "internal_id": "77_2022_02",
        "pp_internal_id": "77_2022_02",
        "calc_value": "15237.4",
        "tariff": "",
        "service_internal_id": "Услуги",
        "rr": "",
        "recalculation": "",
        "accounting_period_total": "15237.4"
    },
    {
        "org_ppa_guid": "5905240015",
        "internal_id": "78_2022_02",
        "pp_internal_id": "78_2022_02",
        "calc_value": "16949.2",
        "tariff": "",
        "service_internal_id": "Услуги",
        "rr": "",
        "recalculation": "",
        "accounting_period_total": "16949.2"
    },
    {
        "org_ppa_guid": "5905240015",
        "internal_id": "79_2022_02",
        "pp_internal_id": "79_2022_02",
        "calc_value": "35844.74",
        "tariff": "",
        "service_internal_id": "Услуги",
        "rr": "",
        "recalculation": "",
        "accounting_period_total": "35844.74"
    },
    {
        "org_ppa_guid": "5905240015",
        "internal_id": "80_2022_02",
        "pp_internal_id": "80_2022_02",
        "calc_value": "368185.96",
        "tariff": "",
        "service_internal_id": "Услуги",
        "rr": "",
        "recalculation": "",
        "accounting_period_total": "368185.96"
    },
    {
        "org_ppa_guid": "5905240015",
        "internal_id": "81_2022_02",
        "pp_internal_id": "81_2022_02",
        "calc_value": "90333.66",
        "tariff": "",
        "service_internal_id": "Услуги",
        "rr": "",
        "recalculation": "",
        "accounting_period_total": "90333.66"
    },
    {
        "org_ppa_guid": "5905240015",
        "internal_id": "82_2022_02",
        "pp_internal_id": "82_2022_02",
        "calc_value": "113991.48",
        "tariff": "",
        "service_internal_id": "Услуги",
        "rr": "",
        "recalculation": "",
        "accounting_period_total": "113991.48"
    },
    {
        "org_ppa_guid": "5905240015",
        "internal_id": "83_2022_02",
        "pp_internal_id": "83_2022_02",
        "calc_value": "92569.76",
        "tariff": "",
        "service_internal_id": "Услуги",
        "rr": "",
        "recalculation": "",
        "accounting_period_total": "100031.86"
    }
]