[
    {
        "org_ppa_guid": "5914007720",
        "internal_id": "42_2022_04",
        "pp_internal_id": "42_2022_04",
        "calc_value": "336.0",
        "tariff": "",
        "service_internal_id": "Услуги",
        "rr": "",
        "recalculation": "",
        "accounting_period_total": "336.0"
    },
    {
        "org_ppa_guid": "5914007720",
        "internal_id": "10900000404801_2022_04",
        "pp_internal_id": "10900000404801_2022_04",
        "calc_value": "1928.64",
        "tariff": "",
        "service_internal_id": "Услуги",
        "rr": "",
        "recalculation": "",
        "accounting_period_total": "1928.64"
    },
    {
        "org_ppa_guid": "5914007720",
        "internal_id": "42_2022_04",
        "pp_internal_id": "42_2022_04",
        "calc_value": "1008.0",
        "tariff": "",
        "service_internal_id": "Услуги",
        "rr": "",
        "recalculation": "",
        "accounting_period_total": "1008.0"
    },
    {
        "org_ppa_guid": "5914007720",
        "internal_id": "10900000404802_2022_04",
        "pp_internal_id": "10900000404802_2022_04",
        "calc_value": "1768.2",
        "tariff": "",
        "service_internal_id": "Услуги",
        "rr": "",
        "recalculation": "",
        "accounting_period_total": "1768.2"
    },
    {
        "org_ppa_guid": "5914007720",
        "internal_id": "42_2022_04",
        "pp_internal_id": "42_2022_04",
        "calc_value": "1168.79",
        "tariff": "",
        "service_internal_id": "Услуги",
        "rr": "",
        "recalculation": "",
        "accounting_period_total": "1168.79"
    },
    {
        "org_ppa_guid": "5914007720",
        "internal_id": "10900000404803_2022_04",
        "pp_internal_id": "10900000404803_2022_04",
        "calc_value": "1619.35",
        "tariff": "",
        "service_internal_id": "Услуги",
        "rr": "",
        "recalculation": "",
        "accounting_period_total": "1619.35"
    },
    {
        "org_ppa_guid": "5914007720",
        "internal_id": "42_2022_04",
        "pp_internal_id": "42_2022_04",
        "calc_value": "1176.0",
        "tariff": "",
        "service_internal_id": "Услуги",
        "rr": "",
        "recalculation": "",
        "accounting_period_total": "1176.0"
    },
    {
        "org_ppa_guid": "5914007720",
        "internal_id": "10900000404804_2022_04",
        "pp_internal_id": "10900000404804_2022_04",
        "calc_value": "4726.69",
        "tariff": "",
        "service_internal_id": "Услуги",
        "rr": "",
        "recalculation": "",
        "accounting_period_total": "4726.69"
    },
    {
        "org_ppa_guid": "5914007720",
        "internal_id": "42_2022_04",
        "pp_internal_id": "42_2022_04",
        "calc_value": "1019.26",
        "tariff": "",
        "service_internal_id": "Услуги",
        "rr": "",
        "recalculation": "",
        "accounting_period_total": "1019.26"
    },
    {
        "org_ppa_guid": "5914007720",
        "internal_id": "10900000404805_2022_04",
        "pp_internal_id": "10900000404805_2022_04",
        "calc_value": "1633.94",
        "tariff": "",
        "service_internal_id": "Услуги",
        "rr": "",
        "recalculation": "",
        "accounting_period_total": "1633.94"
    },
    {
        "org_ppa_guid": "5914007720",
        "internal_id": "42_2022_04",
        "pp_internal_id": "42_2022_04",
        "calc_value": "1134.12",
        "tariff": "",
        "service_internal_id": "Услуги",
        "rr": "",
        "recalculation": "",
        "accounting_period_total": "1134.12"
    },
    {
        "org_ppa_guid": "5914007720",
        "internal_id": "10900000404806_2022_04",
        "pp_internal_id": "10900000404806_2022_04",
        "calc_value": "3558.19",
        "tariff": "",
        "service_internal_id": "Услуги",
        "rr": "",
        "recalculation": "",
        "accounting_period_total": "3558.19"
    },
    {
        "org_ppa_guid": "5914007720",
        "internal_id": "42_2022_04",
        "pp_internal_id": "42_2022_04",
        "calc_value": "1134.02",
        "tariff": "",
        "service_internal_id": "Услуги",
        "rr": "",
        "recalculation": "",
        "accounting_period_total": "1134.02"
    },
    {
        "org_ppa_guid": "5914007720",
        "internal_id": "10900000404807_2022_04",
        "pp_internal_id": "10900000404807_2022_04",
        "calc_value": "5698.52",
        "tariff": "",
        "service_internal_id": "Услуги",
        "rr": "",
        "recalculation": "",
        "accounting_period_total": "5698.52"
    },
    {
        "org_ppa_guid": "5914007720",
        "internal_id": "42_2022_04",
        "pp_internal_id": "42_2022_04",
        "calc_value": "1176.0",
        "tariff": "",
        "service_internal_id": "Услуги",
        "rr": "",
        "recalculation": "",
        "accounting_period_total": "1176.0"
    },
    {
        "org_ppa_guid": "5914007720",
        "internal_id": "10900000404808_2022_04",
        "pp_internal_id": "10900000404808_2022_04",
        "calc_value": "2220.35",
        "tariff": "",
        "service_internal_id": "Услуги",
        "rr": "",
        "recalculation": "",
        "accounting_period_total": "2220.35"
    },
    {
        "org_ppa_guid": "5914007720",
        "internal_id": "42_2022_04",
        "pp_internal_id": "42_2022_04",
        "calc_value": "967.34",
        "tariff": "",
        "service_internal_id": "Услуги",
        "rr": "",
        "recalculation": "",
        "accounting_period_total": "967.34"
    },
    {
        "org_ppa_guid": "5914007720",
        "internal_id": "10900000404809_2022_04",
        "pp_internal_id": "10900000404809_2022_04",
        "calc_value": "1636.93",
        "tariff": "",
        "service_internal_id": "Услуги",
        "rr": "",
        "recalculation": "",
        "accounting_period_total": "1636.93"
    },
    {
        "org_ppa_guid": "5914007720",
        "internal_id": "42_2022_04",
        "pp_internal_id": "42_2022_04",
        "calc_value": "977.65",
        "tariff": "",
        "service_internal_id": "Услуги",
        "rr": "",
        "recalculation": "",
        "accounting_period_total": "977.65"
    },
    {
        "org_ppa_guid": "5914007720",
        "internal_id": "10900000404810_2022_04",
        "pp_internal_id": "10900000404810_2022_04",
        "calc_value": "4961.05",
        "tariff": "",
        "service_internal_id": "Услуги",
        "rr": "",
        "recalculation": "",
        "accounting_period_total": "4961.05"
    },
    {
        "org_ppa_guid": "5914007720",
        "internal_id": "42_2022_04",
        "pp_internal_id": "42_2022_04",
        "calc_value": "1007.2",
        "tariff": "",
        "service_internal_id": "Услуги",
        "rr": "",
        "recalculation": "",
        "accounting_period_total": "1007.2"
    },
    {
        "org_ppa_guid": "5914007720",
        "internal_id": "10900000404811_2022_04",
        "pp_internal_id": "10900000404811_2022_04",
        "calc_value": "1236.19",
        "tariff": "",
        "service_internal_id": "Услуги",
        "rr": "",
        "recalculation": "",
        "accounting_period_total": "1236.19"
    },
    {
        "org_ppa_guid": "5914007720",
        "internal_id": "42_2022_04",
        "pp_internal_id": "42_2022_04",
        "calc_value": "1134.01",
        "tariff": "",
        "service_internal_id": "Услуги",
        "rr": "",
        "recalculation": "",
        "accounting_period_total": "1134.01"
    },
    {
        "org_ppa_guid": "5914007720",
        "internal_id": "10900000404812_2022_04",
        "pp_internal_id": "10900000404812_2022_04",
        "calc_value": "4379.18",
        "tariff": "",
        "service_internal_id": "Услуги",
        "rr": "",
        "recalculation": "",
        "accounting_period_total": "4379.18"
    },
    {
        "org_ppa_guid": "5914007720",
        "internal_id": "42_2022_04",
        "pp_internal_id": "42_2022_04",
        "calc_value": "1134.08",
        "tariff": "",
        "service_internal_id": "Услуги",
        "rr": "",
        "recalculation": "",
        "accounting_period_total": "1134.08"
    },
    {
        "org_ppa_guid": "5914007720",
        "internal_id": "10900000404813_2022_04",
        "pp_internal_id": "10900000404813_2022_04",
        "calc_value": "1600.46",
        "tariff": "",
        "service_internal_id": "Услуги",
        "rr": "",
        "recalculation": "",
        "accounting_period_total": "1600.46"
    },
    {
        "org_ppa_guid": "5914007720",
        "internal_id": "42_2022_04",
        "pp_internal_id": "42_2022_04",
        "calc_value": "1092.59",
        "tariff": "",
        "service_internal_id": "Услуги",
        "rr": "",
        "recalculation": "",
        "accounting_period_total": "1092.59"
    },
    {
        "org_ppa_guid": "5914007720",
        "internal_id": "10900000404814_2022_04",
        "pp_internal_id": "10900000404814_2022_04",
        "calc_value": "2205.76",
        "tariff": "",
        "service_internal_id": "Услуги",
        "rr": "",
        "recalculation": "",
        "accounting_period_total": "2205.76"
    },
    {
        "org_ppa_guid": "5914007720",
        "internal_id": "42_2022_04",
        "pp_internal_id": "42_2022_04",
        "calc_value": "989.23",
        "tariff": "",
        "service_internal_id": "Услуги",
        "rr": "",
        "recalculation": "",
        "accounting_period_total": "989.23"
    },
    {
        "org_ppa_guid": "5914007720",
        "internal_id": "10900000404815_2022_04",
        "pp_internal_id": "10900000404815_2022_04",
        "calc_value": "1899.47",
        "tariff": "",
        "service_internal_id": "Услуги",
        "rr": "",
        "recalculation": "",
        "accounting_period_total": "1899.47"
    },
    {
        "org_ppa_guid": "5914007720",
        "internal_id": "42_2022_04",
        "pp_internal_id": "42_2022_04",
        "calc_value": "1561.06",
        "tariff": "",
        "service_internal_id": "Услуги",
        "rr": "",
        "recalculation": "",
        "accounting_period_total": "1561.06"
    },
    {
        "org_ppa_guid": "5914007720",
        "internal_id": "10900000404816_2022_04",
        "pp_internal_id": "10900000404816_2022_04",
        "calc_value": "2234.94",
        "tariff": "",
        "service_internal_id": "Услуги",
        "rr": "",
        "recalculation": "",
        "accounting_period_total": "2234.94"
    },
    {
        "org_ppa_guid": "5914007720",
        "internal_id": "42_2022_04",
        "pp_internal_id": "42_2022_04",
        "calc_value": "967.44",
        "tariff": "",
        "service_internal_id": "Услуги",
        "rr": "",
        "recalculation": "",
        "accounting_period_total": "967.44"
    },
    {
        "org_ppa_guid": "5914007720",
        "internal_id": "10900000404817_2022_04",
        "pp_internal_id": "10900000404817_2022_04",
        "calc_value": "1264.75",
        "tariff": "",
        "service_internal_id": "Услуги",
        "rr": "",
        "recalculation": "",
        "accounting_period_total": "1264.75"
    },
    {
        "org_ppa_guid": "5914007720",
        "internal_id": "42_2022_04",
        "pp_internal_id": "42_2022_04",
        "calc_value": "1134.05",
        "tariff": "",
        "service_internal_id": "Услуги",
        "rr": "",
        "recalculation": "",
        "accounting_period_total": "1134.05"
    },
    {
        "org_ppa_guid": "5914007720",
        "internal_id": "10900000404818_2022_04",
        "pp_internal_id": "10900000404818_2022_04",
        "calc_value": "13695.32",
        "tariff": "",
        "service_internal_id": "Услуги",
        "rr": "",
        "recalculation": "",
        "accounting_period_total": "13695.32"
    },
    {
        "org_ppa_guid": "5914007720",
        "internal_id": "42_2022_04",
        "pp_internal_id": "42_2022_04",
        "calc_value": "1055.59",
        "tariff": "",
        "service_internal_id": "Услуги",
        "rr": "",
        "recalculation": "",
        "accounting_period_total": "1055.59"
    },
    {
        "org_ppa_guid": "5914007720",
        "internal_id": "10900000404819_2022_04",
        "pp_internal_id": "10900000404819_2022_04",
        "calc_value": "3535.66",
        "tariff": "",
        "service_internal_id": "Услуги",
        "rr": "",
        "recalculation": "",
        "accounting_period_total": "3535.66"
    },
    {
        "org_ppa_guid": "5914007720",
        "internal_id": "42_2022_04",
        "pp_internal_id": "42_2022_04",
        "calc_value": "959.1",
        "tariff": "",
        "service_internal_id": "Услуги",
        "rr": "",
        "recalculation": "",
        "accounting_period_total": "959.1"
    },
    {
        "org_ppa_guid": "5914007720",
        "internal_id": "10900000404820_2022_04",
        "pp_internal_id": "10900000404820_2022_04",
        "calc_value": "11968.35",
        "tariff": "",
        "service_internal_id": "Услуги",
        "rr": "",
        "recalculation": "",
        "accounting_period_total": "11968.35"
    },
    {
        "org_ppa_guid": "5914007720",
        "internal_id": "42_2022_04",
        "pp_internal_id": "42_2022_04",
        "calc_value": "1198.75",
        "tariff": "",
        "service_internal_id": "Услуги",
        "rr": "",
        "recalculation": "",
        "accounting_period_total": "1198.75"
    },
    {
        "org_ppa_guid": "5914007720",
        "internal_id": "10900000404821_2022_04",
        "pp_internal_id": "10900000404821_2022_04",
        "calc_value": "3562.05",
        "tariff": "",
        "service_internal_id": "Услуги",
        "rr": "",
        "recalculation": "",
        "accounting_period_total": "3562.05"
    },
    {
        "org_ppa_guid": "5914007720",
        "internal_id": "42_2022_04",
        "pp_internal_id": "42_2022_04",
        "calc_value": "1176.0",
        "tariff": "",
        "service_internal_id": "Услуги",
        "rr": "",
        "recalculation": "",
        "accounting_period_total": "1176.0"
    },
    {
        "org_ppa_guid": "5914007720",
        "internal_id": "10900000404822_2022_04",
        "pp_internal_id": "10900000404822_2022_04",
        "calc_value": "2154.72",
        "tariff": "",
        "service_internal_id": "Услуги",
        "rr": "",
        "recalculation": "",
        "accounting_period_total": "2154.72"
    },
    {
        "org_ppa_guid": "5914007720",
        "internal_id": "42_2022_04",
        "pp_internal_id": "42_2022_04",
        "calc_value": "1073.97",
        "tariff": "",
        "service_internal_id": "Услуги",
        "rr": "",
        "recalculation": "",
        "accounting_period_total": "1073.97"
    },
    {
        "org_ppa_guid": "5914007720",
        "internal_id": "10900000404823_2022_04",
        "pp_internal_id": "10900000404823_2022_04",
        "calc_value": "3532.74",
        "tariff": "",
        "service_internal_id": "Услуги",
        "rr": "",
        "recalculation": "",
        "accounting_period_total": "3532.74"
    },
    {
        "org_ppa_guid": "5914007720",
        "internal_id": "42_2022_04",
        "pp_internal_id": "42_2022_04",
        "calc_value": "1050.14",
        "tariff": "",
        "service_internal_id": "Услуги",
        "rr": "",
        "recalculation": "",
        "accounting_period_total": "1050.14"
    },
    {
        "org_ppa_guid": "5914007720",
        "internal_id": "10900000404824_2022_04",
        "pp_internal_id": "10900000404824_2022_04",
        "calc_value": "1573.45",
        "tariff": "",
        "service_internal_id": "Услуги",
        "rr": "",
        "recalculation": "",
        "accounting_period_total": "1573.45"
    },
    {
        "org_ppa_guid": "5914007720",
        "internal_id": "42_2022_04",
        "pp_internal_id": "42_2022_04",
        "calc_value": "1076.64",
        "tariff": "",
        "service_internal_id": "Услуги",
        "rr": "",
        "recalculation": "",
        "accounting_period_total": "1076.64"
    },
    {
        "org_ppa_guid": "5914007720",
        "internal_id": "10900000404825_2022_04",
        "pp_internal_id": "10900000404825_2022_04",
        "calc_value": "2198.47",
        "tariff": "",
        "service_internal_id": "Услуги",
        "rr": "",
        "recalculation": "",
        "accounting_period_total": "2198.47"
    },
    {
        "org_ppa_guid": "5914007720",
        "internal_id": "42_2022_04",
        "pp_internal_id": "42_2022_04",
        "calc_value": "1113.57",
        "tariff": "",
        "service_internal_id": "Услуги",
        "rr": "",
        "recalculation": "",
        "accounting_period_total": "1113.57"
    },
    {
        "org_ppa_guid": "5914007720",
        "internal_id": "10900000404826_2022_04",
        "pp_internal_id": "10900000404826_2022_04",
        "calc_value": "3640.17",
        "tariff": "",
        "service_internal_id": "Услуги",
        "rr": "",
        "recalculation": "",
        "accounting_period_total": "3640.17"
    },
    {
        "org_ppa_guid": "5914007720",
        "internal_id": "42_2022_04",
        "pp_internal_id": "42_2022_04",
        "calc_value": "1176.0",
        "tariff": "",
        "service_internal_id": "Услуги",
        "rr": "",
        "recalculation": "",
        "accounting_period_total": "1176.0"
    },
    {
        "org_ppa_guid": "5914007720",
        "internal_id": "10900000404827_2022_04",
        "pp_internal_id": "10900000404827_2022_04",
        "calc_value": "2205.76",
        "tariff": "",
        "service_internal_id": "Услуги",
        "rr": "",
        "recalculation": "",
        "accounting_period_total": "2205.76"
    },
    {
        "org_ppa_guid": "5914007720",
        "internal_id": "42_2022_04",
        "pp_internal_id": "42_2022_04",
        "calc_value": "1009.57",
        "tariff": "",
        "service_internal_id": "Услуги",
        "rr": "",
        "recalculation": "",
        "accounting_period_total": "1009.57"
    },
    {
        "org_ppa_guid": "5914007720",
        "internal_id": "10900000404828_2022_04",
        "pp_internal_id": "10900000404828_2022_04",
        "calc_value": "2633.44",
        "tariff": "",
        "service_internal_id": "Услуги",
        "rr": "",
        "recalculation": "",
        "accounting_period_total": "2633.44"
    },
    {
        "org_ppa_guid": "5914007720",
        "internal_id": "42_2022_04",
        "pp_internal_id": "42_2022_04",
        "calc_value": "924.77",
        "tariff": "",
        "service_internal_id": "Услуги",
        "rr": "",
        "recalculation": "",
        "accounting_period_total": "924.77"
    },
    {
        "org_ppa_guid": "5914007720",
        "internal_id": "10900000404829_2022_04",
        "pp_internal_id": "10900000404829_2022_04",
        "calc_value": "2205.76",
        "tariff": "",
        "service_internal_id": "Услуги",
        "rr": "",
        "recalculation": "",
        "accounting_period_total": "2205.76"
    },
    {
        "org_ppa_guid": "5914007720",
        "internal_id": "42_2022_04",
        "pp_internal_id": "42_2022_04",
        "calc_value": "2013.96",
        "tariff": "",
        "service_internal_id": "Услуги",
        "rr": "",
        "recalculation": "",
        "accounting_period_total": "2013.96"
    },
    {
        "org_ppa_guid": "5914007720",
        "internal_id": "10900000404830_2022_04",
        "pp_internal_id": "10900000404830_2022_04",
        "calc_value": "1752.09",
        "tariff": "",
        "service_internal_id": "Услуги",
        "rr": "",
        "recalculation": "",
        "accounting_period_total": "1461.64"
    },
    {
        "org_ppa_guid": "5914007720",
        "internal_id": "42_2022_04",
        "pp_internal_id": "42_2022_04",
        "calc_value": "1176.0",
        "tariff": "",
        "service_internal_id": "Услуги",
        "rr": "",
        "recalculation": "",
        "accounting_period_total": "1176.0"
    },
    {
        "org_ppa_guid": "5914007720",
        "internal_id": "10900000404831_2022_04",
        "pp_internal_id": "10900000404831_2022_04",
        "calc_value": "2198.47",
        "tariff": "",
        "service_internal_id": "Услуги",
        "rr": "",
        "recalculation": "",
        "accounting_period_total": "2198.47"
    },
    {
        "org_ppa_guid": "5914007720",
        "internal_id": "42_2022_04",
        "pp_internal_id": "42_2022_04",
        "calc_value": "1344.1",
        "tariff": "",
        "service_internal_id": "Услуги",
        "rr": "",
        "recalculation": "",
        "accounting_period_total": "1344.1"
    },
    {
        "org_ppa_guid": "5914007720",
        "internal_id": "10900000404832_2022_04",
        "pp_internal_id": "10900000404832_2022_04",
        "calc_value": "3640.17",
        "tariff": "",
        "service_internal_id": "Услуги",
        "rr": "",
        "recalculation": "",
        "accounting_period_total": "3640.17"
    },
    {
        "org_ppa_guid": "5914007720",
        "internal_id": "42_2022_04",
        "pp_internal_id": "42_2022_04",
        "calc_value": "1176.0",
        "tariff": "",
        "service_internal_id": "Услуги",
        "rr": "",
        "recalculation": "",
        "accounting_period_total": "1176.0"
    },
    {
        "org_ppa_guid": "5914007720",
        "internal_id": "10900000404833_2022_04",
        "pp_internal_id": "10900000404833_2022_04",
        "calc_value": "2249.52",
        "tariff": "",
        "service_internal_id": "Услуги",
        "rr": "",
        "recalculation": "",
        "accounting_period_total": "2249.52"
    },
    {
        "org_ppa_guid": "5914007720",
        "internal_id": "42_2022_04",
        "pp_internal_id": "42_2022_04",
        "calc_value": "997.95",
        "tariff": "",
        "service_internal_id": "Услуги",
        "rr": "",
        "recalculation": "",
        "accounting_period_total": "997.95"
    },
    {
        "org_ppa_guid": "5914007720",
        "internal_id": "10900000404834_2022_04",
        "pp_internal_id": "10900000404834_2022_04",
        "calc_value": "2088.63",
        "tariff": "",
        "service_internal_id": "Услуги",
        "rr": "",
        "recalculation": "",
        "accounting_period_total": "2088.63"
    },
    {
        "org_ppa_guid": "5914007720",
        "internal_id": "42_2022_04",
        "pp_internal_id": "42_2022_04",
        "calc_value": "1261.94",
        "tariff": "",
        "service_internal_id": "Услуги",
        "rr": "",
        "recalculation": "",
        "accounting_period_total": "1261.94"
    },
    {
        "org_ppa_guid": "5914007720",
        "internal_id": "10900000404835_2022_04",
        "pp_internal_id": "10900000404835_2022_04",
        "calc_value": "1906.76",
        "tariff": "",
        "service_internal_id": "Услуги",
        "rr": "",
        "recalculation": "",
        "accounting_period_total": "1906.76"
    },
    {
        "org_ppa_guid": "5914007720",
        "internal_id": "42_2022_04",
        "pp_internal_id": "42_2022_04",
        "calc_value": "980.54",
        "tariff": "",
        "service_internal_id": "Услуги",
        "rr": "",
        "recalculation": "",
        "accounting_period_total": "980.54"
    },
    {
        "org_ppa_guid": "5914007720",
        "internal_id": "10900000404836_2022_04",
        "pp_internal_id": "10900000404836_2022_04",
        "calc_value": "2220.35",
        "tariff": "",
        "service_internal_id": "Услуги",
        "rr": "",
        "recalculation": "",
        "accounting_period_total": "2220.35"
    },
    {
        "org_ppa_guid": "5914007720",
        "internal_id": "42_2022_04",
        "pp_internal_id": "42_2022_04",
        "calc_value": "1527.64",
        "tariff": "",
        "service_internal_id": "Услуги",
        "rr": "",
        "recalculation": "",
        "accounting_period_total": "1527.64"
    },
    {
        "org_ppa_guid": "5914007720",
        "internal_id": "10900000404837_2022_04",
        "pp_internal_id": "10900000404837_2022_04",
        "calc_value": "2780.76",
        "tariff": "",
        "service_internal_id": "Услуги",
        "rr": "",
        "recalculation": "",
        "accounting_period_total": "2780.76"
    },
    {
        "org_ppa_guid": "5914007720",
        "internal_id": "42_2022_04",
        "pp_internal_id": "42_2022_04",
        "calc_value": "1189.64",
        "tariff": "",
        "service_internal_id": "Услуги",
        "rr": "",
        "recalculation": "",
        "accounting_period_total": "1189.64"
    },
    {
        "org_ppa_guid": "5914007720",
        "internal_id": "10900000404838_2022_04",
        "pp_internal_id": "10900000404838_2022_04",
        "calc_value": "2176.59",
        "tariff": "",
        "service_internal_id": "Услуги",
        "rr": "",
        "recalculation": "",
        "accounting_period_total": "2176.59"
    },
    {
        "org_ppa_guid": "5914007720",
        "internal_id": "42_2022_04",
        "pp_internal_id": "42_2022_04",
        "calc_value": "967.36",
        "tariff": "",
        "service_internal_id": "Услуги",
        "rr": "",
        "recalculation": "",
        "accounting_period_total": "967.36"
    },
    {
        "org_ppa_guid": "5914007720",
        "internal_id": "10900000404839_2022_04",
        "pp_internal_id": "10900000404839_2022_04",
        "calc_value": "4632.88",
        "tariff": "",
        "service_internal_id": "Услуги",
        "rr": "",
        "recalculation": "",
        "accounting_period_total": "4632.88"
    },
    {
        "org_ppa_guid": "5914007720",
        "internal_id": "42_2022_04",
        "pp_internal_id": "42_2022_04",
        "calc_value": "1508.83",
        "tariff": "",
        "service_internal_id": "Услуги",
        "rr": "",
        "recalculation": "",
        "accounting_period_total": "1508.83"
    },
    {
        "org_ppa_guid": "5914007720",
        "internal_id": "10900000404840_2022_04",
        "pp_internal_id": "10900000404840_2022_04",
        "calc_value": "1906.76",
        "tariff": "",
        "service_internal_id": "Услуги",
        "rr": "",
        "recalculation": "",
        "accounting_period_total": "1906.76"
    },
    {
        "org_ppa_guid": "5914007720",
        "internal_id": "42_2022_04",
        "pp_internal_id": "42_2022_04",
        "calc_value": "1176.0",
        "tariff": "",
        "service_internal_id": "Услуги",
        "rr": "",
        "recalculation": "",
        "accounting_period_total": "1176.0"
    },
    {
        "org_ppa_guid": "5914007720",
        "internal_id": "10900000404841_2022_04",
        "pp_internal_id": "10900000404841_2022_04",
        "calc_value": "5632.88",
        "tariff": "",
        "service_internal_id": "Услуги",
        "rr": "",
        "recalculation": "",
        "accounting_period_total": "5632.88"
    },
    {
        "org_ppa_guid": "5914007720",
        "internal_id": "42_2022_04",
        "pp_internal_id": "42_2022_04",
        "calc_value": "1085.24",
        "tariff": "",
        "service_internal_id": "Услуги",
        "rr": "",
        "recalculation": "",
        "accounting_period_total": "1085.24"
    },
    {
        "org_ppa_guid": "5914007720",
        "internal_id": "10900000404842_2022_04",
        "pp_internal_id": "10900000404842_2022_04",
        "calc_value": "3343.43",
        "tariff": "",
        "service_internal_id": "Услуги",
        "rr": "",
        "recalculation": "",
        "accounting_period_total": "3343.43"
    },
    {
        "org_ppa_guid": "5914007720",
        "internal_id": "42_2022_04",
        "pp_internal_id": "42_2022_04",
        "calc_value": "2440.45",
        "tariff": "",
        "service_internal_id": "Услуги",
        "rr": "",
        "recalculation": "",
        "accounting_period_total": "2440.45"
    },
    {
        "org_ppa_guid": "5914007720",
        "internal_id": "10900000404843_2022_04",
        "pp_internal_id": "10900000404843_2022_04",
        "calc_value": "2640.84",
        "tariff": "",
        "service_internal_id": "Услуги",
        "rr": "",
        "recalculation": "",
        "accounting_period_total": "2640.84"
    },
    {
        "org_ppa_guid": "5914007720",
        "internal_id": "42_2022_04",
        "pp_internal_id": "42_2022_04",
        "calc_value": "931.76",
        "tariff": "",
        "service_internal_id": "Услуги",
        "rr": "",
        "recalculation": "",
        "accounting_period_total": "931.76"
    },
    {
        "org_ppa_guid": "5914007720",
        "internal_id": "10900000404844_2022_04",
        "pp_internal_id": "10900000404844_2022_04",
        "calc_value": "17931.89",
        "tariff": "",
        "service_internal_id": "Услуги",
        "rr": "",
        "recalculation": "",
        "accounting_period_total": "17931.89"
    },
    {
        "org_ppa_guid": "5914007720",
        "internal_id": "42_2022_04",
        "pp_internal_id": "42_2022_04",
        "calc_value": "1128.34",
        "tariff": "",
        "service_internal_id": "Услуги",
        "rr": "",
        "recalculation": "",
        "accounting_period_total": "1128.34"
    },
    {
        "org_ppa_guid": "5914007720",
        "internal_id": "10900000404845_2022_04",
        "pp_internal_id": "10900000404845_2022_04",
        "calc_value": "1780.78",
        "tariff": "",
        "service_internal_id": "Услуги",
        "rr": "",
        "recalculation": "",
        "accounting_period_total": "1780.78"
    },
    {
        "org_ppa_guid": "5914007720",
        "internal_id": "42_2022_04",
        "pp_internal_id": "42_2022_04",
        "calc_value": "1520.65",
        "tariff": "",
        "service_internal_id": "Услуги",
        "rr": "",
        "recalculation": "",
        "accounting_period_total": "1520.65"
    },
    {
        "org_ppa_guid": "5914007720",
        "internal_id": "10900000404846_2022_04",
        "pp_internal_id": "10900000404846_2022_04",
        "calc_value": "2136.67",
        "tariff": "",
        "service_internal_id": "Услуги",
        "rr": "",
        "recalculation": "",
        "accounting_period_total": "2136.67"
    },
    {
        "org_ppa_guid": "5914007720",
        "internal_id": "42_2022_04",
        "pp_internal_id": "42_2022_04",
        "calc_value": "1805.06",
        "tariff": "",
        "service_internal_id": "Услуги",
        "rr": "",
        "recalculation": "",
        "accounting_period_total": "1805.06"
    },
    {
        "org_ppa_guid": "5914007720",
        "internal_id": "10900000404847_2022_04",
        "pp_internal_id": "10900000404847_2022_04",
        "calc_value": "3363.06",
        "tariff": "",
        "service_internal_id": "Услуги",
        "rr": "",
        "recalculation": "",
        "accounting_period_total": "3363.06"
    },
    {
        "org_ppa_guid": "5914007720",
        "internal_id": "42_2022_04",
        "pp_internal_id": "42_2022_04",
        "calc_value": "1192.8",
        "tariff": "",
        "service_internal_id": "Услуги",
        "rr": "",
        "recalculation": "",
        "accounting_period_total": "1192.8"
    },
    {
        "org_ppa_guid": "5914007720",
        "internal_id": "10900000404848_2022_04",
        "pp_internal_id": "10900000404848_2022_04",
        "calc_value": "2057.22",
        "tariff": "",
        "service_internal_id": "Услуги",
        "rr": "",
        "recalculation": "",
        "accounting_period_total": "2057.22"
    },
    {
        "org_ppa_guid": "5914007720",
        "internal_id": "42_2022_04",
        "pp_internal_id": "42_2022_04",
        "calc_value": "1092.75",
        "tariff": "",
        "service_internal_id": "Услуги",
        "rr": "",
        "recalculation": "",
        "accounting_period_total": "1092.75"
    },
    {
        "org_ppa_guid": "5914007720",
        "internal_id": "10900000404849_2022_04",
        "pp_internal_id": "10900000404849_2022_04",
        "calc_value": "2641.17",
        "tariff": "",
        "service_internal_id": "Услуги",
        "rr": "",
        "recalculation": "",
        "accounting_period_total": "2641.17"
    },
    {
        "org_ppa_guid": "5914007720",
        "internal_id": "42_2022_04",
        "pp_internal_id": "42_2022_04",
        "calc_value": "1176.0",
        "tariff": "",
        "service_internal_id": "Услуги",
        "rr": "",
        "recalculation": "",
        "accounting_period_total": "1176.0"
    },
    {
        "org_ppa_guid": "5914007720",
        "internal_id": "10900000404850_2022_04",
        "pp_internal_id": "10900000404850_2022_04",
        "calc_value": "5939.18",
        "tariff": "",
        "service_internal_id": "Услуги",
        "rr": "",
        "recalculation": "",
        "accounting_period_total": "5939.18"
    },
    {
        "org_ppa_guid": "5914007720",
        "internal_id": "42_2022_04",
        "pp_internal_id": "42_2022_04",
        "calc_value": "1003.29",
        "tariff": "",
        "service_internal_id": "Услуги",
        "rr": "",
        "recalculation": "",
        "accounting_period_total": "1003.29"
    },
    {
        "org_ppa_guid": "5914007720",
        "internal_id": "10900000404851_2022_04",
        "pp_internal_id": "10900000404851_2022_04",
        "calc_value": "3447.47",
        "tariff": "",
        "service_internal_id": "Услуги",
        "rr": "",
        "recalculation": "",
        "accounting_period_total": "3447.47"
    },
    {
        "org_ppa_guid": "5914007720",
        "internal_id": "42_2022_04",
        "pp_internal_id": "42_2022_04",
        "calc_value": "1176.0",
        "tariff": "",
        "service_internal_id": "Услуги",
        "rr": "",
        "recalculation": "",
        "accounting_period_total": "1176.0"
    },
    {
        "org_ppa_guid": "5914007720",
        "internal_id": "10900000404852_2022_04",
        "pp_internal_id": "10900000404852_2022_04",
        "calc_value": "11961.05",
        "tariff": "",
        "service_internal_id": "Услуги",
        "rr": "",
        "recalculation": "",
        "accounting_period_total": "11961.05"
    },
    {
        "org_ppa_guid": "5914007720",
        "internal_id": "42_2022_04",
        "pp_internal_id": "42_2022_04",
        "calc_value": "1138.15",
        "tariff": "",
        "service_internal_id": "Услуги",
        "rr": "",
        "recalculation": "",
        "accounting_period_total": "1138.15"
    },
    {
        "org_ppa_guid": "5914007720",
        "internal_id": "10900000404853_2022_04",
        "pp_internal_id": "10900000404853_2022_04",
        "calc_value": "2663.06",
        "tariff": "",
        "service_internal_id": "Услуги",
        "rr": "",
        "recalculation": "",
        "accounting_period_total": "2663.06"
    },
    {
        "org_ppa_guid": "5914007720",
        "internal_id": "42_2022_04",
        "pp_internal_id": "42_2022_04",
        "calc_value": "1176.0",
        "tariff": "",
        "service_internal_id": "Услуги",
        "rr": "",
        "recalculation": "",
        "accounting_period_total": "1176.0"
    },
    {
        "org_ppa_guid": "5914007720",
        "internal_id": "10900000404854_2022_04",
        "pp_internal_id": "10900000404854_2022_04",
        "calc_value": "2183.89",
        "tariff": "",
        "service_internal_id": "Услуги",
        "rr": "",
        "recalculation": "",
        "accounting_period_total": "2183.89"
    },
    {
        "org_ppa_guid": "5914007720",
        "internal_id": "42_2022_04",
        "pp_internal_id": "42_2022_04",
        "calc_value": "1777.81",
        "tariff": "",
        "service_internal_id": "Услуги",
        "rr": "",
        "recalculation": "",
        "accounting_period_total": "1777.81"
    },
    {
        "org_ppa_guid": "5914007720",
        "internal_id": "10900000404855_2022_04",
        "pp_internal_id": "10900000404855_2022_04",
        "calc_value": "3492.51",
        "tariff": "",
        "service_internal_id": "Услуги",
        "rr": "",
        "recalculation": "",
        "accounting_period_total": "3492.51"
    },
    {
        "org_ppa_guid": "5914007720",
        "internal_id": "42_2022_04",
        "pp_internal_id": "42_2022_04",
        "calc_value": "944.56",
        "tariff": "",
        "service_internal_id": "Услуги",
        "rr": "",
        "recalculation": "",
        "accounting_period_total": "944.56"
    },
    {
        "org_ppa_guid": "5914007720",
        "internal_id": "10900000404856_2022_04",
        "pp_internal_id": "10900000404856_2022_04",
        "calc_value": "1193.52",
        "tariff": "",
        "service_internal_id": "Услуги",
        "rr": "",
        "recalculation": "",
        "accounting_period_total": "993.52"
    },
    {
        "org_ppa_guid": "5914007720",
        "internal_id": "42_2022_04",
        "pp_internal_id": "42_2022_04",
        "calc_value": "1009.83",
        "tariff": "",
        "service_internal_id": "Услуги",
        "rr": "",
        "recalculation": "",
        "accounting_period_total": "1009.83"
    },
    {
        "org_ppa_guid": "5914007720",
        "internal_id": "10900000404857_2022_04",
        "pp_internal_id": "10900000404857_2022_04",
        "calc_value": "3554.76",
        "tariff": "",
        "service_internal_id": "Услуги",
        "rr": "",
        "recalculation": "",
        "accounting_period_total": "3554.76"
    },
    {
        "org_ppa_guid": "5914007720",
        "internal_id": "42_2022_04",
        "pp_internal_id": "42_2022_04",
        "calc_value": "1176.0",
        "tariff": "",
        "service_internal_id": "Услуги",
        "rr": "",
        "recalculation": "",
        "accounting_period_total": "1176.0"
    },
    {
        "org_ppa_guid": "5914007720",
        "internal_id": "10900000404858_2022_04",
        "pp_internal_id": "10900000404858_2022_04",
        "calc_value": "71257.62",
        "tariff": "",
        "service_internal_id": "Услуги",
        "rr": "",
        "recalculation": "",
        "accounting_period_total": "71257.62"
    },
    {
        "org_ppa_guid": "5914007720",
        "internal_id": "42_2022_04",
        "pp_internal_id": "42_2022_04",
        "calc_value": "840.0",
        "tariff": "",
        "service_internal_id": "Услуги",
        "rr": "",
        "recalculation": "",
        "accounting_period_total": "-3969.2"
    },
    {
        "org_ppa_guid": "5914007720",
        "internal_id": "10900000404859_2022_04",
        "pp_internal_id": "10900000404859_2022_04",
        "calc_value": "3432.88",
        "tariff": "",
        "service_internal_id": "Услуги",
        "rr": "",
        "recalculation": "",
        "accounting_period_total": "3432.88"
    },
    {
        "org_ppa_guid": "5914007720",
        "internal_id": "42_2022_04",
        "pp_internal_id": "42_2022_04",
        "calc_value": "1134.01",
        "tariff": "",
        "service_internal_id": "Услуги",
        "rr": "",
        "recalculation": "",
        "accounting_period_total": "1134.01"
    },
    {
        "org_ppa_guid": "5914007720",
        "internal_id": "10900000404860_2022_04",
        "pp_internal_id": "10900000404860_2022_04",
        "calc_value": "5975.65",
        "tariff": "",
        "service_internal_id": "Услуги",
        "rr": "",
        "recalculation": "",
        "accounting_period_total": "5975.65"
    },
    {
        "org_ppa_guid": "5914007720",
        "internal_id": "42_2022_04",
        "pp_internal_id": "42_2022_04",
        "calc_value": "1047.8",
        "tariff": "",
        "service_internal_id": "Услуги",
        "rr": "",
        "recalculation": "",
        "accounting_period_total": "1047.8"
    },
    {
        "org_ppa_guid": "5914007720",
        "internal_id": "10900000404861_2022_04",
        "pp_internal_id": "10900000404861_2022_04",
        "calc_value": "1877.59",
        "tariff": "",
        "service_internal_id": "Услуги",
        "rr": "",
        "recalculation": "",
        "accounting_period_total": "1877.59"
    },
    {
        "org_ppa_guid": "5914007720",
        "internal_id": "42_2022_04",
        "pp_internal_id": "42_2022_04",
        "calc_value": "1488.93",
        "tariff": "",
        "service_internal_id": "Услуги",
        "rr": "",
        "recalculation": "",
        "accounting_period_total": "1488.93"
    },
    {
        "org_ppa_guid": "5914007720",
        "internal_id": "10900000404862_2022_04",
        "pp_internal_id": "10900000404862_2022_04",
        "calc_value": "2336.35",
        "tariff": "",
        "service_internal_id": "Услуги",
        "rr": "",
        "recalculation": "",
        "accounting_period_total": "2336.35"
    },
    {
        "org_ppa_guid": "5914007720",
        "internal_id": "42_2022_04",
        "pp_internal_id": "42_2022_04",
        "calc_value": "1256.8",
        "tariff": "",
        "service_internal_id": "Услуги",
        "rr": "",
        "recalculation": "",
        "accounting_period_total": "1256.8"
    },
    {
        "org_ppa_guid": "5914007720",
        "internal_id": "10900000404863_2022_04",
        "pp_internal_id": "10900000404863_2022_04",
        "calc_value": "1892.17",
        "tariff": "",
        "service_internal_id": "Услуги",
        "rr": "",
        "recalculation": "",
        "accounting_period_total": "1892.17"
    },
    {
        "org_ppa_guid": "5914007720",
        "internal_id": "42_2022_04",
        "pp_internal_id": "42_2022_04",
        "calc_value": "1424.28",
        "tariff": "",
        "service_internal_id": "Услуги",
        "rr": "",
        "recalculation": "",
        "accounting_period_total": "1424.28"
    },
    {
        "org_ppa_guid": "5914007720",
        "internal_id": "10900000404864_2022_04",
        "pp_internal_id": "10900000404864_2022_04",
        "calc_value": "1622.35",
        "tariff": "",
        "service_internal_id": "Услуги",
        "rr": "",
        "recalculation": "",
        "accounting_period_total": "1622.35"
    },
    {
        "org_ppa_guid": "5914007720",
        "internal_id": "42_2022_04",
        "pp_internal_id": "42_2022_04",
        "calc_value": "1040.37",
        "tariff": "",
        "service_internal_id": "Услуги",
        "rr": "",
        "recalculation": "",
        "accounting_period_total": "1040.37"
    },
    {
        "org_ppa_guid": "5914007720",
        "internal_id": "10900000404865_2022_04",
        "pp_internal_id": "10900000404865_2022_04",
        "calc_value": "1267.18",
        "tariff": "",
        "service_internal_id": "Услуги",
        "rr": "",
        "recalculation": "",
        "accounting_period_total": "1191.18"
    },
    {
        "org_ppa_guid": "5914007720",
        "internal_id": "42_2022_04",
        "pp_internal_id": "42_2022_04",
        "calc_value": "1206.83",
        "tariff": "",
        "service_internal_id": "Услуги",
        "rr": "",
        "recalculation": "",
        "accounting_period_total": "1206.83"
    },
    {
        "org_ppa_guid": "5914007720",
        "internal_id": "10900000404866_2022_04",
        "pp_internal_id": "10900000404866_2022_04",
        "calc_value": "1870.3",
        "tariff": "",
        "service_internal_id": "Услуги",
        "rr": "",
        "recalculation": "",
        "accounting_period_total": "1870.3"
    },
    {
        "org_ppa_guid": "5914007720",
        "internal_id": "42_2022_04",
        "pp_internal_id": "42_2022_04",
        "calc_value": "1064.18",
        "tariff": "",
        "service_internal_id": "Услуги",
        "rr": "",
        "recalculation": "",
        "accounting_period_total": "1064.18"
    },
    {
        "org_ppa_guid": "5914007720",
        "internal_id": "10900000404867_2022_04",
        "pp_internal_id": "10900000404867_2022_04",
        "calc_value": "4310.01",
        "tariff": "",
        "service_internal_id": "Услуги",
        "rr": "",
        "recalculation": "",
        "accounting_period_total": "4310.01"
    },
    {
        "org_ppa_guid": "5914007720",
        "internal_id": "42_2022_04",
        "pp_internal_id": "42_2022_04",
        "calc_value": "1176.0",
        "tariff": "",
        "service_internal_id": "Услуги",
        "rr": "",
        "recalculation": "",
        "accounting_period_total": "1176.0"
    },
    {
        "org_ppa_guid": "5914007720",
        "internal_id": "10900000404868_2022_04",
        "pp_internal_id": "10900000404868_2022_04",
        "calc_value": "1336.93",
        "tariff": "",
        "service_internal_id": "Услуги",
        "rr": "",
        "recalculation": "",
        "accounting_period_total": "1336.93"
    },
    {
        "org_ppa_guid": "5914007720",
        "internal_id": "42_2022_04",
        "pp_internal_id": "42_2022_04",
        "calc_value": "1036.56",
        "tariff": "",
        "service_internal_id": "Услуги",
        "rr": "",
        "recalculation": "",
        "accounting_period_total": "1036.56"
    },
    {
        "org_ppa_guid": "5914007720",
        "internal_id": "10900000404869_2022_04",
        "pp_internal_id": "10900000404869_2022_04",
        "calc_value": "2227.65",
        "tariff": "",
        "service_internal_id": "Услуги",
        "rr": "",
        "recalculation": "",
        "accounting_period_total": "2227.65"
    },
    {
        "org_ppa_guid": "5914007720",
        "internal_id": "42_2022_04",
        "pp_internal_id": "42_2022_04",
        "calc_value": "1216.26",
        "tariff": "",
        "service_internal_id": "Услуги",
        "rr": "",
        "recalculation": "",
        "accounting_period_total": "1216.26"
    },
    {
        "org_ppa_guid": "5914007720",
        "internal_id": "10900000404870_2022_04",
        "pp_internal_id": "10900000404870_2022_04",
        "calc_value": "1622.35",
        "tariff": "",
        "service_internal_id": "Услуги",
        "rr": "",
        "recalculation": "",
        "accounting_period_total": "1622.35"
    },
    {
        "org_ppa_guid": "5914007720",
        "internal_id": "42_2022_04",
        "pp_internal_id": "42_2022_04",
        "calc_value": "1007.14",
        "tariff": "",
        "service_internal_id": "Услуги",
        "rr": "",
        "recalculation": "",
        "accounting_period_total": "1007.14"
    },
    {
        "org_ppa_guid": "5914007720",
        "internal_id": "10900000404871_2022_04",
        "pp_internal_id": "10900000404871_2022_04",
        "calc_value": "2184.06",
        "tariff": "",
        "service_internal_id": "Услуги",
        "rr": "",
        "recalculation": "",
        "accounting_period_total": "1931.89"
    },
    {
        "org_ppa_guid": "5914007720",
        "internal_id": "42_2022_04",
        "pp_internal_id": "42_2022_04",
        "calc_value": "1176.0",
        "tariff": "",
        "service_internal_id": "Услуги",
        "rr": "",
        "recalculation": "",
        "accounting_period_total": "1176.0"
    },
    {
        "org_ppa_guid": "5914007720",
        "internal_id": "10900000404872_2022_04",
        "pp_internal_id": "10900000404872_2022_04",
        "calc_value": "3225.59",
        "tariff": "",
        "service_internal_id": "Услуги",
        "rr": "",
        "recalculation": "",
        "accounting_period_total": "3225.59"
    },
    {
        "org_ppa_guid": "5914007720",
        "internal_id": "42_2022_04",
        "pp_internal_id": "42_2022_04",
        "calc_value": "1042.16",
        "tariff": "",
        "service_internal_id": "Услуги",
        "rr": "",
        "recalculation": "",
        "accounting_period_total": "1042.16"
    },
    {
        "org_ppa_guid": "5914007720",
        "internal_id": "10900000404873_2022_04",
        "pp_internal_id": "10900000404873_2022_04",
        "calc_value": "4468.35",
        "tariff": "",
        "service_internal_id": "Услуги",
        "rr": "",
        "recalculation": "",
        "accounting_period_total": "4468.35"
    },
    {
        "org_ppa_guid": "5914007720",
        "internal_id": "42_2022_04",
        "pp_internal_id": "42_2022_04",
        "calc_value": "1176.0",
        "tariff": "",
        "service_internal_id": "Услуги",
        "rr": "",
        "recalculation": "",
        "accounting_period_total": "1176.0"
    },
    {
        "org_ppa_guid": "5914007720",
        "internal_id": "10900000404874_2022_04",
        "pp_internal_id": "10900000404874_2022_04",
        "calc_value": "11377.64",
        "tariff": "",
        "service_internal_id": "Услуги",
        "rr": "",
        "recalculation": "",
        "accounting_period_total": "11377.64"
    },
    {
        "org_ppa_guid": "5914007720",
        "internal_id": "42_2022_04",
        "pp_internal_id": "42_2022_04",
        "calc_value": "1076.87",
        "tariff": "",
        "service_internal_id": "Услуги",
        "rr": "",
        "recalculation": "",
        "accounting_period_total": "1076.87"
    },
    {
        "org_ppa_guid": "5914007720",
        "internal_id": "10900000404875_2022_04",
        "pp_internal_id": "10900000404875_2022_04",
        "calc_value": "4439.18",
        "tariff": "",
        "service_internal_id": "Услуги",
        "rr": "",
        "recalculation": "",
        "accounting_period_total": "4439.18"
    },
    {
        "org_ppa_guid": "5914007720",
        "internal_id": "42_2022_04",
        "pp_internal_id": "42_2022_04",
        "calc_value": "1134.11",
        "tariff": "",
        "service_internal_id": "Услуги",
        "rr": "",
        "recalculation": "",
        "accounting_period_total": "1134.11"
    },
    {
        "org_ppa_guid": "5914007720",
        "internal_id": "10900000404876_2022_04",
        "pp_internal_id": "10900000404876_2022_04",
        "calc_value": "3532.88",
        "tariff": "",
        "service_internal_id": "Услуги",
        "rr": "",
        "recalculation": "",
        "accounting_period_total": "3532.88"
    },
    {
        "org_ppa_guid": "5914007720",
        "internal_id": "42_2022_04",
        "pp_internal_id": "42_2022_04",
        "calc_value": "1176.0",
        "tariff": "",
        "service_internal_id": "Услуги",
        "rr": "",
        "recalculation": "",
        "accounting_period_total": "1176.0"
    },
    {
        "org_ppa_guid": "5914007720",
        "internal_id": "10900000404877_2022_04",
        "pp_internal_id": "10900000404877_2022_04",
        "calc_value": "2213.05",
        "tariff": "",
        "service_internal_id": "Услуги",
        "rr": "",
        "recalculation": "",
        "accounting_period_total": "2213.05"
    },
    {
        "org_ppa_guid": "5914007720",
        "internal_id": "42_2022_04",
        "pp_internal_id": "42_2022_04",
        "calc_value": "1444.84",
        "tariff": "",
        "service_internal_id": "Услуги",
        "rr": "",
        "recalculation": "",
        "accounting_period_total": "1444.84"
    },
    {
        "org_ppa_guid": "5914007720",
        "internal_id": "10900000404878_2022_04",
        "pp_internal_id": "10900000404878_2022_04",
        "calc_value": "3534.76",
        "tariff": "",
        "service_internal_id": "Услуги",
        "rr": "",
        "recalculation": "",
        "accounting_period_total": "3534.76"
    },
    {
        "org_ppa_guid": "5914007720",
        "internal_id": "42_2022_04",
        "pp_internal_id": "42_2022_04",
        "calc_value": "1176.0",
        "tariff": "",
        "service_internal_id": "Услуги",
        "rr": "",
        "recalculation": "",
        "accounting_period_total": "1176.0"
    },
    {
        "org_ppa_guid": "5914007720",
        "internal_id": "10900000404879_2022_04",
        "pp_internal_id": "10900000404879_2022_04",
        "calc_value": "2183.89",
        "tariff": "",
        "service_internal_id": "Услуги",
        "rr": "",
        "recalculation": "",
        "accounting_period_total": "2183.89"
    },
    {
        "org_ppa_guid": "5914007720",
        "internal_id": "42_2022_04",
        "pp_internal_id": "42_2022_04",
        "calc_value": "989.3",
        "tariff": "",
        "service_internal_id": "Услуги",
        "rr": "",
        "recalculation": "",
        "accounting_period_total": "989.3"
    },
    {
        "org_ppa_guid": "5914007720",
        "internal_id": "10900000404880_2022_04",
        "pp_internal_id": "10900000404880_2022_04",
        "calc_value": "3448.77",
        "tariff": "",
        "service_internal_id": "Услуги",
        "rr": "",
        "recalculation": "",
        "accounting_period_total": "3448.77"
    },
    {
        "org_ppa_guid": "5914007720",
        "internal_id": "42_2022_04",
        "pp_internal_id": "42_2022_04",
        "calc_value": "818.72",
        "tariff": "",
        "service_internal_id": "Услуги",
        "rr": "",
        "recalculation": "",
        "accounting_period_total": "818.72"
    },
    {
        "org_ppa_guid": "5914007720",
        "internal_id": "10900000404881_2022_04",
        "pp_internal_id": "10900000404881_2022_04",
        "calc_value": "1363.5",
        "tariff": "",
        "service_internal_id": "Услуги",
        "rr": "",
        "recalculation": "",
        "accounting_period_total": "1363.5"
    },
    {
        "org_ppa_guid": "5914007720",
        "internal_id": "42_2022_04",
        "pp_internal_id": "42_2022_04",
        "calc_value": "1038.64",
        "tariff": "",
        "service_internal_id": "Услуги",
        "rr": "",
        "recalculation": "",
        "accounting_period_total": "1038.64"
    },
    {
        "org_ppa_guid": "5914007720",
        "internal_id": "10900000404882_2022_04",
        "pp_internal_id": "10900000404882_2022_04",
        "calc_value": "6011.01",
        "tariff": "",
        "service_internal_id": "Услуги",
        "rr": "",
        "recalculation": "",
        "accounting_period_total": "6011.01"
    },
    {
        "org_ppa_guid": "5914007720",
        "internal_id": "42_2022_04",
        "pp_internal_id": "42_2022_04",
        "calc_value": "1046.95",
        "tariff": "",
        "service_internal_id": "Услуги",
        "rr": "",
        "recalculation": "",
        "accounting_period_total": "1046.95"
    },
    {
        "org_ppa_guid": "5914007720",
        "internal_id": "10900000404883_2022_04",
        "pp_internal_id": "10900000404883_2022_04",
        "calc_value": "1944.37",
        "tariff": "",
        "service_internal_id": "Услуги",
        "rr": "",
        "recalculation": "",
        "accounting_period_total": "1944.37"
    },
    {
        "org_ppa_guid": "5914007720",
        "internal_id": "42_2022_04",
        "pp_internal_id": "42_2022_04",
        "calc_value": "1050.62",
        "tariff": "",
        "service_internal_id": "Услуги",
        "rr": "",
        "recalculation": "",
        "accounting_period_total": "1050.62"
    },
    {
        "org_ppa_guid": "5914007720",
        "internal_id": "10900000404884_2022_04",
        "pp_internal_id": "10900000404884_2022_04",
        "calc_value": "1870.3",
        "tariff": "",
        "service_internal_id": "Услуги",
        "rr": "",
        "recalculation": "",
        "accounting_period_total": "1870.3"
    },
    {
        "org_ppa_guid": "5914007720",
        "internal_id": "42_2022_04",
        "pp_internal_id": "42_2022_04",
        "calc_value": "1693.5",
        "tariff": "",
        "service_internal_id": "Услуги",
        "rr": "",
        "recalculation": "",
        "accounting_period_total": "1693.5"
    },
    {
        "org_ppa_guid": "5914007720",
        "internal_id": "10900000404885_2022_04",
        "pp_internal_id": "10900000404885_2022_04",
        "calc_value": "2198.47",
        "tariff": "",
        "service_internal_id": "Услуги",
        "rr": "",
        "recalculation": "",
        "accounting_period_total": "2198.47"
    },
    {
        "org_ppa_guid": "5914007720",
        "internal_id": "42_2022_04",
        "pp_internal_id": "42_2022_04",
        "calc_value": "1098.73",
        "tariff": "",
        "service_internal_id": "Услуги",
        "rr": "",
        "recalculation": "",
        "accounting_period_total": "1098.73"
    },
    {
        "org_ppa_guid": "5914007720",
        "internal_id": "10900000404886_2022_04",
        "pp_internal_id": "10900000404886_2022_04",
        "calc_value": "2682.28",
        "tariff": "",
        "service_internal_id": "Услуги",
        "rr": "",
        "recalculation": "",
        "accounting_period_total": "2682.28"
    },
    {
        "org_ppa_guid": "5914007720",
        "internal_id": "42_2022_04",
        "pp_internal_id": "42_2022_04",
        "calc_value": "1176.0",
        "tariff": "",
        "service_internal_id": "Услуги",
        "rr": "",
        "recalculation": "",
        "accounting_period_total": "1176.0"
    },
    {
        "org_ppa_guid": "5914007720",
        "internal_id": "10900000404887_2022_04",
        "pp_internal_id": "10900000404887_2022_04",
        "calc_value": "4388.35",
        "tariff": "",
        "service_internal_id": "Услуги",
        "rr": "",
        "recalculation": "",
        "accounting_period_total": "4388.35"
    },
    {
        "org_ppa_guid": "5914007720",
        "internal_id": "42_2022_04",
        "pp_internal_id": "42_2022_04",
        "calc_value": "1176.0",
        "tariff": "",
        "service_internal_id": "Услуги",
        "rr": "",
        "recalculation": "",
        "accounting_period_total": "1176.0"
    },
    {
        "org_ppa_guid": "5914007720",
        "internal_id": "10900000404888_2022_04",
        "pp_internal_id": "10900000404888_2022_04",
        "calc_value": "1855.72",
        "tariff": "",
        "service_internal_id": "Услуги",
        "rr": "",
        "recalculation": "",
        "accounting_period_total": "1855.72"
    },
    {
        "org_ppa_guid": "5914007720",
        "internal_id": "42_2022_04",
        "pp_internal_id": "42_2022_04",
        "calc_value": "1289.69",
        "tariff": "",
        "service_internal_id": "Услуги",
        "rr": "",
        "recalculation": "",
        "accounting_period_total": "1289.69"
    },
    {
        "org_ppa_guid": "5914007720",
        "internal_id": "10900000404889_2022_04",
        "pp_internal_id": "10900000404889_2022_04",
        "calc_value": "1644.22",
        "tariff": "",
        "service_internal_id": "Услуги",
        "rr": "",
        "recalculation": "",
        "accounting_period_total": "1644.22"
    },
    {
        "org_ppa_guid": "5914007720",
        "internal_id": "42_2022_04",
        "pp_internal_id": "42_2022_04",
        "calc_value": "1327.89",
        "tariff": "",
        "service_internal_id": "Услуги",
        "rr": "",
        "recalculation": "",
        "accounting_period_total": "1327.89"
    },
    {
        "org_ppa_guid": "5914007720",
        "internal_id": "10900000404890_2022_04",
        "pp_internal_id": "10900000404890_2022_04",
        "calc_value": "4763.06",
        "tariff": "",
        "service_internal_id": "Услуги",
        "rr": "",
        "recalculation": "",
        "accounting_period_total": "4763.06"
    },
    {
        "org_ppa_guid": "5914007720",
        "internal_id": "42_2022_04",
        "pp_internal_id": "42_2022_04",
        "calc_value": "1204.82",
        "tariff": "",
        "service_internal_id": "Услуги",
        "rr": "",
        "recalculation": "",
        "accounting_period_total": "1330.82"
    }
]