[
    {
        "org_ppa_guid": "5948047471",
        "internal_id": "0101_2022_01",
        "account_internal_id": "0101_2022_01",
        "gis_id": "0101_2022_01",
        "month": "01.01.2022",
        "credit": "2807.21",
        "saldo": "3254.78",
        "payment_value": "2807.21",
        "payment_date": "01.01.2022",
        "bill_value": "",
        "account_number": "",
        "bank_bik": ""
    },
    {
        "org_ppa_guid": "5948047471",
        "internal_id": "0102_2022_01",
        "account_internal_id": "0102_2022_01",
        "gis_id": "0102_2022_01",
        "month": "01.01.2022",
        "credit": "-1855.71",
        "saldo": "4322.71",
        "payment_value": "0.0",
        "payment_date": "",
        "bill_value": "",
        "account_number": "",
        "bank_bik": ""
    },
    {
        "org_ppa_guid": "5948047471",
        "internal_id": "0103_2022_01",
        "account_internal_id": "0103_2022_01",
        "gis_id": "0103_2022_01",
        "month": "01.01.2022",
        "credit": "5424.8",
        "saldo": "6717.75",
        "payment_value": "5424.8",
        "payment_date": "01.01.2022",
        "bill_value": "",
        "account_number": "",
        "bank_bik": ""
    },
    {
        "org_ppa_guid": "5948047471",
        "internal_id": "0104_2022_01",
        "account_internal_id": "0104_2022_01",
        "gis_id": "0104_2022_01",
        "month": "01.01.2022",
        "credit": "3358.02",
        "saldo": "4003.8",
        "payment_value": "3358.02",
        "payment_date": "01.01.2022",
        "bill_value": "",
        "account_number": "",
        "bank_bik": ""
    },
    {
        "org_ppa_guid": "5948047471",
        "internal_id": "0105_2022_01",
        "account_internal_id": "0105_2022_01",
        "gis_id": "0105_2022_01",
        "month": "01.01.2022",
        "credit": "14396.77",
        "saldo": "6460.92",
        "payment_value": "14396.77",
        "payment_date": "01.01.2022",
        "bill_value": "",
        "account_number": "",
        "bank_bik": ""
    },
    {
        "org_ppa_guid": "5948047471",
        "internal_id": "0106_2022_01",
        "account_internal_id": "0106_2022_01",
        "gis_id": "0106_2022_01",
        "month": "01.01.2022",
        "credit": "4342.4",
        "saldo": "5742.23",
        "payment_value": "4342.4",
        "payment_date": "01.01.2022",
        "bill_value": "",
        "account_number": "",
        "bank_bik": ""
    },
    {
        "org_ppa_guid": "5948047471",
        "internal_id": "0107_2022_01",
        "account_internal_id": "0107_2022_01",
        "gis_id": "0107_2022_01",
        "month": "01.01.2022",
        "credit": "3143.86",
        "saldo": "2901.66",
        "payment_value": "3143.86",
        "payment_date": "01.01.2022",
        "bill_value": "",
        "account_number": "",
        "bank_bik": ""
    },
    {
        "org_ppa_guid": "5948047471",
        "internal_id": "0108_2022_01",
        "account_internal_id": "0108_2022_01",
        "gis_id": "0108_2022_01",
        "month": "01.01.2022",
        "credit": "3149.62",
        "saldo": "6583.85",
        "payment_value": "0.0",
        "payment_date": "",
        "bill_value": "",
        "account_number": "",
        "bank_bik": ""
    },
    {
        "org_ppa_guid": "5948047471",
        "internal_id": "0109_2022_01",
        "account_internal_id": "0109_2022_01",
        "gis_id": "0109_2022_01",
        "month": "01.01.2022",
        "credit": "4161.78",
        "saldo": "5150.61",
        "payment_value": "4161.78",
        "payment_date": "01.01.2022",
        "bill_value": "",
        "account_number": "",
        "bank_bik": ""
    },
    {
        "org_ppa_guid": "5948047471",
        "internal_id": "0110_2022_01",
        "account_internal_id": "0110_2022_01",
        "gis_id": "0110_2022_01",
        "month": "01.01.2022",
        "credit": "4753.78",
        "saldo": "9986.59",
        "payment_value": "0.0",
        "payment_date": "",
        "bill_value": "",
        "account_number": "",
        "bank_bik": ""
    },
    {
        "org_ppa_guid": "5948047471",
        "internal_id": "0111_2022_01",
        "account_internal_id": "0111_2022_01",
        "gis_id": "0111_2022_01",
        "month": "01.01.2022",
        "credit": "8367.74",
        "saldo": "2663.42",
        "payment_value": "8367.74",
        "payment_date": "01.01.2022",
        "bill_value": "",
        "account_number": "",
        "bank_bik": ""
    },
    {
        "org_ppa_guid": "5948047471",
        "internal_id": "0112_2022_01",
        "account_internal_id": "0112_2022_01",
        "gis_id": "0112_2022_01",
        "month": "01.01.2022",
        "credit": "3463.13",
        "saldo": "4011.67",
        "payment_value": "3463.13",
        "payment_date": "01.01.2022",
        "bill_value": "",
        "account_number": "",
        "bank_bik": ""
    },
    {
        "org_ppa_guid": "5948047471",
        "internal_id": "0113_2022_01",
        "account_internal_id": "0113_2022_01",
        "gis_id": "0113_2022_01",
        "month": "01.01.2022",
        "credit": "5181.72",
        "saldo": "5463.19",
        "payment_value": "5181.72",
        "payment_date": "01.01.2022",
        "bill_value": "",
        "account_number": "",
        "bank_bik": ""
    },
    {
        "org_ppa_guid": "5948047471",
        "internal_id": "0114_2022_01",
        "account_internal_id": "0114_2022_01",
        "gis_id": "0114_2022_01",
        "month": "01.01.2022",
        "credit": "4752.07",
        "saldo": "5288.83",
        "payment_value": "4752.07",
        "payment_date": "01.01.2022",
        "bill_value": "",
        "account_number": "",
        "bank_bik": ""
    },
    {
        "org_ppa_guid": "5948047471",
        "internal_id": "0115_2022_01",
        "account_internal_id": "0115_2022_01",
        "gis_id": "0115_2022_01",
        "month": "01.01.2022",
        "credit": "1596.56",
        "saldo": "3066.06",
        "payment_value": "1596.56",
        "payment_date": "01.01.2022",
        "bill_value": "",
        "account_number": "",
        "bank_bik": ""
    },
    {
        "org_ppa_guid": "5948047471",
        "internal_id": "0116_2022_01",
        "account_internal_id": "0116_2022_01",
        "gis_id": "0116_2022_01",
        "month": "01.01.2022",
        "credit": "-2213.14",
        "saldo": "794.81",
        "payment_value": "0.0",
        "payment_date": "",
        "bill_value": "",
        "account_number": "",
        "bank_bik": ""
    },
    {
        "org_ppa_guid": "5948047471",
        "internal_id": "0117_2022_01",
        "account_internal_id": "0117_2022_01",
        "gis_id": "0117_2022_01",
        "month": "01.01.2022",
        "credit": "4875.83",
        "saldo": "5405.08",
        "payment_value": "4875.83",
        "payment_date": "01.01.2022",
        "bill_value": "",
        "account_number": "",
        "bank_bik": ""
    },
    {
        "org_ppa_guid": "5948047471",
        "internal_id": "0118_2022_01",
        "account_internal_id": "0118_2022_01",
        "gis_id": "0118_2022_01",
        "month": "01.01.2022",
        "credit": "6023.69",
        "saldo": "11489.41",
        "payment_value": "0.0",
        "payment_date": "",
        "bill_value": "",
        "account_number": "",
        "bank_bik": ""
    },
    {
        "org_ppa_guid": "5948047471",
        "internal_id": "0119_2022_01",
        "account_internal_id": "0119_2022_01",
        "gis_id": "0119_2022_01",
        "month": "01.01.2022",
        "credit": "1416.88",
        "saldo": "3296.44",
        "payment_value": "1416.88",
        "payment_date": "01.01.2022",
        "bill_value": "",
        "account_number": "",
        "bank_bik": ""
    },
    {
        "org_ppa_guid": "5948047471",
        "internal_id": "0220_2022_01",
        "account_internal_id": "0220_2022_01",
        "gis_id": "0220_2022_01",
        "month": "01.01.2022",
        "credit": "2666.88",
        "saldo": "2983.86",
        "payment_value": "2666.88",
        "payment_date": "01.01.2022",
        "bill_value": "",
        "account_number": "",
        "bank_bik": ""
    },
    {
        "org_ppa_guid": "5948047471",
        "internal_id": "0221_2022_01",
        "account_internal_id": "0221_2022_01",
        "gis_id": "0221_2022_01",
        "month": "01.01.2022",
        "credit": "4802.11",
        "saldo": "5149.94",
        "payment_value": "4802.91",
        "payment_date": "01.01.2022",
        "bill_value": "",
        "account_number": "",
        "bank_bik": ""
    },
    {
        "org_ppa_guid": "5948047471",
        "internal_id": "0222_2022_01",
        "account_internal_id": "0222_2022_01",
        "gis_id": "0222_2022_01",
        "month": "01.01.2022",
        "credit": "23135.32",
        "saldo": "30565.28",
        "payment_value": "0.0",
        "payment_date": "",
        "bill_value": "",
        "account_number": "",
        "bank_bik": ""
    },
    {
        "org_ppa_guid": "5948047471",
        "internal_id": "0223_2022_01",
        "account_internal_id": "0223_2022_01",
        "gis_id": "0223_2022_01",
        "month": "01.01.2022",
        "credit": "9409.27",
        "saldo": "10143.41",
        "payment_value": "2000.0",
        "payment_date": "01.01.2022",
        "bill_value": "",
        "account_number": "",
        "bank_bik": ""
    },
    {
        "org_ppa_guid": "5948047471",
        "internal_id": "0224_2022_01",
        "account_internal_id": "0224_2022_01",
        "gis_id": "0224_2022_01",
        "month": "01.01.2022",
        "credit": "4474.36",
        "saldo": "5463.19",
        "payment_value": "4474.36",
        "payment_date": "01.01.2022",
        "bill_value": "",
        "account_number": "",
        "bank_bik": ""
    },
    {
        "org_ppa_guid": "5948047471",
        "internal_id": "0225_2022_01",
        "account_internal_id": "0225_2022_01",
        "gis_id": "0225_2022_01",
        "month": "01.01.2022",
        "credit": "4329.04",
        "saldo": "5002.95",
        "payment_value": "4329.04",
        "payment_date": "01.01.2022",
        "bill_value": "",
        "account_number": "",
        "bank_bik": ""
    },
    {
        "org_ppa_guid": "5948047471",
        "internal_id": "0226_2022_01",
        "account_internal_id": "0226_2022_01",
        "gis_id": "0226_2022_01",
        "month": "01.01.2022",
        "credit": "3169.62",
        "saldo": "3978.62",
        "payment_value": "3169.62",
        "payment_date": "01.01.2022",
        "bill_value": "",
        "account_number": "",
        "bank_bik": ""
    },
    {
        "org_ppa_guid": "5948047471",
        "internal_id": "0227_2022_01",
        "account_internal_id": "0227_2022_01",
        "gis_id": "0227_2022_01",
        "month": "01.01.2022",
        "credit": "6728.91",
        "saldo": "9527.58",
        "payment_value": "0.0",
        "payment_date": "",
        "bill_value": "",
        "account_number": "",
        "bank_bik": ""
    },
    {
        "org_ppa_guid": "5948047471",
        "internal_id": "0228_2022_01",
        "account_internal_id": "0228_2022_01",
        "gis_id": "0228_2022_01",
        "month": "01.01.2022",
        "credit": "4424.6",
        "saldo": "5100.85",
        "payment_value": "4424.6",
        "payment_date": "01.01.2022",
        "bill_value": "",
        "account_number": "",
        "bank_bik": ""
    },
    {
        "org_ppa_guid": "5948047471",
        "internal_id": "0229_2022_01",
        "account_internal_id": "0229_2022_01",
        "gis_id": "0229_2022_01",
        "month": "01.01.2022",
        "credit": "0.0",
        "saldo": "0.0",
        "payment_value": "0.0",
        "payment_date": "",
        "bill_value": "",
        "account_number": "",
        "bank_bik": ""
    },
    {
        "org_ppa_guid": "5948047471",
        "internal_id": "0230_2022_01",
        "account_internal_id": "0230_2022_01",
        "gis_id": "0230_2022_01",
        "month": "01.01.2022",
        "credit": "2584.68",
        "saldo": "2983.86",
        "payment_value": "2584.68",
        "payment_date": "01.01.2022",
        "bill_value": "",
        "account_number": "",
        "bank_bik": ""
    },
    {
        "org_ppa_guid": "5948047471",
        "internal_id": "0231_2022_01",
        "account_internal_id": "0231_2022_01",
        "gis_id": "0231_2022_01",
        "month": "01.01.2022",
        "credit": "4236.47",
        "saldo": "4324.25",
        "payment_value": "4236.47",
        "payment_date": "01.01.2022",
        "bill_value": "",
        "account_number": "",
        "bank_bik": ""
    },
    {
        "org_ppa_guid": "5948047471",
        "internal_id": "0232_2022_01",
        "account_internal_id": "0232_2022_01",
        "gis_id": "0232_2022_01",
        "month": "01.01.2022",
        "credit": "4869.14",
        "saldo": "5150.61",
        "payment_value": "4869.14",
        "payment_date": "01.01.2022",
        "bill_value": "",
        "account_number": "",
        "bank_bik": ""
    },
    {
        "org_ppa_guid": "5948047471",
        "internal_id": "0233_2022_01",
        "account_internal_id": "0233_2022_01",
        "gis_id": "0233_2022_01",
        "month": "01.01.2022",
        "credit": "4677.89",
        "saldo": "5273.12",
        "payment_value": "4677.89",
        "payment_date": "01.01.2022",
        "bill_value": "",
        "account_number": "",
        "bank_bik": ""
    },
    {
        "org_ppa_guid": "5948047471",
        "internal_id": "0234_2022_01",
        "account_internal_id": "0234_2022_01",
        "gis_id": "0234_2022_01",
        "month": "01.01.2022",
        "credit": "3923.89",
        "saldo": "8478.52",
        "payment_value": "0.0",
        "payment_date": "",
        "bill_value": "",
        "account_number": "",
        "bank_bik": ""
    },
    {
        "org_ppa_guid": "5948047471",
        "internal_id": "0235_2022_01",
        "account_internal_id": "0235_2022_01",
        "gis_id": "0235_2022_01",
        "month": "01.01.2022",
        "credit": "1761.1",
        "saldo": "4761.18",
        "payment_value": "0.0",
        "payment_date": "",
        "bill_value": "",
        "account_number": "",
        "bank_bik": ""
    },
    {
        "org_ppa_guid": "5948047471",
        "internal_id": "0236_2022_01",
        "account_internal_id": "0236_2022_01",
        "gis_id": "0236_2022_01",
        "month": "01.01.2022",
        "credit": "4368.95",
        "saldo": "5686.61",
        "payment_value": "4400.0",
        "payment_date": "01.01.2022",
        "bill_value": "",
        "account_number": "",
        "bank_bik": ""
    },
    {
        "org_ppa_guid": "5948047471",
        "internal_id": "0237_2022_01",
        "account_internal_id": "0237_2022_01",
        "gis_id": "0237_2022_01",
        "month": "01.01.2022",
        "credit": "4727.35",
        "saldo": "5405.08",
        "payment_value": "4727.35",
        "payment_date": "01.01.2022",
        "bill_value": "",
        "account_number": "",
        "bank_bik": ""
    },
    {
        "org_ppa_guid": "5948047471",
        "internal_id": "0238_2022_01",
        "account_internal_id": "0238_2022_01",
        "gis_id": "0238_2022_01",
        "month": "01.01.2022",
        "credit": "3597.94",
        "saldo": "5871.42",
        "payment_value": "3597.94",
        "payment_date": "01.01.2022",
        "bill_value": "",
        "account_number": "",
        "bank_bik": ""
    },
    {
        "org_ppa_guid": "5948047471",
        "internal_id": "0339_2022_01",
        "account_internal_id": "0339_2022_01",
        "gis_id": "0339_2022_01",
        "month": "01.01.2022",
        "credit": "584.9",
        "saldo": "4244.35",
        "payment_value": "0.0",
        "payment_date": "",
        "bill_value": "",
        "account_number": "",
        "bank_bik": ""
    },
    {
        "org_ppa_guid": "5948047471",
        "internal_id": "0340_2022_01",
        "account_internal_id": "0340_2022_01",
        "gis_id": "0340_2022_01",
        "month": "01.01.2022",
        "credit": "11718.37",
        "saldo": "17818.36",
        "payment_value": "0.0",
        "payment_date": "",
        "bill_value": "",
        "account_number": "",
        "bank_bik": ""
    },
    {
        "org_ppa_guid": "5948047471",
        "internal_id": "0341_2022_01",
        "account_internal_id": "0341_2022_01",
        "gis_id": "0341_2022_01",
        "month": "01.01.2022",
        "credit": "3088.7",
        "saldo": "2993.94",
        "payment_value": "3089.0",
        "payment_date": "01.01.2022",
        "bill_value": "",
        "account_number": "",
        "bank_bik": ""
    },
    {
        "org_ppa_guid": "5948047471",
        "internal_id": "0342_2022_01",
        "account_internal_id": "0342_2022_01",
        "gis_id": "0342_2022_01",
        "month": "01.01.2022",
        "credit": "2539.4",
        "saldo": "4153.67",
        "payment_value": "2539.4",
        "payment_date": "01.01.2022",
        "bill_value": "",
        "account_number": "",
        "bank_bik": ""
    },
    {
        "org_ppa_guid": "5948047471",
        "internal_id": "0343_2022_01",
        "account_internal_id": "0343_2022_01",
        "gis_id": "0343_2022_01",
        "month": "01.01.2022",
        "credit": "3533.15",
        "saldo": "8837.12",
        "payment_value": "1290.0",
        "payment_date": "01.01.2022",
        "bill_value": "",
        "account_number": "",
        "bank_bik": ""
    },
    {
        "org_ppa_guid": "5948047471",
        "internal_id": "0344_2022_01",
        "account_internal_id": "0344_2022_01",
        "gis_id": "0344_2022_01",
        "month": "01.01.2022",
        "credit": "4382.47",
        "saldo": "4947.2",
        "payment_value": "4382.47",
        "payment_date": "01.01.2022",
        "bill_value": "",
        "account_number": "",
        "bank_bik": ""
    },
    {
        "org_ppa_guid": "5948047471",
        "internal_id": "0345_2022_01",
        "account_internal_id": "0345_2022_01",
        "gis_id": "0345_2022_01",
        "month": "01.01.2022",
        "credit": "2602.06",
        "saldo": "6944.18",
        "payment_value": "0.0",
        "payment_date": "",
        "bill_value": "",
        "account_number": "",
        "bank_bik": ""
    },
    {
        "org_ppa_guid": "5948047471",
        "internal_id": "0346_2022_01",
        "account_internal_id": "0346_2022_01",
        "gis_id": "0346_2022_01",
        "month": "01.01.2022",
        "credit": "3157.89",
        "saldo": "4392.41",
        "payment_value": "3157.89",
        "payment_date": "01.01.2022",
        "bill_value": "",
        "account_number": "",
        "bank_bik": ""
    },
    {
        "org_ppa_guid": "5948047471",
        "internal_id": "0347_2022_01",
        "account_internal_id": "0347_2022_01",
        "gis_id": "0347_2022_01",
        "month": "01.01.2022",
        "credit": "1570.4",
        "saldo": "8336.63",
        "payment_value": "0.0",
        "payment_date": "",
        "bill_value": "",
        "account_number": "",
        "bank_bik": ""
    },
    {
        "org_ppa_guid": "5948047471",
        "internal_id": "0348_2022_01",
        "account_internal_id": "0348_2022_01",
        "gis_id": "0348_2022_01",
        "month": "01.01.2022",
        "credit": "3622.5",
        "saldo": "4962.91",
        "payment_value": "3622.5",
        "payment_date": "01.01.2022",
        "bill_value": "",
        "account_number": "",
        "bank_bik": ""
    },
    {
        "org_ppa_guid": "5948047471",
        "internal_id": "0349_2022_01",
        "account_internal_id": "0349_2022_01",
        "gis_id": "0349_2022_01",
        "month": "01.01.2022",
        "credit": "2098.36",
        "saldo": "779.65",
        "payment_value": "4196.72",
        "payment_date": "01.01.2022",
        "bill_value": "",
        "account_number": "",
        "bank_bik": ""
    },
    {
        "org_ppa_guid": "5948047471",
        "internal_id": "0350_2022_01",
        "account_internal_id": "0350_2022_01",
        "gis_id": "0350_2022_01",
        "month": "01.01.2022",
        "credit": "3828.65",
        "saldo": "8213.52",
        "payment_value": "0.0",
        "payment_date": "",
        "bill_value": "",
        "account_number": "",
        "bank_bik": ""
    },
    {
        "org_ppa_guid": "5948047471",
        "internal_id": "0351_2022_01",
        "account_internal_id": "0351_2022_01",
        "gis_id": "0351_2022_01",
        "month": "01.01.2022",
        "credit": "5789.53",
        "saldo": "6610.19",
        "payment_value": "5789.53",
        "payment_date": "01.01.2022",
        "bill_value": "",
        "account_number": "",
        "bank_bik": ""
    },
    {
        "org_ppa_guid": "5948047471",
        "internal_id": "0352_2022_01",
        "account_internal_id": "0352_2022_01",
        "gis_id": "0352_2022_01",
        "month": "01.01.2022",
        "credit": "3089.05",
        "saldo": "7205.35",
        "payment_value": "0.0",
        "payment_date": "",
        "bill_value": "",
        "account_number": "",
        "bank_bik": ""
    },
    {
        "org_ppa_guid": "5948047471",
        "internal_id": "0353_2022_01",
        "account_internal_id": "0353_2022_01",
        "gis_id": "0353_2022_01",
        "month": "01.01.2022",
        "credit": "2427.15",
        "saldo": "2713.61",
        "payment_value": "2427.15",
        "payment_date": "01.01.2022",
        "bill_value": "",
        "account_number": "",
        "bank_bik": ""
    },
    {
        "org_ppa_guid": "5948047471",
        "internal_id": "0354_2022_01",
        "account_internal_id": "0354_2022_01",
        "gis_id": "0354_2022_01",
        "month": "01.01.2022",
        "credit": "1914.14",
        "saldo": "3356.76",
        "payment_value": "1914.14",
        "payment_date": "01.01.2022",
        "bill_value": "",
        "account_number": "",
        "bank_bik": ""
    },
    {
        "org_ppa_guid": "5948047471",
        "internal_id": "0355_2022_01",
        "account_internal_id": "0355_2022_01",
        "gis_id": "0355_2022_01",
        "month": "01.01.2022",
        "credit": "7445.34",
        "saldo": "8263.67",
        "payment_value": "7445.34",
        "payment_date": "01.01.2022",
        "bill_value": "",
        "account_number": "",
        "bank_bik": ""
    },
    {
        "org_ppa_guid": "5948047471",
        "internal_id": "0356_2022_01",
        "account_internal_id": "0356_2022_01",
        "gis_id": "0356_2022_01",
        "month": "01.01.2022",
        "credit": "3303.23",
        "saldo": "4099.5",
        "payment_value": "3303.23",
        "payment_date": "01.01.2022",
        "bill_value": "",
        "account_number": "",
        "bank_bik": ""
    },
    {
        "org_ppa_guid": "5948047471",
        "internal_id": "0357_2022_01",
        "account_internal_id": "0357_2022_01",
        "gis_id": "0357_2022_01",
        "month": "01.01.2022",
        "credit": "3094.91",
        "saldo": "6274.76",
        "payment_value": "0.0",
        "payment_date": "",
        "bill_value": "",
        "account_number": "",
        "bank_bik": ""
    },
    {
        "org_ppa_guid": "5948047471",
        "internal_id": "0358_2022_01",
        "account_internal_id": "0358_2022_01",
        "gis_id": "0358_2022_01",
        "month": "01.01.2022",
        "credit": "2920.82",
        "saldo": "3364.62",
        "payment_value": "2920.82",
        "payment_date": "01.01.2022",
        "bill_value": "",
        "account_number": "",
        "bank_bik": ""
    }
]