[
    {
        "org_ppa_guid": "5948047471",
        "internal_id": "0101_2022_02",
        "account_internal_id": "0101_2022_02",
        "gis_id": "0101_2022_02",
        "month": "01.02.2022",
        "credit": "3254.78",
        "saldo": "2983.3",
        "payment_value": "3254.0",
        "payment_date": "01.02.2022",
        "bill_value": "",
        "account_number": "",
        "bank_bik": ""
    },
    {
        "org_ppa_guid": "5948047471",
        "internal_id": "0102_2022_02",
        "account_internal_id": "0102_2022_02",
        "gis_id": "0102_2022_02",
        "month": "01.02.2022",
        "credit": "4322.71",
        "saldo": "4154.28",
        "payment_value": "6000.0",
        "payment_date": "01.02.2022",
        "bill_value": "",
        "account_number": "",
        "bank_bik": ""
    },
    {
        "org_ppa_guid": "5948047471",
        "internal_id": "0103_2022_02",
        "account_internal_id": "0103_2022_02",
        "gis_id": "0103_2022_02",
        "month": "01.02.2022",
        "credit": "6717.75",
        "saldo": "13065.87",
        "payment_value": "0.0",
        "payment_date": "",
        "bill_value": "",
        "account_number": "",
        "bank_bik": ""
    },
    {
        "org_ppa_guid": "5948047471",
        "internal_id": "0104_2022_02",
        "account_internal_id": "0104_2022_02",
        "gis_id": "0104_2022_02",
        "month": "01.02.2022",
        "credit": "4003.8",
        "saldo": "3978.45",
        "payment_value": "4003.8",
        "payment_date": "01.02.2022",
        "bill_value": "",
        "account_number": "",
        "bank_bik": ""
    },
    {
        "org_ppa_guid": "5948047471",
        "internal_id": "0105_2022_02",
        "account_internal_id": "0105_2022_02",
        "gis_id": "0105_2022_02",
        "month": "01.02.2022",
        "credit": "6460.92",
        "saldo": "12633.23",
        "payment_value": "0.0",
        "payment_date": "",
        "bill_value": "",
        "account_number": "",
        "bank_bik": ""
    },
    {
        "org_ppa_guid": "5948047471",
        "internal_id": "0106_2022_02",
        "account_internal_id": "0106_2022_02",
        "gis_id": "0106_2022_02",
        "month": "01.02.2022",
        "credit": "5742.23",
        "saldo": "5058.14",
        "payment_value": "5742.0",
        "payment_date": "01.02.2022",
        "bill_value": "",
        "account_number": "",
        "bank_bik": ""
    },
    {
        "org_ppa_guid": "5948047471",
        "internal_id": "0107_2022_02",
        "account_internal_id": "0107_2022_02",
        "gis_id": "0107_2022_02",
        "month": "01.02.2022",
        "credit": "2901.66",
        "saldo": "2876.31",
        "payment_value": "2901.66",
        "payment_date": "01.02.2022",
        "bill_value": "",
        "account_number": "",
        "bank_bik": ""
    },
    {
        "org_ppa_guid": "5948047471",
        "internal_id": "0108_2022_02",
        "account_internal_id": "0108_2022_02",
        "gis_id": "0108_2022_02",
        "month": "01.02.2022",
        "credit": "6583.85",
        "saldo": "3571.42",
        "payment_value": "6584.0",
        "payment_date": "01.02.2022",
        "bill_value": "",
        "account_number": "",
        "bank_bik": ""
    },
    {
        "org_ppa_guid": "5948047471",
        "internal_id": "0109_2022_02",
        "account_internal_id": "0109_2022_02",
        "gis_id": "0109_2022_02",
        "month": "01.02.2022",
        "credit": "5150.61",
        "saldo": "5107.67",
        "payment_value": "5150.61",
        "payment_date": "01.02.2022",
        "bill_value": "",
        "account_number": "",
        "bank_bik": ""
    },
    {
        "org_ppa_guid": "5948047471",
        "internal_id": "0110_2022_02",
        "account_internal_id": "0110_2022_02",
        "gis_id": "0110_2022_02",
        "month": "01.02.2022",
        "credit": "9986.59",
        "saldo": "15529.12",
        "payment_value": "0.0",
        "payment_date": "",
        "bill_value": "",
        "account_number": "",
        "bank_bik": ""
    },
    {
        "org_ppa_guid": "5948047471",
        "internal_id": "0111_2022_02",
        "account_internal_id": "0111_2022_02",
        "gis_id": "0111_2022_02",
        "month": "01.02.2022",
        "credit": "2663.42",
        "saldo": "3838.71",
        "payment_value": "2663.42",
        "payment_date": "01.02.2022",
        "bill_value": "",
        "account_number": "",
        "bank_bik": ""
    },
    {
        "org_ppa_guid": "5948047471",
        "internal_id": "0112_2022_02",
        "account_internal_id": "0112_2022_02",
        "gis_id": "0112_2022_02",
        "month": "01.02.2022",
        "credit": "4011.67",
        "saldo": "4150.64",
        "payment_value": "4011.67",
        "payment_date": "01.02.2022",
        "bill_value": "",
        "account_number": "",
        "bank_bik": ""
    },
    {
        "org_ppa_guid": "5948047471",
        "internal_id": "0113_2022_02",
        "account_internal_id": "0113_2022_02",
        "gis_id": "0113_2022_02",
        "month": "01.02.2022",
        "credit": "5463.19",
        "saldo": "5732.83",
        "payment_value": "5463.19",
        "payment_date": "01.02.2022",
        "bill_value": "",
        "account_number": "",
        "bank_bik": ""
    },
    {
        "org_ppa_guid": "5948047471",
        "internal_id": "0114_2022_02",
        "account_internal_id": "0114_2022_02",
        "gis_id": "0114_2022_02",
        "month": "01.02.2022",
        "credit": "5288.83",
        "saldo": "5198.89",
        "payment_value": "5500.0",
        "payment_date": "01.02.2022",
        "bill_value": "",
        "account_number": "",
        "bank_bik": ""
    },
    {
        "org_ppa_guid": "5948047471",
        "internal_id": "0115_2022_02",
        "account_internal_id": "0115_2022_02",
        "gis_id": "0115_2022_02",
        "month": "01.02.2022",
        "credit": "3066.06",
        "saldo": "6419.35",
        "payment_value": "0.0",
        "payment_date": "",
        "bill_value": "",
        "account_number": "",
        "bank_bik": ""
    },
    {
        "org_ppa_guid": "5948047471",
        "internal_id": "0116_2022_02",
        "account_internal_id": "0116_2022_02",
        "gis_id": "0116_2022_02",
        "month": "01.02.2022",
        "credit": "794.81",
        "saldo": "4089.91",
        "payment_value": "0.0",
        "payment_date": "",
        "bill_value": "",
        "account_number": "",
        "bank_bik": ""
    },
    {
        "org_ppa_guid": "5948047471",
        "internal_id": "0117_2022_02",
        "account_internal_id": "0117_2022_02",
        "gis_id": "0117_2022_02",
        "month": "01.02.2022",
        "credit": "5405.08",
        "saldo": "5822.82",
        "payment_value": "5405.08",
        "payment_date": "01.02.2022",
        "bill_value": "",
        "account_number": "",
        "bank_bik": ""
    },
    {
        "org_ppa_guid": "5948047471",
        "internal_id": "0118_2022_02",
        "account_internal_id": "0118_2022_02",
        "gis_id": "0118_2022_02",
        "month": "01.02.2022",
        "credit": "11489.41",
        "saldo": "16951.98",
        "payment_value": "0.0",
        "payment_date": "",
        "bill_value": "",
        "account_number": "",
        "bank_bik": ""
    },
    {
        "org_ppa_guid": "5948047471",
        "internal_id": "0119_2022_02",
        "account_internal_id": "0119_2022_02",
        "gis_id": "0119_2022_02",
        "month": "01.02.2022",
        "credit": "3296.44",
        "saldo": "3271.09",
        "payment_value": "3296.44",
        "payment_date": "01.02.2022",
        "bill_value": "",
        "account_number": "",
        "bank_bik": ""
    },
    {
        "org_ppa_guid": "5948047471",
        "internal_id": "0220_2022_02",
        "account_internal_id": "0220_2022_02",
        "gis_id": "0220_2022_02",
        "month": "01.02.2022",
        "credit": "2983.86",
        "saldo": "3188.89",
        "payment_value": "2983.86",
        "payment_date": "01.02.2022",
        "bill_value": "",
        "account_number": "",
        "bank_bik": ""
    },
    {
        "org_ppa_guid": "5948047471",
        "internal_id": "0221_2022_02",
        "account_internal_id": "0221_2022_02",
        "gis_id": "0221_2022_02",
        "month": "01.02.2022",
        "credit": "5149.94",
        "saldo": "5272.12",
        "payment_value": "5149.94",
        "payment_date": "01.02.2022",
        "bill_value": "",
        "account_number": "",
        "bank_bik": ""
    },
    {
        "org_ppa_guid": "5948047471",
        "internal_id": "0222_2022_02",
        "account_internal_id": "0222_2022_02",
        "gis_id": "0222_2022_02",
        "month": "01.02.2022",
        "credit": "30565.28",
        "saldo": "40522.35",
        "payment_value": "0.0",
        "payment_date": "",
        "bill_value": "",
        "account_number": "",
        "bank_bik": ""
    },
    {
        "org_ppa_guid": "5948047471",
        "internal_id": "0223_2022_02",
        "account_internal_id": "0223_2022_02",
        "gis_id": "0223_2022_02",
        "month": "01.02.2022",
        "credit": "10143.41",
        "saldo": "12869.67",
        "payment_value": "0.0",
        "payment_date": "",
        "bill_value": "",
        "account_number": "",
        "bank_bik": ""
    },
    {
        "org_ppa_guid": "5948047471",
        "internal_id": "0224_2022_02",
        "account_internal_id": "0224_2022_02",
        "gis_id": "0224_2022_02",
        "month": "01.02.2022",
        "credit": "5463.19",
        "saldo": "5420.25",
        "payment_value": "5463.19",
        "payment_date": "01.02.2022",
        "bill_value": "",
        "account_number": "",
        "bank_bik": ""
    },
    {
        "org_ppa_guid": "5948047471",
        "internal_id": "0225_2022_02",
        "account_internal_id": "0225_2022_02",
        "gis_id": "0225_2022_02",
        "month": "01.02.2022",
        "credit": "5002.95",
        "saldo": "5042.34",
        "payment_value": "5002.95",
        "payment_date": "01.02.2022",
        "bill_value": "",
        "account_number": "",
        "bank_bik": ""
    },
    {
        "org_ppa_guid": "5948047471",
        "internal_id": "0226_2022_02",
        "account_internal_id": "0226_2022_02",
        "gis_id": "0226_2022_02",
        "month": "01.02.2022",
        "credit": "3978.62",
        "saldo": "3706.75",
        "payment_value": "3978.62",
        "payment_date": "01.02.2022",
        "bill_value": "",
        "account_number": "",
        "bank_bik": ""
    },
    {
        "org_ppa_guid": "5948047471",
        "internal_id": "0227_2022_02",
        "account_internal_id": "0227_2022_02",
        "gis_id": "0227_2022_02",
        "month": "01.02.2022",
        "credit": "9527.58",
        "saldo": "12418.48",
        "payment_value": "0.0",
        "payment_date": "",
        "bill_value": "",
        "account_number": "",
        "bank_bik": ""
    },
    {
        "org_ppa_guid": "5948047471",
        "internal_id": "0228_2022_02",
        "account_internal_id": "0228_2022_02",
        "gis_id": "0228_2022_02",
        "month": "01.02.2022",
        "credit": "5100.85",
        "saldo": "10240.96",
        "payment_value": "0.0",
        "payment_date": "",
        "bill_value": "",
        "account_number": "",
        "bank_bik": ""
    },
    {
        "org_ppa_guid": "5948047471",
        "internal_id": "0229_2022_02",
        "account_internal_id": "0229_2022_02",
        "gis_id": "0229_2022_02",
        "month": "01.02.2022",
        "credit": "0.0",
        "saldo": "0.0",
        "payment_value": "0.0",
        "payment_date": "",
        "bill_value": "",
        "account_number": "",
        "bank_bik": ""
    },
    {
        "org_ppa_guid": "5948047471",
        "internal_id": "0230_2022_02",
        "account_internal_id": "0230_2022_02",
        "gis_id": "0230_2022_02",
        "month": "01.02.2022",
        "credit": "2983.86",
        "saldo": "2958.51",
        "payment_value": "2983.86",
        "payment_date": "01.02.2022",
        "bill_value": "",
        "account_number": "",
        "bank_bik": ""
    },
    {
        "org_ppa_guid": "5948047471",
        "internal_id": "0231_2022_02",
        "account_internal_id": "0231_2022_02",
        "gis_id": "0231_2022_02",
        "month": "01.02.2022",
        "credit": "4324.25",
        "saldo": "8853.45",
        "payment_value": "0.0",
        "payment_date": "",
        "bill_value": "",
        "account_number": "",
        "bank_bik": ""
    },
    {
        "org_ppa_guid": "5948047471",
        "internal_id": "0232_2022_02",
        "account_internal_id": "0232_2022_02",
        "gis_id": "0232_2022_02",
        "month": "01.02.2022",
        "credit": "5150.61",
        "saldo": "5502.45",
        "payment_value": "5150.61",
        "payment_date": "01.02.2022",
        "bill_value": "",
        "account_number": "",
        "bank_bik": ""
    },
    {
        "org_ppa_guid": "5948047471",
        "internal_id": "0233_2022_02",
        "account_internal_id": "0233_2022_02",
        "gis_id": "0233_2022_02",
        "month": "01.02.2022",
        "credit": "5273.12",
        "saldo": "5394.5",
        "payment_value": "5273.12",
        "payment_date": "01.02.2022",
        "bill_value": "",
        "account_number": "",
        "bank_bik": ""
    },
    {
        "org_ppa_guid": "5948047471",
        "internal_id": "0234_2022_02",
        "account_internal_id": "0234_2022_02",
        "gis_id": "0234_2022_02",
        "month": "01.02.2022",
        "credit": "4554.63",
        "saldo": "4529.2",
        "payment_value": "4554.63",
        "payment_date": "01.02.2022",
        "bill_value": "",
        "account_number": "",
        "bank_bik": ""
    },
    {
        "org_ppa_guid": "5948047471",
        "internal_id": "0235_2022_02",
        "account_internal_id": "0235_2022_02",
        "gis_id": "0235_2022_02",
        "month": "01.02.2022",
        "credit": "4761.18",
        "saldo": "7751.43",
        "payment_value": "0.0",
        "payment_date": "",
        "bill_value": "",
        "account_number": "",
        "bank_bik": ""
    },
    {
        "org_ppa_guid": "5948047471",
        "internal_id": "0236_2022_02",
        "account_internal_id": "0236_2022_02",
        "gis_id": "0236_2022_02",
        "month": "01.02.2022",
        "credit": "5686.61",
        "saldo": "5361.25",
        "payment_value": "6000.0",
        "payment_date": "01.02.2022",
        "bill_value": "",
        "account_number": "",
        "bank_bik": ""
    },
    {
        "org_ppa_guid": "5948047471",
        "internal_id": "0237_2022_02",
        "account_internal_id": "0237_2022_02",
        "gis_id": "0237_2022_02",
        "month": "01.02.2022",
        "credit": "5405.08",
        "saldo": "10997.52",
        "payment_value": "0.0",
        "payment_date": "",
        "bill_value": "",
        "account_number": "",
        "bank_bik": ""
    },
    {
        "org_ppa_guid": "5948047471",
        "internal_id": "0238_2022_02",
        "account_internal_id": "0238_2022_02",
        "gis_id": "0238_2022_02",
        "month": "01.02.2022",
        "credit": "5871.42",
        "saldo": "5056.59",
        "payment_value": "5871.42",
        "payment_date": "01.02.2022",
        "bill_value": "",
        "account_number": "",
        "bank_bik": ""
    },
    {
        "org_ppa_guid": "5948047471",
        "internal_id": "0339_2022_02",
        "account_internal_id": "0339_2022_02",
        "gis_id": "0339_2022_02",
        "month": "01.02.2022",
        "credit": "4244.35",
        "saldo": "3713.87",
        "payment_value": "4245.0",
        "payment_date": "01.02.2022",
        "bill_value": "",
        "account_number": "",
        "bank_bik": ""
    },
    {
        "org_ppa_guid": "5948047471",
        "internal_id": "0340_2022_02",
        "account_internal_id": "0340_2022_02",
        "gis_id": "0340_2022_02",
        "month": "01.02.2022",
        "credit": "17818.36",
        "saldo": "22818.34",
        "payment_value": "0.0",
        "payment_date": "",
        "bill_value": "",
        "account_number": "",
        "bank_bik": ""
    },
    {
        "org_ppa_guid": "5948047471",
        "internal_id": "0341_2022_02",
        "account_internal_id": "0341_2022_02",
        "gis_id": "0341_2022_02",
        "month": "01.02.2022",
        "credit": "2993.94",
        "saldo": "3283.57",
        "payment_value": "2993.94",
        "payment_date": "01.02.2022",
        "bill_value": "",
        "account_number": "",
        "bank_bik": ""
    },
    {
        "org_ppa_guid": "5948047471",
        "internal_id": "0342_2022_02",
        "account_internal_id": "0342_2022_02",
        "gis_id": "0342_2022_02",
        "month": "01.02.2022",
        "credit": "4153.67",
        "saldo": "3203.81",
        "payment_value": "4153.67",
        "payment_date": "01.02.2022",
        "bill_value": "",
        "account_number": "",
        "bank_bik": ""
    },
    {
        "org_ppa_guid": "5948047471",
        "internal_id": "0343_2022_02",
        "account_internal_id": "0343_2022_02",
        "gis_id": "0343_2022_02",
        "month": "01.02.2022",
        "credit": "8837.12",
        "saldo": "6101.83",
        "payment_value": "9596.0",
        "payment_date": "01.02.2022",
        "bill_value": "",
        "account_number": "",
        "bank_bik": ""
    },
    {
        "org_ppa_guid": "5948047471",
        "internal_id": "0344_2022_02",
        "account_internal_id": "0344_2022_02",
        "gis_id": "0344_2022_02",
        "month": "01.02.2022",
        "credit": "4947.2",
        "saldo": "4911.34",
        "payment_value": "4947.2",
        "payment_date": "01.02.2022",
        "bill_value": "",
        "account_number": "",
        "bank_bik": ""
    },
    {
        "org_ppa_guid": "5948047471",
        "internal_id": "0345_2022_02",
        "account_internal_id": "0345_2022_02",
        "gis_id": "0345_2022_02",
        "month": "01.02.2022",
        "credit": "6944.18",
        "saldo": "4264.97",
        "payment_value": "7000.0",
        "payment_date": "01.02.2022",
        "bill_value": "",
        "account_number": "",
        "bank_bik": ""
    },
    {
        "org_ppa_guid": "5948047471",
        "internal_id": "0346_2022_02",
        "account_internal_id": "0346_2022_02",
        "gis_id": "0346_2022_02",
        "month": "01.02.2022",
        "credit": "4392.41",
        "saldo": "4133.19",
        "payment_value": "4393.0",
        "payment_date": "01.02.2022",
        "bill_value": "",
        "account_number": "",
        "bank_bik": ""
    },
    {
        "org_ppa_guid": "5948047471",
        "internal_id": "0347_2022_02",
        "account_internal_id": "0347_2022_02",
        "gis_id": "0347_2022_02",
        "month": "01.02.2022",
        "credit": "8336.63",
        "saldo": "6551.61",
        "payment_value": "8336.63",
        "payment_date": "01.02.2022",
        "bill_value": "",
        "account_number": "",
        "bank_bik": ""
    },
    {
        "org_ppa_guid": "5948047471",
        "internal_id": "0348_2022_02",
        "account_internal_id": "0348_2022_02",
        "gis_id": "0348_2022_02",
        "month": "01.02.2022",
        "credit": "4962.91",
        "saldo": "4466.14",
        "payment_value": "4962.91",
        "payment_date": "01.02.2022",
        "bill_value": "",
        "account_number": "",
        "bank_bik": ""
    },
    {
        "org_ppa_guid": "5948047471",
        "internal_id": "0349_2022_02",
        "account_internal_id": "0349_2022_02",
        "gis_id": "0349_2022_02",
        "month": "01.02.2022",
        "credit": "779.65",
        "saldo": "3469.84",
        "payment_value": "0.0",
        "payment_date": "",
        "bill_value": "",
        "account_number": "",
        "bank_bik": ""
    },
    {
        "org_ppa_guid": "5948047471",
        "internal_id": "0350_2022_02",
        "account_internal_id": "0350_2022_02",
        "gis_id": "0350_2022_02",
        "month": "01.02.2022",
        "credit": "8213.52",
        "saldo": "5244.95",
        "payment_value": "6000.0",
        "payment_date": "01.02.2022",
        "bill_value": "",
        "account_number": "",
        "bank_bik": ""
    },
    {
        "org_ppa_guid": "5948047471",
        "internal_id": "0351_2022_02",
        "account_internal_id": "0351_2022_02",
        "gis_id": "0351_2022_02",
        "month": "01.02.2022",
        "credit": "6610.19",
        "saldo": "6870.66",
        "payment_value": "6610.19",
        "payment_date": "01.02.2022",
        "bill_value": "",
        "account_number": "",
        "bank_bik": ""
    },
    {
        "org_ppa_guid": "5948047471",
        "internal_id": "0352_2022_02",
        "account_internal_id": "0352_2022_02",
        "gis_id": "0352_2022_02",
        "month": "01.02.2022",
        "credit": "7205.35",
        "saldo": "3844.58",
        "payment_value": "7205.35",
        "payment_date": "01.02.2022",
        "bill_value": "",
        "account_number": "",
        "bank_bik": ""
    },
    {
        "org_ppa_guid": "5948047471",
        "internal_id": "0353_2022_02",
        "account_internal_id": "0353_2022_02",
        "gis_id": "0353_2022_02",
        "month": "01.02.2022",
        "credit": "2713.61",
        "saldo": "2690.19",
        "payment_value": "2713.61",
        "payment_date": "01.02.2022",
        "bill_value": "",
        "account_number": "",
        "bank_bik": ""
    },
    {
        "org_ppa_guid": "5948047471",
        "internal_id": "0354_2022_02",
        "account_internal_id": "0354_2022_02",
        "gis_id": "0354_2022_02",
        "month": "01.02.2022",
        "credit": "3356.76",
        "saldo": "4365.91",
        "payment_value": "3356.76",
        "payment_date": "01.02.2022",
        "bill_value": "",
        "account_number": "",
        "bank_bik": ""
    },
    {
        "org_ppa_guid": "5948047471",
        "internal_id": "0355_2022_02",
        "account_internal_id": "0355_2022_02",
        "gis_id": "0355_2022_02",
        "month": "01.02.2022",
        "credit": "8263.67",
        "saldo": "8211.7",
        "payment_value": "8263.67",
        "payment_date": "01.02.2022",
        "bill_value": "",
        "account_number": "",
        "bank_bik": ""
    },
    {
        "org_ppa_guid": "5948047471",
        "internal_id": "0356_2022_02",
        "account_internal_id": "0356_2022_02",
        "gis_id": "0356_2022_02",
        "month": "01.02.2022",
        "credit": "4099.5",
        "saldo": "4063.57",
        "payment_value": "4099.5",
        "payment_date": "01.02.2022",
        "bill_value": "",
        "account_number": "",
        "bank_bik": ""
    },
    {
        "org_ppa_guid": "5948047471",
        "internal_id": "0357_2022_02",
        "account_internal_id": "0357_2022_02",
        "gis_id": "0357_2022_02",
        "month": "01.02.2022",
        "credit": "6274.76",
        "saldo": "2700.51",
        "payment_value": "6094.91",
        "payment_date": "01.02.2022",
        "bill_value": "",
        "account_number": "",
        "bank_bik": ""
    },
    {
        "org_ppa_guid": "5948047471",
        "internal_id": "0358_2022_02",
        "account_internal_id": "0358_2022_02",
        "gis_id": "0358_2022_02",
        "month": "01.02.2022",
        "credit": "3364.62",
        "saldo": "6783.25",
        "payment_value": "0.0",
        "payment_date": "",
        "bill_value": "",
        "account_number": "",
        "bank_bik": ""
    }
]