[
    {
        "org_ppa_guid": "5948047471",
        "contract_internal_id": "0101_2022_06",
        "internal_id": "0101_2022_06",
        "fias": "",
        "address": "Нижнемуллинская 3",
        "room_number": "",
        "gis_premises_id": "",
        "gis_block_id": "",
        "gis_room_id": "",
        "gis_account_id": "",
        "account_number": "0101",
        "gis_account_service_id": "",
        "gis_account_unified_number": "",
        "total_square": "",
        "residential_square": "",
        "living_person_number": "",
        "timezone": "",
        "account_identifier": "0101_2022_06_2022_06",
        "not_residential": ""
    },
    {
        "org_ppa_guid": "5948047471",
        "contract_internal_id": "0102_2022_06",
        "internal_id": "0102_2022_06",
        "fias": "",
        "address": "Нижнемуллинская 3",
        "room_number": "",
        "gis_premises_id": "",
        "gis_block_id": "",
        "gis_room_id": "",
        "gis_account_id": "",
        "account_number": "0102",
        "gis_account_service_id": "",
        "gis_account_unified_number": "",
        "total_square": "",
        "residential_square": "",
        "living_person_number": "",
        "timezone": "",
        "account_identifier": "0102_2022_06_2022_06",
        "not_residential": ""
    },
    {
        "org_ppa_guid": "5948047471",
        "contract_internal_id": "0103_2022_06",
        "internal_id": "0103_2022_06",
        "fias": "",
        "address": "Нижнемуллинская 3",
        "room_number": "",
        "gis_premises_id": "",
        "gis_block_id": "",
        "gis_room_id": "",
        "gis_account_id": "",
        "account_number": "0103",
        "gis_account_service_id": "",
        "gis_account_unified_number": "",
        "total_square": "",
        "residential_square": "",
        "living_person_number": "",
        "timezone": "",
        "account_identifier": "0103_2022_06_2022_06",
        "not_residential": ""
    },
    {
        "org_ppa_guid": "5948047471",
        "contract_internal_id": "0104_2022_06",
        "internal_id": "0104_2022_06",
        "fias": "",
        "address": "Нижнемуллинская 3",
        "room_number": "",
        "gis_premises_id": "",
        "gis_block_id": "",
        "gis_room_id": "",
        "gis_account_id": "",
        "account_number": "0104",
        "gis_account_service_id": "",
        "gis_account_unified_number": "",
        "total_square": "",
        "residential_square": "",
        "living_person_number": "",
        "timezone": "",
        "account_identifier": "0104_2022_06_2022_06",
        "not_residential": ""
    },
    {
        "org_ppa_guid": "5948047471",
        "contract_internal_id": "0105_2022_06",
        "internal_id": "0105_2022_06",
        "fias": "",
        "address": "Нижнемуллинская 3",
        "room_number": "",
        "gis_premises_id": "",
        "gis_block_id": "",
        "gis_room_id": "",
        "gis_account_id": "",
        "account_number": "0105",
        "gis_account_service_id": "",
        "gis_account_unified_number": "",
        "total_square": "",
        "residential_square": "",
        "living_person_number": "",
        "timezone": "",
        "account_identifier": "0105_2022_06_2022_06",
        "not_residential": ""
    },
    {
        "org_ppa_guid": "5948047471",
        "contract_internal_id": "0106_2022_06",
        "internal_id": "0106_2022_06",
        "fias": "",
        "address": "Нижнемуллинская 3",
        "room_number": "",
        "gis_premises_id": "",
        "gis_block_id": "",
        "gis_room_id": "",
        "gis_account_id": "",
        "account_number": "0106",
        "gis_account_service_id": "",
        "gis_account_unified_number": "",
        "total_square": "",
        "residential_square": "",
        "living_person_number": "",
        "timezone": "",
        "account_identifier": "0106_2022_06_2022_06",
        "not_residential": ""
    },
    {
        "org_ppa_guid": "5948047471",
        "contract_internal_id": "0107_2022_06",
        "internal_id": "0107_2022_06",
        "fias": "",
        "address": "Нижнемуллинская 3",
        "room_number": "",
        "gis_premises_id": "",
        "gis_block_id": "",
        "gis_room_id": "",
        "gis_account_id": "",
        "account_number": "0107",
        "gis_account_service_id": "",
        "gis_account_unified_number": "",
        "total_square": "",
        "residential_square": "",
        "living_person_number": "",
        "timezone": "",
        "account_identifier": "0107_2022_06_2022_06",
        "not_residential": ""
    },
    {
        "org_ppa_guid": "5948047471",
        "contract_internal_id": "0108_2022_06",
        "internal_id": "0108_2022_06",
        "fias": "",
        "address": "Нижнемуллинская 3",
        "room_number": "",
        "gis_premises_id": "",
        "gis_block_id": "",
        "gis_room_id": "",
        "gis_account_id": "",
        "account_number": "0108",
        "gis_account_service_id": "",
        "gis_account_unified_number": "",
        "total_square": "",
        "residential_square": "",
        "living_person_number": "",
        "timezone": "",
        "account_identifier": "0108_2022_06_2022_06",
        "not_residential": ""
    },
    {
        "org_ppa_guid": "5948047471",
        "contract_internal_id": "0109_2022_06",
        "internal_id": "0109_2022_06",
        "fias": "",
        "address": "Нижнемуллинская 3",
        "room_number": "",
        "gis_premises_id": "",
        "gis_block_id": "",
        "gis_room_id": "",
        "gis_account_id": "",
        "account_number": "0109",
        "gis_account_service_id": "",
        "gis_account_unified_number": "",
        "total_square": "",
        "residential_square": "",
        "living_person_number": "",
        "timezone": "",
        "account_identifier": "0109_2022_06_2022_06",
        "not_residential": ""
    },
    {
        "org_ppa_guid": "5948047471",
        "contract_internal_id": "0110_2022_06",
        "internal_id": "0110_2022_06",
        "fias": "",
        "address": "Нижнемуллинская 3",
        "room_number": "",
        "gis_premises_id": "",
        "gis_block_id": "",
        "gis_room_id": "",
        "gis_account_id": "",
        "account_number": "0110",
        "gis_account_service_id": "",
        "gis_account_unified_number": "",
        "total_square": "",
        "residential_square": "",
        "living_person_number": "",
        "timezone": "",
        "account_identifier": "0110_2022_06_2022_06",
        "not_residential": ""
    },
    {
        "org_ppa_guid": "5948047471",
        "contract_internal_id": "0111_2022_06",
        "internal_id": "0111_2022_06",
        "fias": "",
        "address": "Нижнемуллинская 3",
        "room_number": "",
        "gis_premises_id": "",
        "gis_block_id": "",
        "gis_room_id": "",
        "gis_account_id": "",
        "account_number": "0111",
        "gis_account_service_id": "",
        "gis_account_unified_number": "",
        "total_square": "",
        "residential_square": "",
        "living_person_number": "",
        "timezone": "",
        "account_identifier": "0111_2022_06_2022_06",
        "not_residential": ""
    },
    {
        "org_ppa_guid": "5948047471",
        "contract_internal_id": "0112_2022_06",
        "internal_id": "0112_2022_06",
        "fias": "",
        "address": "Нижнемуллинская 3",
        "room_number": "",
        "gis_premises_id": "",
        "gis_block_id": "",
        "gis_room_id": "",
        "gis_account_id": "",
        "account_number": "0112",
        "gis_account_service_id": "",
        "gis_account_unified_number": "",
        "total_square": "",
        "residential_square": "",
        "living_person_number": "",
        "timezone": "",
        "account_identifier": "0112_2022_06_2022_06",
        "not_residential": ""
    },
    {
        "org_ppa_guid": "5948047471",
        "contract_internal_id": "0113_2022_06",
        "internal_id": "0113_2022_06",
        "fias": "",
        "address": "Нижнемуллинская 3",
        "room_number": "",
        "gis_premises_id": "",
        "gis_block_id": "",
        "gis_room_id": "",
        "gis_account_id": "",
        "account_number": "0113",
        "gis_account_service_id": "",
        "gis_account_unified_number": "",
        "total_square": "",
        "residential_square": "",
        "living_person_number": "",
        "timezone": "",
        "account_identifier": "0113_2022_06_2022_06",
        "not_residential": ""
    },
    {
        "org_ppa_guid": "5948047471",
        "contract_internal_id": "0114_2022_06",
        "internal_id": "0114_2022_06",
        "fias": "",
        "address": "Нижнемуллинская 3",
        "room_number": "",
        "gis_premises_id": "",
        "gis_block_id": "",
        "gis_room_id": "",
        "gis_account_id": "",
        "account_number": "0114",
        "gis_account_service_id": "",
        "gis_account_unified_number": "",
        "total_square": "",
        "residential_square": "",
        "living_person_number": "",
        "timezone": "",
        "account_identifier": "0114_2022_06_2022_06",
        "not_residential": ""
    },
    {
        "org_ppa_guid": "5948047471",
        "contract_internal_id": "0115_2022_06",
        "internal_id": "0115_2022_06",
        "fias": "",
        "address": "Нижнемуллинская 3",
        "room_number": "",
        "gis_premises_id": "",
        "gis_block_id": "",
        "gis_room_id": "",
        "gis_account_id": "",
        "account_number": "0115",
        "gis_account_service_id": "",
        "gis_account_unified_number": "",
        "total_square": "",
        "residential_square": "",
        "living_person_number": "",
        "timezone": "",
        "account_identifier": "0115_2022_06_2022_06",
        "not_residential": ""
    },
    {
        "org_ppa_guid": "5948047471",
        "contract_internal_id": "0116_2022_06",
        "internal_id": "0116_2022_06",
        "fias": "",
        "address": "Нижнемуллинская 3",
        "room_number": "",
        "gis_premises_id": "",
        "gis_block_id": "",
        "gis_room_id": "",
        "gis_account_id": "",
        "account_number": "0116",
        "gis_account_service_id": "",
        "gis_account_unified_number": "",
        "total_square": "",
        "residential_square": "",
        "living_person_number": "",
        "timezone": "",
        "account_identifier": "0116_2022_06_2022_06",
        "not_residential": ""
    },
    {
        "org_ppa_guid": "5948047471",
        "contract_internal_id": "0117_2022_06",
        "internal_id": "0117_2022_06",
        "fias": "",
        "address": "Нижнемуллинская 3",
        "room_number": "",
        "gis_premises_id": "",
        "gis_block_id": "",
        "gis_room_id": "",
        "gis_account_id": "",
        "account_number": "0117",
        "gis_account_service_id": "",
        "gis_account_unified_number": "",
        "total_square": "",
        "residential_square": "",
        "living_person_number": "",
        "timezone": "",
        "account_identifier": "0117_2022_06_2022_06",
        "not_residential": ""
    },
    {
        "org_ppa_guid": "5948047471",
        "contract_internal_id": "0118_2022_06",
        "internal_id": "0118_2022_06",
        "fias": "",
        "address": "Нижнемуллинская 3",
        "room_number": "",
        "gis_premises_id": "",
        "gis_block_id": "",
        "gis_room_id": "",
        "gis_account_id": "",
        "account_number": "0118",
        "gis_account_service_id": "",
        "gis_account_unified_number": "",
        "total_square": "",
        "residential_square": "",
        "living_person_number": "",
        "timezone": "",
        "account_identifier": "0118_2022_06_2022_06",
        "not_residential": ""
    },
    {
        "org_ppa_guid": "5948047471",
        "contract_internal_id": "0119_2022_06",
        "internal_id": "0119_2022_06",
        "fias": "",
        "address": "Нижнемуллинская 3",
        "room_number": "",
        "gis_premises_id": "",
        "gis_block_id": "",
        "gis_room_id": "",
        "gis_account_id": "",
        "account_number": "0119",
        "gis_account_service_id": "",
        "gis_account_unified_number": "",
        "total_square": "",
        "residential_square": "",
        "living_person_number": "",
        "timezone": "",
        "account_identifier": "0119_2022_06_2022_06",
        "not_residential": ""
    },
    {
        "org_ppa_guid": "5948047471",
        "contract_internal_id": "0220_2022_06",
        "internal_id": "0220_2022_06",
        "fias": "",
        "address": "Нижнемуллинская 3",
        "room_number": "",
        "gis_premises_id": "",
        "gis_block_id": "",
        "gis_room_id": "",
        "gis_account_id": "",
        "account_number": "0220",
        "gis_account_service_id": "",
        "gis_account_unified_number": "",
        "total_square": "",
        "residential_square": "",
        "living_person_number": "",
        "timezone": "",
        "account_identifier": "0220_2022_06_2022_06",
        "not_residential": ""
    },
    {
        "org_ppa_guid": "5948047471",
        "contract_internal_id": "0221_2022_06",
        "internal_id": "0221_2022_06",
        "fias": "",
        "address": "Нижнемуллинская 3",
        "room_number": "",
        "gis_premises_id": "",
        "gis_block_id": "",
        "gis_room_id": "",
        "gis_account_id": "",
        "account_number": "0221",
        "gis_account_service_id": "",
        "gis_account_unified_number": "",
        "total_square": "",
        "residential_square": "",
        "living_person_number": "",
        "timezone": "",
        "account_identifier": "0221_2022_06_2022_06",
        "not_residential": ""
    },
    {
        "org_ppa_guid": "5948047471",
        "contract_internal_id": "0222_2022_06",
        "internal_id": "0222_2022_06",
        "fias": "",
        "address": "Нижнемуллинская 3",
        "room_number": "",
        "gis_premises_id": "",
        "gis_block_id": "",
        "gis_room_id": "",
        "gis_account_id": "",
        "account_number": "0222",
        "gis_account_service_id": "",
        "gis_account_unified_number": "",
        "total_square": "",
        "residential_square": "",
        "living_person_number": "",
        "timezone": "",
        "account_identifier": "0222_2022_06_2022_06",
        "not_residential": ""
    },
    {
        "org_ppa_guid": "5948047471",
        "contract_internal_id": "0223_2022_06",
        "internal_id": "0223_2022_06",
        "fias": "",
        "address": "Нижнемуллинская 3",
        "room_number": "",
        "gis_premises_id": "",
        "gis_block_id": "",
        "gis_room_id": "",
        "gis_account_id": "",
        "account_number": "0223",
        "gis_account_service_id": "",
        "gis_account_unified_number": "",
        "total_square": "",
        "residential_square": "",
        "living_person_number": "",
        "timezone": "",
        "account_identifier": "0223_2022_06_2022_06",
        "not_residential": ""
    },
    {
        "org_ppa_guid": "5948047471",
        "contract_internal_id": "0224_2022_06",
        "internal_id": "0224_2022_06",
        "fias": "",
        "address": "Нижнемуллинская 3",
        "room_number": "",
        "gis_premises_id": "",
        "gis_block_id": "",
        "gis_room_id": "",
        "gis_account_id": "",
        "account_number": "0224",
        "gis_account_service_id": "",
        "gis_account_unified_number": "",
        "total_square": "",
        "residential_square": "",
        "living_person_number": "",
        "timezone": "",
        "account_identifier": "0224_2022_06_2022_06",
        "not_residential": ""
    },
    {
        "org_ppa_guid": "5948047471",
        "contract_internal_id": "0225_2022_06",
        "internal_id": "0225_2022_06",
        "fias": "",
        "address": "Нижнемуллинская 3",
        "room_number": "",
        "gis_premises_id": "",
        "gis_block_id": "",
        "gis_room_id": "",
        "gis_account_id": "",
        "account_number": "0225",
        "gis_account_service_id": "",
        "gis_account_unified_number": "",
        "total_square": "",
        "residential_square": "",
        "living_person_number": "",
        "timezone": "",
        "account_identifier": "0225_2022_06_2022_06",
        "not_residential": ""
    },
    {
        "org_ppa_guid": "5948047471",
        "contract_internal_id": "0226_2022_06",
        "internal_id": "0226_2022_06",
        "fias": "",
        "address": "Нижнемуллинская 3",
        "room_number": "",
        "gis_premises_id": "",
        "gis_block_id": "",
        "gis_room_id": "",
        "gis_account_id": "",
        "account_number": "0226",
        "gis_account_service_id": "",
        "gis_account_unified_number": "",
        "total_square": "",
        "residential_square": "",
        "living_person_number": "",
        "timezone": "",
        "account_identifier": "0226_2022_06_2022_06",
        "not_residential": ""
    },
    {
        "org_ppa_guid": "5948047471",
        "contract_internal_id": "0227_2022_06",
        "internal_id": "0227_2022_06",
        "fias": "",
        "address": "Нижнемуллинская 3",
        "room_number": "",
        "gis_premises_id": "",
        "gis_block_id": "",
        "gis_room_id": "",
        "gis_account_id": "",
        "account_number": "0227",
        "gis_account_service_id": "",
        "gis_account_unified_number": "",
        "total_square": "",
        "residential_square": "",
        "living_person_number": "",
        "timezone": "",
        "account_identifier": "0227_2022_06_2022_06",
        "not_residential": ""
    },
    {
        "org_ppa_guid": "5948047471",
        "contract_internal_id": "0228_2022_06",
        "internal_id": "0228_2022_06",
        "fias": "",
        "address": "Нижнемуллинская 3",
        "room_number": "",
        "gis_premises_id": "",
        "gis_block_id": "",
        "gis_room_id": "",
        "gis_account_id": "",
        "account_number": "0228",
        "gis_account_service_id": "",
        "gis_account_unified_number": "",
        "total_square": "",
        "residential_square": "",
        "living_person_number": "",
        "timezone": "",
        "account_identifier": "0228_2022_06_2022_06",
        "not_residential": ""
    },
    {
        "org_ppa_guid": "5948047471",
        "contract_internal_id": "0229_2022_06",
        "internal_id": "0229_2022_06",
        "fias": "",
        "address": "Нижнемуллинская 3",
        "room_number": "",
        "gis_premises_id": "",
        "gis_block_id": "",
        "gis_room_id": "",
        "gis_account_id": "",
        "account_number": "0229",
        "gis_account_service_id": "",
        "gis_account_unified_number": "",
        "total_square": "",
        "residential_square": "",
        "living_person_number": "",
        "timezone": "",
        "account_identifier": "0229_2022_06_2022_06",
        "not_residential": ""
    },
    {
        "org_ppa_guid": "5948047471",
        "contract_internal_id": "0230_2022_06",
        "internal_id": "0230_2022_06",
        "fias": "",
        "address": "Нижнемуллинская 3",
        "room_number": "",
        "gis_premises_id": "",
        "gis_block_id": "",
        "gis_room_id": "",
        "gis_account_id": "",
        "account_number": "0230",
        "gis_account_service_id": "",
        "gis_account_unified_number": "",
        "total_square": "",
        "residential_square": "",
        "living_person_number": "",
        "timezone": "",
        "account_identifier": "0230_2022_06_2022_06",
        "not_residential": ""
    },
    {
        "org_ppa_guid": "5948047471",
        "contract_internal_id": "0231_2022_06",
        "internal_id": "0231_2022_06",
        "fias": "",
        "address": "Нижнемуллинская 3",
        "room_number": "",
        "gis_premises_id": "",
        "gis_block_id": "",
        "gis_room_id": "",
        "gis_account_id": "",
        "account_number": "0231",
        "gis_account_service_id": "",
        "gis_account_unified_number": "",
        "total_square": "",
        "residential_square": "",
        "living_person_number": "",
        "timezone": "",
        "account_identifier": "0231_2022_06_2022_06",
        "not_residential": ""
    },
    {
        "org_ppa_guid": "5948047471",
        "contract_internal_id": "0232_2022_06",
        "internal_id": "0232_2022_06",
        "fias": "",
        "address": "Нижнемуллинская 3",
        "room_number": "",
        "gis_premises_id": "",
        "gis_block_id": "",
        "gis_room_id": "",
        "gis_account_id": "",
        "account_number": "0232",
        "gis_account_service_id": "",
        "gis_account_unified_number": "",
        "total_square": "",
        "residential_square": "",
        "living_person_number": "",
        "timezone": "",
        "account_identifier": "0232_2022_06_2022_06",
        "not_residential": ""
    },
    {
        "org_ppa_guid": "5948047471",
        "contract_internal_id": "0233_2022_06",
        "internal_id": "0233_2022_06",
        "fias": "",
        "address": "Нижнемуллинская 3",
        "room_number": "",
        "gis_premises_id": "",
        "gis_block_id": "",
        "gis_room_id": "",
        "gis_account_id": "",
        "account_number": "0233",
        "gis_account_service_id": "",
        "gis_account_unified_number": "",
        "total_square": "",
        "residential_square": "",
        "living_person_number": "",
        "timezone": "",
        "account_identifier": "0233_2022_06_2022_06",
        "not_residential": ""
    },
    {
        "org_ppa_guid": "5948047471",
        "contract_internal_id": "0234_2022_06",
        "internal_id": "0234_2022_06",
        "fias": "",
        "address": "Нижнемуллинская 3",
        "room_number": "",
        "gis_premises_id": "",
        "gis_block_id": "",
        "gis_room_id": "",
        "gis_account_id": "",
        "account_number": "0234",
        "gis_account_service_id": "",
        "gis_account_unified_number": "",
        "total_square": "",
        "residential_square": "",
        "living_person_number": "",
        "timezone": "",
        "account_identifier": "0234_2022_06_2022_06",
        "not_residential": ""
    },
    {
        "org_ppa_guid": "5948047471",
        "contract_internal_id": "0235_2022_06",
        "internal_id": "0235_2022_06",
        "fias": "",
        "address": "Нижнемуллинская 3",
        "room_number": "",
        "gis_premises_id": "",
        "gis_block_id": "",
        "gis_room_id": "",
        "gis_account_id": "",
        "account_number": "0235",
        "gis_account_service_id": "",
        "gis_account_unified_number": "",
        "total_square": "",
        "residential_square": "",
        "living_person_number": "",
        "timezone": "",
        "account_identifier": "0235_2022_06_2022_06",
        "not_residential": ""
    },
    {
        "org_ppa_guid": "5948047471",
        "contract_internal_id": "0236_2022_06",
        "internal_id": "0236_2022_06",
        "fias": "",
        "address": "Нижнемуллинская 3",
        "room_number": "",
        "gis_premises_id": "",
        "gis_block_id": "",
        "gis_room_id": "",
        "gis_account_id": "",
        "account_number": "0236",
        "gis_account_service_id": "",
        "gis_account_unified_number": "",
        "total_square": "",
        "residential_square": "",
        "living_person_number": "",
        "timezone": "",
        "account_identifier": "0236_2022_06_2022_06",
        "not_residential": ""
    },
    {
        "org_ppa_guid": "5948047471",
        "contract_internal_id": "0237_2022_06",
        "internal_id": "0237_2022_06",
        "fias": "",
        "address": "Нижнемуллинская 3",
        "room_number": "",
        "gis_premises_id": "",
        "gis_block_id": "",
        "gis_room_id": "",
        "gis_account_id": "",
        "account_number": "0237",
        "gis_account_service_id": "",
        "gis_account_unified_number": "",
        "total_square": "",
        "residential_square": "",
        "living_person_number": "",
        "timezone": "",
        "account_identifier": "0237_2022_06_2022_06",
        "not_residential": ""
    },
    {
        "org_ppa_guid": "5948047471",
        "contract_internal_id": "0238_2022_06",
        "internal_id": "0238_2022_06",
        "fias": "",
        "address": "Нижнемуллинская 3",
        "room_number": "",
        "gis_premises_id": "",
        "gis_block_id": "",
        "gis_room_id": "",
        "gis_account_id": "",
        "account_number": "0238",
        "gis_account_service_id": "",
        "gis_account_unified_number": "",
        "total_square": "",
        "residential_square": "",
        "living_person_number": "",
        "timezone": "",
        "account_identifier": "0238_2022_06_2022_06",
        "not_residential": ""
    },
    {
        "org_ppa_guid": "5948047471",
        "contract_internal_id": "0339_2022_06",
        "internal_id": "0339_2022_06",
        "fias": "",
        "address": "Нижнемуллинская 3",
        "room_number": "",
        "gis_premises_id": "",
        "gis_block_id": "",
        "gis_room_id": "",
        "gis_account_id": "",
        "account_number": "0339",
        "gis_account_service_id": "",
        "gis_account_unified_number": "",
        "total_square": "",
        "residential_square": "",
        "living_person_number": "",
        "timezone": "",
        "account_identifier": "0339_2022_06_2022_06",
        "not_residential": ""
    },
    {
        "org_ppa_guid": "5948047471",
        "contract_internal_id": "0340_2022_06",
        "internal_id": "0340_2022_06",
        "fias": "",
        "address": "Нижнемуллинская 3",
        "room_number": "",
        "gis_premises_id": "",
        "gis_block_id": "",
        "gis_room_id": "",
        "gis_account_id": "",
        "account_number": "0340",
        "gis_account_service_id": "",
        "gis_account_unified_number": "",
        "total_square": "",
        "residential_square": "",
        "living_person_number": "",
        "timezone": "",
        "account_identifier": "0340_2022_06_2022_06",
        "not_residential": ""
    },
    {
        "org_ppa_guid": "5948047471",
        "contract_internal_id": "0341_2022_06",
        "internal_id": "0341_2022_06",
        "fias": "",
        "address": "Нижнемуллинская 3",
        "room_number": "",
        "gis_premises_id": "",
        "gis_block_id": "",
        "gis_room_id": "",
        "gis_account_id": "",
        "account_number": "0341",
        "gis_account_service_id": "",
        "gis_account_unified_number": "",
        "total_square": "",
        "residential_square": "",
        "living_person_number": "",
        "timezone": "",
        "account_identifier": "0341_2022_06_2022_06",
        "not_residential": ""
    },
    {
        "org_ppa_guid": "5948047471",
        "contract_internal_id": "0342_2022_06",
        "internal_id": "0342_2022_06",
        "fias": "",
        "address": "Нижнемуллинская 3",
        "room_number": "",
        "gis_premises_id": "",
        "gis_block_id": "",
        "gis_room_id": "",
        "gis_account_id": "",
        "account_number": "0342",
        "gis_account_service_id": "",
        "gis_account_unified_number": "",
        "total_square": "",
        "residential_square": "",
        "living_person_number": "",
        "timezone": "",
        "account_identifier": "0342_2022_06_2022_06",
        "not_residential": ""
    },
    {
        "org_ppa_guid": "5948047471",
        "contract_internal_id": "0343_2022_06",
        "internal_id": "0343_2022_06",
        "fias": "",
        "address": "Нижнемуллинская 3",
        "room_number": "",
        "gis_premises_id": "",
        "gis_block_id": "",
        "gis_room_id": "",
        "gis_account_id": "",
        "account_number": "0343",
        "gis_account_service_id": "",
        "gis_account_unified_number": "",
        "total_square": "",
        "residential_square": "",
        "living_person_number": "",
        "timezone": "",
        "account_identifier": "0343_2022_06_2022_06",
        "not_residential": ""
    },
    {
        "org_ppa_guid": "5948047471",
        "contract_internal_id": "0344_2022_06",
        "internal_id": "0344_2022_06",
        "fias": "",
        "address": "Нижнемуллинская 3",
        "room_number": "",
        "gis_premises_id": "",
        "gis_block_id": "",
        "gis_room_id": "",
        "gis_account_id": "",
        "account_number": "0344",
        "gis_account_service_id": "",
        "gis_account_unified_number": "",
        "total_square": "",
        "residential_square": "",
        "living_person_number": "",
        "timezone": "",
        "account_identifier": "0344_2022_06_2022_06",
        "not_residential": ""
    },
    {
        "org_ppa_guid": "5948047471",
        "contract_internal_id": "0345_2022_06",
        "internal_id": "0345_2022_06",
        "fias": "",
        "address": "Нижнемуллинская 3",
        "room_number": "",
        "gis_premises_id": "",
        "gis_block_id": "",
        "gis_room_id": "",
        "gis_account_id": "",
        "account_number": "0345",
        "gis_account_service_id": "",
        "gis_account_unified_number": "",
        "total_square": "",
        "residential_square": "",
        "living_person_number": "",
        "timezone": "",
        "account_identifier": "0345_2022_06_2022_06",
        "not_residential": ""
    },
    {
        "org_ppa_guid": "5948047471",
        "contract_internal_id": "0346_2022_06",
        "internal_id": "0346_2022_06",
        "fias": "",
        "address": "Нижнемуллинская 3",
        "room_number": "",
        "gis_premises_id": "",
        "gis_block_id": "",
        "gis_room_id": "",
        "gis_account_id": "",
        "account_number": "0346",
        "gis_account_service_id": "",
        "gis_account_unified_number": "",
        "total_square": "",
        "residential_square": "",
        "living_person_number": "",
        "timezone": "",
        "account_identifier": "0346_2022_06_2022_06",
        "not_residential": ""
    },
    {
        "org_ppa_guid": "5948047471",
        "contract_internal_id": "0347_2022_06",
        "internal_id": "0347_2022_06",
        "fias": "",
        "address": "Нижнемуллинская 3",
        "room_number": "",
        "gis_premises_id": "",
        "gis_block_id": "",
        "gis_room_id": "",
        "gis_account_id": "",
        "account_number": "0347",
        "gis_account_service_id": "",
        "gis_account_unified_number": "",
        "total_square": "",
        "residential_square": "",
        "living_person_number": "",
        "timezone": "",
        "account_identifier": "0347_2022_06_2022_06",
        "not_residential": ""
    },
    {
        "org_ppa_guid": "5948047471",
        "contract_internal_id": "0348_2022_06",
        "internal_id": "0348_2022_06",
        "fias": "",
        "address": "Нижнемуллинская 3",
        "room_number": "",
        "gis_premises_id": "",
        "gis_block_id": "",
        "gis_room_id": "",
        "gis_account_id": "",
        "account_number": "0348",
        "gis_account_service_id": "",
        "gis_account_unified_number": "",
        "total_square": "",
        "residential_square": "",
        "living_person_number": "",
        "timezone": "",
        "account_identifier": "0348_2022_06_2022_06",
        "not_residential": ""
    },
    {
        "org_ppa_guid": "5948047471",
        "contract_internal_id": "0349_2022_06",
        "internal_id": "0349_2022_06",
        "fias": "",
        "address": "Нижнемуллинская 3",
        "room_number": "",
        "gis_premises_id": "",
        "gis_block_id": "",
        "gis_room_id": "",
        "gis_account_id": "",
        "account_number": "0349",
        "gis_account_service_id": "",
        "gis_account_unified_number": "",
        "total_square": "",
        "residential_square": "",
        "living_person_number": "",
        "timezone": "",
        "account_identifier": "0349_2022_06_2022_06",
        "not_residential": ""
    },
    {
        "org_ppa_guid": "5948047471",
        "contract_internal_id": "0350_2022_06",
        "internal_id": "0350_2022_06",
        "fias": "",
        "address": "Нижнемуллинская 3",
        "room_number": "",
        "gis_premises_id": "",
        "gis_block_id": "",
        "gis_room_id": "",
        "gis_account_id": "",
        "account_number": "0350",
        "gis_account_service_id": "",
        "gis_account_unified_number": "",
        "total_square": "",
        "residential_square": "",
        "living_person_number": "",
        "timezone": "",
        "account_identifier": "0350_2022_06_2022_06",
        "not_residential": ""
    },
    {
        "org_ppa_guid": "5948047471",
        "contract_internal_id": "0351_2022_06",
        "internal_id": "0351_2022_06",
        "fias": "",
        "address": "Нижнемуллинская 3",
        "room_number": "",
        "gis_premises_id": "",
        "gis_block_id": "",
        "gis_room_id": "",
        "gis_account_id": "",
        "account_number": "0351",
        "gis_account_service_id": "",
        "gis_account_unified_number": "",
        "total_square": "",
        "residential_square": "",
        "living_person_number": "",
        "timezone": "",
        "account_identifier": "0351_2022_06_2022_06",
        "not_residential": ""
    },
    {
        "org_ppa_guid": "5948047471",
        "contract_internal_id": "0352_2022_06",
        "internal_id": "0352_2022_06",
        "fias": "",
        "address": "Нижнемуллинская 3",
        "room_number": "",
        "gis_premises_id": "",
        "gis_block_id": "",
        "gis_room_id": "",
        "gis_account_id": "",
        "account_number": "0352",
        "gis_account_service_id": "",
        "gis_account_unified_number": "",
        "total_square": "",
        "residential_square": "",
        "living_person_number": "",
        "timezone": "",
        "account_identifier": "0352_2022_06_2022_06",
        "not_residential": ""
    },
    {
        "org_ppa_guid": "5948047471",
        "contract_internal_id": "0353_2022_06",
        "internal_id": "0353_2022_06",
        "fias": "",
        "address": "Нижнемуллинская 3",
        "room_number": "",
        "gis_premises_id": "",
        "gis_block_id": "",
        "gis_room_id": "",
        "gis_account_id": "",
        "account_number": "0353",
        "gis_account_service_id": "",
        "gis_account_unified_number": "",
        "total_square": "",
        "residential_square": "",
        "living_person_number": "",
        "timezone": "",
        "account_identifier": "0353_2022_06_2022_06",
        "not_residential": ""
    },
    {
        "org_ppa_guid": "5948047471",
        "contract_internal_id": "0354_2022_06",
        "internal_id": "0354_2022_06",
        "fias": "",
        "address": "Нижнемуллинская 3",
        "room_number": "",
        "gis_premises_id": "",
        "gis_block_id": "",
        "gis_room_id": "",
        "gis_account_id": "",
        "account_number": "0354",
        "gis_account_service_id": "",
        "gis_account_unified_number": "",
        "total_square": "",
        "residential_square": "",
        "living_person_number": "",
        "timezone": "",
        "account_identifier": "0354_2022_06_2022_06",
        "not_residential": ""
    },
    {
        "org_ppa_guid": "5948047471",
        "contract_internal_id": "0355_2022_06",
        "internal_id": "0355_2022_06",
        "fias": "",
        "address": "Нижнемуллинская 3",
        "room_number": "",
        "gis_premises_id": "",
        "gis_block_id": "",
        "gis_room_id": "",
        "gis_account_id": "",
        "account_number": "0355",
        "gis_account_service_id": "",
        "gis_account_unified_number": "",
        "total_square": "",
        "residential_square": "",
        "living_person_number": "",
        "timezone": "",
        "account_identifier": "0355_2022_06_2022_06",
        "not_residential": ""
    },
    {
        "org_ppa_guid": "5948047471",
        "contract_internal_id": "0356_2022_06",
        "internal_id": "0356_2022_06",
        "fias": "",
        "address": "Нижнемуллинская 3",
        "room_number": "",
        "gis_premises_id": "",
        "gis_block_id": "",
        "gis_room_id": "",
        "gis_account_id": "",
        "account_number": "0356",
        "gis_account_service_id": "",
        "gis_account_unified_number": "",
        "total_square": "",
        "residential_square": "",
        "living_person_number": "",
        "timezone": "",
        "account_identifier": "0356_2022_06_2022_06",
        "not_residential": ""
    },
    {
        "org_ppa_guid": "5948047471",
        "contract_internal_id": "0357_2022_06",
        "internal_id": "0357_2022_06",
        "fias": "",
        "address": "Нижнемуллинская 3",
        "room_number": "",
        "gis_premises_id": "",
        "gis_block_id": "",
        "gis_room_id": "",
        "gis_account_id": "",
        "account_number": "0357",
        "gis_account_service_id": "",
        "gis_account_unified_number": "",
        "total_square": "",
        "residential_square": "",
        "living_person_number": "",
        "timezone": "",
        "account_identifier": "0357_2022_06_2022_06",
        "not_residential": ""
    },
    {
        "org_ppa_guid": "5948047471",
        "contract_internal_id": "0358_2022_06",
        "internal_id": "0358_2022_06",
        "fias": "",
        "address": "Нижнемуллинская 3",
        "room_number": "",
        "gis_premises_id": "",
        "gis_block_id": "",
        "gis_room_id": "",
        "gis_account_id": "",
        "account_number": "0358",
        "gis_account_service_id": "",
        "gis_account_unified_number": "",
        "total_square": "",
        "residential_square": "",
        "living_person_number": "",
        "timezone": "",
        "account_identifier": "0358_2022_06_2022_06",
        "not_residential": ""
    }
]