[
    {
        "org_ppa_guid": "7838413520",
        "internal_id": "240000001_2022_02",
        "account_internal_id": "240000001_2022_02",
        "gis_id": "240000001_2022_02",
        "month": "01.02.2022",
        "credit": "-3941.49",
        "saldo": "425.88",
        "payment_value": "0.0",
        "payment_date": "",
        "bill_value": "",
        "account_number": "",
        "bank_bik": ""
    },
    {
        "org_ppa_guid": "7838413520",
        "internal_id": "240000002_2022_02",
        "account_internal_id": "240000002_2022_02",
        "gis_id": "240000002_2022_02",
        "month": "01.02.2022",
        "credit": "999.47",
        "saldo": "1925.43",
        "payment_value": "0.0",
        "payment_date": "",
        "bill_value": "",
        "account_number": "",
        "bank_bik": ""
    },
    {
        "org_ppa_guid": "7838413520",
        "internal_id": "240000003_2022_02",
        "account_internal_id": "240000003_2022_02",
        "gis_id": "240000003_2022_02",
        "month": "01.02.2022",
        "credit": "-310.28",
        "saldo": "-310.28",
        "payment_value": "1476.21",
        "payment_date": "01.02.2022",
        "bill_value": "",
        "account_number": "",
        "bank_bik": ""
    },
    {
        "org_ppa_guid": "7838413520",
        "internal_id": "240000004_2022_02",
        "account_internal_id": "240000004_2022_02",
        "gis_id": "240000004_2022_02",
        "month": "01.02.2022",
        "credit": "1427.25",
        "saldo": "2343.96",
        "payment_value": "0.0",
        "payment_date": "",
        "bill_value": "",
        "account_number": "",
        "bank_bik": ""
    },
    {
        "org_ppa_guid": "7838413520",
        "internal_id": "240000005_2022_02",
        "account_internal_id": "240000005_2022_02",
        "gis_id": "240000005_2022_02",
        "month": "01.02.2022",
        "credit": "4369.77",
        "saldo": "5835.58",
        "payment_value": "0.0",
        "payment_date": "",
        "bill_value": "",
        "account_number": "",
        "bank_bik": ""
    },
    {
        "org_ppa_guid": "7838413520",
        "internal_id": "240000006_2022_02",
        "account_internal_id": "240000006_2022_02",
        "gis_id": "240000006_2022_02",
        "month": "01.02.2022",
        "credit": "10096.96",
        "saldo": "9856.62",
        "payment_value": "4867.81",
        "payment_date": "01.02.2022",
        "bill_value": "",
        "account_number": "",
        "bank_bik": ""
    },
    {
        "org_ppa_guid": "7838413520",
        "internal_id": "240000008_2022_02",
        "account_internal_id": "240000008_2022_02",
        "gis_id": "240000008_2022_02",
        "month": "01.02.2022",
        "credit": "3490.17",
        "saldo": "5514.33",
        "payment_value": "0.0",
        "payment_date": "",
        "bill_value": "",
        "account_number": "",
        "bank_bik": ""
    },
    {
        "org_ppa_guid": "7838413520",
        "internal_id": "240000009_2022_02",
        "account_internal_id": "240000009_2022_02",
        "gis_id": "240000009_2022_02",
        "month": "01.02.2022",
        "credit": "389.78",
        "saldo": "-833.68",
        "payment_value": "2521.65",
        "payment_date": "01.02.2022",
        "bill_value": "",
        "account_number": "",
        "bank_bik": ""
    },
    {
        "org_ppa_guid": "7838413520",
        "internal_id": "240000010_2022_02",
        "account_internal_id": "240000010_2022_02",
        "gis_id": "240000010_2022_02",
        "month": "01.02.2022",
        "credit": "1025.38",
        "saldo": "1025.38",
        "payment_value": "1463.5",
        "payment_date": "01.02.2022",
        "bill_value": "",
        "account_number": "",
        "bank_bik": ""
    },
    {
        "org_ppa_guid": "7838413520",
        "internal_id": "240000011_2022_02",
        "account_internal_id": "240000011_2022_02",
        "gis_id": "240000011_2022_02",
        "month": "01.02.2022",
        "credit": "5759.68",
        "saldo": "2304.18",
        "payment_value": "6735.07",
        "payment_date": "01.02.2022",
        "bill_value": "",
        "account_number": "",
        "bank_bik": ""
    },
    {
        "org_ppa_guid": "7838413520",
        "internal_id": "240000012_2022_02",
        "account_internal_id": "240000012_2022_02",
        "gis_id": "240000012_2022_02",
        "month": "01.02.2022",
        "credit": "2938.6",
        "saldo": "2938.6",
        "payment_value": "1614.93",
        "payment_date": "01.02.2022",
        "bill_value": "",
        "account_number": "",
        "bank_bik": ""
    },
    {
        "org_ppa_guid": "7838413520",
        "internal_id": "240000013_2022_02",
        "account_internal_id": "240000013_2022_02",
        "gis_id": "240000013_2022_02",
        "month": "01.02.2022",
        "credit": "302.08",
        "saldo": "302.08",
        "payment_value": "1460.03",
        "payment_date": "01.02.2022",
        "bill_value": "",
        "account_number": "",
        "bank_bik": ""
    },
    {
        "org_ppa_guid": "7838413520",
        "internal_id": "240000014_2022_02",
        "account_internal_id": "240000014_2022_02",
        "gis_id": "240000014_2022_02",
        "month": "01.02.2022",
        "credit": "-545.83",
        "saldo": "1218.23",
        "payment_value": "0.0",
        "payment_date": "",
        "bill_value": "",
        "account_number": "",
        "bank_bik": ""
    },
    {
        "org_ppa_guid": "7838413520",
        "internal_id": "240000015_2022_02",
        "account_internal_id": "240000015_2022_02",
        "gis_id": "240000015_2022_02",
        "month": "01.02.2022",
        "credit": "243.88",
        "saldo": "243.88",
        "payment_value": "1603.37",
        "payment_date": "01.02.2022",
        "bill_value": "",
        "account_number": "",
        "bank_bik": ""
    },
    {
        "org_ppa_guid": "7838413520",
        "internal_id": "240000016_2022_02",
        "account_internal_id": "240000016_2022_02",
        "gis_id": "240000016_2022_02",
        "month": "01.02.2022",
        "credit": "1099.23",
        "saldo": "2554.63",
        "payment_value": "0.0",
        "payment_date": "",
        "bill_value": "",
        "account_number": "",
        "bank_bik": ""
    },
    {
        "org_ppa_guid": "7838413520",
        "internal_id": "240000017_2022_02",
        "account_internal_id": "240000017_2022_02",
        "gis_id": "240000017_2022_02",
        "month": "01.02.2022",
        "credit": "6027.74",
        "saldo": "7788.33",
        "payment_value": "0.0",
        "payment_date": "",
        "bill_value": "",
        "account_number": "",
        "bank_bik": ""
    },
    {
        "org_ppa_guid": "7838413520",
        "internal_id": "240000018_2022_02",
        "account_internal_id": "240000018_2022_02",
        "gis_id": "240000018_2022_02",
        "month": "01.02.2022",
        "credit": "3513.77",
        "saldo": "5115.99",
        "payment_value": "0.0",
        "payment_date": "",
        "bill_value": "",
        "account_number": "",
        "bank_bik": ""
    },
    {
        "org_ppa_guid": "7838413520",
        "internal_id": "240000019_2022_02",
        "account_internal_id": "240000019_2022_02",
        "gis_id": "240000019_2022_02",
        "month": "01.02.2022",
        "credit": "321.09",
        "saldo": "1773.03",
        "payment_value": "0.0",
        "payment_date": "",
        "bill_value": "",
        "account_number": "",
        "bank_bik": ""
    },
    {
        "org_ppa_guid": "7838413520",
        "internal_id": "240000020_2022_02",
        "account_internal_id": "240000020_2022_02",
        "gis_id": "240000020_2022_02",
        "month": "01.02.2022",
        "credit": "-489.63",
        "saldo": "1262.87",
        "payment_value": "0.0",
        "payment_date": "",
        "bill_value": "",
        "account_number": "",
        "bank_bik": ""
    },
    {
        "org_ppa_guid": "7838413520",
        "internal_id": "240000021_2022_02",
        "account_internal_id": "240000021_2022_02",
        "gis_id": "240000021_2022_02",
        "month": "01.02.2022",
        "credit": "678.65",
        "saldo": "678.65",
        "payment_value": "1589.5",
        "payment_date": "01.02.2022",
        "bill_value": "",
        "account_number": "",
        "bank_bik": ""
    },
    {
        "org_ppa_guid": "7838413520",
        "internal_id": "240000022_2022_02",
        "account_internal_id": "240000022_2022_02",
        "gis_id": "240000022_2022_02",
        "month": "01.02.2022",
        "credit": "1809.9",
        "saldo": "1809.9",
        "payment_value": "1441.53",
        "payment_date": "01.02.2022",
        "bill_value": "",
        "account_number": "",
        "bank_bik": ""
    },
    {
        "org_ppa_guid": "7838413520",
        "internal_id": "240000023_2022_02",
        "account_internal_id": "240000023_2022_02",
        "gis_id": "240000023_2022_02",
        "month": "01.02.2022",
        "credit": "-340.91",
        "saldo": "1401.18",
        "payment_value": "0.0",
        "payment_date": "",
        "bill_value": "",
        "account_number": "",
        "bank_bik": ""
    },
    {
        "org_ppa_guid": "7838413520",
        "internal_id": "240000024_2022_02",
        "account_internal_id": "240000024_2022_02",
        "gis_id": "240000024_2022_02",
        "month": "01.02.2022",
        "credit": "-908.27",
        "saldo": "-908.27",
        "payment_value": "1480.84",
        "payment_date": "01.02.2022",
        "bill_value": "",
        "account_number": "",
        "bank_bik": ""
    },
    {
        "org_ppa_guid": "7838413520",
        "internal_id": "240000025_2022_02",
        "account_internal_id": "240000025_2022_02",
        "gis_id": "240000025_2022_02",
        "month": "01.02.2022",
        "credit": "3047.1",
        "saldo": "3047.1",
        "payment_value": "1388.36",
        "payment_date": "01.02.2022",
        "bill_value": "",
        "account_number": "",
        "bank_bik": ""
    },
    {
        "org_ppa_guid": "7838413520",
        "internal_id": "240000026_2022_02",
        "account_internal_id": "240000026_2022_02",
        "gis_id": "240000026_2022_02",
        "month": "01.02.2022",
        "credit": "2647.12",
        "saldo": "2647.12",
        "payment_value": "1693.54",
        "payment_date": "01.02.2022",
        "bill_value": "",
        "account_number": "",
        "bank_bik": ""
    },
    {
        "org_ppa_guid": "7838413520",
        "internal_id": "240000027_2022_02",
        "account_internal_id": "240000027_2022_02",
        "gis_id": "240000027_2022_02",
        "month": "01.02.2022",
        "credit": "4362.76",
        "saldo": "4362.76",
        "payment_value": "1677.36",
        "payment_date": "01.02.2022",
        "bill_value": "",
        "account_number": "",
        "bank_bik": ""
    },
    {
        "org_ppa_guid": "7838413520",
        "internal_id": "240000028_2022_02",
        "account_internal_id": "240000028_2022_02",
        "gis_id": "240000028_2022_02",
        "month": "01.02.2022",
        "credit": "5827.2",
        "saldo": "7371.62",
        "payment_value": "0.0",
        "payment_date": "",
        "bill_value": "",
        "account_number": "",
        "bank_bik": ""
    },
    {
        "org_ppa_guid": "7838413520",
        "internal_id": "240000029_2022_02",
        "account_internal_id": "240000029_2022_02",
        "gis_id": "240000029_2022_02",
        "month": "01.02.2022",
        "credit": "296.54",
        "saldo": "2342.66",
        "payment_value": "0.0",
        "payment_date": "",
        "bill_value": "",
        "account_number": "",
        "bank_bik": ""
    },
    {
        "org_ppa_guid": "7838413520",
        "internal_id": "240000030_2022_02",
        "account_internal_id": "240000030_2022_02",
        "gis_id": "240000030_2022_02",
        "month": "01.02.2022",
        "credit": "575.75",
        "saldo": "575.75",
        "payment_value": "1937.46",
        "payment_date": "01.02.2022",
        "bill_value": "",
        "account_number": "",
        "bank_bik": ""
    },
    {
        "org_ppa_guid": "7838413520",
        "internal_id": "240000031_2022_02",
        "account_internal_id": "240000031_2022_02",
        "gis_id": "240000031_2022_02",
        "month": "01.02.2022",
        "credit": "412.74",
        "saldo": "-598.62",
        "payment_value": "1938.47",
        "payment_date": "01.02.2022",
        "bill_value": "",
        "account_number": "",
        "bank_bik": ""
    },
    {
        "org_ppa_guid": "7838413520",
        "internal_id": "240000032_2022_02",
        "account_internal_id": "240000032_2022_02",
        "gis_id": "240000032_2022_02",
        "month": "01.02.2022",
        "credit": "2833.55",
        "saldo": "2833.55",
        "payment_value": "1992.94",
        "payment_date": "01.02.2022",
        "bill_value": "",
        "account_number": "",
        "bank_bik": ""
    },
    {
        "org_ppa_guid": "7838413520",
        "internal_id": "240000033_2022_02",
        "account_internal_id": "240000033_2022_02",
        "gis_id": "240000033_2022_02",
        "month": "01.02.2022",
        "credit": "711.98",
        "saldo": "711.98",
        "payment_value": "1925.9",
        "payment_date": "01.02.2022",
        "bill_value": "",
        "account_number": "",
        "bank_bik": ""
    },
    {
        "org_ppa_guid": "7838413520",
        "internal_id": "240000034_2022_02",
        "account_internal_id": "240000034_2022_02",
        "gis_id": "240000034_2022_02",
        "month": "01.02.2022",
        "credit": "4171.17",
        "saldo": "5089.03",
        "payment_value": "0.0",
        "payment_date": "",
        "bill_value": "",
        "account_number": "",
        "bank_bik": ""
    },
    {
        "org_ppa_guid": "7838413520",
        "internal_id": "240000035_2022_02",
        "account_internal_id": "240000035_2022_02",
        "gis_id": "240000035_2022_02",
        "month": "01.02.2022",
        "credit": "3485.33",
        "saldo": "5471.34",
        "payment_value": "0.0",
        "payment_date": "",
        "bill_value": "",
        "account_number": "",
        "bank_bik": ""
    },
    {
        "org_ppa_guid": "7838413520",
        "internal_id": "240000036_2022_02",
        "account_internal_id": "240000036_2022_02",
        "gis_id": "240000036_2022_02",
        "month": "01.02.2022",
        "credit": "5682.46",
        "saldo": "5682.46",
        "payment_value": "1928.21",
        "payment_date": "01.02.2022",
        "bill_value": "",
        "account_number": "",
        "bank_bik": ""
    },
    {
        "org_ppa_guid": "7838413520",
        "internal_id": "240000037_2022_02",
        "account_internal_id": "240000037_2022_02",
        "gis_id": "240000037_2022_02",
        "month": "01.02.2022",
        "credit": "1717.96",
        "saldo": "4617.21",
        "payment_value": "0.0",
        "payment_date": "",
        "bill_value": "",
        "account_number": "",
        "bank_bik": ""
    },
    {
        "org_ppa_guid": "7838413520",
        "internal_id": "240000039_2022_02",
        "account_internal_id": "240000039_2022_02",
        "gis_id": "240000039_2022_02",
        "month": "01.02.2022",
        "credit": "753.96",
        "saldo": "2668.3",
        "payment_value": "0.0",
        "payment_date": "",
        "bill_value": "",
        "account_number": "",
        "bank_bik": ""
    },
    {
        "org_ppa_guid": "7838413520",
        "internal_id": "240000040_2022_02",
        "account_internal_id": "240000040_2022_02",
        "gis_id": "240000040_2022_02",
        "month": "01.02.2022",
        "credit": "-1774.08",
        "saldo": "-870.09",
        "payment_value": "0.0",
        "payment_date": "",
        "bill_value": "",
        "account_number": "",
        "bank_bik": ""
    },
    {
        "org_ppa_guid": "7838413520",
        "internal_id": "240000041_2022_02",
        "account_internal_id": "240000041_2022_02",
        "gis_id": "240000041_2022_02",
        "month": "01.02.2022",
        "credit": "10213.36",
        "saldo": "12698.76",
        "payment_value": "0.0",
        "payment_date": "",
        "bill_value": "",
        "account_number": "",
        "bank_bik": ""
    },
    {
        "org_ppa_guid": "7838413520",
        "internal_id": "240000042_2022_02",
        "account_internal_id": "240000042_2022_02",
        "gis_id": "240000042_2022_02",
        "month": "01.02.2022",
        "credit": "616.79",
        "saldo": "616.79",
        "payment_value": "2145.54",
        "payment_date": "01.02.2022",
        "bill_value": "",
        "account_number": "",
        "bank_bik": ""
    },
    {
        "org_ppa_guid": "7838413520",
        "internal_id": "240000043_2022_02",
        "account_internal_id": "240000043_2022_02",
        "gis_id": "240000043_2022_02",
        "month": "01.02.2022",
        "credit": "9563.34",
        "saldo": "13167.75",
        "payment_value": "0.0",
        "payment_date": "",
        "bill_value": "",
        "account_number": "",
        "bank_bik": ""
    },
    {
        "org_ppa_guid": "7838413520",
        "internal_id": "240000044_2022_02",
        "account_internal_id": "240000044_2022_02",
        "gis_id": "240000044_2022_02",
        "month": "01.02.2022",
        "credit": "15839.21",
        "saldo": "17885.33",
        "payment_value": "0.0",
        "payment_date": "",
        "bill_value": "",
        "account_number": "",
        "bank_bik": ""
    },
    {
        "org_ppa_guid": "7838413520",
        "internal_id": "240000045_2022_02",
        "account_internal_id": "240000045_2022_02",
        "gis_id": "240000045_2022_02",
        "month": "01.02.2022",
        "credit": "6333.72",
        "saldo": "7881.6",
        "payment_value": "0.0",
        "payment_date": "",
        "bill_value": "",
        "account_number": "",
        "bank_bik": ""
    },
    {
        "org_ppa_guid": "7838413520",
        "internal_id": "240000046_2022_02",
        "account_internal_id": "240000046_2022_02",
        "gis_id": "240000046_2022_02",
        "month": "01.02.2022",
        "credit": "2916.26",
        "saldo": "2916.26",
        "payment_value": "1678.51",
        "payment_date": "01.02.2022",
        "bill_value": "",
        "account_number": "",
        "bank_bik": ""
    },
    {
        "org_ppa_guid": "7838413520",
        "internal_id": "240000047_2022_02",
        "account_internal_id": "240000047_2022_02",
        "gis_id": "240000047_2022_02",
        "month": "01.02.2022",
        "credit": "1064.32",
        "saldo": "1064.32",
        "payment_value": "1990.63",
        "payment_date": "01.02.2022",
        "bill_value": "",
        "account_number": "",
        "bank_bik": ""
    },
    {
        "org_ppa_guid": "7838413520",
        "internal_id": "240000048_2022_02",
        "account_internal_id": "240000048_2022_02",
        "gis_id": "240000048_2022_02",
        "month": "01.02.2022",
        "credit": "683.47",
        "saldo": "685.72",
        "payment_value": "922.55",
        "payment_date": "01.02.2022",
        "bill_value": "",
        "account_number": "",
        "bank_bik": ""
    },
    {
        "org_ppa_guid": "7838413520",
        "internal_id": "240000049_2022_02",
        "account_internal_id": "240000049_2022_02",
        "gis_id": "240000049_2022_02",
        "month": "01.02.2022",
        "credit": "11410.25",
        "saldo": "13329.21",
        "payment_value": "0.0",
        "payment_date": "",
        "bill_value": "",
        "account_number": "",
        "bank_bik": ""
    },
    {
        "org_ppa_guid": "7838413520",
        "internal_id": "240000050_2022_02",
        "account_internal_id": "240000050_2022_02",
        "gis_id": "240000050_2022_02",
        "month": "01.02.2022",
        "credit": "-38.39",
        "saldo": "-38.39",
        "payment_value": "1991.79",
        "payment_date": "01.02.2022",
        "bill_value": "",
        "account_number": "",
        "bank_bik": ""
    },
    {
        "org_ppa_guid": "7838413520",
        "internal_id": "240000051_2022_02",
        "account_internal_id": "240000051_2022_02",
        "gis_id": "240000051_2022_02",
        "month": "01.02.2022",
        "credit": "-35.05",
        "saldo": "-35.05",
        "payment_value": "915.55",
        "payment_date": "01.02.2022",
        "bill_value": "",
        "account_number": "",
        "bank_bik": ""
    },
    {
        "org_ppa_guid": "7838413520",
        "internal_id": "240000052_2022_02",
        "account_internal_id": "240000052_2022_02",
        "gis_id": "240000052_2022_02",
        "month": "01.02.2022",
        "credit": "3660.62",
        "saldo": "5581.89",
        "payment_value": "0.0",
        "payment_date": "",
        "bill_value": "",
        "account_number": "",
        "bank_bik": ""
    },
    {
        "org_ppa_guid": "7838413520",
        "internal_id": "240000053_2022_02",
        "account_internal_id": "240000053_2022_02",
        "gis_id": "240000053_2022_02",
        "month": "01.02.2022",
        "credit": "190.33",
        "saldo": "3032.93",
        "payment_value": "0.0",
        "payment_date": "",
        "bill_value": "",
        "account_number": "",
        "bank_bik": ""
    },
    {
        "org_ppa_guid": "7838413520",
        "internal_id": "240000054_2022_02",
        "account_internal_id": "240000054_2022_02",
        "gis_id": "240000054_2022_02",
        "month": "01.02.2022",
        "credit": "1844.23",
        "saldo": "3756.25",
        "payment_value": "0.0",
        "payment_date": "",
        "bill_value": "",
        "account_number": "",
        "bank_bik": ""
    },
    {
        "org_ppa_guid": "7838413520",
        "internal_id": "240000055_2022_02",
        "account_internal_id": "240000055_2022_02",
        "gis_id": "240000055_2022_02",
        "month": "01.02.2022",
        "credit": "4597.72",
        "saldo": "4597.72",
        "payment_value": "2665.74",
        "payment_date": "01.02.2022",
        "bill_value": "",
        "account_number": "",
        "bank_bik": ""
    },
    {
        "org_ppa_guid": "7838413520",
        "internal_id": "240000056_2022_02",
        "account_internal_id": "240000056_2022_02",
        "gis_id": "240000056_2022_02",
        "month": "01.02.2022",
        "credit": "1864.26",
        "saldo": "2771.72",
        "payment_value": "0.0",
        "payment_date": "",
        "bill_value": "",
        "account_number": "",
        "bank_bik": ""
    },
    {
        "org_ppa_guid": "7838413520",
        "internal_id": "240000057_2022_02",
        "account_internal_id": "240000057_2022_02",
        "gis_id": "240000057_2022_02",
        "month": "01.02.2022",
        "credit": "1539.59",
        "saldo": "3440.05",
        "payment_value": "0.0",
        "payment_date": "",
        "bill_value": "",
        "account_number": "",
        "bank_bik": ""
    },
    {
        "org_ppa_guid": "7838413520",
        "internal_id": "240000058_2022_02",
        "account_internal_id": "240000058_2022_02",
        "gis_id": "240000058_2022_02",
        "month": "01.02.2022",
        "credit": "7081.54",
        "saldo": "7047.73",
        "payment_value": "4083.28",
        "payment_date": "01.02.2022",
        "bill_value": "",
        "account_number": "",
        "bank_bik": ""
    },
    {
        "org_ppa_guid": "7838413520",
        "internal_id": "240000059_2022_02",
        "account_internal_id": "240000059_2022_02",
        "gis_id": "240000059_2022_02",
        "month": "01.02.2022",
        "credit": "7711.04",
        "saldo": "9855.42",
        "payment_value": "0.0",
        "payment_date": "",
        "bill_value": "",
        "account_number": "",
        "bank_bik": ""
    },
    {
        "org_ppa_guid": "7838413520",
        "internal_id": "240000060_2022_02",
        "account_internal_id": "240000060_2022_02",
        "gis_id": "240000060_2022_02",
        "month": "01.02.2022",
        "credit": "12843.8",
        "saldo": "-71.83",
        "payment_value": "16093.47",
        "payment_date": "01.02.2022",
        "bill_value": "",
        "account_number": "",
        "bank_bik": ""
    },
    {
        "org_ppa_guid": "7838413520",
        "internal_id": "240000061_2022_02",
        "account_internal_id": "240000061_2022_02",
        "gis_id": "240000061_2022_02",
        "month": "01.02.2022",
        "credit": "1651.01",
        "saldo": "3129.53",
        "payment_value": "0.0",
        "payment_date": "",
        "bill_value": "",
        "account_number": "",
        "bank_bik": ""
    },
    {
        "org_ppa_guid": "7838413520",
        "internal_id": "240000062_2022_02",
        "account_internal_id": "240000062_2022_02",
        "gis_id": "240000062_2022_02",
        "month": "01.02.2022",
        "credit": "-750.15",
        "saldo": "541.1",
        "payment_value": "0.0",
        "payment_date": "",
        "bill_value": "",
        "account_number": "",
        "bank_bik": ""
    },
    {
        "org_ppa_guid": "7838413520",
        "internal_id": "240000063_2022_02",
        "account_internal_id": "240000063_2022_02",
        "gis_id": "240000063_2022_02",
        "month": "01.02.2022",
        "credit": "2376.2",
        "saldo": "1061.36",
        "payment_value": "3082.36",
        "payment_date": "01.02.2022",
        "bill_value": "",
        "account_number": "",
        "bank_bik": ""
    },
    {
        "org_ppa_guid": "7838413520",
        "internal_id": "240000064_2022_02",
        "account_internal_id": "240000064_2022_02",
        "gis_id": "240000064_2022_02",
        "month": "01.02.2022",
        "credit": "2201.46",
        "saldo": "2201.46",
        "payment_value": "1458.87",
        "payment_date": "01.02.2022",
        "bill_value": "",
        "account_number": "",
        "bank_bik": ""
    },
    {
        "org_ppa_guid": "7838413520",
        "internal_id": "240000065_2022_02",
        "account_internal_id": "240000065_2022_02",
        "gis_id": "240000065_2022_02",
        "month": "01.02.2022",
        "credit": "2054.29",
        "saldo": "3665.75",
        "payment_value": "0.0",
        "payment_date": "",
        "bill_value": "",
        "account_number": "",
        "bank_bik": ""
    },
    {
        "org_ppa_guid": "7838413520",
        "internal_id": "240000066_2022_02",
        "account_internal_id": "240000066_2022_02",
        "gis_id": "240000066_2022_02",
        "month": "01.02.2022",
        "credit": "3501.71",
        "saldo": "5266.92",
        "payment_value": "0.0",
        "payment_date": "",
        "bill_value": "",
        "account_number": "",
        "bank_bik": ""
    },
    {
        "org_ppa_guid": "7838413520",
        "internal_id": "240000067_2022_02",
        "account_internal_id": "240000067_2022_02",
        "gis_id": "240000067_2022_02",
        "month": "01.02.2022",
        "credit": "296.72",
        "saldo": "1710.51",
        "payment_value": "0.0",
        "payment_date": "",
        "bill_value": "",
        "account_number": "",
        "bank_bik": ""
    },
    {
        "org_ppa_guid": "7838413520",
        "internal_id": "240000068_2022_02",
        "account_internal_id": "240000068_2022_02",
        "gis_id": "240000068_2022_02",
        "month": "01.02.2022",
        "credit": "224.87",
        "saldo": "1871.01",
        "payment_value": "0.0",
        "payment_date": "",
        "bill_value": "",
        "account_number": "",
        "bank_bik": ""
    },
    {
        "org_ppa_guid": "7838413520",
        "internal_id": "240000069_2022_02",
        "account_internal_id": "240000069_2022_02",
        "gis_id": "240000069_2022_02",
        "month": "01.02.2022",
        "credit": "3289.04",
        "saldo": "5047.32",
        "payment_value": "0.0",
        "payment_date": "",
        "bill_value": "",
        "account_number": "",
        "bank_bik": ""
    },
    {
        "org_ppa_guid": "7838413520",
        "internal_id": "240000070_2022_02",
        "account_internal_id": "240000070_2022_02",
        "gis_id": "240000070_2022_02",
        "month": "01.02.2022",
        "credit": "230.13",
        "saldo": "230.13",
        "payment_value": "1443.84",
        "payment_date": "01.02.2022",
        "bill_value": "",
        "account_number": "",
        "bank_bik": ""
    },
    {
        "org_ppa_guid": "7838413520",
        "internal_id": "240000071_2022_02",
        "account_internal_id": "240000071_2022_02",
        "gis_id": "240000071_2022_02",
        "month": "01.02.2022",
        "credit": "2737.32",
        "saldo": "2689.46",
        "payment_value": "1645.45",
        "payment_date": "01.02.2022",
        "bill_value": "",
        "account_number": "",
        "bank_bik": ""
    },
    {
        "org_ppa_guid": "7838413520",
        "internal_id": "240000072_2022_02",
        "account_internal_id": "240000072_2022_02",
        "gis_id": "240000072_2022_02",
        "month": "01.02.2022",
        "credit": "1420.14",
        "saldo": "1455.56",
        "payment_value": "1710.14",
        "payment_date": "01.02.2022",
        "bill_value": "",
        "account_number": "",
        "bank_bik": ""
    },
    {
        "org_ppa_guid": "7838413520",
        "internal_id": "240000073_2022_02",
        "account_internal_id": "240000073_2022_02",
        "gis_id": "240000073_2022_02",
        "month": "01.02.2022",
        "credit": "1926.37",
        "saldo": "1926.37",
        "payment_value": "1435.75",
        "payment_date": "01.02.2022",
        "bill_value": "",
        "account_number": "",
        "bank_bik": ""
    },
    {
        "org_ppa_guid": "7838413520",
        "internal_id": "240000074_2022_02",
        "account_internal_id": "240000074_2022_02",
        "gis_id": "240000074_2022_02",
        "month": "01.02.2022",
        "credit": "4545.73",
        "saldo": "4545.73",
        "payment_value": "1596.44",
        "payment_date": "01.02.2022",
        "bill_value": "",
        "account_number": "",
        "bank_bik": ""
    },
    {
        "org_ppa_guid": "7838413520",
        "internal_id": "240000075_2022_02",
        "account_internal_id": "240000075_2022_02",
        "gis_id": "240000075_2022_02",
        "month": "01.02.2022",
        "credit": "4425.74",
        "saldo": "6167.83",
        "payment_value": "0.0",
        "payment_date": "",
        "bill_value": "",
        "account_number": "",
        "bank_bik": ""
    },
    {
        "org_ppa_guid": "7838413520",
        "internal_id": "240000076_2022_02",
        "account_internal_id": "240000076_2022_02",
        "gis_id": "240000076_2022_02",
        "month": "01.02.2022",
        "credit": "417.73",
        "saldo": "1155.26",
        "payment_value": "0.0",
        "payment_date": "",
        "bill_value": "",
        "account_number": "",
        "bank_bik": ""
    },
    {
        "org_ppa_guid": "7838413520",
        "internal_id": "240000077_2022_02",
        "account_internal_id": "240000077_2022_02",
        "gis_id": "240000077_2022_02",
        "month": "01.02.2022",
        "credit": "3807.87",
        "saldo": "1403.49",
        "payment_value": "4605.4",
        "payment_date": "01.02.2022",
        "bill_value": "",
        "account_number": "",
        "bank_bik": ""
    },
    {
        "org_ppa_guid": "7838413520",
        "internal_id": "240000078_2022_02",
        "account_internal_id": "240000078_2022_02",
        "gis_id": "240000078_2022_02",
        "month": "01.02.2022",
        "credit": "7051.17",
        "saldo": "10190.87",
        "payment_value": "0.0",
        "payment_date": "",
        "bill_value": "",
        "account_number": "",
        "bank_bik": ""
    },
    {
        "org_ppa_guid": "7838413520",
        "internal_id": "240000079_2022_02",
        "account_internal_id": "240000079_2022_02",
        "gis_id": "240000079_2022_02",
        "month": "01.02.2022",
        "credit": "496.32",
        "saldo": "496.32",
        "payment_value": "735.3",
        "payment_date": "01.02.2022",
        "bill_value": "",
        "account_number": "",
        "bank_bik": ""
    },
    {
        "org_ppa_guid": "7838413520",
        "internal_id": "240000080_2022_02",
        "account_internal_id": "240000080_2022_02",
        "gis_id": "240000080_2022_02",
        "month": "01.02.2022",
        "credit": "6626.4",
        "saldo": "290.59",
        "payment_value": "7794.68",
        "payment_date": "01.02.2022",
        "bill_value": "",
        "account_number": "",
        "bank_bik": ""
    },
    {
        "org_ppa_guid": "7838413520",
        "internal_id": "240000081_2022_02",
        "account_internal_id": "240000081_2022_02",
        "gis_id": "240000081_2022_02",
        "month": "01.02.2022",
        "credit": "251.97",
        "saldo": "251.97",
        "payment_value": "923.64",
        "payment_date": "01.02.2022",
        "bill_value": "",
        "account_number": "",
        "bank_bik": ""
    },
    {
        "org_ppa_guid": "7838413520",
        "internal_id": "240000082_2022_02",
        "account_internal_id": "240000082_2022_02",
        "gis_id": "240000082_2022_02",
        "month": "01.02.2022",
        "credit": "2538.72",
        "saldo": "2538.72",
        "payment_value": "1448.47",
        "payment_date": "01.02.2022",
        "bill_value": "",
        "account_number": "",
        "bank_bik": ""
    },
    {
        "org_ppa_guid": "7838413520",
        "internal_id": "240000083_2022_02",
        "account_internal_id": "240000083_2022_02",
        "gis_id": "240000083_2022_02",
        "month": "01.02.2022",
        "credit": "645.7",
        "saldo": "645.7",
        "payment_value": "917.86",
        "payment_date": "01.02.2022",
        "bill_value": "",
        "account_number": "",
        "bank_bik": ""
    },
    {
        "org_ppa_guid": "7838413520",
        "internal_id": "240000084_2022_02",
        "account_internal_id": "240000084_2022_02",
        "gis_id": "240000084_2022_02",
        "month": "01.02.2022",
        "credit": "5015.7",
        "saldo": "5015.7",
        "payment_value": "2438.0",
        "payment_date": "01.02.2022",
        "bill_value": "",
        "account_number": "",
        "bank_bik": ""
    },
    {
        "org_ppa_guid": "7838413520",
        "internal_id": "240000085_2022_02",
        "account_internal_id": "240000085_2022_02",
        "gis_id": "240000085_2022_02",
        "month": "01.02.2022",
        "credit": "1452.13",
        "saldo": "3878.57",
        "payment_value": "0.0",
        "payment_date": "",
        "bill_value": "",
        "account_number": "",
        "bank_bik": ""
    },
    {
        "org_ppa_guid": "7838413520",
        "internal_id": "240000086_2022_02",
        "account_internal_id": "240000086_2022_02",
        "gis_id": "240000086_2022_02",
        "month": "01.02.2022",
        "credit": "4330.04",
        "saldo": "4330.04",
        "payment_value": "1922.43",
        "payment_date": "01.02.2022",
        "bill_value": "",
        "account_number": "",
        "bank_bik": ""
    },
    {
        "org_ppa_guid": "7838413520",
        "internal_id": "241000001_2022_02",
        "account_internal_id": "241000001_2022_02",
        "gis_id": "241000001_2022_02",
        "month": "01.02.2022",
        "credit": "269.58",
        "saldo": "269.58",
        "payment_value": "269.58",
        "payment_date": "01.02.2022",
        "bill_value": "",
        "account_number": "",
        "bank_bik": ""
    },
    {
        "org_ppa_guid": "7838413520",
        "internal_id": "241000002_2022_02",
        "account_internal_id": "241000002_2022_02",
        "gis_id": "241000002_2022_02",
        "month": "01.02.2022",
        "credit": "269.58",
        "saldo": "269.58",
        "payment_value": "269.58",
        "payment_date": "01.02.2022",
        "bill_value": "",
        "account_number": "",
        "bank_bik": ""
    },
    {
        "org_ppa_guid": "7838413520",
        "internal_id": "241000003_2022_02",
        "account_internal_id": "241000003_2022_02",
        "gis_id": "241000003_2022_02",
        "month": "01.02.2022",
        "credit": "3927.52",
        "saldo": "-1663.82",
        "payment_value": "6534.75",
        "payment_date": "01.02.2022",
        "bill_value": "",
        "account_number": "",
        "bank_bik": ""
    },
    {
        "org_ppa_guid": "7838413520",
        "internal_id": "241000004_2022_02",
        "account_internal_id": "241000004_2022_02",
        "gis_id": "241000004_2022_02",
        "month": "01.02.2022",
        "credit": "745.31",
        "saldo": "745.31",
        "payment_value": "381.83",
        "payment_date": "01.02.2022",
        "bill_value": "",
        "account_number": "",
        "bank_bik": ""
    },
    {
        "org_ppa_guid": "7838413520",
        "internal_id": "241000005_2022_02",
        "account_internal_id": "241000005_2022_02",
        "gis_id": "241000005_2022_02",
        "month": "01.02.2022",
        "credit": "701.49",
        "saldo": "701.49",
        "payment_value": "359.4",
        "payment_date": "01.02.2022",
        "bill_value": "",
        "account_number": "",
        "bank_bik": ""
    },
    {
        "org_ppa_guid": "7838413520",
        "internal_id": "241000006_2022_02",
        "account_internal_id": "241000006_2022_02",
        "gis_id": "241000006_2022_02",
        "month": "01.02.2022",
        "credit": "336.97",
        "saldo": "336.97",
        "payment_value": "336.97",
        "payment_date": "01.02.2022",
        "bill_value": "",
        "account_number": "",
        "bank_bik": ""
    },
    {
        "org_ppa_guid": "7838413520",
        "internal_id": "241000007_2022_02",
        "account_internal_id": "241000007_2022_02",
        "gis_id": "241000007_2022_02",
        "month": "01.02.2022",
        "credit": "491.3",
        "saldo": "895.67",
        "payment_value": "0.0",
        "payment_date": "",
        "bill_value": "",
        "account_number": "",
        "bank_bik": ""
    },
    {
        "org_ppa_guid": "7838413520",
        "internal_id": "241000008_2022_02",
        "account_internal_id": "241000008_2022_02",
        "gis_id": "241000008_2022_02",
        "month": "01.02.2022",
        "credit": "457.45",
        "saldo": "204.28",
        "payment_value": "567.6",
        "payment_date": "01.02.2022",
        "bill_value": "",
        "account_number": "",
        "bank_bik": ""
    },
    {
        "org_ppa_guid": "7838413520",
        "internal_id": "241000009_2022_02",
        "account_internal_id": "241000009_2022_02",
        "gis_id": "241000009_2022_02",
        "month": "01.02.2022",
        "credit": "618.73",
        "saldo": "105.15",
        "payment_value": "828.01",
        "payment_date": "01.02.2022",
        "bill_value": "",
        "account_number": "",
        "bank_bik": ""
    },
    {
        "org_ppa_guid": "7838413520",
        "internal_id": "241000010_2022_02",
        "account_internal_id": "241000010_2022_02",
        "gis_id": "241000010_2022_02",
        "month": "01.02.2022",
        "credit": "1880.86",
        "saldo": "2195.29",
        "payment_value": "0.0",
        "payment_date": "",
        "bill_value": "",
        "account_number": "",
        "bank_bik": ""
    },
    {
        "org_ppa_guid": "7838413520",
        "internal_id": "241000011_2022_02",
        "account_internal_id": "241000011_2022_02",
        "gis_id": "241000011_2022_02",
        "month": "01.02.2022",
        "credit": "628.86",
        "saldo": "943.29",
        "payment_value": "0.0",
        "payment_date": "",
        "bill_value": "",
        "account_number": "",
        "bank_bik": ""
    },
    {
        "org_ppa_guid": "7838413520",
        "internal_id": "241000012_2022_02",
        "account_internal_id": "241000012_2022_02",
        "gis_id": "241000012_2022_02",
        "month": "01.02.2022",
        "credit": "592.2",
        "saldo": "906.63",
        "payment_value": "0.0",
        "payment_date": "",
        "bill_value": "",
        "account_number": "",
        "bank_bik": ""
    },
    {
        "org_ppa_guid": "7838413520",
        "internal_id": "241000013_2022_02",
        "account_internal_id": "241000013_2022_02",
        "gis_id": "241000013_2022_02",
        "month": "01.02.2022",
        "credit": "592.2",
        "saldo": "906.63",
        "payment_value": "0.0",
        "payment_date": "",
        "bill_value": "",
        "account_number": "",
        "bank_bik": ""
    },
    {
        "org_ppa_guid": "7838413520",
        "internal_id": "241000014_2022_02",
        "account_internal_id": "241000014_2022_02",
        "gis_id": "241000014_2022_02",
        "month": "01.02.2022",
        "credit": "557.08",
        "saldo": "557.08",
        "payment_value": "381.83",
        "payment_date": "01.02.2022",
        "bill_value": "",
        "account_number": "",
        "bank_bik": ""
    },
    {
        "org_ppa_guid": "7838413520",
        "internal_id": "241000015_2022_02",
        "account_internal_id": "241000015_2022_02",
        "gis_id": "241000015_2022_02",
        "month": "01.02.2022",
        "credit": "584.02",
        "saldo": "584.02",
        "payment_value": "292.01",
        "payment_date": "01.02.2022",
        "bill_value": "",
        "account_number": "",
        "bank_bik": ""
    },
    {
        "org_ppa_guid": "7838413520",
        "internal_id": "241000016_2022_02",
        "account_internal_id": "241000016_2022_02",
        "gis_id": "241000016_2022_02",
        "month": "01.02.2022",
        "credit": "673.94",
        "saldo": "673.94",
        "payment_value": "336.97",
        "payment_date": "01.02.2022",
        "bill_value": "",
        "account_number": "",
        "bank_bik": ""
    },
    {
        "org_ppa_guid": "7838413520",
        "internal_id": "241000017_2022_02",
        "account_internal_id": "241000017_2022_02",
        "gis_id": "241000017_2022_02",
        "month": "01.02.2022",
        "credit": "984.71",
        "saldo": "1433.93",
        "payment_value": "0.0",
        "payment_date": "",
        "bill_value": "",
        "account_number": "",
        "bank_bik": ""
    },
    {
        "org_ppa_guid": "7838413520",
        "internal_id": "241000018_2022_02",
        "account_internal_id": "241000018_2022_02",
        "gis_id": "241000018_2022_02",
        "month": "01.02.2022",
        "credit": "1164.03",
        "saldo": "1703.07",
        "payment_value": "0.0",
        "payment_date": "",
        "bill_value": "",
        "account_number": "",
        "bank_bik": ""
    },
    {
        "org_ppa_guid": "7838413520",
        "internal_id": "241000019_2022_02",
        "account_internal_id": "241000019_2022_02",
        "gis_id": "241000019_2022_02",
        "month": "01.02.2022",
        "credit": "984.71",
        "saldo": "1433.93",
        "payment_value": "0.0",
        "payment_date": "",
        "bill_value": "",
        "account_number": "",
        "bank_bik": ""
    },
    {
        "org_ppa_guid": "7838413520",
        "internal_id": "241000020_2022_02",
        "account_internal_id": "241000020_2022_02",
        "gis_id": "241000020_2022_02",
        "month": "01.02.2022",
        "credit": "718.8",
        "saldo": "718.8",
        "payment_value": "359.4",
        "payment_date": "01.02.2022",
        "bill_value": "",
        "account_number": "",
        "bank_bik": ""
    },
    {
        "org_ppa_guid": "7838413520",
        "internal_id": "241000021_2022_02",
        "account_internal_id": "241000021_2022_02",
        "gis_id": "241000021_2022_02",
        "month": "01.02.2022",
        "credit": "584.02",
        "saldo": "584.02",
        "payment_value": "292.01",
        "payment_date": "01.02.2022",
        "bill_value": "",
        "account_number": "",
        "bank_bik": ""
    },
    {
        "org_ppa_guid": "7838413520",
        "internal_id": "241000022_2022_02",
        "account_internal_id": "241000022_2022_02",
        "gis_id": "241000022_2022_02",
        "month": "01.02.2022",
        "credit": "628.86",
        "saldo": "628.86",
        "payment_value": "314.43",
        "payment_date": "01.02.2022",
        "bill_value": "",
        "account_number": "",
        "bank_bik": ""
    },
    {
        "org_ppa_guid": "7838413520",
        "internal_id": "241000023_2022_02",
        "account_internal_id": "241000023_2022_02",
        "gis_id": "241000023_2022_02",
        "month": "01.02.2022",
        "credit": "377.08",
        "saldo": "691.51",
        "payment_value": "0.0",
        "payment_date": "",
        "bill_value": "",
        "account_number": "",
        "bank_bik": ""
    },
    {
        "org_ppa_guid": "7838413520",
        "internal_id": "241000024_2022_02",
        "account_internal_id": "241000024_2022_02",
        "gis_id": "241000024_2022_02",
        "month": "01.02.2022",
        "credit": "555.73",
        "saldo": "555.73",
        "payment_value": "314.43",
        "payment_date": "01.02.2022",
        "bill_value": "",
        "account_number": "",
        "bank_bik": ""
    },
    {
        "org_ppa_guid": "7838413520",
        "internal_id": "241000025_2022_02",
        "account_internal_id": "241000025_2022_02",
        "gis_id": "241000025_2022_02",
        "month": "01.02.2022",
        "credit": "795.43",
        "saldo": "795.43",
        "payment_value": "314.43",
        "payment_date": "01.02.2022",
        "bill_value": "",
        "account_number": "",
        "bank_bik": ""
    },
    {
        "org_ppa_guid": "7838413520",
        "internal_id": "241000026_2022_02",
        "account_internal_id": "241000026_2022_02",
        "gis_id": "241000026_2022_02",
        "month": "01.02.2022",
        "credit": "1017.06",
        "saldo": "1014.78",
        "payment_value": "316.71",
        "payment_date": "01.02.2022",
        "bill_value": "",
        "account_number": "",
        "bank_bik": ""
    },
    {
        "org_ppa_guid": "7838413520",
        "internal_id": "241000027_2022_02",
        "account_internal_id": "241000027_2022_02",
        "gis_id": "241000027_2022_02",
        "month": "01.02.2022",
        "credit": "1017.06",
        "saldo": "1014.78",
        "payment_value": "316.71",
        "payment_date": "01.02.2022",
        "bill_value": "",
        "account_number": "",
        "bank_bik": ""
    },
    {
        "org_ppa_guid": "7838413520",
        "internal_id": "241000028_2022_02",
        "account_internal_id": "241000028_2022_02",
        "gis_id": "241000028_2022_02",
        "month": "01.02.2022",
        "credit": "1178.18",
        "saldo": "1492.61",
        "payment_value": "0.0",
        "payment_date": "",
        "bill_value": "",
        "account_number": "",
        "bank_bik": ""
    },
    {
        "org_ppa_guid": "7838413520",
        "internal_id": "241000029_2022_02",
        "account_internal_id": "241000029_2022_02",
        "gis_id": "241000029_2022_02",
        "month": "01.02.2022",
        "credit": "409.51",
        "saldo": "723.94",
        "payment_value": "0.0",
        "payment_date": "",
        "bill_value": "",
        "account_number": "",
        "bank_bik": ""
    },
    {
        "org_ppa_guid": "7838413520",
        "internal_id": "241000030_2022_02",
        "account_internal_id": "241000030_2022_02",
        "gis_id": "241000030_2022_02",
        "month": "01.02.2022",
        "credit": "428.23",
        "saldo": "765.2",
        "payment_value": "0.0",
        "payment_date": "",
        "bill_value": "",
        "account_number": "",
        "bank_bik": ""
    },
    {
        "org_ppa_guid": "7838413520",
        "internal_id": "241000031_2022_02",
        "account_internal_id": "241000031_2022_02",
        "gis_id": "241000031_2022_02",
        "month": "01.02.2022",
        "credit": "314.43",
        "saldo": "314.43",
        "payment_value": "314.43",
        "payment_date": "01.02.2022",
        "bill_value": "",
        "account_number": "",
        "bank_bik": ""
    },
    {
        "org_ppa_guid": "7838413520",
        "internal_id": "241000032_2022_02",
        "account_internal_id": "241000032_2022_02",
        "gis_id": "241000032_2022_02",
        "month": "01.02.2022",
        "credit": "639.15",
        "saldo": "1020.98",
        "payment_value": "0.0",
        "payment_date": "",
        "bill_value": "",
        "account_number": "",
        "bank_bik": ""
    },
    {
        "org_ppa_guid": "7838413520",
        "internal_id": "241000033_2022_02",
        "account_internal_id": "241000033_2022_02",
        "gis_id": "241000033_2022_02",
        "month": "01.02.2022",
        "credit": "1813.9",
        "saldo": "2892.1",
        "payment_value": "0.0",
        "payment_date": "",
        "bill_value": "",
        "account_number": "",
        "bank_bik": ""
    },
    {
        "org_ppa_guid": "7838413520",
        "internal_id": "241000034_2022_02",
        "account_internal_id": "241000034_2022_02",
        "gis_id": "241000034_2022_02",
        "month": "01.02.2022",
        "credit": "799.34",
        "saldo": "1136.31",
        "payment_value": "0.0",
        "payment_date": "",
        "bill_value": "",
        "account_number": "",
        "bank_bik": ""
    },
    {
        "org_ppa_guid": "7838413520",
        "internal_id": "241000035_2022_02",
        "account_internal_id": "241000035_2022_02",
        "gis_id": "241000035_2022_02",
        "month": "01.02.2022",
        "credit": "889.22",
        "saldo": "1203.65",
        "payment_value": "0.0",
        "payment_date": "",
        "bill_value": "",
        "account_number": "",
        "bank_bik": ""
    },
    {
        "org_ppa_guid": "7838413520",
        "internal_id": "241000036_2022_02",
        "account_internal_id": "241000036_2022_02",
        "gis_id": "241000036_2022_02",
        "month": "01.02.2022",
        "credit": "596.79",
        "saldo": "933.76",
        "payment_value": "0.0",
        "payment_date": "",
        "bill_value": "",
        "account_number": "",
        "bank_bik": ""
    },
    {
        "org_ppa_guid": "7838413520",
        "internal_id": "241000037_2022_02",
        "account_internal_id": "241000037_2022_02",
        "gis_id": "241000037_2022_02",
        "month": "01.02.2022",
        "credit": "606.44",
        "saldo": "606.44",
        "payment_value": "606.44",
        "payment_date": "01.02.2022",
        "bill_value": "",
        "account_number": "",
        "bank_bik": ""
    },
    {
        "org_ppa_guid": "7838413520",
        "internal_id": "241000038_2022_02",
        "account_internal_id": "241000038_2022_02",
        "gis_id": "241000038_2022_02",
        "month": "01.02.2022",
        "credit": "1940.89",
        "saldo": "2547.33",
        "payment_value": "0.0",
        "payment_date": "",
        "bill_value": "",
        "account_number": "",
        "bank_bik": ""
    },
    {
        "org_ppa_guid": "7838413520",
        "internal_id": "241000039_2022_02",
        "account_internal_id": "241000039_2022_02",
        "gis_id": "241000039_2022_02",
        "month": "01.02.2022",
        "credit": "1643.89",
        "saldo": "2003.29",
        "payment_value": "0.0",
        "payment_date": "",
        "bill_value": "",
        "account_number": "",
        "bank_bik": ""
    },
    {
        "org_ppa_guid": "7838413520",
        "internal_id": "241000040_2022_02",
        "account_internal_id": "241000040_2022_02",
        "gis_id": "241000040_2022_02",
        "month": "01.02.2022",
        "credit": "455.6",
        "saldo": "725.18",
        "payment_value": "0.0",
        "payment_date": "",
        "bill_value": "",
        "account_number": "",
        "bank_bik": ""
    },
    {
        "org_ppa_guid": "7838413520",
        "internal_id": "241000041_2022_02",
        "account_internal_id": "241000041_2022_02",
        "gis_id": "241000041_2022_02",
        "month": "01.02.2022",
        "credit": "871.9",
        "saldo": "869.94",
        "payment_value": "271.54",
        "payment_date": "01.02.2022",
        "bill_value": "",
        "account_number": "",
        "bank_bik": ""
    },
    {
        "org_ppa_guid": "7838413520",
        "internal_id": "241000042_2022_02",
        "account_internal_id": "241000042_2022_02",
        "gis_id": "241000042_2022_02",
        "month": "01.02.2022",
        "credit": "474.99",
        "saldo": "474.99",
        "payment_value": "269.58",
        "payment_date": "01.02.2022",
        "bill_value": "",
        "account_number": "",
        "bank_bik": ""
    },
    {
        "org_ppa_guid": "7838413520",
        "internal_id": "241000043_2022_02",
        "account_internal_id": "241000043_2022_02",
        "gis_id": "241000043_2022_02",
        "month": "01.02.2022",
        "credit": "2978.86",
        "saldo": "2972.18",
        "payment_value": "927.67",
        "payment_date": "01.02.2022",
        "bill_value": "",
        "account_number": "",
        "bank_bik": ""
    },
    {
        "org_ppa_guid": "7838413520",
        "internal_id": "241000044_2022_02",
        "account_internal_id": "241000044_2022_02",
        "gis_id": "241000044_2022_02",
        "month": "01.02.2022",
        "credit": "673.83",
        "saldo": "673.83",
        "payment_value": "673.83",
        "payment_date": "01.02.2022",
        "bill_value": "",
        "account_number": "",
        "bank_bik": ""
    },
    {
        "org_ppa_guid": "7838413520",
        "internal_id": "241000045_2022_02",
        "account_internal_id": "241000045_2022_02",
        "gis_id": "241000045_2022_02",
        "month": "01.02.2022",
        "credit": "1819.32",
        "saldo": "2425.76",
        "payment_value": "0.0",
        "payment_date": "",
        "bill_value": "",
        "account_number": "",
        "bank_bik": ""
    },
    {
        "org_ppa_guid": "7838413520",
        "internal_id": "241000046_2022_02",
        "account_internal_id": "241000046_2022_02",
        "gis_id": "241000046_2022_02",
        "month": "01.02.2022",
        "credit": "627.08",
        "saldo": "1166.12",
        "payment_value": "0.0",
        "payment_date": "",
        "bill_value": "",
        "account_number": "",
        "bank_bik": ""
    },
    {
        "org_ppa_guid": "7838413520",
        "internal_id": "241000047_2022_02",
        "account_internal_id": "241000047_2022_02",
        "gis_id": "241000047_2022_02",
        "month": "01.02.2022",
        "credit": "1793.46",
        "saldo": "2512.26",
        "payment_value": "0.0",
        "payment_date": "",
        "bill_value": "",
        "account_number": "",
        "bank_bik": ""
    },
    {
        "org_ppa_guid": "7838413520",
        "internal_id": "241000048_2022_02",
        "account_internal_id": "241000048_2022_02",
        "gis_id": "241000048_2022_02",
        "month": "01.02.2022",
        "credit": "1168.02",
        "saldo": "1168.02",
        "payment_value": "584.01",
        "payment_date": "01.02.2022",
        "bill_value": "",
        "account_number": "",
        "bank_bik": ""
    },
    {
        "org_ppa_guid": "7838413520",
        "internal_id": "241000049_2022_02",
        "account_internal_id": "241000049_2022_02",
        "gis_id": "241000049_2022_02",
        "month": "01.02.2022",
        "credit": "1045.0",
        "saldo": "1561.62",
        "payment_value": "0.0",
        "payment_date": "",
        "bill_value": "",
        "account_number": "",
        "bank_bik": ""
    },
    {
        "org_ppa_guid": "7838413520",
        "internal_id": "241000050_2022_02",
        "account_internal_id": "241000050_2022_02",
        "gis_id": "241000050_2022_02",
        "month": "01.02.2022",
        "credit": "2804.87",
        "saldo": "3343.91",
        "payment_value": "0.0",
        "payment_date": "",
        "bill_value": "",
        "account_number": "",
        "bank_bik": ""
    },
    {
        "org_ppa_guid": "7838413520",
        "internal_id": "241000051_2022_02",
        "account_internal_id": "241000051_2022_02",
        "gis_id": "241000051_2022_02",
        "month": "01.02.2022",
        "credit": "3286.03",
        "saldo": "3825.07",
        "payment_value": "0.0",
        "payment_date": "",
        "bill_value": "",
        "account_number": "",
        "bank_bik": ""
    },
    {
        "org_ppa_guid": "7838413520",
        "internal_id": "241000052_2022_02",
        "account_internal_id": "241000052_2022_02",
        "gis_id": "241000052_2022_02",
        "month": "01.02.2022",
        "credit": "897.45",
        "saldo": "1324.25",
        "payment_value": "0.0",
        "payment_date": "",
        "bill_value": "",
        "account_number": "",
        "bank_bik": ""
    },
    {
        "org_ppa_guid": "7838413520",
        "internal_id": "241000053_2022_02",
        "account_internal_id": "241000053_2022_02",
        "gis_id": "241000053_2022_02",
        "month": "01.02.2022",
        "credit": "2371.67",
        "saldo": "3135.32",
        "payment_value": "0.0",
        "payment_date": "",
        "bill_value": "",
        "account_number": "",
        "bank_bik": ""
    },
    {
        "org_ppa_guid": "7838413520",
        "internal_id": "241000054_2022_02",
        "account_internal_id": "241000054_2022_02",
        "gis_id": "241000054_2022_02",
        "month": "01.02.2022",
        "credit": "2652.86",
        "saldo": "3506.45",
        "payment_value": "0.0",
        "payment_date": "",
        "bill_value": "",
        "account_number": "",
        "bank_bik": ""
    },
    {
        "org_ppa_guid": "7838413520",
        "internal_id": "241000055_2022_02",
        "account_internal_id": "241000055_2022_02",
        "gis_id": "241000055_2022_02",
        "month": "01.02.2022",
        "credit": "377.94",
        "saldo": "647.52",
        "payment_value": "0.0",
        "payment_date": "",
        "bill_value": "",
        "account_number": "",
        "bank_bik": ""
    },
    {
        "org_ppa_guid": "7838413520",
        "internal_id": "241000056_2022_02",
        "account_internal_id": "241000056_2022_02",
        "gis_id": "241000056_2022_02",
        "month": "01.02.2022",
        "credit": "377.94",
        "saldo": "647.52",
        "payment_value": "0.0",
        "payment_date": "",
        "bill_value": "",
        "account_number": "",
        "bank_bik": ""
    },
    {
        "org_ppa_guid": "7838413520",
        "internal_id": "241000057_2022_02",
        "account_internal_id": "241000057_2022_02",
        "gis_id": "241000057_2022_02",
        "month": "01.02.2022",
        "credit": "734.09",
        "saldo": "1003.67",
        "payment_value": "0.0",
        "payment_date": "",
        "bill_value": "",
        "account_number": "",
        "bank_bik": ""
    },
    {
        "org_ppa_guid": "7838413520",
        "internal_id": "241000058_2022_02",
        "account_internal_id": "241000058_2022_02",
        "gis_id": "241000058_2022_02",
        "month": "01.02.2022",
        "credit": "343.11",
        "saldo": "343.11",
        "payment_value": "359.4",
        "payment_date": "01.02.2022",
        "bill_value": "",
        "account_number": "",
        "bank_bik": ""
    },
    {
        "org_ppa_guid": "7838413520",
        "internal_id": "241000059_2022_02",
        "account_internal_id": "241000059_2022_02",
        "gis_id": "241000059_2022_02",
        "month": "01.02.2022",
        "credit": "523.5",
        "saldo": "109.33",
        "payment_value": "728.6",
        "payment_date": "01.02.2022",
        "bill_value": "",
        "account_number": "",
        "bank_bik": ""
    },
    {
        "org_ppa_guid": "7838413520",
        "internal_id": "241000060_2022_02",
        "account_internal_id": "241000060_2022_02",
        "gis_id": "241000060_2022_02",
        "month": "01.02.2022",
        "credit": "681.44",
        "saldo": "224.02",
        "payment_value": "771.85",
        "payment_date": "01.02.2022",
        "bill_value": "",
        "account_number": "",
        "bank_bik": ""
    },
    {
        "org_ppa_guid": "7838413520",
        "internal_id": "241000061_2022_02",
        "account_internal_id": "241000061_2022_02",
        "gis_id": "241000061_2022_02",
        "month": "01.02.2022",
        "credit": "539.09",
        "saldo": "876.06",
        "payment_value": "0.0",
        "payment_date": "",
        "bill_value": "",
        "account_number": "",
        "bank_bik": ""
    },
    {
        "org_ppa_guid": "7838413520",
        "internal_id": "241000062_2022_02",
        "account_internal_id": "241000062_2022_02",
        "gis_id": "241000062_2022_02",
        "month": "01.02.2022",
        "credit": "1107.27",
        "saldo": "1107.27",
        "payment_value": "651.41",
        "payment_date": "01.02.2022",
        "bill_value": "",
        "account_number": "",
        "bank_bik": ""
    },
    {
        "org_ppa_guid": "7838413520",
        "internal_id": "241000063_2022_02",
        "account_internal_id": "241000063_2022_02",
        "gis_id": "241000063_2022_02",
        "month": "01.02.2022",
        "credit": "1498.15",
        "saldo": "1498.15",
        "payment_value": "876.02",
        "payment_date": "01.02.2022",
        "bill_value": "",
        "account_number": "",
        "bank_bik": ""
    },
    {
        "org_ppa_guid": "7838413520",
        "internal_id": "241000064_2022_02",
        "account_internal_id": "241000064_2022_02",
        "gis_id": "241000064_2022_02",
        "month": "01.02.2022",
        "credit": "1163.56",
        "saldo": "1635.21",
        "payment_value": "0.0",
        "payment_date": "",
        "bill_value": "",
        "account_number": "",
        "bank_bik": ""
    },
    {
        "org_ppa_guid": "7838413520",
        "internal_id": "241000065_2022_02",
        "account_internal_id": "241000065_2022_02",
        "gis_id": "241000065_2022_02",
        "month": "01.02.2022",
        "credit": "2358.25",
        "saldo": "2358.25",
        "payment_value": "471.65",
        "payment_date": "01.02.2022",
        "bill_value": "",
        "account_number": "",
        "bank_bik": ""
    },
    {
        "org_ppa_guid": "7838413520",
        "internal_id": "241000066_2022_02",
        "account_internal_id": "241000066_2022_02",
        "gis_id": "241000066_2022_02",
        "month": "01.02.2022",
        "credit": "932.64",
        "saldo": "1426.83",
        "payment_value": "0.0",
        "payment_date": "",
        "bill_value": "",
        "account_number": "",
        "bank_bik": ""
    },
    {
        "org_ppa_guid": "7838413520",
        "internal_id": "241000067_2022_02",
        "account_internal_id": "241000067_2022_02",
        "gis_id": "241000067_2022_02",
        "month": "01.02.2022",
        "credit": "2411.24",
        "saldo": "2411.24",
        "payment_value": "1212.99",
        "payment_date": "01.02.2022",
        "bill_value": "",
        "account_number": "",
        "bank_bik": ""
    },
    {
        "org_ppa_guid": "7838413520",
        "internal_id": "241000068_2022_02",
        "account_internal_id": "241000068_2022_02",
        "gis_id": "241000068_2022_02",
        "month": "01.02.2022",
        "credit": "472.59",
        "saldo": "472.59",
        "payment_value": "269.58",
        "payment_date": "01.02.2022",
        "bill_value": "",
        "account_number": "",
        "bank_bik": ""
    },
    {
        "org_ppa_guid": "7838413520",
        "internal_id": "241000069_2022_02",
        "account_internal_id": "241000069_2022_02",
        "gis_id": "241000069_2022_02",
        "month": "01.02.2022",
        "credit": "1056.08",
        "saldo": "1056.08",
        "payment_value": "516.62",
        "payment_date": "01.02.2022",
        "bill_value": "",
        "account_number": "",
        "bank_bik": ""
    },
    {
        "org_ppa_guid": "7838413520",
        "internal_id": "241000070_2022_02",
        "account_internal_id": "241000070_2022_02",
        "gis_id": "241000070_2022_02",
        "month": "01.02.2022",
        "credit": "516.62",
        "saldo": "516.62",
        "payment_value": "516.62",
        "payment_date": "01.02.2022",
        "bill_value": "",
        "account_number": "",
        "bank_bik": ""
    },
    {
        "org_ppa_guid": "7838413520",
        "internal_id": "241000071_2022_02",
        "account_internal_id": "241000071_2022_02",
        "gis_id": "241000071_2022_02",
        "month": "01.02.2022",
        "credit": "232.26",
        "saldo": "524.27",
        "payment_value": "0.0",
        "payment_date": "",
        "bill_value": "",
        "account_number": "",
        "bank_bik": ""
    },
    {
        "org_ppa_guid": "7838413520",
        "internal_id": "241000072_2022_02",
        "account_internal_id": "241000072_2022_02",
        "gis_id": "241000072_2022_02",
        "month": "01.02.2022",
        "credit": "285.05",
        "saldo": "644.45",
        "payment_value": "0.0",
        "payment_date": "",
        "bill_value": "",
        "account_number": "",
        "bank_bik": ""
    },
    {
        "org_ppa_guid": "7838413520",
        "internal_id": "241000073_2022_02",
        "account_internal_id": "241000073_2022_02",
        "gis_id": "241000073_2022_02",
        "month": "01.02.2022",
        "credit": "718.8",
        "saldo": "718.8",
        "payment_value": "718.8",
        "payment_date": "01.02.2022",
        "bill_value": "",
        "account_number": "",
        "bank_bik": ""
    },
    {
        "org_ppa_guid": "7838413520",
        "internal_id": "241000074_2022_02",
        "account_internal_id": "241000074_2022_02",
        "gis_id": "241000074_2022_02",
        "month": "01.02.2022",
        "credit": "965.84",
        "saldo": "965.84",
        "payment_value": "965.84",
        "payment_date": "01.02.2022",
        "bill_value": "",
        "account_number": "",
        "bank_bik": ""
    },
    {
        "org_ppa_guid": "7838413520",
        "internal_id": "241000075_2022_02",
        "account_internal_id": "241000075_2022_02",
        "gis_id": "241000075_2022_02",
        "month": "01.02.2022",
        "credit": "1513.43",
        "saldo": "2479.27",
        "payment_value": "0.0",
        "payment_date": "",
        "bill_value": "",
        "account_number": "",
        "bank_bik": ""
    },
    {
        "org_ppa_guid": "7838413520",
        "internal_id": "241000076_2022_02",
        "account_internal_id": "241000076_2022_02",
        "gis_id": "241000076_2022_02",
        "month": "01.02.2022",
        "credit": "761.15",
        "saldo": "1457.52",
        "payment_value": "0.0",
        "payment_date": "",
        "bill_value": "",
        "account_number": "",
        "bank_bik": ""
    },
    {
        "org_ppa_guid": "7838413520",
        "internal_id": "241000077_2022_02",
        "account_internal_id": "241000077_2022_02",
        "gis_id": "241000077_2022_02",
        "month": "01.02.2022",
        "credit": "328.87",
        "saldo": "665.84",
        "payment_value": "0.0",
        "payment_date": "",
        "bill_value": "",
        "account_number": "",
        "bank_bik": ""
    },
    {
        "org_ppa_guid": "7838413520",
        "internal_id": "241000078_2022_02",
        "account_internal_id": "241000078_2022_02",
        "gis_id": "241000078_2022_02",
        "month": "01.02.2022",
        "credit": "758.04",
        "saldo": "371.6",
        "payment_value": "813.24",
        "payment_date": "01.02.2022",
        "bill_value": "",
        "account_number": "",
        "bank_bik": ""
    },
    {
        "org_ppa_guid": "7838413520",
        "internal_id": "241000079_2022_02",
        "account_internal_id": "241000079_2022_02",
        "gis_id": "241000079_2022_02",
        "month": "01.02.2022",
        "credit": "1026.04",
        "saldo": "1610.05",
        "payment_value": "0.0",
        "payment_date": "",
        "bill_value": "",
        "account_number": "",
        "bank_bik": ""
    },
    {
        "org_ppa_guid": "7838413520",
        "internal_id": "241000080_2022_02",
        "account_internal_id": "241000080_2022_02",
        "gis_id": "241000080_2022_02",
        "month": "01.02.2022",
        "credit": "1760.34",
        "saldo": "2344.35",
        "payment_value": "0.0",
        "payment_date": "",
        "bill_value": "",
        "account_number": "",
        "bank_bik": ""
    },
    {
        "org_ppa_guid": "7838413520",
        "internal_id": "241000081_2022_02",
        "account_internal_id": "241000081_2022_02",
        "gis_id": "241000081_2022_02",
        "month": "01.02.2022",
        "credit": "1181.73",
        "saldo": "1608.53",
        "payment_value": "0.0",
        "payment_date": "",
        "bill_value": "",
        "account_number": "",
        "bank_bik": ""
    },
    {
        "org_ppa_guid": "7838413520",
        "internal_id": "241000082_2022_02",
        "account_internal_id": "241000082_2022_02",
        "gis_id": "241000082_2022_02",
        "month": "01.02.2022",
        "credit": "995.72",
        "saldo": "1355.12",
        "payment_value": "0.0",
        "payment_date": "",
        "bill_value": "",
        "account_number": "",
        "bank_bik": ""
    },
    {
        "org_ppa_guid": "7838413520",
        "internal_id": "241000083_2022_02",
        "account_internal_id": "241000083_2022_02",
        "gis_id": "241000083_2022_02",
        "month": "01.02.2022",
        "credit": "404.37",
        "saldo": "404.37",
        "payment_value": "404.37",
        "payment_date": "01.02.2022",
        "bill_value": "",
        "account_number": "",
        "bank_bik": ""
    },
    {
        "org_ppa_guid": "7838413520",
        "internal_id": "241000084_2022_02",
        "account_internal_id": "241000084_2022_02",
        "gis_id": "241000084_2022_02",
        "month": "01.02.2022",
        "credit": "1873.05",
        "saldo": "1873.05",
        "payment_value": "920.99",
        "payment_date": "01.02.2022",
        "bill_value": "",
        "account_number": "",
        "bank_bik": ""
    },
    {
        "org_ppa_guid": "7838413520",
        "internal_id": "241000085_2022_02",
        "account_internal_id": "241000085_2022_02",
        "gis_id": "241000085_2022_02",
        "month": "01.02.2022",
        "credit": "1741.4",
        "saldo": "1741.4",
        "payment_value": "988.26",
        "payment_date": "01.02.2022",
        "bill_value": "",
        "account_number": "",
        "bank_bik": ""
    },
    {
        "org_ppa_guid": "7838413520",
        "internal_id": "241000086_2022_02",
        "account_internal_id": "241000086_2022_02",
        "gis_id": "241000086_2022_02",
        "month": "01.02.2022",
        "credit": "1957.41",
        "saldo": "2676.21",
        "payment_value": "0.0",
        "payment_date": "",
        "bill_value": "",
        "account_number": "",
        "bank_bik": ""
    },
    {
        "org_ppa_guid": "7838413520",
        "internal_id": "241000087_2022_02",
        "account_internal_id": "241000087_2022_02",
        "gis_id": "241000087_2022_02",
        "month": "01.02.2022",
        "credit": "998.83",
        "saldo": "998.83",
        "payment_value": "471.65",
        "payment_date": "01.02.2022",
        "bill_value": "",
        "account_number": "",
        "bank_bik": ""
    },
    {
        "org_ppa_guid": "7838413520",
        "internal_id": "241000088_2022_02",
        "account_internal_id": "241000088_2022_02",
        "gis_id": "241000088_2022_02",
        "month": "01.02.2022",
        "credit": "2201.01",
        "saldo": "2201.01",
        "payment_value": "314.43",
        "payment_date": "01.02.2022",
        "bill_value": "",
        "account_number": "",
        "bank_bik": ""
    },
    {
        "org_ppa_guid": "7838413520",
        "internal_id": "241000089_2022_02",
        "account_internal_id": "241000089_2022_02",
        "gis_id": "241000089_2022_02",
        "month": "01.02.2022",
        "credit": "1467.17",
        "saldo": "1130.71",
        "payment_value": "650.89",
        "payment_date": "01.02.2022",
        "bill_value": "",
        "account_number": "",
        "bank_bik": ""
    },
    {
        "org_ppa_guid": "7838413520",
        "internal_id": "241000090_2022_02",
        "account_internal_id": "241000090_2022_02",
        "gis_id": "241000090_2022_02",
        "month": "01.02.2022",
        "credit": "336.97",
        "saldo": "336.97",
        "payment_value": "336.97",
        "payment_date": "01.02.2022",
        "bill_value": "",
        "account_number": "",
        "bank_bik": ""
    },
    {
        "org_ppa_guid": "7838413520",
        "internal_id": "241000091_2022_02",
        "account_internal_id": "241000091_2022_02",
        "gis_id": "241000091_2022_02",
        "month": "01.02.2022",
        "credit": "896.01",
        "saldo": "1188.02",
        "payment_value": "0.0",
        "payment_date": "",
        "bill_value": "",
        "account_number": "",
        "bank_bik": ""
    },
    {
        "org_ppa_guid": "7838413520",
        "internal_id": "241000092_2022_02",
        "account_internal_id": "241000092_2022_02",
        "gis_id": "241000092_2022_02",
        "month": "01.02.2022",
        "credit": "314.43",
        "saldo": "314.43",
        "payment_value": "314.43",
        "payment_date": "01.02.2022",
        "bill_value": "",
        "account_number": "",
        "bank_bik": ""
    },
    {
        "org_ppa_guid": "7838413520",
        "internal_id": "241000093_2022_02",
        "account_internal_id": "241000093_2022_02",
        "gis_id": "241000093_2022_02",
        "month": "01.02.2022",
        "credit": "314.43",
        "saldo": "314.43",
        "payment_value": "314.43",
        "payment_date": "01.02.2022",
        "bill_value": "",
        "account_number": "",
        "bank_bik": ""
    },
    {
        "org_ppa_guid": "7838413520",
        "internal_id": "241000094_2022_02",
        "account_internal_id": "241000094_2022_02",
        "gis_id": "241000094_2022_02",
        "month": "01.02.2022",
        "credit": "1357.89",
        "saldo": "1807.11",
        "payment_value": "0.0",
        "payment_date": "",
        "bill_value": "",
        "account_number": "",
        "bank_bik": ""
    },
    {
        "org_ppa_guid": "7838413520",
        "internal_id": "241000095_2022_02",
        "account_internal_id": "241000095_2022_02",
        "gis_id": "241000095_2022_02",
        "month": "01.02.2022",
        "credit": "1357.89",
        "saldo": "1807.11",
        "payment_value": "0.0",
        "payment_date": "",
        "bill_value": "",
        "account_number": "",
        "bank_bik": ""
    },
    {
        "org_ppa_guid": "7838413520",
        "internal_id": "241000096_2022_02",
        "account_internal_id": "241000096_2022_02",
        "gis_id": "241000096_2022_02",
        "month": "01.02.2022",
        "credit": "539.16",
        "saldo": "808.74",
        "payment_value": "0.0",
        "payment_date": "",
        "bill_value": "",
        "account_number": "",
        "bank_bik": ""
    },
    {
        "org_ppa_guid": "7838413520",
        "internal_id": "241000097_2022_02",
        "account_internal_id": "241000097_2022_02",
        "gis_id": "241000097_2022_02",
        "month": "01.02.2022",
        "credit": "584.02",
        "saldo": "876.03",
        "payment_value": "0.0",
        "payment_date": "",
        "bill_value": "",
        "account_number": "",
        "bank_bik": ""
    },
    {
        "org_ppa_guid": "7838413520",
        "internal_id": "241000098_2022_02",
        "account_internal_id": "241000098_2022_02",
        "gis_id": "241000098_2022_02",
        "month": "01.02.2022",
        "credit": "880.36",
        "saldo": "1194.79",
        "payment_value": "0.0",
        "payment_date": "",
        "bill_value": "",
        "account_number": "",
        "bank_bik": ""
    },
    {
        "org_ppa_guid": "7838413520",
        "internal_id": "241000099_2022_02",
        "account_internal_id": "241000099_2022_02",
        "gis_id": "241000099_2022_02",
        "month": "01.02.2022",
        "credit": "979.91",
        "saldo": "979.91",
        "payment_value": "292.01",
        "payment_date": "01.02.2022",
        "bill_value": "",
        "account_number": "",
        "bank_bik": ""
    },
    {
        "org_ppa_guid": "7838413520",
        "internal_id": "241000100_2022_02",
        "account_internal_id": "241000100_2022_02",
        "gis_id": "241000100_2022_02",
        "month": "01.02.2022",
        "credit": "979.91",
        "saldo": "979.91",
        "payment_value": "292.01",
        "payment_date": "01.02.2022",
        "bill_value": "",
        "account_number": "",
        "bank_bik": ""
    },
    {
        "org_ppa_guid": "7838413520",
        "internal_id": "241000101_2022_02",
        "account_internal_id": "241000101_2022_02",
        "gis_id": "241000101_2022_02",
        "month": "01.02.2022",
        "credit": "1091.98",
        "saldo": "1496.35",
        "payment_value": "0.0",
        "payment_date": "",
        "bill_value": "",
        "account_number": "",
        "bank_bik": ""
    },
    {
        "org_ppa_guid": "7838413520",
        "internal_id": "241000102_2022_02",
        "account_internal_id": "241000102_2022_02",
        "gis_id": "241000102_2022_02",
        "month": "01.02.2022",
        "credit": "-204.47",
        "saldo": "109.96",
        "payment_value": "0.0",
        "payment_date": "",
        "bill_value": "",
        "account_number": "",
        "bank_bik": ""
    },
    {
        "org_ppa_guid": "7838413520",
        "internal_id": "241000103_2022_02",
        "account_internal_id": "241000103_2022_02",
        "gis_id": "241000103_2022_02",
        "month": "01.02.2022",
        "credit": "332.26",
        "saldo": "332.26",
        "payment_value": "314.43",
        "payment_date": "01.02.2022",
        "bill_value": "",
        "account_number": "",
        "bank_bik": ""
    },
    {
        "org_ppa_guid": "7838413520",
        "internal_id": "241000104_2022_02",
        "account_internal_id": "241000104_2022_02",
        "gis_id": "241000104_2022_02",
        "month": "01.02.2022",
        "credit": "314.43",
        "saldo": "314.43",
        "payment_value": "314.43",
        "payment_date": "01.02.2022",
        "bill_value": "",
        "account_number": "",
        "bank_bik": ""
    },
    {
        "org_ppa_guid": "7838413520",
        "internal_id": "241000105_2022_02",
        "account_internal_id": "241000105_2022_02",
        "gis_id": "241000105_2022_02",
        "month": "01.02.2022",
        "credit": "1135.05",
        "saldo": "1449.48",
        "payment_value": "0.0",
        "payment_date": "",
        "bill_value": "",
        "account_number": "",
        "bank_bik": ""
    },
    {
        "org_ppa_guid": "7838413520",
        "internal_id": "241000106_2022_02",
        "account_internal_id": "241000106_2022_02",
        "gis_id": "241000106_2022_02",
        "month": "01.02.2022",
        "credit": "314.43",
        "saldo": "314.43",
        "payment_value": "314.43",
        "payment_date": "01.02.2022",
        "bill_value": "",
        "account_number": "",
        "bank_bik": ""
    },
    {
        "org_ppa_guid": "7838413520",
        "internal_id": "241000107_2022_02",
        "account_internal_id": "241000107_2022_02",
        "gis_id": "241000107_2022_02",
        "month": "01.02.2022",
        "credit": "514.04",
        "saldo": "828.47",
        "payment_value": "0.0",
        "payment_date": "",
        "bill_value": "",
        "account_number": "",
        "bank_bik": ""
    },
    {
        "org_ppa_guid": "7838413520",
        "internal_id": "241000108_2022_02",
        "account_internal_id": "241000108_2022_02",
        "gis_id": "241000108_2022_02",
        "month": "01.02.2022",
        "credit": "332.26",
        "saldo": "332.26",
        "payment_value": "314.43",
        "payment_date": "01.02.2022",
        "bill_value": "",
        "account_number": "",
        "bank_bik": ""
    },
    {
        "org_ppa_guid": "7838413520",
        "internal_id": "241000109_2022_02",
        "account_internal_id": "241000109_2022_02",
        "gis_id": "241000109_2022_02",
        "month": "01.02.2022",
        "credit": "676.37",
        "saldo": "676.37",
        "payment_value": "336.97",
        "payment_date": "01.02.2022",
        "bill_value": "",
        "account_number": "",
        "bank_bik": ""
    },
    {
        "org_ppa_guid": "7838413520",
        "internal_id": "241000110_2022_02",
        "account_internal_id": "241000110_2022_02",
        "gis_id": "241000110_2022_02",
        "month": "01.02.2022",
        "credit": "988.38",
        "saldo": "988.38",
        "payment_value": "494.19",
        "payment_date": "01.02.2022",
        "bill_value": "",
        "account_number": "",
        "bank_bik": ""
    },
    {
        "org_ppa_guid": "7838413520",
        "internal_id": "241000111_2022_02",
        "account_internal_id": "241000111_2022_02",
        "gis_id": "241000111_2022_02",
        "month": "01.02.2022",
        "credit": "808.74",
        "saldo": "808.74",
        "payment_value": "404.37",
        "payment_date": "01.02.2022",
        "bill_value": "",
        "account_number": "",
        "bank_bik": ""
    },
    {
        "org_ppa_guid": "7838413520",
        "internal_id": "241000112_2022_02",
        "account_internal_id": "241000112_2022_02",
        "gis_id": "241000112_2022_02",
        "month": "01.02.2022",
        "credit": "898.44",
        "saldo": "898.44",
        "payment_value": "449.22",
        "payment_date": "01.02.2022",
        "bill_value": "",
        "account_number": "",
        "bank_bik": ""
    },
    {
        "org_ppa_guid": "7838413520",
        "internal_id": "241000113_2022_02",
        "account_internal_id": "241000113_2022_02",
        "gis_id": "241000113_2022_02",
        "month": "01.02.2022",
        "credit": "2108.42",
        "saldo": "2445.39",
        "payment_value": "0.0",
        "payment_date": "",
        "bill_value": "",
        "account_number": "",
        "bank_bik": ""
    },
    {
        "org_ppa_guid": "7838413520",
        "internal_id": "241000114_2022_02",
        "account_internal_id": "241000114_2022_02",
        "gis_id": "241000114_2022_02",
        "month": "01.02.2022",
        "credit": "-941.22",
        "saldo": "-626.79",
        "payment_value": "0.0",
        "payment_date": "",
        "bill_value": "",
        "account_number": "",
        "bank_bik": ""
    },
    {
        "org_ppa_guid": "7838413520",
        "internal_id": "241000115_2022_02",
        "account_internal_id": "241000115_2022_02",
        "gis_id": "241000115_2022_02",
        "month": "01.02.2022",
        "credit": "2098.85",
        "saldo": "1781.22",
        "payment_value": "632.06",
        "payment_date": "01.02.2022",
        "bill_value": "",
        "account_number": "",
        "bank_bik": ""
    },
    {
        "org_ppa_guid": "7838413520",
        "internal_id": "241000116_2022_02",
        "account_internal_id": "241000116_2022_02",
        "gis_id": "241000116_2022_02",
        "month": "01.02.2022",
        "credit": "1136.78",
        "saldo": "819.93",
        "payment_value": "631.28",
        "payment_date": "01.02.2022",
        "bill_value": "",
        "account_number": "",
        "bank_bik": ""
    },
    {
        "org_ppa_guid": "7838413520",
        "internal_id": "241000117_2022_02",
        "account_internal_id": "241000117_2022_02",
        "gis_id": "241000117_2022_02",
        "month": "01.02.2022",
        "credit": "1086.09",
        "saldo": "767.71",
        "payment_value": "632.81",
        "payment_date": "01.02.2022",
        "bill_value": "",
        "account_number": "",
        "bank_bik": ""
    },
    {
        "org_ppa_guid": "7838413520",
        "internal_id": "241000118_2022_02",
        "account_internal_id": "241000118_2022_02",
        "gis_id": "241000118_2022_02",
        "month": "01.02.2022",
        "credit": "1601.68",
        "saldo": "1916.11",
        "payment_value": "0.0",
        "payment_date": "",
        "bill_value": "",
        "account_number": "",
        "bank_bik": ""
    },
    {
        "org_ppa_guid": "7838413520",
        "internal_id": "241000119_2022_02",
        "account_internal_id": "241000119_2022_02",
        "gis_id": "241000119_2022_02",
        "month": "01.02.2022",
        "credit": "1257.72",
        "saldo": "1257.72",
        "payment_value": "314.43",
        "payment_date": "01.02.2022",
        "bill_value": "",
        "account_number": "",
        "bank_bik": ""
    },
    {
        "org_ppa_guid": "7838413520",
        "internal_id": "241000120_2022_02",
        "account_internal_id": "241000120_2022_02",
        "gis_id": "241000120_2022_02",
        "month": "01.02.2022",
        "credit": "1033.51",
        "saldo": "1033.51",
        "payment_value": "336.97",
        "payment_date": "01.02.2022",
        "bill_value": "",
        "account_number": "",
        "bank_bik": ""
    },
    {
        "org_ppa_guid": "7838413520",
        "internal_id": "241000121_2022_02",
        "account_internal_id": "241000121_2022_02",
        "gis_id": "241000121_2022_02",
        "month": "01.02.2022",
        "credit": "2086.36",
        "saldo": "2490.73",
        "payment_value": "0.0",
        "payment_date": "",
        "bill_value": "",
        "account_number": "",
        "bank_bik": ""
    },
    {
        "org_ppa_guid": "7838413520",
        "internal_id": "241000122_2022_02",
        "account_internal_id": "241000122_2022_02",
        "gis_id": "241000122_2022_02",
        "month": "01.02.2022",
        "credit": "977.99",
        "saldo": "1247.57",
        "payment_value": "0.0",
        "payment_date": "",
        "bill_value": "",
        "account_number": "",
        "bank_bik": ""
    },
    {
        "org_ppa_guid": "7838413520",
        "internal_id": "241000123_2022_02",
        "account_internal_id": "241000123_2022_02",
        "gis_id": "241000123_2022_02",
        "month": "01.02.2022",
        "credit": "977.99",
        "saldo": "1247.57",
        "payment_value": "0.0",
        "payment_date": "",
        "bill_value": "",
        "account_number": "",
        "bank_bik": ""
    },
    {
        "org_ppa_guid": "7838413520",
        "internal_id": "241000124_2022_02",
        "account_internal_id": "241000124_2022_02",
        "gis_id": "241000124_2022_02",
        "month": "01.02.2022",
        "credit": "628.86",
        "saldo": "943.29",
        "payment_value": "0.0",
        "payment_date": "",
        "bill_value": "",
        "account_number": "",
        "bank_bik": ""
    },
    {
        "org_ppa_guid": "7838413520",
        "internal_id": "241000125_2022_02",
        "account_internal_id": "241000125_2022_02",
        "gis_id": "241000125_2022_02",
        "month": "01.02.2022",
        "credit": "975.75",
        "saldo": "1245.33",
        "payment_value": "0.0",
        "payment_date": "",
        "bill_value": "",
        "account_number": "",
        "bank_bik": ""
    },
    {
        "org_ppa_guid": "7838413520",
        "internal_id": "241000126_2022_02",
        "account_internal_id": "241000126_2022_02",
        "gis_id": "241000126_2022_02",
        "month": "01.02.2022",
        "credit": "1205.29",
        "saldo": "1474.87",
        "payment_value": "0.0",
        "payment_date": "",
        "bill_value": "",
        "account_number": "",
        "bank_bik": ""
    },
    {
        "org_ppa_guid": "7838413520",
        "internal_id": "241000311_2022_02",
        "account_internal_id": "241000311_2022_02",
        "gis_id": "241000311_2022_02",
        "month": "01.02.2022",
        "credit": "604.4",
        "saldo": "604.4",
        "payment_value": "336.97",
        "payment_date": "01.02.2022",
        "bill_value": "",
        "account_number": "",
        "bank_bik": ""
    },
    {
        "org_ppa_guid": "7838413520",
        "internal_id": "241001031_2022_02",
        "account_internal_id": "241001031_2022_02",
        "gis_id": "241001031_2022_02",
        "month": "01.02.2022",
        "credit": "309.33",
        "saldo": "309.33",
        "payment_value": "314.43",
        "payment_date": "01.02.2022",
        "bill_value": "",
        "account_number": "",
        "bank_bik": ""
    },
    {
        "org_ppa_guid": "7838413520",
        "internal_id": "241001191_2022_02",
        "account_internal_id": "241001191_2022_02",
        "gis_id": "241001191_2022_02",
        "month": "01.02.2022",
        "credit": "2892.18",
        "saldo": "3206.61",
        "payment_value": "0.0",
        "payment_date": "",
        "bill_value": "",
        "account_number": "",
        "bank_bik": ""
    },
    {
        "org_ppa_guid": "7838413520",
        "internal_id": "241100031_2022_02",
        "account_internal_id": "241100031_2022_02",
        "gis_id": "241100031_2022_02",
        "month": "01.02.2022",
        "credit": "610.35",
        "saldo": "902.36",
        "payment_value": "0.0",
        "payment_date": "",
        "bill_value": "",
        "account_number": "",
        "bank_bik": ""
    },
    {
        "org_ppa_guid": "7838413520",
        "internal_id": "241100032_2022_02",
        "account_internal_id": "241100032_2022_02",
        "gis_id": "241100032_2022_02",
        "month": "01.02.2022",
        "credit": "1083.52",
        "saldo": "1083.52",
        "payment_value": "314.43",
        "payment_date": "01.02.2022",
        "bill_value": "",
        "account_number": "",
        "bank_bik": ""
    },
    {
        "org_ppa_guid": "7838413520",
        "internal_id": "241200061_2022_02",
        "account_internal_id": "241200061_2022_02",
        "gis_id": "241200061_2022_02",
        "month": "01.02.2022",
        "credit": "810.46",
        "saldo": "1080.04",
        "payment_value": "0.0",
        "payment_date": "",
        "bill_value": "",
        "account_number": "",
        "bank_bik": ""
    },
    {
        "org_ppa_guid": "7838413520",
        "internal_id": "241200301_2022_02",
        "account_internal_id": "241200301_2022_02",
        "gis_id": "241200301_2022_02",
        "month": "01.02.2022",
        "credit": "379.55",
        "saldo": "671.56",
        "payment_value": "0.0",
        "payment_date": "",
        "bill_value": "",
        "account_number": "",
        "bank_bik": ""
    },
    {
        "org_ppa_guid": "7838413520",
        "internal_id": "241200341_2022_02",
        "account_internal_id": "241200341_2022_02",
        "gis_id": "241200341_2022_02",
        "month": "01.02.2022",
        "credit": "4989.37",
        "saldo": "2652.77",
        "payment_value": "2853.22",
        "payment_date": "01.02.2022",
        "bill_value": "",
        "account_number": "",
        "bank_bik": ""
    },
    {
        "org_ppa_guid": "7838413520",
        "internal_id": "241200391_2022_02",
        "account_internal_id": "241200391_2022_02",
        "gis_id": "241200391_2022_02",
        "month": "01.02.2022",
        "credit": "546.48",
        "saldo": "546.48",
        "payment_value": "134.79",
        "payment_date": "01.02.2022",
        "bill_value": "",
        "account_number": "",
        "bank_bik": ""
    },
    {
        "org_ppa_guid": "7838413520",
        "internal_id": "241200511_2022_02",
        "account_internal_id": "241200511_2022_02",
        "gis_id": "241200511_2022_02",
        "month": "01.02.2022",
        "credit": "1931.68",
        "saldo": "1931.68",
        "payment_value": "965.84",
        "payment_date": "01.02.2022",
        "bill_value": "",
        "account_number": "",
        "bank_bik": ""
    },
    {
        "org_ppa_guid": "7838413520",
        "internal_id": "241200521_2022_02",
        "account_internal_id": "241200521_2022_02",
        "gis_id": "241200521_2022_02",
        "month": "01.02.2022",
        "credit": "1241.03",
        "saldo": "1600.43",
        "payment_value": "0.0",
        "payment_date": "",
        "bill_value": "",
        "account_number": "",
        "bank_bik": ""
    },
    {
        "org_ppa_guid": "7838413520",
        "internal_id": "241200581_2022_02",
        "account_internal_id": "241200581_2022_02",
        "gis_id": "241200581_2022_02",
        "month": "01.02.2022",
        "credit": "1752.27",
        "saldo": "1887.06",
        "payment_value": "0.0",
        "payment_date": "",
        "bill_value": "",
        "account_number": "",
        "bank_bik": ""
    },
    {
        "org_ppa_guid": "7838413520",
        "internal_id": "241200591_2022_02",
        "account_internal_id": "241200591_2022_02",
        "gis_id": "241200591_2022_02",
        "month": "01.02.2022",
        "credit": "831.61",
        "saldo": "831.61",
        "payment_value": "516.62",
        "payment_date": "01.02.2022",
        "bill_value": "",
        "account_number": "",
        "bank_bik": ""
    },
    {
        "org_ppa_guid": "7838413520",
        "internal_id": "241200681_2022_02",
        "account_internal_id": "241200681_2022_02",
        "gis_id": "241200681_2022_02",
        "month": "01.02.2022",
        "credit": "1110.88",
        "saldo": "103.86",
        "payment_value": "1164.24",
        "payment_date": "01.02.2022",
        "bill_value": "",
        "account_number": "",
        "bank_bik": ""
    },
    {
        "org_ppa_guid": "7838413520",
        "internal_id": "241200682_2022_02",
        "account_internal_id": "241200682_2022_02",
        "gis_id": "241200682_2022_02",
        "month": "01.02.2022",
        "credit": "1617.48",
        "saldo": "1752.27",
        "payment_value": "0.0",
        "payment_date": "",
        "bill_value": "",
        "account_number": "",
        "bank_bik": ""
    },
    {
        "org_ppa_guid": "7838413520",
        "internal_id": "241200701_2022_02",
        "account_internal_id": "241200701_2022_02",
        "gis_id": "241200701_2022_02",
        "month": "01.02.2022",
        "credit": "319.46",
        "saldo": "544.07",
        "payment_value": "0.0",
        "payment_date": "",
        "bill_value": "",
        "account_number": "",
        "bank_bik": ""
    },
    {
        "org_ppa_guid": "7838413520",
        "internal_id": "241200731_2022_02",
        "account_internal_id": "241200731_2022_02",
        "gis_id": "241200731_2022_02",
        "month": "01.02.2022",
        "credit": "353.16",
        "saldo": "532.8",
        "payment_value": "0.0",
        "payment_date": "",
        "bill_value": "",
        "account_number": "",
        "bank_bik": ""
    },
    {
        "org_ppa_guid": "7838413520",
        "internal_id": "241200861_2022_02",
        "account_internal_id": "241200861_2022_02",
        "gis_id": "241200861_2022_02",
        "month": "01.02.2022",
        "credit": "541.03",
        "saldo": "720.67",
        "payment_value": "0.0",
        "payment_date": "",
        "bill_value": "",
        "account_number": "",
        "bank_bik": ""
    },
    {
        "org_ppa_guid": "7838413520",
        "internal_id": "241200871_2022_02",
        "account_internal_id": "241200871_2022_02",
        "gis_id": "241200871_2022_02",
        "month": "01.02.2022",
        "credit": "149.89",
        "saldo": "329.53",
        "payment_value": "0.0",
        "payment_date": "",
        "bill_value": "",
        "account_number": "",
        "bank_bik": ""
    },
    {
        "org_ppa_guid": "7838413520",
        "internal_id": "241200901_2022_02",
        "account_internal_id": "241200901_2022_02",
        "gis_id": "241200901_2022_02",
        "month": "01.02.2022",
        "credit": "157.22",
        "saldo": "157.22",
        "payment_value": "157.22",
        "payment_date": "01.02.2022",
        "bill_value": "",
        "account_number": "",
        "bank_bik": ""
    },
    {
        "org_ppa_guid": "7838413520",
        "internal_id": "241200902_2022_02",
        "account_internal_id": "241200902_2022_02",
        "gis_id": "241200902_2022_02",
        "month": "01.02.2022",
        "credit": "135.85",
        "saldo": "135.85",
        "payment_value": "134.79",
        "payment_date": "01.02.2022",
        "bill_value": "",
        "account_number": "",
        "bank_bik": ""
    },
    {
        "org_ppa_guid": "7838413520",
        "internal_id": "241200931_2022_02",
        "account_internal_id": "241200931_2022_02",
        "gis_id": "241200931_2022_02",
        "month": "01.02.2022",
        "credit": "898.44",
        "saldo": "1347.66",
        "payment_value": "0.0",
        "payment_date": "",
        "bill_value": "",
        "account_number": "",
        "bank_bik": ""
    }
]