[
    {
        "org_ppa_guid": "7838413520",
        "internal_id": "42_2022_04",
        "account_internal_id": "42_2022_04",
        "gis_id": "42_2022_04",
        "month": "01.04.2022",
        "credit": "42.0",
        "saldo": "42.0",
        "payment_value": "42.0",
        "payment_date": "01.04.2022",
        "bill_value": "",
        "account_number": "",
        "bank_bik": ""
    },
    {
        "org_ppa_guid": "7838413520",
        "internal_id": "240000001_2022_04",
        "account_internal_id": "240000001_2022_04",
        "gis_id": "240000001_2022_04",
        "month": "01.04.2022",
        "credit": "42.0",
        "saldo": "39473.6",
        "payment_value": "42.0",
        "payment_date": "01.04.2022",
        "bill_value": "",
        "account_number": "",
        "bank_bik": ""
    },
    {
        "org_ppa_guid": "7838413520",
        "internal_id": "240000002_2022_04",
        "account_internal_id": "240000002_2022_04",
        "gis_id": "240000002_2022_04",
        "month": "01.04.2022",
        "credit": "42.0",
        "saldo": "8792.32",
        "payment_value": "42.0",
        "payment_date": "01.04.2022",
        "bill_value": "",
        "account_number": "",
        "bank_bik": ""
    },
    {
        "org_ppa_guid": "7838413520",
        "internal_id": "240000003_2022_04",
        "account_internal_id": "240000003_2022_04",
        "gis_id": "240000003_2022_04",
        "month": "01.04.2022",
        "credit": "14766.43",
        "saldo": "13770.53",
        "payment_value": "14766.43",
        "payment_date": "01.04.2022",
        "bill_value": "",
        "account_number": "",
        "bank_bik": ""
    },
    {
        "org_ppa_guid": "7838413520",
        "internal_id": "240000004_2022_04",
        "account_internal_id": "240000004_2022_04",
        "gis_id": "240000004_2022_04",
        "month": "01.04.2022",
        "credit": "8452.01",
        "saldo": "8237.0",
        "payment_value": "8452.01",
        "payment_date": "01.04.2022",
        "bill_value": "",
        "account_number": "",
        "bank_bik": ""
    },
    {
        "org_ppa_guid": "7838413520",
        "internal_id": "240000005_2022_04",
        "account_internal_id": "240000005_2022_04",
        "gis_id": "240000005_2022_04",
        "month": "01.04.2022",
        "credit": "14220.22",
        "saldo": "13915.76",
        "payment_value": "14220.22",
        "payment_date": "01.04.2022",
        "bill_value": "",
        "account_number": "",
        "bank_bik": ""
    },
    {
        "org_ppa_guid": "7838413520",
        "internal_id": "240000006_2022_04",
        "account_internal_id": "240000006_2022_04",
        "gis_id": "240000006_2022_04",
        "month": "01.04.2022",
        "credit": "42667.64",
        "saldo": "41295.0",
        "payment_value": "42667.64",
        "payment_date": "01.04.2022",
        "bill_value": "",
        "account_number": "",
        "bank_bik": ""
    },
    {
        "org_ppa_guid": "7838413520",
        "internal_id": "240000007_2022_04",
        "account_internal_id": "240000007_2022_04",
        "gis_id": "240000007_2022_04",
        "month": "01.04.2022",
        "credit": "42.0",
        "saldo": "42.0",
        "payment_value": "42.0",
        "payment_date": "01.04.2022",
        "bill_value": "",
        "account_number": "",
        "bank_bik": ""
    },
    {
        "org_ppa_guid": "7838413520",
        "internal_id": "240000008_2022_04",
        "account_internal_id": "240000008_2022_04",
        "gis_id": "240000008_2022_04",
        "month": "01.04.2022",
        "credit": "18791.27",
        "saldo": "18541.19",
        "payment_value": "18791.27",
        "payment_date": "01.04.2022",
        "bill_value": "",
        "account_number": "",
        "bank_bik": ""
    },
    {
        "org_ppa_guid": "7838413520",
        "internal_id": "240000009_2022_04",
        "account_internal_id": "240000009_2022_04",
        "gis_id": "240000009_2022_04",
        "month": "01.04.2022",
        "credit": "12952.01",
        "saldo": "12649.79",
        "payment_value": "12952.01",
        "payment_date": "01.04.2022",
        "bill_value": "",
        "account_number": "",
        "bank_bik": ""
    },
    {
        "org_ppa_guid": "7838413520",
        "internal_id": "240000010_2022_04",
        "account_internal_id": "240000010_2022_04",
        "gis_id": "240000010_2022_04",
        "month": "01.04.2022",
        "credit": "14074.82",
        "saldo": "13818.67",
        "payment_value": "14074.82",
        "payment_date": "01.04.2022",
        "bill_value": "",
        "account_number": "",
        "bank_bik": ""
    },
    {
        "org_ppa_guid": "7838413520",
        "internal_id": "240000011_2022_04",
        "account_internal_id": "240000011_2022_04",
        "gis_id": "240000011_2022_04",
        "month": "01.04.2022",
        "credit": "-2029.25",
        "saldo": "-2348.83",
        "payment_value": "30524.93",
        "payment_date": "01.04.2022",
        "bill_value": "",
        "account_number": "",
        "bank_bik": ""
    },
    {
        "org_ppa_guid": "7838413520",
        "internal_id": "240000012_2022_04",
        "account_internal_id": "240000012_2022_04",
        "gis_id": "240000012_2022_04",
        "month": "01.04.2022",
        "credit": "16373.64",
        "saldo": "15998.95",
        "payment_value": "16373.63",
        "payment_date": "01.04.2022",
        "bill_value": "",
        "account_number": "",
        "bank_bik": ""
    },
    {
        "org_ppa_guid": "7838413520",
        "internal_id": "240000013_2022_04",
        "account_internal_id": "240000013_2022_04",
        "gis_id": "240000013_2022_04",
        "month": "01.04.2022",
        "credit": "13430.76",
        "saldo": "13418.72",
        "payment_value": "13430.76",
        "payment_date": "01.04.2022",
        "bill_value": "",
        "account_number": "",
        "bank_bik": ""
    },
    {
        "org_ppa_guid": "7838413520",
        "internal_id": "240000014_2022_04",
        "account_internal_id": "240000014_2022_04",
        "gis_id": "240000014_2022_04",
        "month": "01.04.2022",
        "credit": "-81700.7",
        "saldo": "-65418.67",
        "payment_value": "42.0",
        "payment_date": "01.04.2022",
        "bill_value": "",
        "account_number": "",
        "bank_bik": ""
    },
    {
        "org_ppa_guid": "7838413520",
        "internal_id": "240000015_2022_04",
        "account_internal_id": "240000015_2022_04",
        "gis_id": "240000015_2022_04",
        "month": "01.04.2022",
        "credit": "16372.2",
        "saldo": "15456.99",
        "payment_value": "16372.2",
        "payment_date": "01.04.2022",
        "bill_value": "",
        "account_number": "",
        "bank_bik": ""
    },
    {
        "org_ppa_guid": "7838413520",
        "internal_id": "240000016_2022_04",
        "account_internal_id": "240000016_2022_04",
        "gis_id": "240000016_2022_04",
        "month": "01.04.2022",
        "credit": "26761.71",
        "saldo": "13011.59",
        "payment_value": "26761.71",
        "payment_date": "01.04.2022",
        "bill_value": "",
        "account_number": "",
        "bank_bik": ""
    },
    {
        "org_ppa_guid": "7838413520",
        "internal_id": "240000017_2022_04",
        "account_internal_id": "240000017_2022_04",
        "gis_id": "240000017_2022_04",
        "month": "01.04.2022",
        "credit": "-37175.99",
        "saldo": "-21639.64",
        "payment_value": "42.0",
        "payment_date": "01.04.2022",
        "bill_value": "",
        "account_number": "",
        "bank_bik": ""
    },
    {
        "org_ppa_guid": "7838413520",
        "internal_id": "240000018_2022_04",
        "account_internal_id": "240000018_2022_04",
        "gis_id": "240000018_2022_04",
        "month": "01.04.2022",
        "credit": "-314.71",
        "saldo": "13506.07",
        "payment_value": "42.0",
        "payment_date": "01.04.2022",
        "bill_value": "",
        "account_number": "",
        "bank_bik": ""
    },
    {
        "org_ppa_guid": "7838413520",
        "internal_id": "240000019_2022_04",
        "account_internal_id": "240000019_2022_04",
        "gis_id": "240000019_2022_04",
        "month": "01.04.2022",
        "credit": "42.0",
        "saldo": "12982.4",
        "payment_value": "42.0",
        "payment_date": "01.04.2022",
        "bill_value": "",
        "account_number": "",
        "bank_bik": ""
    },
    {
        "org_ppa_guid": "7838413520",
        "internal_id": "240000020_2022_04",
        "account_internal_id": "240000020_2022_04",
        "gis_id": "240000020_2022_04",
        "month": "01.04.2022",
        "credit": "18318.51",
        "saldo": "17466.93",
        "payment_value": "18318.51",
        "payment_date": "01.04.2022",
        "bill_value": "",
        "account_number": "",
        "bank_bik": ""
    },
    {
        "org_ppa_guid": "7838413520",
        "internal_id": "240000021_2022_04",
        "account_internal_id": "240000021_2022_04",
        "gis_id": "240000021_2022_04",
        "month": "01.04.2022",
        "credit": "15474.1",
        "saldo": "15103.56",
        "payment_value": "15474.1",
        "payment_date": "01.04.2022",
        "bill_value": "",
        "account_number": "",
        "bank_bik": ""
    },
    {
        "org_ppa_guid": "7838413520",
        "internal_id": "240000022_2022_04",
        "account_internal_id": "240000022_2022_04",
        "gis_id": "240000022_2022_04",
        "month": "01.04.2022",
        "credit": "13228.29",
        "saldo": "12644.64",
        "payment_value": "13228.29",
        "payment_date": "01.04.2022",
        "bill_value": "",
        "account_number": "",
        "bank_bik": ""
    },
    {
        "org_ppa_guid": "7838413520",
        "internal_id": "240000023_2022_04",
        "account_internal_id": "240000023_2022_04",
        "gis_id": "240000023_2022_04",
        "month": "01.04.2022",
        "credit": "42.0",
        "saldo": "18574.59",
        "payment_value": "42.0",
        "payment_date": "01.04.2022",
        "bill_value": "",
        "account_number": "",
        "bank_bik": ""
    },
    {
        "org_ppa_guid": "7838413520",
        "internal_id": "240000024_2022_04",
        "account_internal_id": "240000024_2022_04",
        "gis_id": "240000024_2022_04",
        "month": "01.04.2022",
        "credit": "14123.76",
        "saldo": "14123.72",
        "payment_value": "14123.76",
        "payment_date": "01.04.2022",
        "bill_value": "",
        "account_number": "",
        "bank_bik": ""
    },
    {
        "org_ppa_guid": "7838413520",
        "internal_id": "240000025_2022_04",
        "account_internal_id": "240000025_2022_04",
        "gis_id": "240000025_2022_04",
        "month": "01.04.2022",
        "credit": "13106.96",
        "saldo": "26224.44",
        "payment_value": "42.0",
        "payment_date": "01.04.2022",
        "bill_value": "",
        "account_number": "",
        "bank_bik": ""
    },
    {
        "org_ppa_guid": "7838413520",
        "internal_id": "240000026_2022_04",
        "account_internal_id": "240000026_2022_04",
        "gis_id": "240000026_2022_04",
        "month": "01.04.2022",
        "credit": "16065.48",
        "saldo": "15669.4",
        "payment_value": "16065.48",
        "payment_date": "01.04.2022",
        "bill_value": "",
        "account_number": "",
        "bank_bik": ""
    },
    {
        "org_ppa_guid": "7838413520",
        "internal_id": "240000027_2022_04",
        "account_internal_id": "240000027_2022_04",
        "gis_id": "240000027_2022_04",
        "month": "01.04.2022",
        "credit": "33001.69",
        "saldo": "16605.35",
        "payment_value": "32363.49",
        "payment_date": "01.04.2022",
        "bill_value": "",
        "account_number": "",
        "bank_bik": ""
    },
    {
        "org_ppa_guid": "7838413520",
        "internal_id": "240000028_2022_04",
        "account_internal_id": "240000028_2022_04",
        "gis_id": "240000028_2022_04",
        "month": "01.04.2022",
        "credit": "72897.4",
        "saldo": "88564.97",
        "payment_value": "42.0",
        "payment_date": "01.04.2022",
        "bill_value": "",
        "account_number": "",
        "bank_bik": ""
    },
    {
        "org_ppa_guid": "7838413520",
        "internal_id": "240000029_2022_04",
        "account_internal_id": "240000029_2022_04",
        "gis_id": "240000029_2022_04",
        "month": "01.04.2022",
        "credit": "21273.81",
        "saldo": "19939.41",
        "payment_value": "20633.02",
        "payment_date": "01.04.2022",
        "bill_value": "",
        "account_number": "",
        "bank_bik": ""
    },
    {
        "org_ppa_guid": "7838413520",
        "internal_id": "240000030_2022_04",
        "account_internal_id": "240000030_2022_04",
        "gis_id": "240000030_2022_04",
        "month": "01.04.2022",
        "credit": "17844.98",
        "saldo": "17245.23",
        "payment_value": "17844.98",
        "payment_date": "01.04.2022",
        "bill_value": "",
        "account_number": "",
        "bank_bik": ""
    },
    {
        "org_ppa_guid": "7838413520",
        "internal_id": "240000031_2022_04",
        "account_internal_id": "240000031_2022_04",
        "gis_id": "240000031_2022_04",
        "month": "01.04.2022",
        "credit": "10484.77",
        "saldo": "10271.28",
        "payment_value": "10544.85",
        "payment_date": "01.04.2022",
        "bill_value": "",
        "account_number": "",
        "bank_bik": ""
    },
    {
        "org_ppa_guid": "7838413520",
        "internal_id": "240000032_2022_04",
        "account_internal_id": "240000032_2022_04",
        "gis_id": "240000032_2022_04",
        "month": "01.04.2022",
        "credit": "933.11",
        "saldo": "465.67",
        "payment_value": "18006.79",
        "payment_date": "01.04.2022",
        "bill_value": "",
        "account_number": "",
        "bank_bik": ""
    },
    {
        "org_ppa_guid": "7838413520",
        "internal_id": "240000033_2022_04",
        "account_internal_id": "240000033_2022_04",
        "gis_id": "240000033_2022_04",
        "month": "01.04.2022",
        "credit": "42.0",
        "saldo": "16737.51",
        "payment_value": "42.0",
        "payment_date": "01.04.2022",
        "bill_value": "",
        "account_number": "",
        "bank_bik": ""
    },
    {
        "org_ppa_guid": "7838413520",
        "internal_id": "240000034_2022_04",
        "account_internal_id": "240000034_2022_04",
        "gis_id": "240000034_2022_04",
        "month": "01.04.2022",
        "credit": "17432.68",
        "saldo": "25916.52",
        "payment_value": "42.0",
        "payment_date": "01.04.2022",
        "bill_value": "",
        "account_number": "",
        "bank_bik": ""
    },
    {
        "org_ppa_guid": "7838413520",
        "internal_id": "240000035_2022_04",
        "account_internal_id": "240000035_2022_04",
        "gis_id": "240000035_2022_04",
        "month": "01.04.2022",
        "credit": "39665.76",
        "saldo": "59551.61",
        "payment_value": "42.0",
        "payment_date": "01.04.2022",
        "bill_value": "",
        "account_number": "",
        "bank_bik": ""
    },
    {
        "org_ppa_guid": "7838413520",
        "internal_id": "240000036_2022_04",
        "account_internal_id": "240000036_2022_04",
        "gis_id": "240000036_2022_04",
        "month": "01.04.2022",
        "credit": "22438.04",
        "saldo": "43486.72",
        "payment_value": "42.0",
        "payment_date": "01.04.2022",
        "bill_value": "",
        "account_number": "",
        "bank_bik": ""
    },
    {
        "org_ppa_guid": "7838413520",
        "internal_id": "240000037_2022_04",
        "account_internal_id": "240000037_2022_04",
        "gis_id": "240000037_2022_04",
        "month": "01.04.2022",
        "credit": "42.0",
        "saldo": "27321.66",
        "payment_value": "42.0",
        "payment_date": "01.04.2022",
        "bill_value": "",
        "account_number": "",
        "bank_bik": ""
    },
    {
        "org_ppa_guid": "7838413520",
        "internal_id": "240000039_2022_04",
        "account_internal_id": "240000039_2022_04",
        "gis_id": "240000039_2022_04",
        "month": "01.04.2022",
        "credit": "42.0",
        "saldo": "18674.24",
        "payment_value": "42.0",
        "payment_date": "01.04.2022",
        "bill_value": "",
        "account_number": "",
        "bank_bik": ""
    },
    {
        "org_ppa_guid": "7838413520",
        "internal_id": "240000040_2022_04",
        "account_internal_id": "240000040_2022_04",
        "gis_id": "240000040_2022_04",
        "month": "01.04.2022",
        "credit": "-59826.94",
        "saldo": "-51459.94",
        "payment_value": "42.0",
        "payment_date": "01.04.2022",
        "bill_value": "",
        "account_number": "",
        "bank_bik": ""
    },
    {
        "org_ppa_guid": "7838413520",
        "internal_id": "240000041_2022_04",
        "account_internal_id": "240000041_2022_04",
        "gis_id": "240000041_2022_04",
        "month": "01.04.2022",
        "credit": "42.0",
        "saldo": "24310.86",
        "payment_value": "42.0",
        "payment_date": "01.04.2022",
        "bill_value": "",
        "account_number": "",
        "bank_bik": ""
    },
    {
        "org_ppa_guid": "7838413520",
        "internal_id": "240000042_2022_04",
        "account_internal_id": "240000042_2022_04",
        "gis_id": "240000042_2022_04",
        "month": "01.04.2022",
        "credit": "45954.25",
        "saldo": "22128.09",
        "payment_value": "45954.25",
        "payment_date": "01.04.2022",
        "bill_value": "",
        "account_number": "",
        "bank_bik": ""
    },
    {
        "org_ppa_guid": "7838413520",
        "internal_id": "240000043_2022_04",
        "account_internal_id": "240000043_2022_04",
        "gis_id": "240000043_2022_04",
        "month": "01.04.2022",
        "credit": "0.0",
        "saldo": "35148.82",
        "payment_value": "0.0",
        "payment_date": "",
        "bill_value": "",
        "account_number": "",
        "bank_bik": ""
    },
    {
        "org_ppa_guid": "7838413520",
        "internal_id": "240000044_2022_04",
        "account_internal_id": "240000044_2022_04",
        "gis_id": "240000044_2022_04",
        "month": "01.04.2022",
        "credit": "26161.31",
        "saldo": "44198.33",
        "payment_value": "42.0",
        "payment_date": "01.04.2022",
        "bill_value": "",
        "account_number": "",
        "bank_bik": ""
    },
    {
        "org_ppa_guid": "7838413520",
        "internal_id": "240000045_2022_04",
        "account_internal_id": "240000045_2022_04",
        "gis_id": "240000045_2022_04",
        "month": "01.04.2022",
        "credit": "42.0",
        "saldo": "14014.09",
        "payment_value": "42.0",
        "payment_date": "01.04.2022",
        "bill_value": "",
        "account_number": "",
        "bank_bik": ""
    },
    {
        "org_ppa_guid": "7838413520",
        "internal_id": "240000046_2022_04",
        "account_internal_id": "240000046_2022_04",
        "gis_id": "240000046_2022_04",
        "month": "01.04.2022",
        "credit": "19887.31",
        "saldo": "19876.94",
        "payment_value": "17614.62",
        "payment_date": "01.04.2022",
        "bill_value": "",
        "account_number": "",
        "bank_bik": ""
    },
    {
        "org_ppa_guid": "7838413520",
        "internal_id": "240000047_2022_04",
        "account_internal_id": "240000047_2022_04",
        "gis_id": "240000047_2022_04",
        "month": "01.04.2022",
        "credit": "21892.02",
        "saldo": "43915.94",
        "payment_value": "42.0",
        "payment_date": "01.04.2022",
        "bill_value": "",
        "account_number": "",
        "bank_bik": ""
    },
    {
        "org_ppa_guid": "7838413520",
        "internal_id": "240000048_2022_04",
        "account_internal_id": "240000048_2022_04",
        "gis_id": "240000048_2022_04",
        "month": "01.04.2022",
        "credit": "42.0",
        "saldo": "-644.08",
        "payment_value": "9512.32",
        "payment_date": "01.04.2022",
        "bill_value": "",
        "account_number": "",
        "bank_bik": ""
    },
    {
        "org_ppa_guid": "7838413520",
        "internal_id": "240000049_2022_04",
        "account_internal_id": "240000049_2022_04",
        "gis_id": "240000049_2022_04",
        "month": "01.04.2022",
        "credit": "-79532.88",
        "saldo": "-62853.81",
        "payment_value": "42.0",
        "payment_date": "01.04.2022",
        "bill_value": "",
        "account_number": "",
        "bank_bik": ""
    },
    {
        "org_ppa_guid": "7838413520",
        "internal_id": "240000050_2022_04",
        "account_internal_id": "240000050_2022_04",
        "gis_id": "240000050_2022_04",
        "month": "01.04.2022",
        "credit": "18433.68",
        "saldo": "17855.6",
        "payment_value": "18433.68",
        "payment_date": "01.04.2022",
        "bill_value": "",
        "account_number": "",
        "bank_bik": ""
    },
    {
        "org_ppa_guid": "7838413520",
        "internal_id": "240000051_2022_04",
        "account_internal_id": "240000051_2022_04",
        "gis_id": "240000051_2022_04",
        "month": "01.04.2022",
        "credit": "10121.26",
        "saldo": "9841.63",
        "payment_value": "10121.26",
        "payment_date": "01.04.2022",
        "bill_value": "",
        "account_number": "",
        "bank_bik": ""
    },
    {
        "org_ppa_guid": "7838413520",
        "internal_id": "240000052_2022_04",
        "account_internal_id": "240000052_2022_04",
        "gis_id": "240000052_2022_04",
        "month": "01.04.2022",
        "credit": "39288.48",
        "saldo": "38844.09",
        "payment_value": "19873.09",
        "payment_date": "01.04.2022",
        "bill_value": "",
        "account_number": "",
        "bank_bik": ""
    },
    {
        "org_ppa_guid": "7838413520",
        "internal_id": "240000053_2022_04",
        "account_internal_id": "240000053_2022_04",
        "gis_id": "240000053_2022_04",
        "month": "01.04.2022",
        "credit": "26721.0",
        "saldo": "53391.61",
        "payment_value": "42.0",
        "payment_date": "01.04.2022",
        "bill_value": "",
        "account_number": "",
        "bank_bik": ""
    },
    {
        "org_ppa_guid": "7838413520",
        "internal_id": "240000054_2022_04",
        "account_internal_id": "240000054_2022_04",
        "gis_id": "240000054_2022_04",
        "month": "01.04.2022",
        "credit": "22275.21",
        "saldo": "40163.68",
        "payment_value": "42.0",
        "payment_date": "01.04.2022",
        "bill_value": "",
        "account_number": "",
        "bank_bik": ""
    },
    {
        "org_ppa_guid": "7838413520",
        "internal_id": "240000055_2022_04",
        "account_internal_id": "240000055_2022_04",
        "gis_id": "240000055_2022_04",
        "month": "01.04.2022",
        "credit": "26181.82",
        "saldo": "25339.3",
        "payment_value": "26181.82",
        "payment_date": "01.04.2022",
        "bill_value": "",
        "account_number": "",
        "bank_bik": ""
    },
    {
        "org_ppa_guid": "7838413520",
        "internal_id": "240000056_2022_04",
        "account_internal_id": "240000056_2022_04",
        "gis_id": "240000056_2022_04",
        "month": "01.04.2022",
        "credit": "9911.88",
        "saldo": "9409.48",
        "payment_value": "9569.24",
        "payment_date": "01.04.2022",
        "bill_value": "",
        "account_number": "",
        "bank_bik": ""
    },
    {
        "org_ppa_guid": "7838413520",
        "internal_id": "240000057_2022_04",
        "account_internal_id": "240000057_2022_04",
        "gis_id": "240000057_2022_04",
        "month": "01.04.2022",
        "credit": "17226.62",
        "saldo": "16787.7",
        "payment_value": "17226.62",
        "payment_date": "01.04.2022",
        "bill_value": "",
        "account_number": "",
        "bank_bik": ""
    },
    {
        "org_ppa_guid": "7838413520",
        "internal_id": "240000058_2022_04",
        "account_internal_id": "240000058_2022_04",
        "gis_id": "240000058_2022_04",
        "month": "01.04.2022",
        "credit": "37358.11",
        "saldo": "35684.98",
        "payment_value": "38017.71",
        "payment_date": "01.04.2022",
        "bill_value": "",
        "account_number": "",
        "bank_bik": ""
    },
    {
        "org_ppa_guid": "7838413520",
        "internal_id": "240000059_2022_04",
        "account_internal_id": "240000059_2022_04",
        "gis_id": "240000059_2022_04",
        "month": "01.04.2022",
        "credit": "28370.43",
        "saldo": "25666.35",
        "payment_value": "28417.69",
        "payment_date": "01.04.2022",
        "bill_value": "",
        "account_number": "",
        "bank_bik": ""
    },
    {
        "org_ppa_guid": "7838413520",
        "internal_id": "240000060_2022_04",
        "account_internal_id": "240000060_2022_04",
        "gis_id": "240000060_2022_04",
        "month": "01.04.2022",
        "credit": "-33924.23",
        "saldo": "-6471.32",
        "payment_value": "42.0",
        "payment_date": "01.04.2022",
        "bill_value": "",
        "account_number": "",
        "bank_bik": ""
    },
    {
        "org_ppa_guid": "7838413520",
        "internal_id": "240000061_2022_04",
        "account_internal_id": "240000061_2022_04",
        "gis_id": "240000061_2022_04",
        "month": "01.04.2022",
        "credit": "30554.6",
        "saldo": "30211.22",
        "payment_value": "14959.22",
        "payment_date": "01.04.2022",
        "bill_value": "",
        "account_number": "",
        "bank_bik": ""
    },
    {
        "org_ppa_guid": "7838413520",
        "internal_id": "240000062_2022_04",
        "account_internal_id": "240000062_2022_04",
        "gis_id": "240000062_2022_04",
        "month": "01.04.2022",
        "credit": "26928.03",
        "saldo": "41289.02",
        "payment_value": "42.0",
        "payment_date": "01.04.2022",
        "bill_value": "",
        "account_number": "",
        "bank_bik": ""
    },
    {
        "org_ppa_guid": "7838413520",
        "internal_id": "240000063_2022_04",
        "account_internal_id": "240000063_2022_04",
        "gis_id": "240000063_2022_04",
        "month": "01.04.2022",
        "credit": "-1169.32",
        "saldo": "-1788.88",
        "payment_value": "16542.08",
        "payment_date": "01.04.2022",
        "bill_value": "",
        "account_number": "",
        "bank_bik": ""
    },
    {
        "org_ppa_guid": "7838413520",
        "internal_id": "240000064_2022_04",
        "account_internal_id": "240000064_2022_04",
        "gis_id": "240000064_2022_04",
        "month": "01.04.2022",
        "credit": "14536.12",
        "saldo": "14196.78",
        "payment_value": "14566.12",
        "payment_date": "01.04.2022",
        "bill_value": "",
        "account_number": "",
        "bank_bik": ""
    },
    {
        "org_ppa_guid": "7838413520",
        "internal_id": "240000065_2022_04",
        "account_internal_id": "240000065_2022_04",
        "gis_id": "240000065_2022_04",
        "month": "01.04.2022",
        "credit": "15806.66",
        "saldo": "31074.06",
        "payment_value": "42.0",
        "payment_date": "01.04.2022",
        "bill_value": "",
        "account_number": "",
        "bank_bik": ""
    },
    {
        "org_ppa_guid": "7838413520",
        "internal_id": "240000066_2022_04",
        "account_internal_id": "240000066_2022_04",
        "gis_id": "240000066_2022_04",
        "month": "01.04.2022",
        "credit": "42.0",
        "saldo": "15602.57",
        "payment_value": "42.0",
        "payment_date": "01.04.2022",
        "bill_value": "",
        "account_number": "",
        "bank_bik": ""
    },
    {
        "org_ppa_guid": "7838413520",
        "internal_id": "240000067_2022_04",
        "account_internal_id": "240000067_2022_04",
        "gis_id": "240000067_2022_04",
        "month": "01.04.2022",
        "credit": "42.0",
        "saldo": "12661.07",
        "payment_value": "42.0",
        "payment_date": "01.04.2022",
        "bill_value": "",
        "account_number": "",
        "bank_bik": ""
    },
    {
        "org_ppa_guid": "7838413520",
        "internal_id": "240000068_2022_04",
        "account_internal_id": "240000068_2022_04",
        "gis_id": "240000068_2022_04",
        "month": "01.04.2022",
        "credit": "16264.79",
        "saldo": "16698.33",
        "payment_value": "16264.79",
        "payment_date": "01.04.2022",
        "bill_value": "",
        "account_number": "",
        "bank_bik": ""
    },
    {
        "org_ppa_guid": "7838413520",
        "internal_id": "240000069_2022_04",
        "account_internal_id": "240000069_2022_04",
        "gis_id": "240000069_2022_04",
        "month": "01.04.2022",
        "credit": "42.0",
        "saldo": "16428.9",
        "payment_value": "42.0",
        "payment_date": "01.04.2022",
        "bill_value": "",
        "account_number": "",
        "bank_bik": ""
    },
    {
        "org_ppa_guid": "7838413520",
        "internal_id": "240000070_2022_04",
        "account_internal_id": "240000070_2022_04",
        "gis_id": "240000070_2022_04",
        "month": "01.04.2022",
        "credit": "13015.75",
        "saldo": "12692.63",
        "payment_value": "13015.75",
        "payment_date": "01.04.2022",
        "bill_value": "",
        "account_number": "",
        "bank_bik": ""
    },
    {
        "org_ppa_guid": "7838413520",
        "internal_id": "240000071_2022_04",
        "account_internal_id": "240000071_2022_04",
        "gis_id": "240000071_2022_04",
        "month": "01.04.2022",
        "credit": "14583.98",
        "saldo": "28793.25",
        "payment_value": "42.0",
        "payment_date": "01.04.2022",
        "bill_value": "",
        "account_number": "",
        "bank_bik": ""
    },
    {
        "org_ppa_guid": "7838413520",
        "internal_id": "240000072_2022_04",
        "account_internal_id": "240000072_2022_04",
        "gis_id": "240000072_2022_04",
        "month": "01.04.2022",
        "credit": "-17317.83",
        "saldo": "-17362.03",
        "payment_value": "17735.18",
        "payment_date": "01.04.2022",
        "bill_value": "",
        "account_number": "",
        "bank_bik": ""
    },
    {
        "org_ppa_guid": "7838413520",
        "internal_id": "240000073_2022_04",
        "account_internal_id": "240000073_2022_04",
        "gis_id": "240000073_2022_04",
        "month": "01.04.2022",
        "credit": "13473.94",
        "saldo": "12846.07",
        "payment_value": "13473.94",
        "payment_date": "01.04.2022",
        "bill_value": "",
        "account_number": "",
        "bank_bik": ""
    },
    {
        "org_ppa_guid": "7838413520",
        "internal_id": "240000074_2022_04",
        "account_internal_id": "240000074_2022_04",
        "gis_id": "240000074_2022_04",
        "month": "01.04.2022",
        "credit": "31194.53",
        "saldo": "46340.99",
        "payment_value": "42.0",
        "payment_date": "01.04.2022",
        "bill_value": "",
        "account_number": "",
        "bank_bik": ""
    },
    {
        "org_ppa_guid": "7838413520",
        "internal_id": "240000075_2022_04",
        "account_internal_id": "240000075_2022_04",
        "gis_id": "240000075_2022_04",
        "month": "01.04.2022",
        "credit": "42.0",
        "saldo": "15426.41",
        "payment_value": "42.0",
        "payment_date": "01.04.2022",
        "bill_value": "",
        "account_number": "",
        "bank_bik": ""
    },
    {
        "org_ppa_guid": "7838413520",
        "internal_id": "240000076_2022_04",
        "account_internal_id": "240000076_2022_04",
        "gis_id": "240000076_2022_04",
        "month": "01.04.2022",
        "credit": "21507.34",
        "saldo": "28540.48",
        "payment_value": "42.0",
        "payment_date": "01.04.2022",
        "bill_value": "",
        "account_number": "",
        "bank_bik": ""
    },
    {
        "org_ppa_guid": "7838413520",
        "internal_id": "240000077_2022_04",
        "account_internal_id": "240000077_2022_04",
        "gis_id": "240000077_2022_04",
        "month": "01.04.2022",
        "credit": "13145.09",
        "saldo": "19206.74",
        "payment_value": "15000.0",
        "payment_date": "01.04.2022",
        "bill_value": "",
        "account_number": "",
        "bank_bik": ""
    },
    {
        "org_ppa_guid": "7838413520",
        "internal_id": "240000078_2022_04",
        "account_internal_id": "240000078_2022_04",
        "gis_id": "240000078_2022_04",
        "month": "01.04.2022",
        "credit": "57550.55",
        "saldo": "83502.93",
        "payment_value": "6000.0",
        "payment_date": "01.04.2022",
        "bill_value": "",
        "account_number": "",
        "bank_bik": ""
    },
    {
        "org_ppa_guid": "7838413520",
        "internal_id": "240000079_2022_04",
        "account_internal_id": "240000079_2022_04",
        "gis_id": "240000079_2022_04",
        "month": "01.04.2022",
        "credit": "12378.33",
        "saldo": "11601.79",
        "payment_value": "12378.33",
        "payment_date": "01.04.2022",
        "bill_value": "",
        "account_number": "",
        "bank_bik": ""
    },
    {
        "org_ppa_guid": "7838413520",
        "internal_id": "240000080_2022_04",
        "account_internal_id": "240000080_2022_04",
        "gis_id": "240000080_2022_04",
        "month": "01.04.2022",
        "credit": "-2819.45",
        "saldo": "11028.55",
        "payment_value": "42.0",
        "payment_date": "01.04.2022",
        "bill_value": "",
        "account_number": "",
        "bank_bik": ""
    },
    {
        "org_ppa_guid": "7838413520",
        "internal_id": "240000081_2022_04",
        "account_internal_id": "240000081_2022_04",
        "gis_id": "240000081_2022_04",
        "month": "01.04.2022",
        "credit": "9126.8",
        "saldo": "8833.68",
        "payment_value": "9126.8",
        "payment_date": "01.04.2022",
        "bill_value": "",
        "account_number": "",
        "bank_bik": ""
    },
    {
        "org_ppa_guid": "7838413520",
        "internal_id": "240000082_2022_04",
        "account_internal_id": "240000082_2022_04",
        "gis_id": "240000082_2022_04",
        "month": "01.04.2022",
        "credit": "13738.86",
        "saldo": "12953.19",
        "payment_value": "13738.86",
        "payment_date": "01.04.2022",
        "bill_value": "",
        "account_number": "",
        "bank_bik": ""
    },
    {
        "org_ppa_guid": "7838413520",
        "internal_id": "240000083_2022_04",
        "account_internal_id": "240000083_2022_04",
        "gis_id": "240000083_2022_04",
        "month": "01.04.2022",
        "credit": "8699.12",
        "saldo": "8483.84",
        "payment_value": "8699.12",
        "payment_date": "01.04.2022",
        "bill_value": "",
        "account_number": "",
        "bank_bik": ""
    },
    {
        "org_ppa_guid": "7838413520",
        "internal_id": "240000084_2022_04",
        "account_internal_id": "240000084_2022_04",
        "gis_id": "240000084_2022_04",
        "month": "01.04.2022",
        "credit": "24062.49",
        "saldo": "23349.58",
        "payment_value": "24062.49",
        "payment_date": "01.04.2022",
        "bill_value": "",
        "account_number": "",
        "bank_bik": ""
    },
    {
        "org_ppa_guid": "7838413520",
        "internal_id": "240000085_2022_04",
        "account_internal_id": "240000085_2022_04",
        "gis_id": "240000085_2022_04",
        "month": "01.04.2022",
        "credit": "42.0",
        "saldo": "23699.28",
        "payment_value": "42.0",
        "payment_date": "01.04.2022",
        "bill_value": "",
        "account_number": "",
        "bank_bik": ""
    },
    {
        "org_ppa_guid": "7838413520",
        "internal_id": "240000086_2022_04",
        "account_internal_id": "240000086_2022_04",
        "gis_id": "240000086_2022_04",
        "month": "01.04.2022",
        "credit": "18379.18",
        "saldo": "17924.0",
        "payment_value": "18379.18",
        "payment_date": "01.04.2022",
        "bill_value": "",
        "account_number": "",
        "bank_bik": ""
    },
    {
        "org_ppa_guid": "7838413520",
        "internal_id": "241000001_2022_04",
        "account_internal_id": "241000001_2022_04",
        "gis_id": "241000001_2022_04",
        "month": "01.04.2022",
        "credit": "1408.82",
        "saldo": "1395.36",
        "payment_value": "1408.82",
        "payment_date": "01.04.2022",
        "bill_value": "",
        "account_number": "",
        "bank_bik": ""
    },
    {
        "org_ppa_guid": "7838413520",
        "internal_id": "241000002_2022_04",
        "account_internal_id": "241000002_2022_04",
        "gis_id": "241000002_2022_04",
        "month": "01.04.2022",
        "credit": "1408.82",
        "saldo": "1395.36",
        "payment_value": "1408.82",
        "payment_date": "01.04.2022",
        "bill_value": "",
        "account_number": "",
        "bank_bik": ""
    },
    {
        "org_ppa_guid": "7838413520",
        "internal_id": "241000003_2022_04",
        "account_internal_id": "241000003_2022_04",
        "gis_id": "241000003_2022_04",
        "month": "01.04.2022",
        "credit": "-23207.59",
        "saldo": "-18324.45",
        "payment_value": "42.0",
        "payment_date": "01.04.2022",
        "bill_value": "",
        "account_number": "",
        "bank_bik": ""
    },
    {
        "org_ppa_guid": "7838413520",
        "internal_id": "241000004_2022_04",
        "account_internal_id": "241000004_2022_04",
        "gis_id": "241000004_2022_04",
        "month": "01.04.2022",
        "credit": "1995.41",
        "saldo": "1976.34",
        "payment_value": "1995.41",
        "payment_date": "01.04.2022",
        "bill_value": "",
        "account_number": "",
        "bank_bik": ""
    },
    {
        "org_ppa_guid": "7838413520",
        "internal_id": "241000005_2022_04",
        "account_internal_id": "241000005_2022_04",
        "gis_id": "241000005_2022_04",
        "month": "01.04.2022",
        "credit": "1878.21",
        "saldo": "1860.26",
        "payment_value": "1878.21",
        "payment_date": "01.04.2022",
        "bill_value": "",
        "account_number": "",
        "bank_bik": ""
    },
    {
        "org_ppa_guid": "7838413520",
        "internal_id": "241000006_2022_04",
        "account_internal_id": "241000006_2022_04",
        "gis_id": "241000006_2022_04",
        "month": "01.04.2022",
        "credit": "1761.02",
        "saldo": "1744.2",
        "payment_value": "1761.02",
        "payment_date": "01.04.2022",
        "bill_value": "",
        "account_number": "",
        "bank_bik": ""
    },
    {
        "org_ppa_guid": "7838413520",
        "internal_id": "241000007_2022_04",
        "account_internal_id": "241000007_2022_04",
        "gis_id": "241000007_2022_04",
        "month": "01.04.2022",
        "credit": "279.84",
        "saldo": "2372.87",
        "payment_value": "42.0",
        "payment_date": "01.04.2022",
        "bill_value": "",
        "account_number": "",
        "bank_bik": ""
    },
    {
        "org_ppa_guid": "7838413520",
        "internal_id": "241000008_2022_04",
        "account_internal_id": "241000008_2022_04",
        "gis_id": "241000008_2022_04",
        "month": "01.04.2022",
        "credit": "-212.28",
        "saldo": "1415.21",
        "payment_value": "42.0",
        "payment_date": "01.04.2022",
        "bill_value": "",
        "account_number": "",
        "bank_bik": ""
    },
    {
        "org_ppa_guid": "7838413520",
        "internal_id": "241000009_2022_04",
        "account_internal_id": "241000009_2022_04",
        "gis_id": "241000009_2022_04",
        "month": "01.04.2022",
        "credit": "-599.3",
        "saldo": "1028.19",
        "payment_value": "42.0",
        "payment_date": "01.04.2022",
        "bill_value": "",
        "account_number": "",
        "bank_bik": ""
    },
    {
        "org_ppa_guid": "7838413520",
        "internal_id": "241000010_2022_04",
        "account_internal_id": "241000010_2022_04",
        "gis_id": "241000010_2022_04",
        "month": "01.04.2022",
        "credit": "1643.21",
        "saldo": "3270.7",
        "payment_value": "42.0",
        "payment_date": "01.04.2022",
        "bill_value": "",
        "account_number": "",
        "bank_bik": ""
    },
    {
        "org_ppa_guid": "7838413520",
        "internal_id": "241000011_2022_04",
        "account_internal_id": "241000011_2022_04",
        "gis_id": "241000011_2022_04",
        "month": "01.04.2022",
        "credit": "42.0",
        "saldo": "1627.49",
        "payment_value": "42.0",
        "payment_date": "01.04.2022",
        "bill_value": "",
        "account_number": "",
        "bank_bik": ""
    },
    {
        "org_ppa_guid": "7838413520",
        "internal_id": "241000012_2022_04",
        "account_internal_id": "241000012_2022_04",
        "gis_id": "241000012_2022_04",
        "month": "01.04.2022",
        "credit": "3483.82",
        "saldo": "3468.1",
        "payment_value": "1643.21",
        "payment_date": "01.04.2022",
        "bill_value": "",
        "account_number": "",
        "bank_bik": ""
    },
    {
        "org_ppa_guid": "7838413520",
        "internal_id": "241000013_2022_04",
        "account_internal_id": "241000013_2022_04",
        "gis_id": "241000013_2022_04",
        "month": "01.04.2022",
        "credit": "3483.82",
        "saldo": "3468.1",
        "payment_value": "1643.21",
        "payment_date": "01.04.2022",
        "bill_value": "",
        "account_number": "",
        "bank_bik": ""
    },
    {
        "org_ppa_guid": "7838413520",
        "internal_id": "241000014_2022_04",
        "account_internal_id": "241000014_2022_04",
        "gis_id": "241000014_2022_04",
        "month": "01.04.2022",
        "credit": "162.56",
        "saldo": "143.49",
        "payment_value": "1995.41",
        "payment_date": "01.04.2022",
        "bill_value": "",
        "account_number": "",
        "bank_bik": ""
    },
    {
        "org_ppa_guid": "7838413520",
        "internal_id": "241000015_2022_04",
        "account_internal_id": "241000015_2022_04",
        "gis_id": "241000015_2022_04",
        "month": "01.04.2022",
        "credit": "259.01",
        "saldo": "244.43",
        "payment_value": "1526.02",
        "payment_date": "01.04.2022",
        "bill_value": "",
        "account_number": "",
        "bank_bik": ""
    },
    {
        "org_ppa_guid": "7838413520",
        "internal_id": "241000016_2022_04",
        "account_internal_id": "241000016_2022_04",
        "gis_id": "241000016_2022_04",
        "month": "01.04.2022",
        "credit": "1761.02",
        "saldo": "1744.2",
        "payment_value": "1761.02",
        "payment_date": "01.04.2022",
        "bill_value": "",
        "account_number": "",
        "bank_bik": ""
    },
    {
        "org_ppa_guid": "7838413520",
        "internal_id": "241000017_2022_04",
        "account_internal_id": "241000017_2022_04",
        "gis_id": "241000017_2022_04",
        "month": "01.04.2022",
        "credit": "7715.9",
        "saldo": "2325.19",
        "payment_value": "7715.9",
        "payment_date": "01.04.2022",
        "bill_value": "",
        "account_number": "",
        "bank_bik": ""
    },
    {
        "org_ppa_guid": "7838413520",
        "internal_id": "241000018_2022_04",
        "account_internal_id": "241000018_2022_04",
        "gis_id": "241000018_2022_04",
        "month": "01.04.2022",
        "credit": "9258.7",
        "saldo": "2790.1",
        "payment_value": "9258.7",
        "payment_date": "01.04.2022",
        "bill_value": "",
        "account_number": "",
        "bank_bik": ""
    },
    {
        "org_ppa_guid": "7838413520",
        "internal_id": "241000019_2022_04",
        "account_internal_id": "241000019_2022_04",
        "gis_id": "241000019_2022_04",
        "month": "01.04.2022",
        "credit": "7715.9",
        "saldo": "2325.19",
        "payment_value": "7715.9",
        "payment_date": "01.04.2022",
        "bill_value": "",
        "account_number": "",
        "bank_bik": ""
    },
    {
        "org_ppa_guid": "7838413520",
        "internal_id": "241000020_2022_04",
        "account_internal_id": "241000020_2022_04",
        "gis_id": "241000020_2022_04",
        "month": "01.04.2022",
        "credit": "1878.21",
        "saldo": "1860.26",
        "payment_value": "1878.21",
        "payment_date": "01.04.2022",
        "bill_value": "",
        "account_number": "",
        "bank_bik": ""
    },
    {
        "org_ppa_guid": "7838413520",
        "internal_id": "241000021_2022_04",
        "account_internal_id": "241000021_2022_04",
        "gis_id": "241000021_2022_04",
        "month": "01.04.2022",
        "credit": "1526.02",
        "saldo": "1511.44",
        "payment_value": "1526.02",
        "payment_date": "01.04.2022",
        "bill_value": "",
        "account_number": "",
        "bank_bik": ""
    },
    {
        "org_ppa_guid": "7838413520",
        "internal_id": "241000022_2022_04",
        "account_internal_id": "241000022_2022_04",
        "gis_id": "241000022_2022_04",
        "month": "01.04.2022",
        "credit": "1643.2",
        "saldo": "1627.48",
        "payment_value": "1643.21",
        "payment_date": "01.04.2022",
        "bill_value": "",
        "account_number": "",
        "bank_bik": ""
    },
    {
        "org_ppa_guid": "7838413520",
        "internal_id": "241000023_2022_04",
        "account_internal_id": "241000023_2022_04",
        "gis_id": "241000023_2022_04",
        "month": "01.04.2022",
        "credit": "42.0",
        "saldo": "1627.49",
        "payment_value": "42.0",
        "payment_date": "01.04.2022",
        "bill_value": "",
        "account_number": "",
        "bank_bik": ""
    },
    {
        "org_ppa_guid": "7838413520",
        "internal_id": "241000024_2022_04",
        "account_internal_id": "241000024_2022_04",
        "gis_id": "241000024_2022_04",
        "month": "01.04.2022",
        "credit": "1643.21",
        "saldo": "1627.49",
        "payment_value": "1643.21",
        "payment_date": "01.04.2022",
        "bill_value": "",
        "account_number": "",
        "bank_bik": ""
    },
    {
        "org_ppa_guid": "7838413520",
        "internal_id": "241000025_2022_04",
        "account_internal_id": "241000025_2022_04",
        "gis_id": "241000025_2022_04",
        "month": "01.04.2022",
        "credit": "1643.21",
        "saldo": "1627.49",
        "payment_value": "1643.21",
        "payment_date": "01.04.2022",
        "bill_value": "",
        "account_number": "",
        "bank_bik": ""
    },
    {
        "org_ppa_guid": "7838413520",
        "internal_id": "241000026_2022_04",
        "account_internal_id": "241000026_2022_04",
        "gis_id": "241000026_2022_04",
        "month": "01.04.2022",
        "credit": "1643.21",
        "saldo": "1627.49",
        "payment_value": "1643.21",
        "payment_date": "01.04.2022",
        "bill_value": "",
        "account_number": "",
        "bank_bik": ""
    },
    {
        "org_ppa_guid": "7838413520",
        "internal_id": "241000027_2022_04",
        "account_internal_id": "241000027_2022_04",
        "gis_id": "241000027_2022_04",
        "month": "01.04.2022",
        "credit": "1643.21",
        "saldo": "1627.49",
        "payment_value": "1643.21",
        "payment_date": "01.04.2022",
        "bill_value": "",
        "account_number": "",
        "bank_bik": ""
    },
    {
        "org_ppa_guid": "7838413520",
        "internal_id": "241000028_2022_04",
        "account_internal_id": "241000028_2022_04",
        "gis_id": "241000028_2022_04",
        "month": "01.04.2022",
        "credit": "1643.21",
        "saldo": "1627.49",
        "payment_value": "1643.21",
        "payment_date": "01.04.2022",
        "bill_value": "",
        "account_number": "",
        "bank_bik": ""
    },
    {
        "org_ppa_guid": "7838413520",
        "internal_id": "241000029_2022_04",
        "account_internal_id": "241000029_2022_04",
        "gis_id": "241000029_2022_04",
        "month": "01.04.2022",
        "credit": "1643.21",
        "saldo": "1627.49",
        "payment_value": "1643.21",
        "payment_date": "01.04.2022",
        "bill_value": "",
        "account_number": "",
        "bank_bik": ""
    },
    {
        "org_ppa_guid": "7838413520",
        "internal_id": "241000030_2022_04",
        "account_internal_id": "241000030_2022_04",
        "gis_id": "241000030_2022_04",
        "month": "01.04.2022",
        "credit": "1761.02",
        "saldo": "1744.2",
        "payment_value": "1761.02",
        "payment_date": "01.04.2022",
        "bill_value": "",
        "account_number": "",
        "bank_bik": ""
    },
    {
        "org_ppa_guid": "7838413520",
        "internal_id": "241000031_2022_04",
        "account_internal_id": "241000031_2022_04",
        "gis_id": "241000031_2022_04",
        "month": "01.04.2022",
        "credit": "1643.21",
        "saldo": "1627.35",
        "payment_value": "1643.35",
        "payment_date": "01.04.2022",
        "bill_value": "",
        "account_number": "",
        "bank_bik": ""
    },
    {
        "org_ppa_guid": "7838413520",
        "internal_id": "241000032_2022_04",
        "account_internal_id": "241000032_2022_04",
        "gis_id": "241000032_2022_04",
        "month": "01.04.2022",
        "credit": "1995.41",
        "saldo": "1976.34",
        "payment_value": "1995.41",
        "payment_date": "01.04.2022",
        "bill_value": "",
        "account_number": "",
        "bank_bik": ""
    },
    {
        "org_ppa_guid": "7838413520",
        "internal_id": "241000033_2022_04",
        "account_internal_id": "241000033_2022_04",
        "gis_id": "241000033_2022_04",
        "month": "01.04.2022",
        "credit": "5634.65",
        "saldo": "5580.8",
        "payment_value": "5634.65",
        "payment_date": "01.04.2022",
        "bill_value": "",
        "account_number": "",
        "bank_bik": ""
    },
    {
        "org_ppa_guid": "7838413520",
        "internal_id": "241000034_2022_04",
        "account_internal_id": "241000034_2022_04",
        "gis_id": "241000034_2022_04",
        "month": "01.04.2022",
        "credit": "4269.51",
        "saldo": "6013.71",
        "payment_value": "42.0",
        "payment_date": "01.04.2022",
        "bill_value": "",
        "account_number": "",
        "bank_bik": ""
    },
    {
        "org_ppa_guid": "7838413520",
        "internal_id": "241000035_2022_04",
        "account_internal_id": "241000035_2022_04",
        "gis_id": "241000035_2022_04",
        "month": "01.04.2022",
        "credit": "3870.73",
        "saldo": "5498.22",
        "payment_value": "42.0",
        "payment_date": "01.04.2022",
        "bill_value": "",
        "account_number": "",
        "bank_bik": ""
    },
    {
        "org_ppa_guid": "7838413520",
        "internal_id": "241000036_2022_04",
        "account_internal_id": "241000036_2022_04",
        "gis_id": "241000036_2022_04",
        "month": "01.04.2022",
        "credit": "42.0",
        "saldo": "1744.2",
        "payment_value": "42.0",
        "payment_date": "01.04.2022",
        "bill_value": "",
        "account_number": "",
        "bank_bik": ""
    },
    {
        "org_ppa_guid": "7838413520",
        "internal_id": "241000037_2022_04",
        "account_internal_id": "241000037_2022_04",
        "gis_id": "241000037_2022_04",
        "month": "01.04.2022",
        "credit": "-498.1",
        "saldo": "2640.86",
        "payment_value": "42.0",
        "payment_date": "01.04.2022",
        "bill_value": "",
        "account_number": "",
        "bank_bik": ""
    },
    {
        "org_ppa_guid": "7838413520",
        "internal_id": "241000038_2022_04",
        "account_internal_id": "241000038_2022_04",
        "gis_id": "241000038_2022_04",
        "month": "01.04.2022",
        "credit": "-1722.01",
        "saldo": "1416.95",
        "payment_value": "42.0",
        "payment_date": "01.04.2022",
        "bill_value": "",
        "account_number": "",
        "bank_bik": ""
    },
    {
        "org_ppa_guid": "7838413520",
        "internal_id": "241000039_2022_04",
        "account_internal_id": "241000039_2022_04",
        "gis_id": "241000039_2022_04",
        "month": "01.04.2022",
        "credit": "42.0",
        "saldo": "1860.26",
        "payment_value": "42.0",
        "payment_date": "01.04.2022",
        "bill_value": "",
        "account_number": "",
        "bank_bik": ""
    },
    {
        "org_ppa_guid": "7838413520",
        "internal_id": "241000040_2022_04",
        "account_internal_id": "241000040_2022_04",
        "gis_id": "241000040_2022_04",
        "month": "01.04.2022",
        "credit": "-4357.18",
        "saldo": "-2961.82",
        "payment_value": "42.0",
        "payment_date": "01.04.2022",
        "bill_value": "",
        "account_number": "",
        "bank_bik": ""
    },
    {
        "org_ppa_guid": "7838413520",
        "internal_id": "241000041_2022_04",
        "account_internal_id": "241000041_2022_04",
        "gis_id": "241000041_2022_04",
        "month": "01.04.2022",
        "credit": "1408.82",
        "saldo": "1395.36",
        "payment_value": "1408.82",
        "payment_date": "01.04.2022",
        "bill_value": "",
        "account_number": "",
        "bank_bik": ""
    },
    {
        "org_ppa_guid": "7838413520",
        "internal_id": "241000042_2022_04",
        "account_internal_id": "241000042_2022_04",
        "gis_id": "241000042_2022_04",
        "month": "01.04.2022",
        "credit": "42.0",
        "saldo": "1395.36",
        "payment_value": "42.0",
        "payment_date": "01.04.2022",
        "bill_value": "",
        "account_number": "",
        "bank_bik": ""
    },
    {
        "org_ppa_guid": "7838413520",
        "internal_id": "241000043_2022_04",
        "account_internal_id": "241000043_2022_04",
        "gis_id": "241000043_2022_04",
        "month": "01.04.2022",
        "credit": "4813.06",
        "saldo": "4767.07",
        "payment_value": "4813.06",
        "payment_date": "01.04.2022",
        "bill_value": "",
        "account_number": "",
        "bank_bik": ""
    },
    {
        "org_ppa_guid": "7838413520",
        "internal_id": "241000044_2022_04",
        "account_internal_id": "241000044_2022_04",
        "gis_id": "241000044_2022_04",
        "month": "01.04.2022",
        "credit": "3521.43",
        "saldo": "3487.78",
        "payment_value": "3521.43",
        "payment_date": "01.04.2022",
        "bill_value": "",
        "account_number": "",
        "bank_bik": ""
    },
    {
        "org_ppa_guid": "7838413520",
        "internal_id": "241000045_2022_04",
        "account_internal_id": "241000045_2022_04",
        "gis_id": "241000045_2022_04",
        "month": "01.04.2022",
        "credit": "40.02",
        "saldo": "3178.98",
        "payment_value": "42.0",
        "payment_date": "01.04.2022",
        "bill_value": "",
        "account_number": "",
        "bank_bik": ""
    },
    {
        "org_ppa_guid": "7838413520",
        "internal_id": "241000046_2022_04",
        "account_internal_id": "241000046_2022_04",
        "gis_id": "241000046_2022_04",
        "month": "01.04.2022",
        "credit": "42.0",
        "saldo": "2790.1",
        "payment_value": "42.0",
        "payment_date": "01.04.2022",
        "bill_value": "",
        "account_number": "",
        "bank_bik": ""
    },
    {
        "org_ppa_guid": "7838413520",
        "internal_id": "241000047_2022_04",
        "account_internal_id": "241000047_2022_04",
        "gis_id": "241000047_2022_04",
        "month": "01.04.2022",
        "credit": "7980.8",
        "saldo": "7944.91",
        "payment_value": "3756.43",
        "payment_date": "01.04.2022",
        "bill_value": "",
        "account_number": "",
        "bank_bik": ""
    },
    {
        "org_ppa_guid": "7838413520",
        "internal_id": "241000048_2022_04",
        "account_internal_id": "241000048_2022_04",
        "gis_id": "241000048_2022_04",
        "month": "01.04.2022",
        "credit": "-454.17",
        "saldo": "-483.33",
        "payment_value": "3052.02",
        "payment_date": "01.04.2022",
        "bill_value": "",
        "account_number": "",
        "bank_bik": ""
    },
    {
        "org_ppa_guid": "7838413520",
        "internal_id": "241000049_2022_04",
        "account_internal_id": "241000049_2022_04",
        "gis_id": "241000049_2022_04",
        "month": "01.04.2022",
        "credit": "42.0",
        "saldo": "2674.03",
        "payment_value": "42.0",
        "payment_date": "01.04.2022",
        "bill_value": "",
        "account_number": "",
        "bank_bik": ""
    },
    {
        "org_ppa_guid": "7838413520",
        "internal_id": "241000050_2022_04",
        "account_internal_id": "241000050_2022_04",
        "gis_id": "241000050_2022_04",
        "month": "01.04.2022",
        "credit": "15430.69",
        "saldo": "18220.79",
        "payment_value": "42.0",
        "payment_date": "01.04.2022",
        "bill_value": "",
        "account_number": "",
        "bank_bik": ""
    },
    {
        "org_ppa_guid": "7838413520",
        "internal_id": "241000051_2022_04",
        "account_internal_id": "241000051_2022_04",
        "gis_id": "241000051_2022_04",
        "month": "01.04.2022",
        "credit": "-17813.89",
        "saldo": "-15023.79",
        "payment_value": "42.0",
        "payment_date": "01.04.2022",
        "bill_value": "",
        "account_number": "",
        "bank_bik": ""
    },
    {
        "org_ppa_guid": "7838413520",
        "internal_id": "241000052_2022_04",
        "account_internal_id": "241000052_2022_04",
        "gis_id": "241000052_2022_04",
        "month": "01.04.2022",
        "credit": "-1601.53",
        "saldo": "607.58",
        "payment_value": "42.0",
        "payment_date": "01.04.2022",
        "bill_value": "",
        "account_number": "",
        "bank_bik": ""
    },
    {
        "org_ppa_guid": "7838413520",
        "internal_id": "241000053_2022_04",
        "account_internal_id": "241000053_2022_04",
        "gis_id": "241000053_2022_04",
        "month": "01.04.2022",
        "credit": "3525.11",
        "saldo": "3486.96",
        "payment_value": "3990.85",
        "payment_date": "01.04.2022",
        "bill_value": "",
        "account_number": "",
        "bank_bik": ""
    },
    {
        "org_ppa_guid": "7838413520",
        "internal_id": "241000054_2022_04",
        "account_internal_id": "241000054_2022_04",
        "gis_id": "241000054_2022_04",
        "month": "01.04.2022",
        "credit": "6796.44",
        "saldo": "11214.65",
        "payment_value": "42.0",
        "payment_date": "01.04.2022",
        "bill_value": "",
        "account_number": "",
        "bank_bik": ""
    },
    {
        "org_ppa_guid": "7838413520",
        "internal_id": "241000055_2022_04",
        "account_internal_id": "241000055_2022_04",
        "gis_id": "241000055_2022_04",
        "month": "01.04.2022",
        "credit": "1408.82",
        "saldo": "1395.36",
        "payment_value": "1408.82",
        "payment_date": "01.04.2022",
        "bill_value": "",
        "account_number": "",
        "bank_bik": ""
    },
    {
        "org_ppa_guid": "7838413520",
        "internal_id": "241000056_2022_04",
        "account_internal_id": "241000056_2022_04",
        "gis_id": "241000056_2022_04",
        "month": "01.04.2022",
        "credit": "1408.82",
        "saldo": "1395.36",
        "payment_value": "1408.82",
        "payment_date": "01.04.2022",
        "bill_value": "",
        "account_number": "",
        "bank_bik": ""
    },
    {
        "org_ppa_guid": "7838413520",
        "internal_id": "241000057_2022_04",
        "account_internal_id": "241000057_2022_04",
        "gis_id": "241000057_2022_04",
        "month": "01.04.2022",
        "credit": "1220.21",
        "saldo": "2615.57",
        "payment_value": "42.0",
        "payment_date": "01.04.2022",
        "bill_value": "",
        "account_number": "",
        "bank_bik": ""
    },
    {
        "org_ppa_guid": "7838413520",
        "internal_id": "241000058_2022_04",
        "account_internal_id": "241000058_2022_04",
        "gis_id": "241000058_2022_04",
        "month": "01.04.2022",
        "credit": "-20.5",
        "saldo": "-38.45",
        "payment_value": "1878.21",
        "payment_date": "01.04.2022",
        "bill_value": "",
        "account_number": "",
        "bank_bik": ""
    },
    {
        "org_ppa_guid": "7838413520",
        "internal_id": "241000059_2022_04",
        "account_internal_id": "241000059_2022_04",
        "gis_id": "241000059_2022_04",
        "month": "01.04.2022",
        "credit": "-2192.84",
        "saldo": "-565.35",
        "payment_value": "42.0",
        "payment_date": "01.04.2022",
        "bill_value": "",
        "account_number": "",
        "bank_bik": ""
    },
    {
        "org_ppa_guid": "7838413520",
        "internal_id": "241000060_2022_04",
        "account_internal_id": "241000060_2022_04",
        "gis_id": "241000060_2022_04",
        "month": "01.04.2022",
        "credit": "-2192.84",
        "saldo": "-565.35",
        "payment_value": "42.0",
        "payment_date": "01.04.2022",
        "bill_value": "",
        "account_number": "",
        "bank_bik": ""
    },
    {
        "org_ppa_guid": "7838413520",
        "internal_id": "241000061_2022_04",
        "account_internal_id": "241000061_2022_04",
        "gis_id": "241000061_2022_04",
        "month": "01.04.2022",
        "credit": "1761.02",
        "saldo": "3505.22",
        "payment_value": "42.0",
        "payment_date": "01.04.2022",
        "bill_value": "",
        "account_number": "",
        "bank_bik": ""
    },
    {
        "org_ppa_guid": "7838413520",
        "internal_id": "241000062_2022_04",
        "account_internal_id": "241000062_2022_04",
        "gis_id": "241000062_2022_04",
        "month": "01.04.2022",
        "credit": "3404.25",
        "saldo": "3371.71",
        "payment_value": "3404.25",
        "payment_date": "01.04.2022",
        "bill_value": "",
        "account_number": "",
        "bank_bik": ""
    },
    {
        "org_ppa_guid": "7838413520",
        "internal_id": "241000063_2022_04",
        "account_internal_id": "241000063_2022_04",
        "gis_id": "241000063_2022_04",
        "month": "01.04.2022",
        "credit": "4578.04",
        "saldo": "4534.29",
        "payment_value": "4578.04",
        "payment_date": "01.04.2022",
        "bill_value": "",
        "account_number": "",
        "bank_bik": ""
    },
    {
        "org_ppa_guid": "7838413520",
        "internal_id": "241000064_2022_04",
        "account_internal_id": "241000064_2022_04",
        "gis_id": "241000064_2022_04",
        "month": "01.04.2022",
        "credit": "42.0",
        "saldo": "2441.29",
        "payment_value": "42.0",
        "payment_date": "01.04.2022",
        "bill_value": "",
        "account_number": "",
        "bank_bik": ""
    },
    {
        "org_ppa_guid": "7838413520",
        "internal_id": "241000065_2022_04",
        "account_internal_id": "241000065_2022_04",
        "gis_id": "241000065_2022_04",
        "month": "01.04.2022",
        "credit": "2464.84",
        "saldo": "4906.13",
        "payment_value": "42.0",
        "payment_date": "01.04.2022",
        "bill_value": "",
        "account_number": "",
        "bank_bik": ""
    },
    {
        "org_ppa_guid": "7838413520",
        "internal_id": "241000066_2022_04",
        "account_internal_id": "241000066_2022_04",
        "gis_id": "241000066_2022_04",
        "month": "01.04.2022",
        "credit": "42.0",
        "saldo": "2557.96",
        "payment_value": "42.0",
        "payment_date": "01.04.2022",
        "bill_value": "",
        "account_number": "",
        "bank_bik": ""
    },
    {
        "org_ppa_guid": "7838413520",
        "internal_id": "241000067_2022_04",
        "account_internal_id": "241000067_2022_04",
        "gis_id": "241000067_2022_04",
        "month": "01.04.2022",
        "credit": "42.0",
        "saldo": "6278.48",
        "payment_value": "42.0",
        "payment_date": "01.04.2022",
        "bill_value": "",
        "account_number": "",
        "bank_bik": ""
    },
    {
        "org_ppa_guid": "7838413520",
        "internal_id": "241000068_2022_04",
        "account_internal_id": "241000068_2022_04",
        "gis_id": "241000068_2022_04",
        "month": "01.04.2022",
        "credit": "1408.82",
        "saldo": "1395.36",
        "payment_value": "1408.82",
        "payment_date": "01.04.2022",
        "bill_value": "",
        "account_number": "",
        "bank_bik": ""
    },
    {
        "org_ppa_guid": "7838413520",
        "internal_id": "241000069_2022_04",
        "account_internal_id": "241000069_2022_04",
        "gis_id": "241000069_2022_04",
        "month": "01.04.2022",
        "credit": "2699.82",
        "saldo": "2674.03",
        "payment_value": "2699.82",
        "payment_date": "01.04.2022",
        "bill_value": "",
        "account_number": "",
        "bank_bik": ""
    },
    {
        "org_ppa_guid": "7838413520",
        "internal_id": "241000070_2022_04",
        "account_internal_id": "241000070_2022_04",
        "gis_id": "241000070_2022_04",
        "month": "01.04.2022",
        "credit": "2699.82",
        "saldo": "2674.03",
        "payment_value": "2699.82",
        "payment_date": "01.04.2022",
        "bill_value": "",
        "account_number": "",
        "bank_bik": ""
    },
    {
        "org_ppa_guid": "7838413520",
        "internal_id": "241000071_2022_04",
        "account_internal_id": "241000071_2022_04",
        "gis_id": "241000071_2022_04",
        "month": "01.04.2022",
        "credit": "-1736.44",
        "saldo": "-225.0",
        "payment_value": "42.0",
        "payment_date": "01.04.2022",
        "bill_value": "",
        "account_number": "",
        "bank_bik": ""
    },
    {
        "org_ppa_guid": "7838413520",
        "internal_id": "241000072_2022_04",
        "account_internal_id": "241000072_2022_04",
        "gis_id": "241000072_2022_04",
        "month": "01.04.2022",
        "credit": "-2137.2",
        "saldo": "-276.94",
        "payment_value": "42.0",
        "payment_date": "01.04.2022",
        "bill_value": "",
        "account_number": "",
        "bank_bik": ""
    },
    {
        "org_ppa_guid": "7838413520",
        "internal_id": "241000073_2022_04",
        "account_internal_id": "241000073_2022_04",
        "gis_id": "241000073_2022_04",
        "month": "01.04.2022",
        "credit": "3756.43",
        "saldo": "7476.97",
        "payment_value": "42.0",
        "payment_date": "01.04.2022",
        "bill_value": "",
        "account_number": "",
        "bank_bik": ""
    },
    {
        "org_ppa_guid": "7838413520",
        "internal_id": "241000074_2022_04",
        "account_internal_id": "241000074_2022_04",
        "gis_id": "241000074_2022_04",
        "month": "01.04.2022",
        "credit": "5047.45",
        "saldo": "10046.67",
        "payment_value": "42.0",
        "payment_date": "01.04.2022",
        "bill_value": "",
        "account_number": "",
        "bank_bik": ""
    },
    {
        "org_ppa_guid": "7838413520",
        "internal_id": "241000075_2022_04",
        "account_internal_id": "241000075_2022_04",
        "gis_id": "241000075_2022_04",
        "month": "01.04.2022",
        "credit": "5047.45",
        "saldo": "4999.22",
        "payment_value": "5047.45",
        "payment_date": "01.04.2022",
        "bill_value": "",
        "account_number": "",
        "bank_bik": ""
    },
    {
        "org_ppa_guid": "7838413520",
        "internal_id": "241000076_2022_04",
        "account_internal_id": "241000076_2022_04",
        "gis_id": "241000076_2022_04",
        "month": "01.04.2022",
        "credit": "42.0",
        "saldo": "3604.46",
        "payment_value": "42.0",
        "payment_date": "01.04.2022",
        "bill_value": "",
        "account_number": "",
        "bank_bik": ""
    },
    {
        "org_ppa_guid": "7838413520",
        "internal_id": "241000077_2022_04",
        "account_internal_id": "241000077_2022_04",
        "gis_id": "241000077_2022_04",
        "month": "01.04.2022",
        "credit": "42.0",
        "saldo": "1744.2",
        "payment_value": "42.0",
        "payment_date": "01.04.2022",
        "bill_value": "",
        "account_number": "",
        "bank_bik": ""
    },
    {
        "org_ppa_guid": "7838413520",
        "internal_id": "241000078_2022_04",
        "account_internal_id": "241000078_2022_04",
        "gis_id": "241000078_2022_04",
        "month": "01.04.2022",
        "credit": "-350.55",
        "saldo": "-371.87",
        "payment_value": "2230.43",
        "payment_date": "01.04.2022",
        "bill_value": "",
        "account_number": "",
        "bank_bik": ""
    },
    {
        "org_ppa_guid": "7838413520",
        "internal_id": "241000079_2022_04",
        "account_internal_id": "241000079_2022_04",
        "gis_id": "241000079_2022_04",
        "month": "01.04.2022",
        "credit": "-21232.24",
        "saldo": "-18209.38",
        "payment_value": "42.0",
        "payment_date": "01.04.2022",
        "bill_value": "",
        "account_number": "",
        "bank_bik": ""
    },
    {
        "org_ppa_guid": "7838413520",
        "internal_id": "241000080_2022_04",
        "account_internal_id": "241000080_2022_04",
        "gis_id": "241000080_2022_04",
        "month": "01.04.2022",
        "credit": "42.0",
        "saldo": "3022.86",
        "payment_value": "42.0",
        "payment_date": "01.04.2022",
        "bill_value": "",
        "account_number": "",
        "bank_bik": ""
    },
    {
        "org_ppa_guid": "7838413520",
        "internal_id": "241000081_2022_04",
        "account_internal_id": "241000081_2022_04",
        "gis_id": "241000081_2022_04",
        "month": "01.04.2022",
        "credit": "4738.72",
        "saldo": "4717.4",
        "payment_value": "2230.43",
        "payment_date": "01.04.2022",
        "bill_value": "",
        "account_number": "",
        "bank_bik": ""
    },
    {
        "org_ppa_guid": "7838413520",
        "internal_id": "241000082_2022_04",
        "account_internal_id": "241000082_2022_04",
        "gis_id": "241000082_2022_04",
        "month": "01.04.2022",
        "credit": "3990.4",
        "saldo": "3972.45",
        "payment_value": "1878.21",
        "payment_date": "01.04.2022",
        "bill_value": "",
        "account_number": "",
        "bank_bik": ""
    },
    {
        "org_ppa_guid": "7838413520",
        "internal_id": "241000083_2022_04",
        "account_internal_id": "241000083_2022_04",
        "gis_id": "241000083_2022_04",
        "month": "01.04.2022",
        "credit": "2113.23",
        "saldo": "2093.03",
        "payment_value": "2113.23",
        "payment_date": "01.04.2022",
        "bill_value": "",
        "account_number": "",
        "bank_bik": ""
    },
    {
        "org_ppa_guid": "7838413520",
        "internal_id": "241000084_2022_04",
        "account_internal_id": "241000084_2022_04",
        "gis_id": "241000084_2022_04",
        "month": "01.04.2022",
        "credit": "4813.06",
        "saldo": "4767.07",
        "payment_value": "4813.06",
        "payment_date": "01.04.2022",
        "bill_value": "",
        "account_number": "",
        "bank_bik": ""
    },
    {
        "org_ppa_guid": "7838413520",
        "internal_id": "241000085_2022_04",
        "account_internal_id": "241000085_2022_04",
        "gis_id": "241000085_2022_04",
        "month": "01.04.2022",
        "credit": "42.0",
        "saldo": "5115.3",
        "payment_value": "42.0",
        "payment_date": "01.04.2022",
        "bill_value": "",
        "account_number": "",
        "bank_bik": ""
    },
    {
        "org_ppa_guid": "7838413520",
        "internal_id": "241000086_2022_04",
        "account_internal_id": "241000086_2022_04",
        "gis_id": "241000086_2022_04",
        "month": "01.04.2022",
        "credit": "7585.34",
        "saldo": "11305.88",
        "payment_value": "42.0",
        "payment_date": "01.04.2022",
        "bill_value": "",
        "account_number": "",
        "bank_bik": ""
    },
    {
        "org_ppa_guid": "7838413520",
        "internal_id": "241000087_2022_04",
        "account_internal_id": "241000087_2022_04",
        "gis_id": "241000087_2022_04",
        "month": "01.04.2022",
        "credit": "2464.84",
        "saldo": "2441.29",
        "payment_value": "2464.84",
        "payment_date": "01.04.2022",
        "bill_value": "",
        "account_number": "",
        "bank_bik": ""
    },
    {
        "org_ppa_guid": "7838413520",
        "internal_id": "241000088_2022_04",
        "account_internal_id": "241000088_2022_04",
        "gis_id": "241000088_2022_04",
        "month": "01.04.2022",
        "credit": "1643.21",
        "saldo": "1627.49",
        "payment_value": "1643.21",
        "payment_date": "01.04.2022",
        "bill_value": "",
        "account_number": "",
        "bank_bik": ""
    },
    {
        "org_ppa_guid": "7838413520",
        "internal_id": "241000089_2022_04",
        "account_internal_id": "241000089_2022_04",
        "gis_id": "241000089_2022_04",
        "month": "01.04.2022",
        "credit": "1632.39",
        "saldo": "1616.67",
        "payment_value": "1643.21",
        "payment_date": "01.04.2022",
        "bill_value": "",
        "account_number": "",
        "bank_bik": ""
    },
    {
        "org_ppa_guid": "7838413520",
        "internal_id": "241000090_2022_04",
        "account_internal_id": "241000090_2022_04",
        "gis_id": "241000090_2022_04",
        "month": "01.04.2022",
        "credit": "1761.02",
        "saldo": "1744.2",
        "payment_value": "1761.02",
        "payment_date": "01.04.2022",
        "bill_value": "",
        "account_number": "",
        "bank_bik": ""
    },
    {
        "org_ppa_guid": "7838413520",
        "internal_id": "241000091_2022_04",
        "account_internal_id": "241000091_2022_04",
        "gis_id": "241000091_2022_04",
        "month": "01.04.2022",
        "credit": "-5398.29",
        "saldo": "-3886.85",
        "payment_value": "42.0",
        "payment_date": "01.04.2022",
        "bill_value": "",
        "account_number": "",
        "bank_bik": ""
    },
    {
        "org_ppa_guid": "7838413520",
        "internal_id": "241000092_2022_04",
        "account_internal_id": "241000092_2022_04",
        "gis_id": "241000092_2022_04",
        "month": "01.04.2022",
        "credit": "1643.21",
        "saldo": "1627.49",
        "payment_value": "1643.21",
        "payment_date": "01.04.2022",
        "bill_value": "",
        "account_number": "",
        "bank_bik": ""
    },
    {
        "org_ppa_guid": "7838413520",
        "internal_id": "241000093_2022_04",
        "account_internal_id": "241000093_2022_04",
        "gis_id": "241000093_2022_04",
        "month": "01.04.2022",
        "credit": "1643.21",
        "saldo": "1627.49",
        "payment_value": "1643.21",
        "payment_date": "01.04.2022",
        "bill_value": "",
        "account_number": "",
        "bank_bik": ""
    },
    {
        "org_ppa_guid": "7838413520",
        "internal_id": "241000094_2022_04",
        "account_internal_id": "241000094_2022_04",
        "gis_id": "241000094_2022_04",
        "month": "01.04.2022",
        "credit": "42.0",
        "saldo": "2325.19",
        "payment_value": "42.0",
        "payment_date": "01.04.2022",
        "bill_value": "",
        "account_number": "",
        "bank_bik": ""
    },
    {
        "org_ppa_guid": "7838413520",
        "internal_id": "241000095_2022_04",
        "account_internal_id": "241000095_2022_04",
        "gis_id": "241000095_2022_04",
        "month": "01.04.2022",
        "credit": "42.0",
        "saldo": "2325.19",
        "payment_value": "42.0",
        "payment_date": "01.04.2022",
        "bill_value": "",
        "account_number": "",
        "bank_bik": ""
    },
    {
        "org_ppa_guid": "7838413520",
        "internal_id": "241000096_2022_04",
        "account_internal_id": "241000096_2022_04",
        "gis_id": "241000096_2022_04",
        "month": "01.04.2022",
        "credit": "42.0",
        "saldo": "1395.36",
        "payment_value": "42.0",
        "payment_date": "01.04.2022",
        "bill_value": "",
        "account_number": "",
        "bank_bik": ""
    },
    {
        "org_ppa_guid": "7838413520",
        "internal_id": "241000097_2022_04",
        "account_internal_id": "241000097_2022_04",
        "gis_id": "241000097_2022_04",
        "month": "01.04.2022",
        "credit": "42.0",
        "saldo": "1511.44",
        "payment_value": "42.0",
        "payment_date": "01.04.2022",
        "bill_value": "",
        "account_number": "",
        "bank_bik": ""
    },
    {
        "org_ppa_guid": "7838413520",
        "internal_id": "241000098_2022_04",
        "account_internal_id": "241000098_2022_04",
        "gis_id": "241000098_2022_04",
        "month": "01.04.2022",
        "credit": "-4447.84",
        "saldo": "-2820.35",
        "payment_value": "42.0",
        "payment_date": "01.04.2022",
        "bill_value": "",
        "account_number": "",
        "bank_bik": ""
    },
    {
        "org_ppa_guid": "7838413520",
        "internal_id": "241000099_2022_04",
        "account_internal_id": "241000099_2022_04",
        "gis_id": "241000099_2022_04",
        "month": "01.04.2022",
        "credit": "1526.02",
        "saldo": "3037.46",
        "payment_value": "42.0",
        "payment_date": "01.04.2022",
        "bill_value": "",
        "account_number": "",
        "bank_bik": ""
    },
    {
        "org_ppa_guid": "7838413520",
        "internal_id": "241000100_2022_04",
        "account_internal_id": "241000100_2022_04",
        "gis_id": "241000100_2022_04",
        "month": "01.04.2022",
        "credit": "1526.02",
        "saldo": "3037.46",
        "payment_value": "42.0",
        "payment_date": "01.04.2022",
        "bill_value": "",
        "account_number": "",
        "bank_bik": ""
    },
    {
        "org_ppa_guid": "7838413520",
        "internal_id": "241000101_2022_04",
        "account_internal_id": "241000101_2022_04",
        "gis_id": "241000101_2022_04",
        "month": "01.04.2022",
        "credit": "-250.17",
        "saldo": "1780.07",
        "payment_value": "42.0",
        "payment_date": "01.04.2022",
        "bill_value": "",
        "account_number": "",
        "bank_bik": ""
    },
    {
        "org_ppa_guid": "7838413520",
        "internal_id": "241000102_2022_04",
        "account_internal_id": "241000102_2022_04",
        "gis_id": "241000102_2022_04",
        "month": "01.04.2022",
        "credit": "-19212.14",
        "saldo": "-17584.65",
        "payment_value": "42.0",
        "payment_date": "01.04.2022",
        "bill_value": "",
        "account_number": "",
        "bank_bik": ""
    },
    {
        "org_ppa_guid": "7838413520",
        "internal_id": "241000103_2022_04",
        "account_internal_id": "241000103_2022_04",
        "gis_id": "241000103_2022_04",
        "month": "01.04.2022",
        "credit": "-228.25",
        "saldo": "-243.97",
        "payment_value": "1643.21",
        "payment_date": "01.04.2022",
        "bill_value": "",
        "account_number": "",
        "bank_bik": ""
    },
    {
        "org_ppa_guid": "7838413520",
        "internal_id": "241000104_2022_04",
        "account_internal_id": "241000104_2022_04",
        "gis_id": "241000104_2022_04",
        "month": "01.04.2022",
        "credit": "-196.56",
        "saldo": "-212.28",
        "payment_value": "1643.21",
        "payment_date": "01.04.2022",
        "bill_value": "",
        "account_number": "",
        "bank_bik": ""
    },
    {
        "org_ppa_guid": "7838413520",
        "internal_id": "241000105_2022_04",
        "account_internal_id": "241000105_2022_04",
        "gis_id": "241000105_2022_04",
        "month": "01.04.2022",
        "credit": "42.0",
        "saldo": "1627.49",
        "payment_value": "42.0",
        "payment_date": "01.04.2022",
        "bill_value": "",
        "account_number": "",
        "bank_bik": ""
    },
    {
        "org_ppa_guid": "7838413520",
        "internal_id": "241000106_2022_04",
        "account_internal_id": "241000106_2022_04",
        "gis_id": "241000106_2022_04",
        "month": "01.04.2022",
        "credit": "1643.21",
        "saldo": "1627.49",
        "payment_value": "1643.21",
        "payment_date": "01.04.2022",
        "bill_value": "",
        "account_number": "",
        "bank_bik": ""
    },
    {
        "org_ppa_guid": "7838413520",
        "internal_id": "241000107_2022_04",
        "account_internal_id": "241000107_2022_04",
        "gis_id": "241000107_2022_04",
        "month": "01.04.2022",
        "credit": "42.0",
        "saldo": "1627.49",
        "payment_value": "42.0",
        "payment_date": "01.04.2022",
        "bill_value": "",
        "account_number": "",
        "bank_bik": ""
    },
    {
        "org_ppa_guid": "7838413520",
        "internal_id": "241000108_2022_04",
        "account_internal_id": "241000108_2022_04",
        "gis_id": "241000108_2022_04",
        "month": "01.04.2022",
        "credit": "-228.25",
        "saldo": "-243.97",
        "payment_value": "1643.21",
        "payment_date": "01.04.2022",
        "bill_value": "",
        "account_number": "",
        "bank_bik": ""
    },
    {
        "org_ppa_guid": "7838413520",
        "internal_id": "241000109_2022_04",
        "account_internal_id": "241000109_2022_04",
        "gis_id": "241000109_2022_04",
        "month": "01.04.2022",
        "credit": "3779.58",
        "saldo": "1762.76",
        "payment_value": "3761.02",
        "payment_date": "01.04.2022",
        "bill_value": "",
        "account_number": "",
        "bank_bik": ""
    },
    {
        "org_ppa_guid": "7838413520",
        "internal_id": "241000110_2022_04",
        "account_internal_id": "241000110_2022_04",
        "gis_id": "241000110_2022_04",
        "month": "01.04.2022",
        "credit": "2582.64",
        "saldo": "2557.96",
        "payment_value": "2582.64",
        "payment_date": "01.04.2022",
        "bill_value": "",
        "account_number": "",
        "bank_bik": ""
    },
    {
        "org_ppa_guid": "7838413520",
        "internal_id": "241000111_2022_04",
        "account_internal_id": "241000111_2022_04",
        "gis_id": "241000111_2022_04",
        "month": "01.04.2022",
        "credit": "2113.23",
        "saldo": "2093.03",
        "payment_value": "2113.23",
        "payment_date": "01.04.2022",
        "bill_value": "",
        "account_number": "",
        "bank_bik": ""
    },
    {
        "org_ppa_guid": "7838413520",
        "internal_id": "241000112_2022_04",
        "account_internal_id": "241000112_2022_04",
        "gis_id": "241000112_2022_04",
        "month": "01.04.2022",
        "credit": "2347.62",
        "saldo": "2325.19",
        "payment_value": "2347.62",
        "payment_date": "01.04.2022",
        "bill_value": "",
        "account_number": "",
        "bank_bik": ""
    },
    {
        "org_ppa_guid": "7838413520",
        "internal_id": "241000113_2022_04",
        "account_internal_id": "241000113_2022_04",
        "gis_id": "241000113_2022_04",
        "month": "01.04.2022",
        "credit": "42.0",
        "saldo": "1744.2",
        "payment_value": "42.0",
        "payment_date": "01.04.2022",
        "bill_value": "",
        "account_number": "",
        "bank_bik": ""
    },
    {
        "org_ppa_guid": "7838413520",
        "internal_id": "241000114_2022_04",
        "account_internal_id": "241000114_2022_04",
        "gis_id": "241000114_2022_04",
        "month": "01.04.2022",
        "credit": "-11197.84",
        "saldo": "-9570.35",
        "payment_value": "42.0",
        "payment_date": "01.04.2022",
        "bill_value": "",
        "account_number": "",
        "bank_bik": ""
    },
    {
        "org_ppa_guid": "7838413520",
        "internal_id": "241000115_2022_04",
        "account_internal_id": "241000115_2022_04",
        "gis_id": "241000115_2022_04",
        "month": "01.04.2022",
        "credit": "-276.2",
        "saldo": "1351.29",
        "payment_value": "42.0",
        "payment_date": "01.04.2022",
        "bill_value": "",
        "account_number": "",
        "bank_bik": ""
    },
    {
        "org_ppa_guid": "7838413520",
        "internal_id": "241000116_2022_04",
        "account_internal_id": "241000116_2022_04",
        "gis_id": "241000116_2022_04",
        "month": "01.04.2022",
        "credit": "-457.46",
        "saldo": "-473.18",
        "payment_value": "1643.21",
        "payment_date": "01.04.2022",
        "bill_value": "",
        "account_number": "",
        "bank_bik": ""
    },
    {
        "org_ppa_guid": "7838413520",
        "internal_id": "241000117_2022_04",
        "account_internal_id": "241000117_2022_04",
        "gis_id": "241000117_2022_04",
        "month": "01.04.2022",
        "credit": "-457.46",
        "saldo": "-473.18",
        "payment_value": "1643.21",
        "payment_date": "01.04.2022",
        "bill_value": "",
        "account_number": "",
        "bank_bik": ""
    },
    {
        "org_ppa_guid": "7838413520",
        "internal_id": "241000118_2022_04",
        "account_internal_id": "241000118_2022_04",
        "gis_id": "241000118_2022_04",
        "month": "01.04.2022",
        "credit": "3255.05",
        "saldo": "4882.54",
        "payment_value": "42.0",
        "payment_date": "01.04.2022",
        "bill_value": "",
        "account_number": "",
        "bank_bik": ""
    },
    {
        "org_ppa_guid": "7838413520",
        "internal_id": "241000119_2022_04",
        "account_internal_id": "241000119_2022_04",
        "gis_id": "241000119_2022_04",
        "month": "01.04.2022",
        "credit": "3477.37",
        "saldo": "5104.86",
        "payment_value": "42.0",
        "payment_date": "01.04.2022",
        "bill_value": "",
        "account_number": "",
        "bank_bik": ""
    },
    {
        "org_ppa_guid": "7838413520",
        "internal_id": "241000120_2022_04",
        "account_internal_id": "241000120_2022_04",
        "gis_id": "241000120_2022_04",
        "month": "01.04.2022",
        "credit": "3726.69",
        "saldo": "5470.89",
        "payment_value": "42.0",
        "payment_date": "01.04.2022",
        "bill_value": "",
        "account_number": "",
        "bank_bik": ""
    },
    {
        "org_ppa_guid": "7838413520",
        "internal_id": "241000121_2022_04",
        "account_internal_id": "241000121_2022_04",
        "gis_id": "241000121_2022_04",
        "month": "01.04.2022",
        "credit": "2113.23",
        "saldo": "4206.26",
        "payment_value": "42.0",
        "payment_date": "01.04.2022",
        "bill_value": "",
        "account_number": "",
        "bank_bik": ""
    },
    {
        "org_ppa_guid": "7838413520",
        "internal_id": "241000122_2022_04",
        "account_internal_id": "241000122_2022_04",
        "gis_id": "241000122_2022_04",
        "month": "01.04.2022",
        "credit": "42.0",
        "saldo": "1395.36",
        "payment_value": "42.0",
        "payment_date": "01.04.2022",
        "bill_value": "",
        "account_number": "",
        "bank_bik": ""
    },
    {
        "org_ppa_guid": "7838413520",
        "internal_id": "241000123_2022_04",
        "account_internal_id": "241000123_2022_04",
        "gis_id": "241000123_2022_04",
        "month": "01.04.2022",
        "credit": "42.0",
        "saldo": "1395.36",
        "payment_value": "42.0",
        "payment_date": "01.04.2022",
        "bill_value": "",
        "account_number": "",
        "bank_bik": ""
    },
    {
        "org_ppa_guid": "7838413520",
        "internal_id": "241000124_2022_04",
        "account_internal_id": "241000124_2022_04",
        "gis_id": "241000124_2022_04",
        "month": "01.04.2022",
        "credit": "42.0",
        "saldo": "1627.49",
        "payment_value": "42.0",
        "payment_date": "01.04.2022",
        "bill_value": "",
        "account_number": "",
        "bank_bik": ""
    },
    {
        "org_ppa_guid": "7838413520",
        "internal_id": "241000125_2022_04",
        "account_internal_id": "241000125_2022_04",
        "gis_id": "241000125_2022_04",
        "month": "01.04.2022",
        "credit": "-6685.94",
        "saldo": "-5290.58",
        "payment_value": "42.0",
        "payment_date": "01.04.2022",
        "bill_value": "",
        "account_number": "",
        "bank_bik": ""
    },
    {
        "org_ppa_guid": "7838413520",
        "internal_id": "241000126_2022_04",
        "account_internal_id": "241000126_2022_04",
        "gis_id": "241000126_2022_04",
        "month": "01.04.2022",
        "credit": "7833.15",
        "saldo": "9228.51",
        "payment_value": "42.0",
        "payment_date": "01.04.2022",
        "bill_value": "",
        "account_number": "",
        "bank_bik": ""
    },
    {
        "org_ppa_guid": "7838413520",
        "internal_id": "241000311_2022_04",
        "account_internal_id": "241000311_2022_04",
        "gis_id": "241000311_2022_04",
        "month": "01.04.2022",
        "credit": "1761.02",
        "saldo": "1744.2",
        "payment_value": "1761.02",
        "payment_date": "01.04.2022",
        "bill_value": "",
        "account_number": "",
        "bank_bik": ""
    },
    {
        "org_ppa_guid": "7838413520",
        "internal_id": "241001031_2022_04",
        "account_internal_id": "241001031_2022_04",
        "gis_id": "241001031_2022_04",
        "month": "01.04.2022",
        "credit": "-228.25",
        "saldo": "-243.97",
        "payment_value": "1643.21",
        "payment_date": "01.04.2022",
        "bill_value": "",
        "account_number": "",
        "bank_bik": ""
    },
    {
        "org_ppa_guid": "7838413520",
        "internal_id": "241001191_2022_04",
        "account_internal_id": "241001191_2022_04",
        "gis_id": "241001191_2022_04",
        "month": "01.04.2022",
        "credit": "-17.87",
        "saldo": "1609.62",
        "payment_value": "42.0",
        "payment_date": "01.04.2022",
        "bill_value": "",
        "account_number": "",
        "bank_bik": ""
    },
    {
        "org_ppa_guid": "7838413520",
        "internal_id": "241100031_2022_04",
        "account_internal_id": "241100031_2022_04",
        "gis_id": "241100031_2022_04",
        "month": "01.04.2022",
        "credit": "3302.31",
        "saldo": "3287.73",
        "payment_value": "1526.02",
        "payment_date": "01.04.2022",
        "bill_value": "",
        "account_number": "",
        "bank_bik": ""
    },
    {
        "org_ppa_guid": "7838413520",
        "internal_id": "241100032_2022_04",
        "account_internal_id": "241100032_2022_04",
        "gis_id": "241100032_2022_04",
        "month": "01.04.2022",
        "credit": "1704.34",
        "saldo": "1688.62",
        "payment_value": "1643.21",
        "payment_date": "01.04.2022",
        "bill_value": "",
        "account_number": "",
        "bank_bik": ""
    },
    {
        "org_ppa_guid": "7838413520",
        "internal_id": "241200061_2022_04",
        "account_internal_id": "241200061_2022_04",
        "gis_id": "241200061_2022_04",
        "month": "01.04.2022",
        "credit": "2488.17",
        "saldo": "3353.66",
        "payment_value": "42.0",
        "payment_date": "01.04.2022",
        "bill_value": "",
        "account_number": "",
        "bank_bik": ""
    },
    {
        "org_ppa_guid": "7838413520",
        "internal_id": "241200301_2022_04",
        "account_internal_id": "241200301_2022_04",
        "gis_id": "241200301_2022_04",
        "month": "01.04.2022",
        "credit": "952.08",
        "saldo": "937.51",
        "payment_value": "952.08",
        "payment_date": "01.04.2022",
        "bill_value": "",
        "account_number": "",
        "bank_bik": ""
    },
    {
        "org_ppa_guid": "7838413520",
        "internal_id": "241200341_2022_04",
        "account_internal_id": "241200341_2022_04",
        "gis_id": "241200341_2022_04",
        "month": "01.04.2022",
        "credit": "2820.53",
        "saldo": "4479.14",
        "payment_value": "42.0",
        "payment_date": "01.04.2022",
        "bill_value": "",
        "account_number": "",
        "bank_bik": ""
    },
    {
        "org_ppa_guid": "7838413520",
        "internal_id": "241200391_2022_04",
        "account_internal_id": "241200391_2022_04",
        "gis_id": "241200391_2022_04",
        "month": "01.04.2022",
        "credit": "-603.7",
        "saldo": "-610.43",
        "payment_value": "439.46",
        "payment_date": "01.04.2022",
        "bill_value": "",
        "account_number": "",
        "bank_bik": ""
    },
    {
        "org_ppa_guid": "7838413520",
        "internal_id": "241200511_2022_04",
        "account_internal_id": "241200511_2022_04",
        "gis_id": "241200511_2022_04",
        "month": "01.04.2022",
        "credit": "3149.06",
        "saldo": "3100.82",
        "payment_value": "3149.06",
        "payment_date": "01.04.2022",
        "bill_value": "",
        "account_number": "",
        "bank_bik": ""
    },
    {
        "org_ppa_guid": "7838413520",
        "internal_id": "241200521_2022_04",
        "account_internal_id": "241200521_2022_04",
        "gis_id": "241200521_2022_04",
        "month": "01.04.2022",
        "credit": "1144.87",
        "saldo": "1126.93",
        "payment_value": "1171.79",
        "payment_date": "01.04.2022",
        "bill_value": "",
        "account_number": "",
        "bank_bik": ""
    },
    {
        "org_ppa_guid": "7838413520",
        "internal_id": "241200581_2022_04",
        "account_internal_id": "241200581_2022_04",
        "gis_id": "241200581_2022_04",
        "month": "01.04.2022",
        "credit": "27787.71",
        "saldo": "28220.44",
        "payment_value": "42.0",
        "payment_date": "01.04.2022",
        "bill_value": "",
        "account_number": "",
        "bank_bik": ""
    },
    {
        "org_ppa_guid": "7838413520",
        "internal_id": "241200591_2022_04",
        "account_internal_id": "241200591_2022_04",
        "gis_id": "241200591_2022_04",
        "month": "01.04.2022",
        "credit": "3555.4",
        "saldo": "3529.61",
        "payment_value": "1684.4",
        "payment_date": "01.04.2022",
        "bill_value": "",
        "account_number": "",
        "bank_bik": ""
    },
    {
        "org_ppa_guid": "7838413520",
        "internal_id": "241200681_2022_04",
        "account_internal_id": "241200681_2022_04",
        "gis_id": "241200681_2022_04",
        "month": "01.04.2022",
        "credit": "-70.43",
        "saldo": "434.31",
        "payment_value": "42.0",
        "payment_date": "01.04.2022",
        "bill_value": "",
        "account_number": "",
        "bank_bik": ""
    },
    {
        "org_ppa_guid": "7838413520",
        "internal_id": "241200682_2022_04",
        "account_internal_id": "241200682_2022_04",
        "gis_id": "241200682_2022_04",
        "month": "01.04.2022",
        "credit": "8510.39",
        "saldo": "8943.12",
        "payment_value": "42.0",
        "payment_date": "01.04.2022",
        "bill_value": "",
        "account_number": "",
        "bank_bik": ""
    },
    {
        "org_ppa_guid": "7838413520",
        "internal_id": "241200701_2022_04",
        "account_internal_id": "241200701_2022_04",
        "gis_id": "241200701_2022_04",
        "month": "01.04.2022",
        "credit": "732.34",
        "saldo": "721.12",
        "payment_value": "732.34",
        "payment_date": "01.04.2022",
        "bill_value": "",
        "account_number": "",
        "bank_bik": ""
    },
    {
        "org_ppa_guid": "7838413520",
        "internal_id": "241200731_2022_04",
        "account_internal_id": "241200731_2022_04",
        "gis_id": "241200731_2022_04",
        "month": "01.04.2022",
        "credit": "585.71",
        "saldo": "1162.45",
        "payment_value": "42.0",
        "payment_date": "01.04.2022",
        "bill_value": "",
        "account_number": "",
        "bank_bik": ""
    },
    {
        "org_ppa_guid": "7838413520",
        "internal_id": "241200861_2022_04",
        "account_internal_id": "241200861_2022_04",
        "gis_id": "241200861_2022_04",
        "month": "01.04.2022",
        "credit": "1223.81",
        "saldo": "1214.84",
        "payment_value": "585.71",
        "payment_date": "01.04.2022",
        "bill_value": "",
        "account_number": "",
        "bank_bik": ""
    },
    {
        "org_ppa_guid": "7838413520",
        "internal_id": "241200871_2022_04",
        "account_internal_id": "241200871_2022_04",
        "gis_id": "241200871_2022_04",
        "month": "01.04.2022",
        "credit": "1599.4",
        "saldo": "2176.14",
        "payment_value": "42.0",
        "payment_date": "01.04.2022",
        "bill_value": "",
        "account_number": "",
        "bank_bik": ""
    },
    {
        "org_ppa_guid": "7838413520",
        "internal_id": "241200901_2022_04",
        "account_internal_id": "241200901_2022_04",
        "gis_id": "241200901_2022_04",
        "month": "01.04.2022",
        "credit": "-72.63",
        "saldo": "432.11",
        "payment_value": "42.0",
        "payment_date": "01.04.2022",
        "bill_value": "",
        "account_number": "",
        "bank_bik": ""
    },
    {
        "org_ppa_guid": "7838413520",
        "internal_id": "241200902_2022_04",
        "account_internal_id": "241200902_2022_04",
        "gis_id": "241200902_2022_04",
        "month": "01.04.2022",
        "credit": "-62.27",
        "saldo": "370.46",
        "payment_value": "42.0",
        "payment_date": "01.04.2022",
        "bill_value": "",
        "account_number": "",
        "bank_bik": ""
    },
    {
        "org_ppa_guid": "7838413520",
        "internal_id": "241200931_2022_04",
        "account_internal_id": "241200931_2022_04",
        "gis_id": "241200931_2022_04",
        "month": "01.04.2022",
        "credit": "42.0",
        "saldo": "1442.23",
        "payment_value": "42.0",
        "payment_date": "01.04.2022",
        "bill_value": "",
        "account_number": "",
        "bank_bik": ""
    },
    {
        "org_ppa_guid": "7838413520",
        "internal_id": "42_2022_04",
        "account_internal_id": "42_2022_04",
        "gis_id": "42_2022_04",
        "month": "01.04.2022",
        "credit": "0.0",
        "saldo": "0.0",
        "payment_value": "0.0",
        "payment_date": "",
        "bill_value": "",
        "account_number": "",
        "bank_bik": ""
    }
]