[
    {
        "org_ppa_guid": "7838413520",
        "internal_id": "42_2022_06",
        "pp_internal_id": "42_2022_06",
        "calc_value": "336.0",
        "tariff": "",
        "service_internal_id": "Услуги",
        "rr": "",
        "recalculation": "",
        "accounting_period_total": "336.0"
    },
    {
        "org_ppa_guid": "7838413520",
        "internal_id": "240000001_2022_06",
        "pp_internal_id": "240000001_2022_06",
        "calc_value": "123650.48",
        "tariff": "",
        "service_internal_id": "Услуги",
        "rr": "",
        "recalculation": "",
        "accounting_period_total": "123650.48"
    },
    {
        "org_ppa_guid": "7838413520",
        "internal_id": "240000002_2022_06",
        "pp_internal_id": "240000002_2022_06",
        "calc_value": "46432.08",
        "tariff": "",
        "service_internal_id": "Услуги",
        "rr": "",
        "recalculation": "",
        "accounting_period_total": "46432.08"
    },
    {
        "org_ppa_guid": "7838413520",
        "internal_id": "240000003_2022_06",
        "pp_internal_id": "240000003_2022_06",
        "calc_value": "44163.85",
        "tariff": "",
        "service_internal_id": "Услуги",
        "rr": "",
        "recalculation": "",
        "accounting_period_total": "44163.85"
    },
    {
        "org_ppa_guid": "7838413520",
        "internal_id": "240000004_2022_06",
        "pp_internal_id": "240000004_2022_06",
        "calc_value": "26224.33",
        "tariff": "",
        "service_internal_id": "Услуги",
        "rr": "",
        "recalculation": "",
        "accounting_period_total": "26224.33"
    },
    {
        "org_ppa_guid": "7838413520",
        "internal_id": "240000005_2022_06",
        "pp_internal_id": "240000005_2022_06",
        "calc_value": "104271.78",
        "tariff": "",
        "service_internal_id": "Услуги",
        "rr": "",
        "recalculation": "",
        "accounting_period_total": "104271.78"
    },
    {
        "org_ppa_guid": "7838413520",
        "internal_id": "240000006_2022_06",
        "pp_internal_id": "240000006_2022_06",
        "calc_value": "216047.3",
        "tariff": "",
        "service_internal_id": "Услуги",
        "rr": "",
        "recalculation": "",
        "accounting_period_total": "216047.3"
    },
    {
        "org_ppa_guid": "7838413520",
        "internal_id": "240000007_2022_06",
        "pp_internal_id": "240000007_2022_06",
        "calc_value": "2100.0",
        "tariff": "",
        "service_internal_id": "Услуги",
        "rr": "",
        "recalculation": "",
        "accounting_period_total": "2100.0"
    },
    {
        "org_ppa_guid": "7838413520",
        "internal_id": "240000008_2022_06",
        "pp_internal_id": "240000008_2022_06",
        "calc_value": "93948.29",
        "tariff": "",
        "service_internal_id": "Услуги",
        "rr": "",
        "recalculation": "",
        "accounting_period_total": "93948.29"
    },
    {
        "org_ppa_guid": "7838413520",
        "internal_id": "240000009_2022_06",
        "pp_internal_id": "240000009_2022_06",
        "calc_value": "40951.63",
        "tariff": "",
        "service_internal_id": "Услуги",
        "rr": "",
        "recalculation": "",
        "accounting_period_total": "40951.63"
    },
    {
        "org_ppa_guid": "7838413520",
        "internal_id": "240000010_2022_06",
        "pp_internal_id": "240000010_2022_06",
        "calc_value": "42833.74",
        "tariff": "",
        "service_internal_id": "Услуги",
        "rr": "",
        "recalculation": "",
        "accounting_period_total": "42833.74"
    },
    {
        "org_ppa_guid": "7838413520",
        "internal_id": "240000011_2022_06",
        "pp_internal_id": "240000011_2022_06",
        "calc_value": "92978.19",
        "tariff": "",
        "service_internal_id": "Услуги",
        "rr": "",
        "recalculation": "",
        "accounting_period_total": "92978.19"
    },
    {
        "org_ppa_guid": "7838413520",
        "internal_id": "240000012_2022_06",
        "pp_internal_id": "240000012_2022_06",
        "calc_value": "47608.73",
        "tariff": "",
        "service_internal_id": "Услуги",
        "rr": "",
        "recalculation": "",
        "accounting_period_total": "47608.73"
    },
    {
        "org_ppa_guid": "7838413520",
        "internal_id": "240000013_2022_06",
        "pp_internal_id": "240000013_2022_06",
        "calc_value": "40958.02",
        "tariff": "",
        "service_internal_id": "Услуги",
        "rr": "",
        "recalculation": "",
        "accounting_period_total": "40958.02"
    },
    {
        "org_ppa_guid": "7838413520",
        "internal_id": "240000014_2022_06",
        "pp_internal_id": "240000014_2022_06",
        "calc_value": "17849.25",
        "tariff": "",
        "service_internal_id": "Услуги",
        "rr": "",
        "recalculation": "",
        "accounting_period_total": "17849.25"
    },
    {
        "org_ppa_guid": "7838413520",
        "internal_id": "240000015_2022_06",
        "pp_internal_id": "240000015_2022_06",
        "calc_value": "48494.44",
        "tariff": "",
        "service_internal_id": "Услуги",
        "rr": "",
        "recalculation": "",
        "accounting_period_total": "48494.44"
    },
    {
        "org_ppa_guid": "7838413520",
        "internal_id": "240000016_2022_06",
        "pp_internal_id": "240000016_2022_06",
        "calc_value": "40375.45",
        "tariff": "",
        "service_internal_id": "Услуги",
        "rr": "",
        "recalculation": "",
        "accounting_period_total": "40375.45"
    },
    {
        "org_ppa_guid": "7838413520",
        "internal_id": "240000017_2022_06",
        "pp_internal_id": "240000017_2022_06",
        "calc_value": "216472.03",
        "tariff": "",
        "service_internal_id": "Услуги",
        "rr": "",
        "recalculation": "",
        "accounting_period_total": "216472.03"
    },
    {
        "org_ppa_guid": "7838413520",
        "internal_id": "240000018_2022_06",
        "pp_internal_id": "240000018_2022_06",
        "calc_value": "123902.63",
        "tariff": "",
        "service_internal_id": "Услуги",
        "rr": "",
        "recalculation": "",
        "accounting_period_total": "123902.63"
    },
    {
        "org_ppa_guid": "7838413520",
        "internal_id": "240000019_2022_06",
        "pp_internal_id": "240000019_2022_06",
        "calc_value": "40794.18",
        "tariff": "",
        "service_internal_id": "Услуги",
        "rr": "",
        "recalculation": "",
        "accounting_period_total": "40794.18"
    },
    {
        "org_ppa_guid": "7838413520",
        "internal_id": "240000020_2022_06",
        "pp_internal_id": "240000020_2022_06",
        "calc_value": "90850.39",
        "tariff": "",
        "service_internal_id": "Услуги",
        "rr": "",
        "recalculation": "",
        "accounting_period_total": "90850.39"
    },
    {
        "org_ppa_guid": "7838413520",
        "internal_id": "240000021_2022_06",
        "pp_internal_id": "240000021_2022_06",
        "calc_value": "46998.24",
        "tariff": "",
        "service_internal_id": "Услуги",
        "rr": "",
        "recalculation": "",
        "accounting_period_total": "46998.24"
    },
    {
        "org_ppa_guid": "7838413520",
        "internal_id": "240000022_2022_06",
        "pp_internal_id": "240000022_2022_06",
        "calc_value": "40166.79",
        "tariff": "",
        "service_internal_id": "Услуги",
        "rr": "",
        "recalculation": "",
        "accounting_period_total": "40166.79"
    },
    {
        "org_ppa_guid": "7838413520",
        "internal_id": "240000023_2022_06",
        "pp_internal_id": "240000023_2022_06",
        "calc_value": "58129.42",
        "tariff": "",
        "service_internal_id": "Услуги",
        "rr": "",
        "recalculation": "",
        "accounting_period_total": "58129.42"
    },
    {
        "org_ppa_guid": "7838413520",
        "internal_id": "240000024_2022_06",
        "pp_internal_id": "240000024_2022_06",
        "calc_value": "43997.7",
        "tariff": "",
        "service_internal_id": "Услуги",
        "rr": "",
        "recalculation": "",
        "accounting_period_total": "43997.7"
    },
    {
        "org_ppa_guid": "7838413520",
        "internal_id": "240000025_2022_06",
        "pp_internal_id": "240000025_2022_06",
        "calc_value": "67587.86",
        "tariff": "",
        "service_internal_id": "Услуги",
        "rr": "",
        "recalculation": "",
        "accounting_period_total": "67587.86"
    },
    {
        "org_ppa_guid": "7838413520",
        "internal_id": "240000026_2022_06",
        "pp_internal_id": "240000026_2022_06",
        "calc_value": "48539.98",
        "tariff": "",
        "service_internal_id": "Услуги",
        "rr": "",
        "recalculation": "",
        "accounting_period_total": "48539.98"
    },
    {
        "org_ppa_guid": "7838413520",
        "internal_id": "240000027_2022_06",
        "pp_internal_id": "240000027_2022_06",
        "calc_value": "17707.49",
        "tariff": "",
        "service_internal_id": "Услуги",
        "rr": "",
        "recalculation": "",
        "accounting_period_total": "17707.49"
    },
    {
        "org_ppa_guid": "7838413520",
        "internal_id": "240000028_2022_06",
        "pp_internal_id": "240000028_2022_06",
        "calc_value": "57191.95",
        "tariff": "",
        "service_internal_id": "Услуги",
        "rr": "",
        "recalculation": "",
        "accounting_period_total": "57191.95"
    },
    {
        "org_ppa_guid": "7838413520",
        "internal_id": "240000029_2022_06",
        "pp_internal_id": "240000029_2022_06",
        "calc_value": "102274.78",
        "tariff": "",
        "service_internal_id": "Услуги",
        "rr": "",
        "recalculation": "",
        "accounting_period_total": "102274.78"
    },
    {
        "org_ppa_guid": "7838413520",
        "internal_id": "240000030_2022_06",
        "pp_internal_id": "240000030_2022_06",
        "calc_value": "53770.96",
        "tariff": "",
        "service_internal_id": "Услуги",
        "rr": "",
        "recalculation": "",
        "accounting_period_total": "53770.96"
    },
    {
        "org_ppa_guid": "7838413520",
        "internal_id": "240000031_2022_06",
        "pp_internal_id": "240000031_2022_06",
        "calc_value": "32090.71",
        "tariff": "",
        "service_internal_id": "Услуги",
        "rr": "",
        "recalculation": "",
        "accounting_period_total": "32090.71"
    },
    {
        "org_ppa_guid": "7838413520",
        "internal_id": "240000032_2022_06",
        "pp_internal_id": "240000032_2022_06",
        "calc_value": "54887.23",
        "tariff": "",
        "service_internal_id": "Услуги",
        "rr": "",
        "recalculation": "",
        "accounting_period_total": "54887.23"
    },
    {
        "org_ppa_guid": "7838413520",
        "internal_id": "240000033_2022_06",
        "pp_internal_id": "240000033_2022_06",
        "calc_value": "52513.33",
        "tariff": "",
        "service_internal_id": "Услуги",
        "rr": "",
        "recalculation": "",
        "accounting_period_total": "52513.33"
    },
    {
        "org_ppa_guid": "7838413520",
        "internal_id": "240000034_2022_06",
        "pp_internal_id": "240000034_2022_06",
        "calc_value": "45329.12",
        "tariff": "",
        "service_internal_id": "Услуги",
        "rr": "",
        "recalculation": "",
        "accounting_period_total": "45329.12"
    },
    {
        "org_ppa_guid": "7838413520",
        "internal_id": "240000035_2022_06",
        "pp_internal_id": "240000035_2022_06",
        "calc_value": "100296.57",
        "tariff": "",
        "service_internal_id": "Услуги",
        "rr": "",
        "recalculation": "",
        "accounting_period_total": "100296.57"
    },
    {
        "org_ppa_guid": "7838413520",
        "internal_id": "240000036_2022_06",
        "pp_internal_id": "240000036_2022_06",
        "calc_value": "47479.26",
        "tariff": "",
        "service_internal_id": "Услуги",
        "rr": "",
        "recalculation": "",
        "accounting_period_total": "47479.26"
    },
    {
        "org_ppa_guid": "7838413520",
        "internal_id": "240000037_2022_06",
        "pp_internal_id": "240000037_2022_06",
        "calc_value": "84396.46",
        "tariff": "",
        "service_internal_id": "Услуги",
        "rr": "",
        "recalculation": "",
        "accounting_period_total": "84396.46"
    },
    {
        "org_ppa_guid": "7838413520",
        "internal_id": "240000039_2022_06",
        "pp_internal_id": "240000039_2022_06",
        "calc_value": "95255.62",
        "tariff": "",
        "service_internal_id": "Услуги",
        "rr": "",
        "recalculation": "",
        "accounting_period_total": "95255.62"
    },
    {
        "org_ppa_guid": "7838413520",
        "internal_id": "240000040_2022_06",
        "pp_internal_id": "240000040_2022_06",
        "calc_value": "10007.03",
        "tariff": "",
        "service_internal_id": "Услуги",
        "rr": "",
        "recalculation": "",
        "accounting_period_total": "10007.03"
    },
    {
        "org_ppa_guid": "7838413520",
        "internal_id": "240000041_2022_06",
        "pp_internal_id": "240000041_2022_06",
        "calc_value": "75068.98",
        "tariff": "",
        "service_internal_id": "Услуги",
        "rr": "",
        "recalculation": "",
        "accounting_period_total": "75068.98"
    },
    {
        "org_ppa_guid": "7838413520",
        "internal_id": "240000042_2022_06",
        "pp_internal_id": "240000042_2022_06",
        "calc_value": "23536.34",
        "tariff": "",
        "service_internal_id": "Услуги",
        "rr": "",
        "recalculation": "",
        "accounting_period_total": "23536.34"
    },
    {
        "org_ppa_guid": "7838413520",
        "internal_id": "240000043_2022_06",
        "pp_internal_id": "240000043_2022_06",
        "calc_value": "37329.71",
        "tariff": "",
        "service_internal_id": "Услуги",
        "rr": "",
        "recalculation": "",
        "accounting_period_total": "37329.71"
    },
    {
        "org_ppa_guid": "7838413520",
        "internal_id": "240000044_2022_06",
        "pp_internal_id": "240000044_2022_06",
        "calc_value": "19700.06",
        "tariff": "",
        "service_internal_id": "Услуги",
        "rr": "",
        "recalculation": "",
        "accounting_period_total": "19700.06"
    },
    {
        "org_ppa_guid": "7838413520",
        "internal_id": "240000045_2022_06",
        "pp_internal_id": "240000045_2022_06",
        "calc_value": "43527.1",
        "tariff": "",
        "service_internal_id": "Услуги",
        "rr": "",
        "recalculation": "",
        "accounting_period_total": "43527.1"
    },
    {
        "org_ppa_guid": "7838413520",
        "internal_id": "240000046_2022_06",
        "pp_internal_id": "240000046_2022_06",
        "calc_value": "88521.94",
        "tariff": "",
        "service_internal_id": "Услуги",
        "rr": "",
        "recalculation": "",
        "accounting_period_total": "88521.94"
    },
    {
        "org_ppa_guid": "7838413520",
        "internal_id": "240000047_2022_06",
        "pp_internal_id": "240000047_2022_06",
        "calc_value": "66692.78",
        "tariff": "",
        "service_internal_id": "Услуги",
        "rr": "",
        "recalculation": "",
        "accounting_period_total": "66692.78"
    },
    {
        "org_ppa_guid": "7838413520",
        "internal_id": "240000048_2022_06",
        "pp_internal_id": "240000048_2022_06",
        "calc_value": "10542.29",
        "tariff": "",
        "service_internal_id": "Услуги",
        "rr": "",
        "recalculation": "",
        "accounting_period_total": "10542.29"
    },
    {
        "org_ppa_guid": "7838413520",
        "internal_id": "240000049_2022_06",
        "pp_internal_id": "240000049_2022_06",
        "calc_value": "217927.15",
        "tariff": "",
        "service_internal_id": "Услуги",
        "rr": "",
        "recalculation": "",
        "accounting_period_total": "217927.15"
    },
    {
        "org_ppa_guid": "7838413520",
        "internal_id": "240000050_2022_06",
        "pp_internal_id": "240000050_2022_06",
        "calc_value": "56108.5",
        "tariff": "",
        "service_internal_id": "Услуги",
        "rr": "",
        "recalculation": "",
        "accounting_period_total": "56108.5"
    },
    {
        "org_ppa_guid": "7838413520",
        "internal_id": "240000051_2022_06",
        "pp_internal_id": "240000051_2022_06",
        "calc_value": "30912.82",
        "tariff": "",
        "service_internal_id": "Услуги",
        "rr": "",
        "recalculation": "",
        "accounting_period_total": "30912.82"
    },
    {
        "org_ppa_guid": "7838413520",
        "internal_id": "240000052_2022_06",
        "pp_internal_id": "240000052_2022_06",
        "calc_value": "61422.87",
        "tariff": "",
        "service_internal_id": "Услуги",
        "rr": "",
        "recalculation": "",
        "accounting_period_total": "61422.87"
    },
    {
        "org_ppa_guid": "7838413520",
        "internal_id": "240000053_2022_06",
        "pp_internal_id": "240000053_2022_06",
        "calc_value": "118901.08",
        "tariff": "",
        "service_internal_id": "Услуги",
        "rr": "",
        "recalculation": "",
        "accounting_period_total": "118901.08"
    },
    {
        "org_ppa_guid": "7838413520",
        "internal_id": "240000054_2022_06",
        "pp_internal_id": "240000054_2022_06",
        "calc_value": "19369.31",
        "tariff": "",
        "service_internal_id": "Услуги",
        "rr": "",
        "recalculation": "",
        "accounting_period_total": "19369.31"
    },
    {
        "org_ppa_guid": "7838413520",
        "internal_id": "240000055_2022_06",
        "pp_internal_id": "240000055_2022_06",
        "calc_value": "79534.28",
        "tariff": "",
        "service_internal_id": "Услуги",
        "rr": "",
        "recalculation": "",
        "accounting_period_total": "79534.28"
    },
    {
        "org_ppa_guid": "7838413520",
        "internal_id": "240000056_2022_06",
        "pp_internal_id": "240000056_2022_06",
        "calc_value": "29351.14",
        "tariff": "",
        "service_internal_id": "Услуги",
        "rr": "",
        "recalculation": "",
        "accounting_period_total": "29351.14"
    },
    {
        "org_ppa_guid": "7838413520",
        "internal_id": "240000057_2022_06",
        "pp_internal_id": "240000057_2022_06",
        "calc_value": "52441.96",
        "tariff": "",
        "service_internal_id": "Услуги",
        "rr": "",
        "recalculation": "",
        "accounting_period_total": "52441.96"
    },
    {
        "org_ppa_guid": "7838413520",
        "internal_id": "240000058_2022_06",
        "pp_internal_id": "240000058_2022_06",
        "calc_value": "112158.61",
        "tariff": "",
        "service_internal_id": "Услуги",
        "rr": "",
        "recalculation": "",
        "accounting_period_total": "112158.61"
    },
    {
        "org_ppa_guid": "7838413520",
        "internal_id": "240000059_2022_06",
        "pp_internal_id": "240000059_2022_06",
        "calc_value": "131563.69",
        "tariff": "",
        "service_internal_id": "Услуги",
        "rr": "",
        "recalculation": "",
        "accounting_period_total": "131563.69"
    },
    {
        "org_ppa_guid": "7838413520",
        "internal_id": "240000060_2022_06",
        "pp_internal_id": "240000060_2022_06",
        "calc_value": "29623.02",
        "tariff": "",
        "service_internal_id": "Услуги",
        "rr": "",
        "recalculation": "",
        "accounting_period_total": "29623.02"
    },
    {
        "org_ppa_guid": "7838413520",
        "internal_id": "240000061_2022_06",
        "pp_internal_id": "240000061_2022_06",
        "calc_value": "45262.54",
        "tariff": "",
        "service_internal_id": "Услуги",
        "rr": "",
        "recalculation": "",
        "accounting_period_total": "45262.54"
    },
    {
        "org_ppa_guid": "7838413520",
        "internal_id": "240000062_2022_06",
        "pp_internal_id": "240000062_2022_06",
        "calc_value": "59203.61",
        "tariff": "",
        "service_internal_id": "Услуги",
        "rr": "",
        "recalculation": "",
        "accounting_period_total": "59203.61"
    },
    {
        "org_ppa_guid": "7838413520",
        "internal_id": "240000063_2022_06",
        "pp_internal_id": "240000063_2022_06",
        "calc_value": "50121.3",
        "tariff": "",
        "service_internal_id": "Услуги",
        "rr": "",
        "recalculation": "",
        "accounting_period_total": "50121.3"
    },
    {
        "org_ppa_guid": "7838413520",
        "internal_id": "240000064_2022_06",
        "pp_internal_id": "240000064_2022_06",
        "calc_value": "44241.3",
        "tariff": "",
        "service_internal_id": "Услуги",
        "rr": "",
        "recalculation": "",
        "accounting_period_total": "44241.3"
    },
    {
        "org_ppa_guid": "7838413520",
        "internal_id": "240000065_2022_06",
        "pp_internal_id": "240000065_2022_06",
        "calc_value": "80228.46",
        "tariff": "",
        "service_internal_id": "Услуги",
        "rr": "",
        "recalculation": "",
        "accounting_period_total": "80228.46"
    },
    {
        "org_ppa_guid": "7838413520",
        "internal_id": "240000066_2022_06",
        "pp_internal_id": "240000066_2022_06",
        "calc_value": "49106.75",
        "tariff": "",
        "service_internal_id": "Услуги",
        "rr": "",
        "recalculation": "",
        "accounting_period_total": "49106.75"
    },
    {
        "org_ppa_guid": "7838413520",
        "internal_id": "240000067_2022_06",
        "pp_internal_id": "240000067_2022_06",
        "calc_value": "14420.67",
        "tariff": "",
        "service_internal_id": "Услуги",
        "rr": "",
        "recalculation": "",
        "accounting_period_total": "14420.67"
    },
    {
        "org_ppa_guid": "7838413520",
        "internal_id": "240000068_2022_06",
        "pp_internal_id": "240000068_2022_06",
        "calc_value": "88028.33",
        "tariff": "",
        "service_internal_id": "Услуги",
        "rr": "",
        "recalculation": "",
        "accounting_period_total": "88028.33"
    },
    {
        "org_ppa_guid": "7838413520",
        "internal_id": "240000069_2022_06",
        "pp_internal_id": "240000069_2022_06",
        "calc_value": "22338.01",
        "tariff": "",
        "service_internal_id": "Услуги",
        "rr": "",
        "recalculation": "",
        "accounting_period_total": "22338.01"
    },
    {
        "org_ppa_guid": "7838413520",
        "internal_id": "240000070_2022_06",
        "pp_internal_id": "240000070_2022_06",
        "calc_value": "39955.99",
        "tariff": "",
        "service_internal_id": "Услуги",
        "rr": "",
        "recalculation": "",
        "accounting_period_total": "39955.99"
    },
    {
        "org_ppa_guid": "7838413520",
        "internal_id": "240000071_2022_06",
        "pp_internal_id": "240000071_2022_06",
        "calc_value": "74669.74",
        "tariff": "",
        "service_internal_id": "Услуги",
        "rr": "",
        "recalculation": "",
        "accounting_period_total": "74669.74"
    },
    {
        "org_ppa_guid": "7838413520",
        "internal_id": "240000072_2022_06",
        "pp_internal_id": "240000072_2022_06",
        "calc_value": "55793.24",
        "tariff": "",
        "service_internal_id": "Услуги",
        "rr": "",
        "recalculation": "",
        "accounting_period_total": "55793.24"
    },
    {
        "org_ppa_guid": "7838413520",
        "internal_id": "240000073_2022_06",
        "pp_internal_id": "240000073_2022_06",
        "calc_value": "14818.08",
        "tariff": "",
        "service_internal_id": "Услуги",
        "rr": "",
        "recalculation": "",
        "accounting_period_total": "14818.08"
    },
    {
        "org_ppa_guid": "7838413520",
        "internal_id": "240000074_2022_06",
        "pp_internal_id": "240000074_2022_06",
        "calc_value": "48032.9",
        "tariff": "",
        "service_internal_id": "Услуги",
        "rr": "",
        "recalculation": "",
        "accounting_period_total": "48032.9"
    },
    {
        "org_ppa_guid": "7838413520",
        "internal_id": "240000075_2022_06",
        "pp_internal_id": "240000075_2022_06",
        "calc_value": "48352.63",
        "tariff": "",
        "service_internal_id": "Услуги",
        "rr": "",
        "recalculation": "",
        "accounting_period_total": "48352.63"
    },
    {
        "org_ppa_guid": "7838413520",
        "internal_id": "240000076_2022_06",
        "pp_internal_id": "240000076_2022_06",
        "calc_value": "8565.84",
        "tariff": "",
        "service_internal_id": "Услуги",
        "rr": "",
        "recalculation": "",
        "accounting_period_total": "8565.84"
    },
    {
        "org_ppa_guid": "7838413520",
        "internal_id": "240000077_2022_06",
        "pp_internal_id": "240000077_2022_06",
        "calc_value": "22917.93",
        "tariff": "",
        "service_internal_id": "Услуги",
        "rr": "",
        "recalculation": "",
        "accounting_period_total": "22917.93"
    },
    {
        "org_ppa_guid": "7838413520",
        "internal_id": "240000078_2022_06",
        "pp_internal_id": "240000078_2022_06",
        "calc_value": "193205.87",
        "tariff": "",
        "service_internal_id": "Услуги",
        "rr": "",
        "recalculation": "",
        "accounting_period_total": "193205.87"
    },
    {
        "org_ppa_guid": "7838413520",
        "internal_id": "240000079_2022_06",
        "pp_internal_id": "240000079_2022_06",
        "calc_value": "37239.53",
        "tariff": "",
        "service_internal_id": "Услуги",
        "rr": "",
        "recalculation": "",
        "accounting_period_total": "37239.53"
    },
    {
        "org_ppa_guid": "7838413520",
        "internal_id": "240000080_2022_06",
        "pp_internal_id": "240000080_2022_06",
        "calc_value": "15687.15",
        "tariff": "",
        "service_internal_id": "Услуги",
        "rr": "",
        "recalculation": "",
        "accounting_period_total": "15687.15"
    },
    {
        "org_ppa_guid": "7838413520",
        "internal_id": "240000081_2022_06",
        "pp_internal_id": "240000081_2022_06",
        "calc_value": "28231.04",
        "tariff": "",
        "service_internal_id": "Услуги",
        "rr": "",
        "recalculation": "",
        "accounting_period_total": "28231.04"
    },
    {
        "org_ppa_guid": "7838413520",
        "internal_id": "240000082_2022_06",
        "pp_internal_id": "240000082_2022_06",
        "calc_value": "45035.04",
        "tariff": "",
        "service_internal_id": "Услуги",
        "rr": "",
        "recalculation": "",
        "accounting_period_total": "45035.04"
    },
    {
        "org_ppa_guid": "7838413520",
        "internal_id": "240000083_2022_06",
        "pp_internal_id": "240000083_2022_06",
        "calc_value": "44061.18",
        "tariff": "",
        "service_internal_id": "Услуги",
        "rr": "",
        "recalculation": "",
        "accounting_period_total": "44061.18"
    },
    {
        "org_ppa_guid": "7838413520",
        "internal_id": "240000084_2022_06",
        "pp_internal_id": "240000084_2022_06",
        "calc_value": "71592.79",
        "tariff": "",
        "service_internal_id": "Услуги",
        "rr": "",
        "recalculation": "",
        "accounting_period_total": "71592.79"
    },
    {
        "org_ppa_guid": "7838413520",
        "internal_id": "240000085_2022_06",
        "pp_internal_id": "240000085_2022_06",
        "calc_value": "73290.36",
        "tariff": "",
        "service_internal_id": "Услуги",
        "rr": "",
        "recalculation": "",
        "accounting_period_total": "73290.36"
    },
    {
        "org_ppa_guid": "7838413520",
        "internal_id": "240000086_2022_06",
        "pp_internal_id": "240000086_2022_06",
        "calc_value": "92757.94",
        "tariff": "",
        "service_internal_id": "Услуги",
        "rr": "",
        "recalculation": "",
        "accounting_period_total": "92757.94"
    },
    {
        "org_ppa_guid": "7838413520",
        "internal_id": "241000001_2022_06",
        "pp_internal_id": "241000001_2022_06",
        "calc_value": "5874.96",
        "tariff": "",
        "service_internal_id": "Услуги",
        "rr": "",
        "recalculation": "",
        "accounting_period_total": "5874.96"
    },
    {
        "org_ppa_guid": "7838413520",
        "internal_id": "241000002_2022_06",
        "pp_internal_id": "241000002_2022_06",
        "calc_value": "5874.96",
        "tariff": "",
        "service_internal_id": "Услуги",
        "rr": "",
        "recalculation": "",
        "accounting_period_total": "5874.96"
    },
    {
        "org_ppa_guid": "7838413520",
        "internal_id": "241000003_2022_06",
        "pp_internal_id": "241000003_2022_06",
        "calc_value": "6652.26",
        "tariff": "",
        "service_internal_id": "Услуги",
        "rr": "",
        "recalculation": "",
        "accounting_period_total": "6652.26"
    },
    {
        "org_ppa_guid": "7838413520",
        "internal_id": "241000004_2022_06",
        "pp_internal_id": "241000004_2022_06",
        "calc_value": "7796.51",
        "tariff": "",
        "service_internal_id": "Услуги",
        "rr": "",
        "recalculation": "",
        "accounting_period_total": "7796.51"
    },
    {
        "org_ppa_guid": "7838413520",
        "internal_id": "241000005_2022_06",
        "pp_internal_id": "241000005_2022_06",
        "calc_value": "7412.61",
        "tariff": "",
        "service_internal_id": "Услуги",
        "rr": "",
        "recalculation": "",
        "accounting_period_total": "7412.61"
    },
    {
        "org_ppa_guid": "7838413520",
        "internal_id": "241000006_2022_06",
        "pp_internal_id": "241000006_2022_06",
        "calc_value": "7028.7",
        "tariff": "",
        "service_internal_id": "Услуги",
        "rr": "",
        "recalculation": "",
        "accounting_period_total": "7028.7"
    },
    {
        "org_ppa_guid": "7838413520",
        "internal_id": "241000007_2022_06",
        "pp_internal_id": "241000007_2022_06",
        "calc_value": "8228.61",
        "tariff": "",
        "service_internal_id": "Услуги",
        "rr": "",
        "recalculation": "",
        "accounting_period_total": "8228.61"
    },
    {
        "org_ppa_guid": "7838413520",
        "internal_id": "241000008_2022_06",
        "pp_internal_id": "241000008_2022_06",
        "calc_value": "3365.21",
        "tariff": "",
        "service_internal_id": "Услуги",
        "rr": "",
        "recalculation": "",
        "accounting_period_total": "3365.21"
    },
    {
        "org_ppa_guid": "7838413520",
        "internal_id": "241000009_2022_06",
        "pp_internal_id": "241000009_2022_06",
        "calc_value": "3365.21",
        "tariff": "",
        "service_internal_id": "Услуги",
        "rr": "",
        "recalculation": "",
        "accounting_period_total": "3365.21"
    },
    {
        "org_ppa_guid": "7838413520",
        "internal_id": "241000010_2022_06",
        "pp_internal_id": "241000010_2022_06",
        "calc_value": "21358.09",
        "tariff": "",
        "service_internal_id": "Услуги",
        "rr": "",
        "recalculation": "",
        "accounting_period_total": "21358.09"
    },
    {
        "org_ppa_guid": "7838413520",
        "internal_id": "241000011_2022_06",
        "pp_internal_id": "241000011_2022_06",
        "calc_value": "3365.21",
        "tariff": "",
        "service_internal_id": "Услуги",
        "rr": "",
        "recalculation": "",
        "accounting_period_total": "3365.21"
    },
    {
        "org_ppa_guid": "7838413520",
        "internal_id": "241000012_2022_06",
        "pp_internal_id": "241000012_2022_06",
        "calc_value": "6642.75",
        "tariff": "",
        "service_internal_id": "Услуги",
        "rr": "",
        "recalculation": "",
        "accounting_period_total": "6642.75"
    },
    {
        "org_ppa_guid": "7838413520",
        "internal_id": "241000013_2022_06",
        "pp_internal_id": "241000013_2022_06",
        "calc_value": "6642.75",
        "tariff": "",
        "service_internal_id": "Услуги",
        "rr": "",
        "recalculation": "",
        "accounting_period_total": "6642.75"
    },
    {
        "org_ppa_guid": "7838413520",
        "internal_id": "241000014_2022_06",
        "pp_internal_id": "241000014_2022_06",
        "calc_value": "7796.51",
        "tariff": "",
        "service_internal_id": "Услуги",
        "rr": "",
        "recalculation": "",
        "accounting_period_total": "7796.51"
    },
    {
        "org_ppa_guid": "7838413520",
        "internal_id": "241000015_2022_06",
        "pp_internal_id": "241000015_2022_06",
        "calc_value": "6258.9",
        "tariff": "",
        "service_internal_id": "Услуги",
        "rr": "",
        "recalculation": "",
        "accounting_period_total": "6258.9"
    },
    {
        "org_ppa_guid": "7838413520",
        "internal_id": "241000016_2022_06",
        "pp_internal_id": "241000016_2022_06",
        "calc_value": "7028.7",
        "tariff": "",
        "service_internal_id": "Услуги",
        "rr": "",
        "recalculation": "",
        "accounting_period_total": "7028.7"
    },
    {
        "org_ppa_guid": "7838413520",
        "internal_id": "241000017_2022_06",
        "pp_internal_id": "241000017_2022_06",
        "calc_value": "4069.62",
        "tariff": "",
        "service_internal_id": "Услуги",
        "rr": "",
        "recalculation": "",
        "accounting_period_total": "4069.62"
    },
    {
        "org_ppa_guid": "7838413520",
        "internal_id": "241000018_2022_06",
        "pp_internal_id": "241000018_2022_06",
        "calc_value": "4539.03",
        "tariff": "",
        "service_internal_id": "Услуги",
        "rr": "",
        "recalculation": "",
        "accounting_period_total": "4539.03"
    },
    {
        "org_ppa_guid": "7838413520",
        "internal_id": "241000019_2022_06",
        "pp_internal_id": "241000019_2022_06",
        "calc_value": "4069.62",
        "tariff": "",
        "service_internal_id": "Услуги",
        "rr": "",
        "recalculation": "",
        "accounting_period_total": "4069.62"
    },
    {
        "org_ppa_guid": "7838413520",
        "internal_id": "241000020_2022_06",
        "pp_internal_id": "241000020_2022_06",
        "calc_value": "11609.75",
        "tariff": "",
        "service_internal_id": "Услуги",
        "rr": "",
        "recalculation": "",
        "accounting_period_total": "11609.75"
    },
    {
        "org_ppa_guid": "7838413520",
        "internal_id": "241000021_2022_06",
        "pp_internal_id": "241000021_2022_06",
        "calc_value": "9661.12",
        "tariff": "",
        "service_internal_id": "Услуги",
        "rr": "",
        "recalculation": "",
        "accounting_period_total": "9661.12"
    },
    {
        "org_ppa_guid": "7838413520",
        "internal_id": "241000022_2022_06",
        "pp_internal_id": "241000022_2022_06",
        "calc_value": "10351.47",
        "tariff": "",
        "service_internal_id": "Услуги",
        "rr": "",
        "recalculation": "",
        "accounting_period_total": "10351.47"
    },
    {
        "org_ppa_guid": "7838413520",
        "internal_id": "241000023_2022_06",
        "pp_internal_id": "241000023_2022_06",
        "calc_value": "6662.75",
        "tariff": "",
        "service_internal_id": "Услуги",
        "rr": "",
        "recalculation": "",
        "accounting_period_total": "6662.75"
    },
    {
        "org_ppa_guid": "7838413520",
        "internal_id": "241000024_2022_06",
        "pp_internal_id": "241000024_2022_06",
        "calc_value": "6642.75",
        "tariff": "",
        "service_internal_id": "Услуги",
        "rr": "",
        "recalculation": "",
        "accounting_period_total": "6642.75"
    },
    {
        "org_ppa_guid": "7838413520",
        "internal_id": "241000025_2022_06",
        "pp_internal_id": "241000025_2022_06",
        "calc_value": "6642.75",
        "tariff": "",
        "service_internal_id": "Услуги",
        "rr": "",
        "recalculation": "",
        "accounting_period_total": "6642.75"
    },
    {
        "org_ppa_guid": "7838413520",
        "internal_id": "241000026_2022_06",
        "pp_internal_id": "241000026_2022_06",
        "calc_value": "10418.19",
        "tariff": "",
        "service_internal_id": "Услуги",
        "rr": "",
        "recalculation": "",
        "accounting_period_total": "10418.19"
    },
    {
        "org_ppa_guid": "7838413520",
        "internal_id": "241000027_2022_06",
        "pp_internal_id": "241000027_2022_06",
        "calc_value": "6678.65",
        "tariff": "",
        "service_internal_id": "Услуги",
        "rr": "",
        "recalculation": "",
        "accounting_period_total": "6678.65"
    },
    {
        "org_ppa_guid": "7838413520",
        "internal_id": "241000028_2022_06",
        "pp_internal_id": "241000028_2022_06",
        "calc_value": "14221.11",
        "tariff": "",
        "service_internal_id": "Услуги",
        "rr": "",
        "recalculation": "",
        "accounting_period_total": "14221.11"
    },
    {
        "org_ppa_guid": "7838413520",
        "internal_id": "241000029_2022_06",
        "pp_internal_id": "241000029_2022_06",
        "calc_value": "10418.19",
        "tariff": "",
        "service_internal_id": "Услуги",
        "rr": "",
        "recalculation": "",
        "accounting_period_total": "10418.19"
    },
    {
        "org_ppa_guid": "7838413520",
        "internal_id": "241000030_2022_06",
        "pp_internal_id": "241000030_2022_06",
        "calc_value": "11074.84",
        "tariff": "",
        "service_internal_id": "Услуги",
        "rr": "",
        "recalculation": "",
        "accounting_period_total": "11074.84"
    },
    {
        "org_ppa_guid": "7838413520",
        "internal_id": "241000031_2022_06",
        "pp_internal_id": "241000031_2022_06",
        "calc_value": "3365.21",
        "tariff": "",
        "service_internal_id": "Услуги",
        "rr": "",
        "recalculation": "",
        "accounting_period_total": "3365.21"
    },
    {
        "org_ppa_guid": "7838413520",
        "internal_id": "241000032_2022_06",
        "pp_internal_id": "241000032_2022_06",
        "calc_value": "12381.19",
        "tariff": "",
        "service_internal_id": "Услуги",
        "rr": "",
        "recalculation": "",
        "accounting_period_total": "12381.19"
    },
    {
        "org_ppa_guid": "7838413520",
        "internal_id": "241000033_2022_06",
        "pp_internal_id": "241000033_2022_06",
        "calc_value": "32664.07",
        "tariff": "",
        "service_internal_id": "Услуги",
        "rr": "",
        "recalculation": "",
        "accounting_period_total": "32664.07"
    },
    {
        "org_ppa_guid": "7838413520",
        "internal_id": "241000034_2022_06",
        "pp_internal_id": "241000034_2022_06",
        "calc_value": "9021.02",
        "tariff": "",
        "service_internal_id": "Услуги",
        "rr": "",
        "recalculation": "",
        "accounting_period_total": "9021.02"
    },
    {
        "org_ppa_guid": "7838413520",
        "internal_id": "241000035_2022_06",
        "pp_internal_id": "241000035_2022_06",
        "calc_value": "8903.21",
        "tariff": "",
        "service_internal_id": "Услуги",
        "rr": "",
        "recalculation": "",
        "accounting_period_total": "8903.21"
    },
    {
        "org_ppa_guid": "7838413520",
        "internal_id": "241000036_2022_06",
        "pp_internal_id": "241000036_2022_06",
        "calc_value": "11074.84",
        "tariff": "",
        "service_internal_id": "Услуги",
        "rr": "",
        "recalculation": "",
        "accounting_period_total": "11074.84"
    },
    {
        "org_ppa_guid": "7838413520",
        "internal_id": "241000037_2022_06",
        "pp_internal_id": "241000037_2022_06",
        "calc_value": "11641.73",
        "tariff": "",
        "service_internal_id": "Услуги",
        "rr": "",
        "recalculation": "",
        "accounting_period_total": "11641.73"
    },
    {
        "org_ppa_guid": "7838413520",
        "internal_id": "241000038_2022_06",
        "pp_internal_id": "241000038_2022_06",
        "calc_value": "34429.25",
        "tariff": "",
        "service_internal_id": "Услуги",
        "rr": "",
        "recalculation": "",
        "accounting_period_total": "34429.25"
    },
    {
        "org_ppa_guid": "7838413520",
        "internal_id": "241000039_2022_06",
        "pp_internal_id": "241000039_2022_06",
        "calc_value": "7412.61",
        "tariff": "",
        "service_internal_id": "Услуги",
        "rr": "",
        "recalculation": "",
        "accounting_period_total": "7412.61"
    },
    {
        "org_ppa_guid": "7838413520",
        "internal_id": "241000040_2022_06",
        "pp_internal_id": "241000040_2022_06",
        "calc_value": "5874.96",
        "tariff": "",
        "service_internal_id": "Услуги",
        "rr": "",
        "recalculation": "",
        "accounting_period_total": "5874.96"
    },
    {
        "org_ppa_guid": "7838413520",
        "internal_id": "241000041_2022_06",
        "pp_internal_id": "241000041_2022_06",
        "calc_value": "9111.88",
        "tariff": "",
        "service_internal_id": "Услуги",
        "rr": "",
        "recalculation": "",
        "accounting_period_total": "9111.88"
    },
    {
        "org_ppa_guid": "7838413520",
        "internal_id": "241000042_2022_06",
        "pp_internal_id": "241000042_2022_06",
        "calc_value": "5874.96",
        "tariff": "",
        "service_internal_id": "Услуги",
        "rr": "",
        "recalculation": "",
        "accounting_period_total": "5874.96"
    },
    {
        "org_ppa_guid": "7838413520",
        "internal_id": "241000043_2022_06",
        "pp_internal_id": "241000043_2022_06",
        "calc_value": "28085.04",
        "tariff": "",
        "service_internal_id": "Услуги",
        "rr": "",
        "recalculation": "",
        "accounting_period_total": "28085.04"
    },
    {
        "org_ppa_guid": "7838413520",
        "internal_id": "241000044_2022_06",
        "pp_internal_id": "241000044_2022_06",
        "calc_value": "12795.41",
        "tariff": "",
        "service_internal_id": "Услуги",
        "rr": "",
        "recalculation": "",
        "accounting_period_total": "12795.41"
    },
    {
        "org_ppa_guid": "7838413520",
        "internal_id": "241000045_2022_06",
        "pp_internal_id": "241000045_2022_06",
        "calc_value": "11641.73",
        "tariff": "",
        "service_internal_id": "Услуги",
        "rr": "",
        "recalculation": "",
        "accounting_period_total": "11641.73"
    },
    {
        "org_ppa_guid": "7838413520",
        "internal_id": "241000046_2022_06",
        "pp_internal_id": "241000046_2022_06",
        "calc_value": "10658.09",
        "tariff": "",
        "service_internal_id": "Услуги",
        "rr": "",
        "recalculation": "",
        "accounting_period_total": "10658.09"
    },
    {
        "org_ppa_guid": "7838413520",
        "internal_id": "241000047_2022_06",
        "pp_internal_id": "241000047_2022_06",
        "calc_value": "22196.01",
        "tariff": "",
        "service_internal_id": "Услуги",
        "rr": "",
        "recalculation": "",
        "accounting_period_total": "22196.01"
    },
    {
        "org_ppa_guid": "7838413520",
        "internal_id": "241000048_2022_06",
        "pp_internal_id": "241000048_2022_06",
        "calc_value": "25116.52",
        "tariff": "",
        "service_internal_id": "Услуги",
        "rr": "",
        "recalculation": "",
        "accounting_period_total": "25116.52"
    },
    {
        "org_ppa_guid": "7838413520",
        "internal_id": "241000049_2022_06",
        "pp_internal_id": "241000049_2022_06",
        "calc_value": "10104.0",
        "tariff": "",
        "service_internal_id": "Услуги",
        "rr": "",
        "recalculation": "",
        "accounting_period_total": "10104.0"
    },
    {
        "org_ppa_guid": "7838413520",
        "internal_id": "241000050_2022_06",
        "pp_internal_id": "241000050_2022_06",
        "calc_value": "10487.93",
        "tariff": "",
        "service_internal_id": "Услуги",
        "rr": "",
        "recalculation": "",
        "accounting_period_total": "10487.93"
    },
    {
        "org_ppa_guid": "7838413520",
        "internal_id": "241000051_2022_06",
        "pp_internal_id": "241000051_2022_06",
        "calc_value": "44077.03",
        "tariff": "",
        "service_internal_id": "Услуги",
        "rr": "",
        "recalculation": "",
        "accounting_period_total": "44077.03"
    },
    {
        "org_ppa_guid": "7838413520",
        "internal_id": "241000052_2022_06",
        "pp_internal_id": "241000052_2022_06",
        "calc_value": "3952.43",
        "tariff": "",
        "service_internal_id": "Услуги",
        "rr": "",
        "recalculation": "",
        "accounting_period_total": "3952.43"
    },
    {
        "org_ppa_guid": "7838413520",
        "internal_id": "241000053_2022_06",
        "pp_internal_id": "241000053_2022_06",
        "calc_value": "23250.85",
        "tariff": "",
        "service_internal_id": "Услуги",
        "rr": "",
        "recalculation": "",
        "accounting_period_total": "23250.85"
    },
    {
        "org_ppa_guid": "7838413520",
        "internal_id": "241000054_2022_06",
        "pp_internal_id": "241000054_2022_06",
        "calc_value": "6182.84",
        "tariff": "",
        "service_internal_id": "Услуги",
        "rr": "",
        "recalculation": "",
        "accounting_period_total": "6182.84"
    },
    {
        "org_ppa_guid": "7838413520",
        "internal_id": "241000055_2022_06",
        "pp_internal_id": "241000055_2022_06",
        "calc_value": "5874.96",
        "tariff": "",
        "service_internal_id": "Услуги",
        "rr": "",
        "recalculation": "",
        "accounting_period_total": "5874.96"
    },
    {
        "org_ppa_guid": "7838413520",
        "internal_id": "241000056_2022_06",
        "pp_internal_id": "241000056_2022_06",
        "calc_value": "5874.96",
        "tariff": "",
        "service_internal_id": "Услуги",
        "rr": "",
        "recalculation": "",
        "accounting_period_total": "5874.96"
    },
    {
        "org_ppa_guid": "7838413520",
        "internal_id": "241000057_2022_06",
        "pp_internal_id": "241000057_2022_06",
        "calc_value": "12668.82",
        "tariff": "",
        "service_internal_id": "Услуги",
        "rr": "",
        "recalculation": "",
        "accounting_period_total": "12668.82"
    },
    {
        "org_ppa_guid": "7838413520",
        "internal_id": "241000058_2022_06",
        "pp_internal_id": "241000058_2022_06",
        "calc_value": "3600.21",
        "tariff": "",
        "service_internal_id": "Услуги",
        "rr": "",
        "recalculation": "",
        "accounting_period_total": "3600.21"
    },
    {
        "org_ppa_guid": "7838413520",
        "internal_id": "241000059_2022_06",
        "pp_internal_id": "241000059_2022_06",
        "calc_value": "3365.21",
        "tariff": "",
        "service_internal_id": "Услуги",
        "rr": "",
        "recalculation": "",
        "accounting_period_total": "3365.21"
    },
    {
        "org_ppa_guid": "7838413520",
        "internal_id": "241000060_2022_06",
        "pp_internal_id": "241000060_2022_06",
        "calc_value": "3365.21",
        "tariff": "",
        "service_internal_id": "Услуги",
        "rr": "",
        "recalculation": "",
        "accounting_period_total": "3365.21"
    },
    {
        "org_ppa_guid": "7838413520",
        "internal_id": "241000061_2022_06",
        "pp_internal_id": "241000061_2022_06",
        "calc_value": "11074.84",
        "tariff": "",
        "service_internal_id": "Услуги",
        "rr": "",
        "recalculation": "",
        "accounting_period_total": "11074.84"
    },
    {
        "org_ppa_guid": "7838413520",
        "internal_id": "241000062_2022_06",
        "pp_internal_id": "241000062_2022_06",
        "calc_value": "12411.51",
        "tariff": "",
        "service_internal_id": "Услуги",
        "rr": "",
        "recalculation": "",
        "accounting_period_total": "12411.51"
    },
    {
        "org_ppa_guid": "7838413520",
        "internal_id": "241000063_2022_06",
        "pp_internal_id": "241000063_2022_06",
        "calc_value": "16256.6",
        "tariff": "",
        "service_internal_id": "Услуги",
        "rr": "",
        "recalculation": "",
        "accounting_period_total": "16256.6"
    },
    {
        "org_ppa_guid": "7838413520",
        "internal_id": "241000064_2022_06",
        "pp_internal_id": "241000064_2022_06",
        "calc_value": "4186.84",
        "tariff": "",
        "service_internal_id": "Услуги",
        "rr": "",
        "recalculation": "",
        "accounting_period_total": "4186.84"
    },
    {
        "org_ppa_guid": "7838413520",
        "internal_id": "241000065_2022_06",
        "pp_internal_id": "241000065_2022_06",
        "calc_value": "14997.48",
        "tariff": "",
        "service_internal_id": "Услуги",
        "rr": "",
        "recalculation": "",
        "accounting_period_total": "14997.48"
    },
    {
        "org_ppa_guid": "7838413520",
        "internal_id": "241000066_2022_06",
        "pp_internal_id": "241000066_2022_06",
        "calc_value": "4304.64",
        "tariff": "",
        "service_internal_id": "Услуги",
        "rr": "",
        "recalculation": "",
        "accounting_period_total": "4304.64"
    },
    {
        "org_ppa_guid": "7838413520",
        "internal_id": "241000067_2022_06",
        "pp_internal_id": "241000067_2022_06",
        "calc_value": "22025.3",
        "tariff": "",
        "service_internal_id": "Услуги",
        "rr": "",
        "recalculation": "",
        "accounting_period_total": "22025.3"
    },
    {
        "org_ppa_guid": "7838413520",
        "internal_id": "241000068_2022_06",
        "pp_internal_id": "241000068_2022_06",
        "calc_value": "5874.96",
        "tariff": "",
        "service_internal_id": "Услуги",
        "rr": "",
        "recalculation": "",
        "accounting_period_total": "5874.96"
    },
    {
        "org_ppa_guid": "7838413520",
        "internal_id": "241000069_2022_06",
        "pp_internal_id": "241000069_2022_06",
        "calc_value": "10103.82",
        "tariff": "",
        "service_internal_id": "Услуги",
        "rr": "",
        "recalculation": "",
        "accounting_period_total": "10103.82"
    },
    {
        "org_ppa_guid": "7838413520",
        "internal_id": "241000070_2022_06",
        "pp_internal_id": "241000070_2022_06",
        "calc_value": "10104.0",
        "tariff": "",
        "service_internal_id": "Услуги",
        "rr": "",
        "recalculation": "",
        "accounting_period_total": "10104.0"
    },
    {
        "org_ppa_guid": "7838413520",
        "internal_id": "241000071_2022_06",
        "pp_internal_id": "241000071_2022_06",
        "calc_value": "3248.02",
        "tariff": "",
        "service_internal_id": "Услуги",
        "rr": "",
        "recalculation": "",
        "accounting_period_total": "3248.02"
    },
    {
        "org_ppa_guid": "7838413520",
        "internal_id": "241000072_2022_06",
        "pp_internal_id": "241000072_2022_06",
        "calc_value": "3600.21",
        "tariff": "",
        "service_internal_id": "Услуги",
        "rr": "",
        "recalculation": "",
        "accounting_period_total": "3600.21"
    },
    {
        "org_ppa_guid": "7838413520",
        "internal_id": "241000073_2022_06",
        "pp_internal_id": "241000073_2022_06",
        "calc_value": "13565.19",
        "tariff": "",
        "service_internal_id": "Услуги",
        "rr": "",
        "recalculation": "",
        "accounting_period_total": "13565.19"
    },
    {
        "org_ppa_guid": "7838413520",
        "internal_id": "241000074_2022_06",
        "pp_internal_id": "241000074_2022_06",
        "calc_value": "17794.27",
        "tariff": "",
        "service_internal_id": "Услуги",
        "rr": "",
        "recalculation": "",
        "accounting_period_total": "17794.27"
    },
    {
        "org_ppa_guid": "7838413520",
        "internal_id": "241000075_2022_06",
        "pp_internal_id": "241000075_2022_06",
        "calc_value": "29391.35",
        "tariff": "",
        "service_internal_id": "Услуги",
        "rr": "",
        "recalculation": "",
        "accounting_period_total": "29391.35"
    },
    {
        "org_ppa_guid": "7838413520",
        "internal_id": "241000076_2022_06",
        "pp_internal_id": "241000076_2022_06",
        "calc_value": "13181.3",
        "tariff": "",
        "service_internal_id": "Услуги",
        "rr": "",
        "recalculation": "",
        "accounting_period_total": "13181.3"
    },
    {
        "org_ppa_guid": "7838413520",
        "internal_id": "241000077_2022_06",
        "pp_internal_id": "241000077_2022_06",
        "calc_value": "7028.7",
        "tariff": "",
        "service_internal_id": "Услуги",
        "rr": "",
        "recalculation": "",
        "accounting_period_total": "7028.7"
    },
    {
        "org_ppa_guid": "7838413520",
        "internal_id": "241000078_2022_06",
        "pp_internal_id": "241000078_2022_06",
        "calc_value": "8566.37",
        "tariff": "",
        "service_internal_id": "Услуги",
        "rr": "",
        "recalculation": "",
        "accounting_period_total": "8566.37"
    },
    {
        "org_ppa_guid": "7838413520",
        "internal_id": "241000079_2022_06",
        "pp_internal_id": "241000079_2022_06",
        "calc_value": "4774.02",
        "tariff": "",
        "service_internal_id": "Услуги",
        "rr": "",
        "recalculation": "",
        "accounting_period_total": "4774.02"
    },
    {
        "org_ppa_guid": "7838413520",
        "internal_id": "241000080_2022_06",
        "pp_internal_id": "241000080_2022_06",
        "calc_value": "18255.52",
        "tariff": "",
        "service_internal_id": "Услуги",
        "rr": "",
        "recalculation": "",
        "accounting_period_total": "18255.52"
    },
    {
        "org_ppa_guid": "7838413520",
        "internal_id": "241000081_2022_06",
        "pp_internal_id": "241000081_2022_06",
        "calc_value": "13691.03",
        "tariff": "",
        "service_internal_id": "Услуги",
        "rr": "",
        "recalculation": "",
        "accounting_period_total": "13691.03"
    },
    {
        "org_ppa_guid": "7838413520",
        "internal_id": "241000082_2022_06",
        "pp_internal_id": "241000082_2022_06",
        "calc_value": "11728.01",
        "tariff": "",
        "service_internal_id": "Услуги",
        "rr": "",
        "recalculation": "",
        "accounting_period_total": "11728.01"
    },
    {
        "org_ppa_guid": "7838413520",
        "internal_id": "241000083_2022_06",
        "pp_internal_id": "241000083_2022_06",
        "calc_value": "8182.45",
        "tariff": "",
        "service_internal_id": "Услуги",
        "rr": "",
        "recalculation": "",
        "accounting_period_total": "8182.45"
    },
    {
        "org_ppa_guid": "7838413520",
        "internal_id": "241000084_2022_06",
        "pp_internal_id": "241000084_2022_06",
        "calc_value": "17026.48",
        "tariff": "",
        "service_internal_id": "Услуги",
        "rr": "",
        "recalculation": "",
        "accounting_period_total": "17026.48"
    },
    {
        "org_ppa_guid": "7838413520",
        "internal_id": "241000085_2022_06",
        "pp_internal_id": "241000085_2022_06",
        "calc_value": "18178.22",
        "tariff": "",
        "service_internal_id": "Услуги",
        "rr": "",
        "recalculation": "",
        "accounting_period_total": "18178.22"
    },
    {
        "org_ppa_guid": "7838413520",
        "internal_id": "241000086_2022_06",
        "pp_internal_id": "241000086_2022_06",
        "calc_value": "23016.43",
        "tariff": "",
        "service_internal_id": "Услуги",
        "rr": "",
        "recalculation": "",
        "accounting_period_total": "23016.43"
    },
    {
        "org_ppa_guid": "7838413520",
        "internal_id": "241000087_2022_06",
        "pp_internal_id": "241000087_2022_06",
        "calc_value": "9334.24",
        "tariff": "",
        "service_internal_id": "Услуги",
        "rr": "",
        "recalculation": "",
        "accounting_period_total": "9334.24"
    },
    {
        "org_ppa_guid": "7838413520",
        "internal_id": "241000088_2022_06",
        "pp_internal_id": "241000088_2022_06",
        "calc_value": "6642.75",
        "tariff": "",
        "service_internal_id": "Услуги",
        "rr": "",
        "recalculation": "",
        "accounting_period_total": "6642.75"
    },
    {
        "org_ppa_guid": "7838413520",
        "internal_id": "241000089_2022_06",
        "pp_internal_id": "241000089_2022_06",
        "calc_value": "6642.75",
        "tariff": "",
        "service_internal_id": "Услуги",
        "rr": "",
        "recalculation": "",
        "accounting_period_total": "6642.75"
    },
    {
        "org_ppa_guid": "7838413520",
        "internal_id": "241000090_2022_06",
        "pp_internal_id": "241000090_2022_06",
        "calc_value": "7028.7",
        "tariff": "",
        "service_internal_id": "Услуги",
        "rr": "",
        "recalculation": "",
        "accounting_period_total": "7028.7"
    },
    {
        "org_ppa_guid": "7838413520",
        "internal_id": "241000091_2022_06",
        "pp_internal_id": "241000091_2022_06",
        "calc_value": "3248.02",
        "tariff": "",
        "service_internal_id": "Услуги",
        "rr": "",
        "recalculation": "",
        "accounting_period_total": "3248.02"
    },
    {
        "org_ppa_guid": "7838413520",
        "internal_id": "241000092_2022_06",
        "pp_internal_id": "241000092_2022_06",
        "calc_value": "6642.75",
        "tariff": "",
        "service_internal_id": "Услуги",
        "rr": "",
        "recalculation": "",
        "accounting_period_total": "6642.75"
    },
    {
        "org_ppa_guid": "7838413520",
        "internal_id": "241000093_2022_06",
        "pp_internal_id": "241000093_2022_06",
        "calc_value": "6642.75",
        "tariff": "",
        "service_internal_id": "Услуги",
        "rr": "",
        "recalculation": "",
        "accounting_period_total": "6642.75"
    },
    {
        "org_ppa_guid": "7838413520",
        "internal_id": "241000094_2022_06",
        "pp_internal_id": "241000094_2022_06",
        "calc_value": "8950.26",
        "tariff": "",
        "service_internal_id": "Услуги",
        "rr": "",
        "recalculation": "",
        "accounting_period_total": "8950.26"
    },
    {
        "org_ppa_guid": "7838413520",
        "internal_id": "241000095_2022_06",
        "pp_internal_id": "241000095_2022_06",
        "calc_value": "8950.26",
        "tariff": "",
        "service_internal_id": "Услуги",
        "rr": "",
        "recalculation": "",
        "accounting_period_total": "8950.26"
    },
    {
        "org_ppa_guid": "7838413520",
        "internal_id": "241000096_2022_06",
        "pp_internal_id": "241000096_2022_06",
        "calc_value": "3130.82",
        "tariff": "",
        "service_internal_id": "Услуги",
        "rr": "",
        "recalculation": "",
        "accounting_period_total": "3130.82"
    },
    {
        "org_ppa_guid": "7838413520",
        "internal_id": "241000097_2022_06",
        "pp_internal_id": "241000097_2022_06",
        "calc_value": "3248.02",
        "tariff": "",
        "service_internal_id": "Услуги",
        "rr": "",
        "recalculation": "",
        "accounting_period_total": "3248.02"
    },
    {
        "org_ppa_guid": "7838413520",
        "internal_id": "241000098_2022_06",
        "pp_internal_id": "241000098_2022_06",
        "calc_value": "22903.21",
        "tariff": "",
        "service_internal_id": "Услуги",
        "rr": "",
        "recalculation": "",
        "accounting_period_total": "22903.21"
    },
    {
        "org_ppa_guid": "7838413520",
        "internal_id": "241000099_2022_06",
        "pp_internal_id": "241000099_2022_06",
        "calc_value": "6258.9",
        "tariff": "",
        "service_internal_id": "Услуги",
        "rr": "",
        "recalculation": "",
        "accounting_period_total": "6258.9"
    },
    {
        "org_ppa_guid": "7838413520",
        "internal_id": "241000100_2022_06",
        "pp_internal_id": "241000100_2022_06",
        "calc_value": "6258.9",
        "tariff": "",
        "service_internal_id": "Услуги",
        "rr": "",
        "recalculation": "",
        "accounting_period_total": "6258.9"
    },
    {
        "org_ppa_guid": "7838413520",
        "internal_id": "241000101_2022_06",
        "pp_internal_id": "241000101_2022_06",
        "calc_value": "16577.25",
        "tariff": "",
        "service_internal_id": "Услуги",
        "rr": "",
        "recalculation": "",
        "accounting_period_total": "16577.25"
    },
    {
        "org_ppa_guid": "7838413520",
        "internal_id": "241000102_2022_06",
        "pp_internal_id": "241000102_2022_06",
        "calc_value": "3365.21",
        "tariff": "",
        "service_internal_id": "Услуги",
        "rr": "",
        "recalculation": "",
        "accounting_period_total": "3365.21"
    },
    {
        "org_ppa_guid": "7838413520",
        "internal_id": "241000103_2022_06",
        "pp_internal_id": "241000103_2022_06",
        "calc_value": "6642.75",
        "tariff": "",
        "service_internal_id": "Услуги",
        "rr": "",
        "recalculation": "",
        "accounting_period_total": "6642.75"
    },
    {
        "org_ppa_guid": "7838413520",
        "internal_id": "241000104_2022_06",
        "pp_internal_id": "241000104_2022_06",
        "calc_value": "6642.75",
        "tariff": "",
        "service_internal_id": "Услуги",
        "rr": "",
        "recalculation": "",
        "accounting_period_total": "6642.75"
    },
    {
        "org_ppa_guid": "7838413520",
        "internal_id": "241000105_2022_06",
        "pp_internal_id": "241000105_2022_06",
        "calc_value": "10418.19",
        "tariff": "",
        "service_internal_id": "Услуги",
        "rr": "",
        "recalculation": "",
        "accounting_period_total": "10418.19"
    },
    {
        "org_ppa_guid": "7838413520",
        "internal_id": "241000106_2022_06",
        "pp_internal_id": "241000106_2022_06",
        "calc_value": "6642.75",
        "tariff": "",
        "service_internal_id": "Услуги",
        "rr": "",
        "recalculation": "",
        "accounting_period_total": "6642.75"
    },
    {
        "org_ppa_guid": "7838413520",
        "internal_id": "241000107_2022_06",
        "pp_internal_id": "241000107_2022_06",
        "calc_value": "10418.19",
        "tariff": "",
        "service_internal_id": "Услуги",
        "rr": "",
        "recalculation": "",
        "accounting_period_total": "10418.19"
    },
    {
        "org_ppa_guid": "7838413520",
        "internal_id": "241000108_2022_06",
        "pp_internal_id": "241000108_2022_06",
        "calc_value": "6642.75",
        "tariff": "",
        "service_internal_id": "Услуги",
        "rr": "",
        "recalculation": "",
        "accounting_period_total": "6642.75"
    },
    {
        "org_ppa_guid": "7838413520",
        "internal_id": "241000109_2022_06",
        "pp_internal_id": "241000109_2022_06",
        "calc_value": "3483.02",
        "tariff": "",
        "service_internal_id": "Услуги",
        "rr": "",
        "recalculation": "",
        "accounting_period_total": "3483.02"
    },
    {
        "org_ppa_guid": "7838413520",
        "internal_id": "241000110_2022_06",
        "pp_internal_id": "241000110_2022_06",
        "calc_value": "4304.64",
        "tariff": "",
        "service_internal_id": "Услуги",
        "rr": "",
        "recalculation": "",
        "accounting_period_total": "4304.64"
    },
    {
        "org_ppa_guid": "7838413520",
        "internal_id": "241000111_2022_06",
        "pp_internal_id": "241000111_2022_06",
        "calc_value": "3835.23",
        "tariff": "",
        "service_internal_id": "Услуги",
        "rr": "",
        "recalculation": "",
        "accounting_period_total": "3835.23"
    },
    {
        "org_ppa_guid": "7838413520",
        "internal_id": "241000112_2022_06",
        "pp_internal_id": "241000112_2022_06",
        "calc_value": "4069.62",
        "tariff": "",
        "service_internal_id": "Услуги",
        "rr": "",
        "recalculation": "",
        "accounting_period_total": "4069.62"
    },
    {
        "org_ppa_guid": "7838413520",
        "internal_id": "241000113_2022_06",
        "pp_internal_id": "241000113_2022_06",
        "calc_value": "7028.7",
        "tariff": "",
        "service_internal_id": "Услуги",
        "rr": "",
        "recalculation": "",
        "accounting_period_total": "7028.7"
    },
    {
        "org_ppa_guid": "7838413520",
        "internal_id": "241000114_2022_06",
        "pp_internal_id": "241000114_2022_06",
        "calc_value": "3365.21",
        "tariff": "",
        "service_internal_id": "Услуги",
        "rr": "",
        "recalculation": "",
        "accounting_period_total": "3365.21"
    },
    {
        "org_ppa_guid": "7838413520",
        "internal_id": "241000115_2022_06",
        "pp_internal_id": "241000115_2022_06",
        "calc_value": "10481.57",
        "tariff": "",
        "service_internal_id": "Услуги",
        "rr": "",
        "recalculation": "",
        "accounting_period_total": "10481.57"
    },
    {
        "org_ppa_guid": "7838413520",
        "internal_id": "241000116_2022_06",
        "pp_internal_id": "241000116_2022_06",
        "calc_value": "6642.75",
        "tariff": "",
        "service_internal_id": "Услуги",
        "rr": "",
        "recalculation": "",
        "accounting_period_total": "6642.75"
    },
    {
        "org_ppa_guid": "7838413520",
        "internal_id": "241000117_2022_06",
        "pp_internal_id": "241000117_2022_06",
        "calc_value": "6642.75",
        "tariff": "",
        "service_internal_id": "Услуги",
        "rr": "",
        "recalculation": "",
        "accounting_period_total": "6642.75"
    },
    {
        "org_ppa_guid": "7838413520",
        "internal_id": "241000118_2022_06",
        "pp_internal_id": "241000118_2022_06",
        "calc_value": "10903.21",
        "tariff": "",
        "service_internal_id": "Услуги",
        "rr": "",
        "recalculation": "",
        "accounting_period_total": "10903.21"
    },
    {
        "org_ppa_guid": "7838413520",
        "internal_id": "241000119_2022_06",
        "pp_internal_id": "241000119_2022_06",
        "calc_value": "6642.75",
        "tariff": "",
        "service_internal_id": "Услуги",
        "rr": "",
        "recalculation": "",
        "accounting_period_total": "6642.75"
    },
    {
        "org_ppa_guid": "7838413520",
        "internal_id": "241000120_2022_06",
        "pp_internal_id": "241000120_2022_06",
        "calc_value": "7028.7",
        "tariff": "",
        "service_internal_id": "Услуги",
        "rr": "",
        "recalculation": "",
        "accounting_period_total": "7028.7"
    },
    {
        "org_ppa_guid": "7838413520",
        "internal_id": "241000121_2022_06",
        "pp_internal_id": "241000121_2022_06",
        "calc_value": "27107.05",
        "tariff": "",
        "service_internal_id": "Услуги",
        "rr": "",
        "recalculation": "",
        "accounting_period_total": "27107.05"
    },
    {
        "org_ppa_guid": "7838413520",
        "internal_id": "241000122_2022_06",
        "pp_internal_id": "241000122_2022_06",
        "calc_value": "5874.96",
        "tariff": "",
        "service_internal_id": "Услуги",
        "rr": "",
        "recalculation": "",
        "accounting_period_total": "5874.96"
    },
    {
        "org_ppa_guid": "7838413520",
        "internal_id": "241000123_2022_06",
        "pp_internal_id": "241000123_2022_06",
        "calc_value": "5874.96",
        "tariff": "",
        "service_internal_id": "Услуги",
        "rr": "",
        "recalculation": "",
        "accounting_period_total": "5874.96"
    },
    {
        "org_ppa_guid": "7838413520",
        "internal_id": "241000124_2022_06",
        "pp_internal_id": "241000124_2022_06",
        "calc_value": "3365.21",
        "tariff": "",
        "service_internal_id": "Услуги",
        "rr": "",
        "recalculation": "",
        "accounting_period_total": "3365.21"
    },
    {
        "org_ppa_guid": "7838413520",
        "internal_id": "241000125_2022_06",
        "pp_internal_id": "241000125_2022_06",
        "calc_value": "3130.82",
        "tariff": "",
        "service_internal_id": "Услуги",
        "rr": "",
        "recalculation": "",
        "accounting_period_total": "3130.82"
    },
    {
        "org_ppa_guid": "7838413520",
        "internal_id": "241000126_2022_06",
        "pp_internal_id": "241000126_2022_06",
        "calc_value": "3130.82",
        "tariff": "",
        "service_internal_id": "Услуги",
        "rr": "",
        "recalculation": "",
        "accounting_period_total": "3130.82"
    },
    {
        "org_ppa_guid": "7838413520",
        "internal_id": "241000311_2022_06",
        "pp_internal_id": "241000311_2022_06",
        "calc_value": "7028.7",
        "tariff": "",
        "service_internal_id": "Услуги",
        "rr": "",
        "recalculation": "",
        "accounting_period_total": "7028.7"
    },
    {
        "org_ppa_guid": "7838413520",
        "internal_id": "241001031_2022_06",
        "pp_internal_id": "241001031_2022_06",
        "calc_value": "6642.75",
        "tariff": "",
        "service_internal_id": "Услуги",
        "rr": "",
        "recalculation": "",
        "accounting_period_total": "6642.75"
    },
    {
        "org_ppa_guid": "7838413520",
        "internal_id": "241001191_2022_06",
        "pp_internal_id": "241001191_2022_06",
        "calc_value": "3365.21",
        "tariff": "",
        "service_internal_id": "Услуги",
        "rr": "",
        "recalculation": "",
        "accounting_period_total": "3365.21"
    },
    {
        "org_ppa_guid": "7838413520",
        "internal_id": "241100031_2022_06",
        "pp_internal_id": "241100031_2022_06",
        "calc_value": "6258.9",
        "tariff": "",
        "service_internal_id": "Услуги",
        "rr": "",
        "recalculation": "",
        "accounting_period_total": "6258.9"
    },
    {
        "org_ppa_guid": "7838413520",
        "internal_id": "241100032_2022_06",
        "pp_internal_id": "241100032_2022_06",
        "calc_value": "10382.29",
        "tariff": "",
        "service_internal_id": "Услуги",
        "rr": "",
        "recalculation": "",
        "accounting_period_total": "10382.29"
    },
    {
        "org_ppa_guid": "7838413520",
        "internal_id": "241200061_2022_06",
        "pp_internal_id": "241200061_2022_06",
        "calc_value": "4138.96",
        "tariff": "",
        "service_internal_id": "Услуги",
        "rr": "",
        "recalculation": "",
        "accounting_period_total": "4138.96"
    },
    {
        "org_ppa_guid": "7838413520",
        "internal_id": "241200301_2022_06",
        "pp_internal_id": "241200301_2022_06",
        "calc_value": "6475.64",
        "tariff": "",
        "service_internal_id": "Услуги",
        "rr": "",
        "recalculation": "",
        "accounting_period_total": "6475.64"
    },
    {
        "org_ppa_guid": "7838413520",
        "internal_id": "241200341_2022_06",
        "pp_internal_id": "241200341_2022_06",
        "calc_value": "3406.4",
        "tariff": "",
        "service_internal_id": "Услуги",
        "rr": "",
        "recalculation": "",
        "accounting_period_total": "3406.4"
    },
    {
        "org_ppa_guid": "7838413520",
        "internal_id": "241200391_2022_06",
        "pp_internal_id": "241200391_2022_06",
        "calc_value": "2675.76",
        "tariff": "",
        "service_internal_id": "Услуги",
        "rr": "",
        "recalculation": "",
        "accounting_period_total": "2675.76"
    },
    {
        "org_ppa_guid": "7838413520",
        "internal_id": "241200511_2022_06",
        "pp_internal_id": "241200511_2022_06",
        "calc_value": "18263.96",
        "tariff": "",
        "service_internal_id": "Услуги",
        "rr": "",
        "recalculation": "",
        "accounting_period_total": "18263.96"
    },
    {
        "org_ppa_guid": "7838413520",
        "internal_id": "241200521_2022_06",
        "pp_internal_id": "241200521_2022_06",
        "calc_value": "7631.79",
        "tariff": "",
        "service_internal_id": "Услуги",
        "rr": "",
        "recalculation": "",
        "accounting_period_total": "7631.79"
    },
    {
        "org_ppa_guid": "7838413520",
        "internal_id": "241200581_2022_06",
        "pp_internal_id": "241200581_2022_06",
        "calc_value": "2161.46",
        "tariff": "",
        "service_internal_id": "Услуги",
        "rr": "",
        "recalculation": "",
        "accounting_period_total": "2161.46"
    },
    {
        "org_ppa_guid": "7838413520",
        "internal_id": "241200591_2022_06",
        "pp_internal_id": "241200591_2022_06",
        "calc_value": "3406.4",
        "tariff": "",
        "service_internal_id": "Услуги",
        "rr": "",
        "recalculation": "",
        "accounting_period_total": "3406.4"
    },
    {
        "org_ppa_guid": "7838413520",
        "internal_id": "241200681_2022_06",
        "pp_internal_id": "241200681_2022_06",
        "calc_value": "2234.6",
        "tariff": "",
        "service_internal_id": "Услуги",
        "rr": "",
        "recalculation": "",
        "accounting_period_total": "2234.6"
    },
    {
        "org_ppa_guid": "7838413520",
        "internal_id": "241200682_2022_06",
        "pp_internal_id": "241200682_2022_06",
        "calc_value": "2161.46",
        "tariff": "",
        "service_internal_id": "Услуги",
        "rr": "",
        "recalculation": "",
        "accounting_period_total": "2161.46"
    },
    {
        "org_ppa_guid": "7838413520",
        "internal_id": "241200701_2022_06",
        "pp_internal_id": "241200701_2022_06",
        "calc_value": "5271.66",
        "tariff": "",
        "service_internal_id": "Услуги",
        "rr": "",
        "recalculation": "",
        "accounting_period_total": "5271.66"
    },
    {
        "org_ppa_guid": "7838413520",
        "internal_id": "241200731_2022_06",
        "pp_internal_id": "241200731_2022_06",
        "calc_value": "4468.63",
        "tariff": "",
        "service_internal_id": "Услуги",
        "rr": "",
        "recalculation": "",
        "accounting_period_total": "4468.63"
    },
    {
        "org_ppa_guid": "7838413520",
        "internal_id": "241200861_2022_06",
        "pp_internal_id": "241200861_2022_06",
        "calc_value": "4426.63",
        "tariff": "",
        "service_internal_id": "Услуги",
        "rr": "",
        "recalculation": "",
        "accounting_period_total": "4426.63"
    },
    {
        "org_ppa_guid": "7838413520",
        "internal_id": "241200871_2022_06",
        "pp_internal_id": "241200871_2022_06",
        "calc_value": "2307.71",
        "tariff": "",
        "service_internal_id": "Услуги",
        "rr": "",
        "recalculation": "",
        "accounting_period_total": "2307.71"
    },
    {
        "org_ppa_guid": "7838413520",
        "internal_id": "241200901_2022_06",
        "pp_internal_id": "241200901_2022_06",
        "calc_value": "2911.36",
        "tariff": "",
        "service_internal_id": "Услуги",
        "rr": "",
        "recalculation": "",
        "accounting_period_total": "2911.36"
    },
    {
        "org_ppa_guid": "7838413520",
        "internal_id": "241200902_2022_06",
        "pp_internal_id": "241200902_2022_06",
        "calc_value": "2675.76",
        "tariff": "",
        "service_internal_id": "Услуги",
        "rr": "",
        "recalculation": "",
        "accounting_period_total": "2675.76"
    },
    {
        "org_ppa_guid": "7838413520",
        "internal_id": "241200931_2022_06",
        "pp_internal_id": "241200931_2022_06",
        "calc_value": "3186.66",
        "tariff": "",
        "service_internal_id": "Услуги",
        "rr": "",
        "recalculation": "",
        "accounting_period_total": "3186.66"
    },
    {
        "org_ppa_guid": "7838413520",
        "internal_id": "42_2022_06",
        "pp_internal_id": "42_2022_06",
        "calc_value": "4065763.45",
        "tariff": "",
        "service_internal_id": "Услуги",
        "rr": "",
        "recalculation": "",
        "accounting_period_total": "6321259.49"
    }
]