[
    {
        "org_ppa_guid": "7838413520",
        "internal_id": "42_2022_01",
        "pp_internal_id": "42_2022_01",
        "calc_value": "336.0",
        "tariff": "",
        "service_internal_id": "Услуги",
        "rr": "",
        "recalculation": "",
        "accounting_period_total": "336.0"
    },
    {
        "org_ppa_guid": "7838413520",
        "internal_id": "240000001_2022_01",
        "pp_internal_id": "240000001_2022_01",
        "calc_value": "13522.11",
        "tariff": "",
        "service_internal_id": "Услуги",
        "rr": "",
        "recalculation": "",
        "accounting_period_total": "13522.11"
    },
    {
        "org_ppa_guid": "7838413520",
        "internal_id": "240000002_2022_01",
        "pp_internal_id": "240000002_2022_01",
        "calc_value": "1429.96",
        "tariff": "",
        "service_internal_id": "Услуги",
        "rr": "",
        "recalculation": "",
        "accounting_period_total": "1429.96"
    },
    {
        "org_ppa_guid": "7838413520",
        "internal_id": "240000003_2022_01",
        "pp_internal_id": "240000003_2022_01",
        "calc_value": "4848.63",
        "tariff": "",
        "service_internal_id": "Услуги",
        "rr": "",
        "recalculation": "",
        "accounting_period_total": "4848.63"
    },
    {
        "org_ppa_guid": "7838413520",
        "internal_id": "240000004_2022_01",
        "pp_internal_id": "240000004_2022_01",
        "calc_value": "3170.13",
        "tariff": "",
        "service_internal_id": "Услуги",
        "rr": "",
        "recalculation": "",
        "accounting_period_total": "3170.13"
    },
    {
        "org_ppa_guid": "7838413520",
        "internal_id": "240000005_2022_01",
        "pp_internal_id": "240000005_2022_01",
        "calc_value": "1969.81",
        "tariff": "",
        "service_internal_id": "Услуги",
        "rr": "",
        "recalculation": "",
        "accounting_period_total": "1969.81"
    },
    {
        "org_ppa_guid": "7838413520",
        "internal_id": "240000006_2022_01",
        "pp_internal_id": "240000006_2022_01",
        "calc_value": "5131.47",
        "tariff": "",
        "service_internal_id": "Услуги",
        "rr": "",
        "recalculation": "",
        "accounting_period_total": "5131.47"
    },
    {
        "org_ppa_guid": "7838413520",
        "internal_id": "240000008_2022_01",
        "pp_internal_id": "240000008_2022_01",
        "calc_value": "2528.16",
        "tariff": "",
        "service_internal_id": "Услуги",
        "rr": "",
        "recalculation": "",
        "accounting_period_total": "2528.16"
    },
    {
        "org_ppa_guid": "7838413520",
        "internal_id": "240000009_2022_01",
        "pp_internal_id": "240000009_2022_01",
        "calc_value": "1802.19",
        "tariff": "",
        "service_internal_id": "Услуги",
        "rr": "",
        "recalculation": "",
        "accounting_period_total": "1802.19"
    },
    {
        "org_ppa_guid": "7838413520",
        "internal_id": "240000010_2022_01",
        "pp_internal_id": "240000010_2022_01",
        "calc_value": "4810.5",
        "tariff": "",
        "service_internal_id": "Услуги",
        "rr": "",
        "recalculation": "",
        "accounting_period_total": "4810.5"
    },
    {
        "org_ppa_guid": "7838413520",
        "internal_id": "240000011_2022_01",
        "pp_internal_id": "240000011_2022_01",
        "calc_value": "10258.71",
        "tariff": "",
        "service_internal_id": "Услуги",
        "rr": "",
        "recalculation": "",
        "accounting_period_total": "10258.71"
    },
    {
        "org_ppa_guid": "7838413520",
        "internal_id": "240000012_2022_01",
        "pp_internal_id": "240000012_2022_01",
        "calc_value": "5264.79",
        "tariff": "",
        "service_internal_id": "Услуги",
        "rr": "",
        "recalculation": "",
        "accounting_period_total": "5264.79"
    },
    {
        "org_ppa_guid": "7838413520",
        "internal_id": "240000013_2022_01",
        "pp_internal_id": "240000013_2022_01",
        "calc_value": "4800.09",
        "tariff": "",
        "service_internal_id": "Услуги",
        "rr": "",
        "recalculation": "",
        "accounting_period_total": "4800.09"
    },
    {
        "org_ppa_guid": "7838413520",
        "internal_id": "240000014_2022_01",
        "pp_internal_id": "240000014_2022_01",
        "calc_value": "2268.06",
        "tariff": "",
        "service_internal_id": "Услуги",
        "rr": "",
        "recalculation": "",
        "accounting_period_total": "2268.06"
    },
    {
        "org_ppa_guid": "7838413520",
        "internal_id": "240000015_2022_01",
        "pp_internal_id": "240000015_2022_01",
        "calc_value": "5230.11",
        "tariff": "",
        "service_internal_id": "Услуги",
        "rr": "",
        "recalculation": "",
        "accounting_period_total": "5230.11"
    },
    {
        "org_ppa_guid": "7838413520",
        "internal_id": "240000016_2022_01",
        "pp_internal_id": "240000016_2022_01",
        "calc_value": "1959.4",
        "tariff": "",
        "service_internal_id": "Услуги",
        "rr": "",
        "recalculation": "",
        "accounting_period_total": "1959.4"
    },
    {
        "org_ppa_guid": "7838413520",
        "internal_id": "240000017_2022_01",
        "pp_internal_id": "240000017_2022_01",
        "calc_value": "8891.25",
        "tariff": "",
        "service_internal_id": "Услуги",
        "rr": "",
        "recalculation": "",
        "accounting_period_total": "8891.25"
    },
    {
        "org_ppa_guid": "7838413520",
        "internal_id": "240000018_2022_01",
        "pp_internal_id": "240000018_2022_01",
        "calc_value": "2106.22",
        "tariff": "",
        "service_internal_id": "Услуги",
        "rr": "",
        "recalculation": "",
        "accounting_period_total": "2106.22"
    },
    {
        "org_ppa_guid": "7838413520",
        "internal_id": "240000019_2022_01",
        "pp_internal_id": "240000019_2022_01",
        "calc_value": "1955.94",
        "tariff": "",
        "service_internal_id": "Услуги",
        "rr": "",
        "recalculation": "",
        "accounting_period_total": "1955.94"
    },
    {
        "org_ppa_guid": "7838413520",
        "internal_id": "240000020_2022_01",
        "pp_internal_id": "240000020_2022_01",
        "calc_value": "5677.5",
        "tariff": "",
        "service_internal_id": "Услуги",
        "rr": "",
        "recalculation": "",
        "accounting_period_total": "5677.5"
    },
    {
        "org_ppa_guid": "7838413520",
        "internal_id": "240000021_2022_01",
        "pp_internal_id": "240000021_2022_01",
        "calc_value": "5188.5",
        "tariff": "",
        "service_internal_id": "Услуги",
        "rr": "",
        "recalculation": "",
        "accounting_period_total": "5188.5"
    },
    {
        "org_ppa_guid": "7838413520",
        "internal_id": "240000022_2022_01",
        "pp_internal_id": "240000022_2022_01",
        "calc_value": "4744.59",
        "tariff": "",
        "service_internal_id": "Услуги",
        "rr": "",
        "recalculation": "",
        "accounting_period_total": "4744.59"
    },
    {
        "org_ppa_guid": "7838413520",
        "internal_id": "240000023_2022_01",
        "pp_internal_id": "240000023_2022_01",
        "calc_value": "2246.09",
        "tariff": "",
        "service_internal_id": "Услуги",
        "rr": "",
        "recalculation": "",
        "accounting_period_total": "2246.09"
    },
    {
        "org_ppa_guid": "7838413520",
        "internal_id": "240000024_2022_01",
        "pp_internal_id": "240000024_2022_01",
        "calc_value": "4862.52",
        "tariff": "",
        "service_internal_id": "Услуги",
        "rr": "",
        "recalculation": "",
        "accounting_period_total": "4862.52"
    },
    {
        "org_ppa_guid": "7838413520",
        "internal_id": "240000025_2022_01",
        "pp_internal_id": "240000025_2022_01",
        "calc_value": "1892.36",
        "tariff": "",
        "service_internal_id": "Услуги",
        "rr": "",
        "recalculation": "",
        "accounting_period_total": "1892.36"
    },
    {
        "org_ppa_guid": "7838413520",
        "internal_id": "240000026_2022_01",
        "pp_internal_id": "240000026_2022_01",
        "calc_value": "5500.62",
        "tariff": "",
        "service_internal_id": "Услуги",
        "rr": "",
        "recalculation": "",
        "accounting_period_total": "5500.62"
    },
    {
        "org_ppa_guid": "7838413520",
        "internal_id": "240000027_2022_01",
        "pp_internal_id": "240000027_2022_01",
        "calc_value": "2181.36",
        "tariff": "",
        "service_internal_id": "Услуги",
        "rr": "",
        "recalculation": "",
        "accounting_period_total": "2181.36"
    },
    {
        "org_ppa_guid": "7838413520",
        "internal_id": "240000028_2022_01",
        "pp_internal_id": "240000028_2022_01",
        "calc_value": "2048.42",
        "tariff": "",
        "service_internal_id": "Услуги",
        "rr": "",
        "recalculation": "",
        "accounting_period_total": "2048.42"
    },
    {
        "org_ppa_guid": "7838413520",
        "internal_id": "240000029_2022_01",
        "pp_internal_id": "240000029_2022_01",
        "calc_value": "2550.12",
        "tariff": "",
        "service_internal_id": "Услуги",
        "rr": "",
        "recalculation": "",
        "accounting_period_total": "2550.12"
    },
    {
        "org_ppa_guid": "7838413520",
        "internal_id": "240000030_2022_01",
        "pp_internal_id": "240000030_2022_01",
        "calc_value": "6232.38",
        "tariff": "",
        "service_internal_id": "Услуги",
        "rr": "",
        "recalculation": "",
        "accounting_period_total": "6232.38"
    },
    {
        "org_ppa_guid": "7838413520",
        "internal_id": "240000031_2022_01",
        "pp_internal_id": "240000031_2022_01",
        "calc_value": "1431.11",
        "tariff": "",
        "service_internal_id": "Услуги",
        "rr": "",
        "recalculation": "",
        "accounting_period_total": "1431.11"
    },
    {
        "org_ppa_guid": "7838413520",
        "internal_id": "240000032_2022_01",
        "pp_internal_id": "240000032_2022_01",
        "calc_value": "6398.82",
        "tariff": "",
        "service_internal_id": "Услуги",
        "rr": "",
        "recalculation": "",
        "accounting_period_total": "6398.82"
    },
    {
        "org_ppa_guid": "7838413520",
        "internal_id": "240000033_2022_01",
        "pp_internal_id": "240000033_2022_01",
        "calc_value": "2429.9",
        "tariff": "",
        "service_internal_id": "Услуги",
        "rr": "",
        "recalculation": "",
        "accounting_period_total": "2429.9"
    },
    {
        "org_ppa_guid": "7838413520",
        "internal_id": "240000034_2022_01",
        "pp_internal_id": "240000034_2022_01",
        "calc_value": "3173.58",
        "tariff": "",
        "service_internal_id": "Услуги",
        "rr": "",
        "recalculation": "",
        "accounting_period_total": "3173.58"
    },
    {
        "org_ppa_guid": "7838413520",
        "internal_id": "240000035_2022_01",
        "pp_internal_id": "240000035_2022_01",
        "calc_value": "6378.03",
        "tariff": "",
        "service_internal_id": "Услуги",
        "rr": "",
        "recalculation": "",
        "accounting_period_total": "6378.03"
    },
    {
        "org_ppa_guid": "7838413520",
        "internal_id": "240000036_2022_01",
        "pp_internal_id": "240000036_2022_01",
        "calc_value": "6204.63",
        "tariff": "",
        "service_internal_id": "Услуги",
        "rr": "",
        "recalculation": "",
        "accounting_period_total": "6204.63"
    },
    {
        "org_ppa_guid": "7838413520",
        "internal_id": "240000037_2022_01",
        "pp_internal_id": "240000037_2022_01",
        "calc_value": "3403.25",
        "tariff": "",
        "service_internal_id": "Услуги",
        "rr": "",
        "recalculation": "",
        "accounting_period_total": "3403.25"
    },
    {
        "org_ppa_guid": "7838413520",
        "internal_id": "240000039_2022_01",
        "pp_internal_id": "240000039_2022_01",
        "calc_value": "2418.34",
        "tariff": "",
        "service_internal_id": "Услуги",
        "rr": "",
        "recalculation": "",
        "accounting_period_total": "2418.34"
    },
    {
        "org_ppa_guid": "7838413520",
        "internal_id": "240000040_2022_01",
        "pp_internal_id": "240000040_2022_01",
        "calc_value": "1407.99",
        "tariff": "",
        "service_internal_id": "Услуги",
        "rr": "",
        "recalculation": "",
        "accounting_period_total": "1407.99"
    },
    {
        "org_ppa_guid": "7838413520",
        "internal_id": "240000041_2022_01",
        "pp_internal_id": "240000041_2022_01",
        "calc_value": "7876.2",
        "tariff": "",
        "service_internal_id": "Услуги",
        "rr": "",
        "recalculation": "",
        "accounting_period_total": "7876.2"
    },
    {
        "org_ppa_guid": "7838413520",
        "internal_id": "240000042_2022_01",
        "pp_internal_id": "240000042_2022_01",
        "calc_value": "6856.62",
        "tariff": "",
        "service_internal_id": "Услуги",
        "rr": "",
        "recalculation": "",
        "accounting_period_total": "6856.62"
    },
    {
        "org_ppa_guid": "7838413520",
        "internal_id": "240000043_2022_01",
        "pp_internal_id": "240000043_2022_01",
        "calc_value": "4108.41",
        "tariff": "",
        "service_internal_id": "Услуги",
        "rr": "",
        "recalculation": "",
        "accounting_period_total": "4108.41"
    },
    {
        "org_ppa_guid": "7838413520",
        "internal_id": "240000044_2022_01",
        "pp_internal_id": "240000044_2022_01",
        "calc_value": "2550.12",
        "tariff": "",
        "service_internal_id": "Услуги",
        "rr": "",
        "recalculation": "",
        "accounting_period_total": "2550.12"
    },
    {
        "org_ppa_guid": "7838413520",
        "internal_id": "240000045_2022_01",
        "pp_internal_id": "240000045_2022_01",
        "calc_value": "2051.88",
        "tariff": "",
        "service_internal_id": "Услуги",
        "rr": "",
        "recalculation": "",
        "accounting_period_total": "2051.88"
    },
    {
        "org_ppa_guid": "7838413520",
        "internal_id": "240000046_2022_01",
        "pp_internal_id": "240000046_2022_01",
        "calc_value": "2182.51",
        "tariff": "",
        "service_internal_id": "Услуги",
        "rr": "",
        "recalculation": "",
        "accounting_period_total": "2182.51"
    },
    {
        "org_ppa_guid": "7838413520",
        "internal_id": "240000047_2022_01",
        "pp_internal_id": "240000047_2022_01",
        "calc_value": "6391.89",
        "tariff": "",
        "service_internal_id": "Услуги",
        "rr": "",
        "recalculation": "",
        "accounting_period_total": "6391.89"
    },
    {
        "org_ppa_guid": "7838413520",
        "internal_id": "240000048_2022_01",
        "pp_internal_id": "240000048_2022_01",
        "calc_value": "1428.8",
        "tariff": "",
        "service_internal_id": "Услуги",
        "rr": "",
        "recalculation": "",
        "accounting_period_total": "1428.8"
    },
    {
        "org_ppa_guid": "7838413520",
        "internal_id": "240000049_2022_01",
        "pp_internal_id": "240000049_2022_01",
        "calc_value": "2422.96",
        "tariff": "",
        "service_internal_id": "Услуги",
        "rr": "",
        "recalculation": "",
        "accounting_period_total": "2422.96"
    },
    {
        "org_ppa_guid": "7838413520",
        "internal_id": "240000050_2022_01",
        "pp_internal_id": "240000050_2022_01",
        "calc_value": "6395.37",
        "tariff": "",
        "service_internal_id": "Услуги",
        "rr": "",
        "recalculation": "",
        "accounting_period_total": "6395.37"
    },
    {
        "org_ppa_guid": "7838413520",
        "internal_id": "240000051_2022_01",
        "pp_internal_id": "240000051_2022_01",
        "calc_value": "3166.65",
        "tariff": "",
        "service_internal_id": "Услуги",
        "rr": "",
        "recalculation": "",
        "accounting_period_total": "3166.65"
    },
    {
        "org_ppa_guid": "7838413520",
        "internal_id": "240000052_2022_01",
        "pp_internal_id": "240000052_2022_01",
        "calc_value": "6183.81",
        "tariff": "",
        "service_internal_id": "Услуги",
        "rr": "",
        "recalculation": "",
        "accounting_period_total": "6183.81"
    },
    {
        "org_ppa_guid": "7838413520",
        "internal_id": "240000053_2022_01",
        "pp_internal_id": "240000053_2022_01",
        "calc_value": "15426.68",
        "tariff": "",
        "service_internal_id": "Услуги",
        "rr": "",
        "recalculation": "",
        "accounting_period_total": "15426.68"
    },
    {
        "org_ppa_guid": "7838413520",
        "internal_id": "240000054_2022_01",
        "pp_internal_id": "240000054_2022_01",
        "calc_value": "2416.02",
        "tariff": "",
        "service_internal_id": "Услуги",
        "rr": "",
        "recalculation": "",
        "accounting_period_total": "2416.02"
    },
    {
        "org_ppa_guid": "7838413520",
        "internal_id": "240000055_2022_01",
        "pp_internal_id": "240000055_2022_01",
        "calc_value": "3169.74",
        "tariff": "",
        "service_internal_id": "Услуги",
        "rr": "",
        "recalculation": "",
        "accounting_period_total": "3169.74"
    },
    {
        "org_ppa_guid": "7838413520",
        "internal_id": "240000056_2022_01",
        "pp_internal_id": "240000056_2022_01",
        "calc_value": "1411.46",
        "tariff": "",
        "service_internal_id": "Услуги",
        "rr": "",
        "recalculation": "",
        "accounting_period_total": "1411.46"
    },
    {
        "org_ppa_guid": "7838413520",
        "internal_id": "240000057_2022_01",
        "pp_internal_id": "240000057_2022_01",
        "calc_value": "2404.46",
        "tariff": "",
        "service_internal_id": "Услуги",
        "rr": "",
        "recalculation": "",
        "accounting_period_total": "2404.46"
    },
    {
        "org_ppa_guid": "7838413520",
        "internal_id": "240000058_2022_01",
        "pp_internal_id": "240000058_2022_01",
        "calc_value": "4553.47",
        "tariff": "",
        "service_internal_id": "Услуги",
        "rr": "",
        "recalculation": "",
        "accounting_period_total": "4553.47"
    },
    {
        "org_ppa_guid": "7838413520",
        "internal_id": "240000059_2022_01",
        "pp_internal_id": "240000059_2022_01",
        "calc_value": "2648.38",
        "tariff": "",
        "service_internal_id": "Услуги",
        "rr": "",
        "recalculation": "",
        "accounting_period_total": "2648.38"
    },
    {
        "org_ppa_guid": "7838413520",
        "internal_id": "240000060_2022_01",
        "pp_internal_id": "240000060_2022_01",
        "calc_value": "3681.84",
        "tariff": "",
        "service_internal_id": "Услуги",
        "rr": "",
        "recalculation": "",
        "accounting_period_total": "3681.84"
    },
    {
        "org_ppa_guid": "7838413520",
        "internal_id": "240000061_2022_01",
        "pp_internal_id": "240000061_2022_01",
        "calc_value": "4855.56",
        "tariff": "",
        "service_internal_id": "Услуги",
        "rr": "",
        "recalculation": "",
        "accounting_period_total": "4855.56"
    },
    {
        "org_ppa_guid": "7838413520",
        "internal_id": "240000062_2022_01",
        "pp_internal_id": "240000062_2022_01",
        "calc_value": "1795.25",
        "tariff": "",
        "service_internal_id": "Услуги",
        "rr": "",
        "recalculation": "",
        "accounting_period_total": "1795.25"
    },
    {
        "org_ppa_guid": "7838413520",
        "internal_id": "240000063_2022_01",
        "pp_internal_id": "240000063_2022_01",
        "calc_value": "5722.56",
        "tariff": "",
        "service_internal_id": "Услуги",
        "rr": "",
        "recalculation": "",
        "accounting_period_total": "5722.56"
    },
    {
        "org_ppa_guid": "7838413520",
        "internal_id": "240000064_2022_01",
        "pp_internal_id": "240000064_2022_01",
        "calc_value": "4796.61",
        "tariff": "",
        "service_internal_id": "Услуги",
        "rr": "",
        "recalculation": "",
        "accounting_period_total": "4796.61"
    },
    {
        "org_ppa_guid": "7838413520",
        "internal_id": "240000065_2022_01",
        "pp_internal_id": "240000065_2022_01",
        "calc_value": "2115.46",
        "tariff": "",
        "service_internal_id": "Услуги",
        "rr": "",
        "recalculation": "",
        "accounting_period_total": "2115.46"
    },
    {
        "org_ppa_guid": "7838413520",
        "internal_id": "240000066_2022_01",
        "pp_internal_id": "240000066_2022_01",
        "calc_value": "2269.21",
        "tariff": "",
        "service_internal_id": "Услуги",
        "rr": "",
        "recalculation": "",
        "accounting_period_total": "2269.21"
    },
    {
        "org_ppa_guid": "7838413520",
        "internal_id": "240000067_2022_01",
        "pp_internal_id": "240000067_2022_01",
        "calc_value": "4661.37",
        "tariff": "",
        "service_internal_id": "Услуги",
        "rr": "",
        "recalculation": "",
        "accounting_period_total": "4661.37"
    },
    {
        "org_ppa_guid": "7838413520",
        "internal_id": "240000068_2022_01",
        "pp_internal_id": "240000068_2022_01",
        "calc_value": "5358.42",
        "tariff": "",
        "service_internal_id": "Услуги",
        "rr": "",
        "recalculation": "",
        "accounting_period_total": "5358.42"
    },
    {
        "org_ppa_guid": "7838413520",
        "internal_id": "240000069_2022_01",
        "pp_internal_id": "240000069_2022_01",
        "calc_value": "2262.28",
        "tariff": "",
        "service_internal_id": "Услуги",
        "rr": "",
        "recalculation": "",
        "accounting_period_total": "2262.28"
    },
    {
        "org_ppa_guid": "7838413520",
        "internal_id": "240000070_2022_01",
        "pp_internal_id": "240000070_2022_01",
        "calc_value": "4751.52",
        "tariff": "",
        "service_internal_id": "Услуги",
        "rr": "",
        "recalculation": "",
        "accounting_period_total": "4751.52"
    },
    {
        "org_ppa_guid": "7838413520",
        "internal_id": "240000071_2022_01",
        "pp_internal_id": "240000071_2022_01",
        "calc_value": "2101.59",
        "tariff": "",
        "service_internal_id": "Услуги",
        "rr": "",
        "recalculation": "",
        "accounting_period_total": "2101.59"
    },
    {
        "org_ppa_guid": "7838413520",
        "internal_id": "240000072_2022_01",
        "pp_internal_id": "240000072_2022_01",
        "calc_value": "5558.58",
        "tariff": "",
        "service_internal_id": "Услуги",
        "rr": "",
        "recalculation": "",
        "accounting_period_total": "5558.58"
    },
    {
        "org_ppa_guid": "7838413520",
        "internal_id": "240000073_2022_01",
        "pp_internal_id": "240000073_2022_01",
        "calc_value": "4727.25",
        "tariff": "",
        "service_internal_id": "Услуги",
        "rr": "",
        "recalculation": "",
        "accounting_period_total": "4727.25"
    },
    {
        "org_ppa_guid": "7838413520",
        "internal_id": "240000074_2022_01",
        "pp_internal_id": "240000074_2022_01",
        "calc_value": "2100.44",
        "tariff": "",
        "service_internal_id": "Услуги",
        "rr": "",
        "recalculation": "",
        "accounting_period_total": "2100.44"
    },
    {
        "org_ppa_guid": "7838413520",
        "internal_id": "240000075_2022_01",
        "pp_internal_id": "240000075_2022_01",
        "calc_value": "2246.09",
        "tariff": "",
        "service_internal_id": "Услуги",
        "rr": "",
        "recalculation": "",
        "accounting_period_total": "2246.09"
    },
    {
        "org_ppa_guid": "7838413520",
        "internal_id": "240000076_2022_01",
        "pp_internal_id": "240000076_2022_01",
        "calc_value": "2632.59",
        "tariff": "",
        "service_internal_id": "Услуги",
        "rr": "",
        "recalculation": "",
        "accounting_period_total": "2632.59"
    },
    {
        "org_ppa_guid": "7838413520",
        "internal_id": "240000077_2022_01",
        "pp_internal_id": "240000077_2022_01",
        "calc_value": "2705.02",
        "tariff": "",
        "service_internal_id": "Услуги",
        "rr": "",
        "recalculation": "",
        "accounting_period_total": "2705.02"
    },
    {
        "org_ppa_guid": "7838413520",
        "internal_id": "240000078_2022_01",
        "pp_internal_id": "240000078_2022_01",
        "calc_value": "3643.7",
        "tariff": "",
        "service_internal_id": "Услуги",
        "rr": "",
        "recalculation": "",
        "accounting_period_total": "3643.7"
    },
    {
        "org_ppa_guid": "7838413520",
        "internal_id": "240000079_2022_01",
        "pp_internal_id": "240000079_2022_01",
        "calc_value": "2625.9",
        "tariff": "",
        "service_internal_id": "Услуги",
        "rr": "",
        "recalculation": "",
        "accounting_period_total": "2625.9"
    },
    {
        "org_ppa_guid": "7838413520",
        "internal_id": "240000080_2022_01",
        "pp_internal_id": "240000080_2022_01",
        "calc_value": "1962.87",
        "tariff": "",
        "service_internal_id": "Услуги",
        "rr": "",
        "recalculation": "",
        "accounting_period_total": "1962.87"
    },
    {
        "org_ppa_guid": "7838413520",
        "internal_id": "240000081_2022_01",
        "pp_internal_id": "240000081_2022_01",
        "calc_value": "3190.92",
        "tariff": "",
        "service_internal_id": "Услуги",
        "rr": "",
        "recalculation": "",
        "accounting_period_total": "3190.92"
    },
    {
        "org_ppa_guid": "7838413520",
        "internal_id": "240000082_2022_01",
        "pp_internal_id": "240000082_2022_01",
        "calc_value": "1952.47",
        "tariff": "",
        "service_internal_id": "Услуги",
        "rr": "",
        "recalculation": "",
        "accounting_period_total": "1952.47"
    },
    {
        "org_ppa_guid": "7838413520",
        "internal_id": "240000083_2022_01",
        "pp_internal_id": "240000083_2022_01",
        "calc_value": "1421.86",
        "tariff": "",
        "service_internal_id": "Услуги",
        "rr": "",
        "recalculation": "",
        "accounting_period_total": "1421.86"
    },
    {
        "org_ppa_guid": "7838413520",
        "internal_id": "240000084_2022_01",
        "pp_internal_id": "240000084_2022_01",
        "calc_value": "7734.0",
        "tariff": "",
        "service_internal_id": "Услуги",
        "rr": "",
        "recalculation": "",
        "accounting_period_total": "7734.0"
    },
    {
        "org_ppa_guid": "7838413520",
        "internal_id": "240000085_2022_01",
        "pp_internal_id": "240000085_2022_01",
        "calc_value": "2930.44",
        "tariff": "",
        "service_internal_id": "Услуги",
        "rr": "",
        "recalculation": "",
        "accounting_period_total": "2930.44"
    },
    {
        "org_ppa_guid": "7838413520",
        "internal_id": "240000086_2022_01",
        "pp_internal_id": "240000086_2022_01",
        "calc_value": "2426.43",
        "tariff": "",
        "service_internal_id": "Услуги",
        "rr": "",
        "recalculation": "",
        "accounting_period_total": "2426.43"
    },
    {
        "org_ppa_guid": "7838413520",
        "internal_id": "241000001_2022_01",
        "pp_internal_id": "241000001_2022_01",
        "calc_value": "1228.74",
        "tariff": "",
        "service_internal_id": "Услуги",
        "rr": "",
        "recalculation": "",
        "accounting_period_total": "1228.74"
    },
    {
        "org_ppa_guid": "7838413520",
        "internal_id": "241000002_2022_01",
        "pp_internal_id": "241000002_2022_01",
        "calc_value": "1228.74",
        "tariff": "",
        "service_internal_id": "Услуги",
        "rr": "",
        "recalculation": "",
        "accounting_period_total": "1228.74"
    },
    {
        "org_ppa_guid": "7838413520",
        "internal_id": "241000003_2022_01",
        "pp_internal_id": "241000003_2022_01",
        "calc_value": "1447.41",
        "tariff": "",
        "service_internal_id": "Услуги",
        "rr": "",
        "recalculation": "",
        "accounting_period_total": "1447.41"
    },
    {
        "org_ppa_guid": "7838413520",
        "internal_id": "241000004_2022_01",
        "pp_internal_id": "241000004_2022_01",
        "calc_value": "1565.49",
        "tariff": "",
        "service_internal_id": "Услуги",
        "rr": "",
        "recalculation": "",
        "accounting_period_total": "1565.49"
    },
    {
        "org_ppa_guid": "7838413520",
        "internal_id": "241000005_2022_01",
        "pp_internal_id": "241000005_2022_01",
        "calc_value": "1498.2",
        "tariff": "",
        "service_internal_id": "Услуги",
        "rr": "",
        "recalculation": "",
        "accounting_period_total": "1498.2"
    },
    {
        "org_ppa_guid": "7838413520",
        "internal_id": "241000006_2022_01",
        "pp_internal_id": "241000006_2022_01",
        "calc_value": "1430.91",
        "tariff": "",
        "service_internal_id": "Услуги",
        "rr": "",
        "recalculation": "",
        "accounting_period_total": "1430.91"
    },
    {
        "org_ppa_guid": "7838413520",
        "internal_id": "241000007_2022_01",
        "pp_internal_id": "241000007_2022_01",
        "calc_value": "908.37",
        "tariff": "",
        "service_internal_id": "Услуги",
        "rr": "",
        "recalculation": "",
        "accounting_period_total": "908.37"
    },
    {
        "org_ppa_guid": "7838413520",
        "internal_id": "241000008_2022_01",
        "pp_internal_id": "241000008_2022_01",
        "calc_value": "818.43",
        "tariff": "",
        "service_internal_id": "Услуги",
        "rr": "",
        "recalculation": "",
        "accounting_period_total": "818.43"
    },
    {
        "org_ppa_guid": "7838413520",
        "internal_id": "241000009_2022_01",
        "pp_internal_id": "241000009_2022_01",
        "calc_value": "818.43",
        "tariff": "",
        "service_internal_id": "Услуги",
        "rr": "",
        "recalculation": "",
        "accounting_period_total": "818.43"
    },
    {
        "org_ppa_guid": "7838413520",
        "internal_id": "241000010_2022_01",
        "pp_internal_id": "241000010_2022_01",
        "calc_value": "818.43",
        "tariff": "",
        "service_internal_id": "Услуги",
        "rr": "",
        "recalculation": "",
        "accounting_period_total": "818.43"
    },
    {
        "org_ppa_guid": "7838413520",
        "internal_id": "241000011_2022_01",
        "pp_internal_id": "241000011_2022_01",
        "calc_value": "1363.29",
        "tariff": "",
        "service_internal_id": "Услуги",
        "rr": "",
        "recalculation": "",
        "accounting_period_total": "1363.29"
    },
    {
        "org_ppa_guid": "7838413520",
        "internal_id": "241000012_2022_01",
        "pp_internal_id": "241000012_2022_01",
        "calc_value": "1363.29",
        "tariff": "",
        "service_internal_id": "Услуги",
        "rr": "",
        "recalculation": "",
        "accounting_period_total": "1363.29"
    },
    {
        "org_ppa_guid": "7838413520",
        "internal_id": "241000013_2022_01",
        "pp_internal_id": "241000013_2022_01",
        "calc_value": "1363.29",
        "tariff": "",
        "service_internal_id": "Услуги",
        "rr": "",
        "recalculation": "",
        "accounting_period_total": "1363.29"
    },
    {
        "org_ppa_guid": "7838413520",
        "internal_id": "241000014_2022_01",
        "pp_internal_id": "241000014_2022_01",
        "calc_value": "885.83",
        "tariff": "",
        "service_internal_id": "Услуги",
        "rr": "",
        "recalculation": "",
        "accounting_period_total": "885.83"
    },
    {
        "org_ppa_guid": "7838413520",
        "internal_id": "241000015_2022_01",
        "pp_internal_id": "241000015_2022_01",
        "calc_value": "796.01",
        "tariff": "",
        "service_internal_id": "Услуги",
        "rr": "",
        "recalculation": "",
        "accounting_period_total": "796.01"
    },
    {
        "org_ppa_guid": "7838413520",
        "internal_id": "241000016_2022_01",
        "pp_internal_id": "241000016_2022_01",
        "calc_value": "840.97",
        "tariff": "",
        "service_internal_id": "Услуги",
        "rr": "",
        "recalculation": "",
        "accounting_period_total": "840.97"
    },
    {
        "org_ppa_guid": "7838413520",
        "internal_id": "241000017_2022_01",
        "pp_internal_id": "241000017_2022_01",
        "calc_value": "953.22",
        "tariff": "",
        "service_internal_id": "Услуги",
        "rr": "",
        "recalculation": "",
        "accounting_period_total": "953.22"
    },
    {
        "org_ppa_guid": "7838413520",
        "internal_id": "241000018_2022_01",
        "pp_internal_id": "241000018_2022_01",
        "calc_value": "1043.04",
        "tariff": "",
        "service_internal_id": "Услуги",
        "rr": "",
        "recalculation": "",
        "accounting_period_total": "1043.04"
    },
    {
        "org_ppa_guid": "7838413520",
        "internal_id": "241000019_2022_01",
        "pp_internal_id": "241000019_2022_01",
        "calc_value": "953.22",
        "tariff": "",
        "service_internal_id": "Услуги",
        "rr": "",
        "recalculation": "",
        "accounting_period_total": "953.22"
    },
    {
        "org_ppa_guid": "7838413520",
        "internal_id": "241000020_2022_01",
        "pp_internal_id": "241000020_2022_01",
        "calc_value": "863.4",
        "tariff": "",
        "service_internal_id": "Услуги",
        "rr": "",
        "recalculation": "",
        "accounting_period_total": "863.4"
    },
    {
        "org_ppa_guid": "7838413520",
        "internal_id": "241000021_2022_01",
        "pp_internal_id": "241000021_2022_01",
        "calc_value": "796.01",
        "tariff": "",
        "service_internal_id": "Услуги",
        "rr": "",
        "recalculation": "",
        "accounting_period_total": "796.01"
    },
    {
        "org_ppa_guid": "7838413520",
        "internal_id": "241000022_2022_01",
        "pp_internal_id": "241000022_2022_01",
        "calc_value": "818.43",
        "tariff": "",
        "service_internal_id": "Услуги",
        "rr": "",
        "recalculation": "",
        "accounting_period_total": "818.43"
    },
    {
        "org_ppa_guid": "7838413520",
        "internal_id": "241000023_2022_01",
        "pp_internal_id": "241000023_2022_01",
        "calc_value": "818.43",
        "tariff": "",
        "service_internal_id": "Услуги",
        "rr": "",
        "recalculation": "",
        "accounting_period_total": "818.43"
    },
    {
        "org_ppa_guid": "7838413520",
        "internal_id": "241000024_2022_01",
        "pp_internal_id": "241000024_2022_01",
        "calc_value": "818.43",
        "tariff": "",
        "service_internal_id": "Услуги",
        "rr": "",
        "recalculation": "",
        "accounting_period_total": "818.43"
    },
    {
        "org_ppa_guid": "7838413520",
        "internal_id": "241000025_2022_01",
        "pp_internal_id": "241000025_2022_01",
        "calc_value": "3900.73",
        "tariff": "",
        "service_internal_id": "Услуги",
        "rr": "",
        "recalculation": "",
        "accounting_period_total": "3900.73"
    },
    {
        "org_ppa_guid": "7838413520",
        "internal_id": "241000026_2022_01",
        "pp_internal_id": "241000026_2022_01",
        "calc_value": "818.43",
        "tariff": "",
        "service_internal_id": "Услуги",
        "rr": "",
        "recalculation": "",
        "accounting_period_total": "818.43"
    },
    {
        "org_ppa_guid": "7838413520",
        "internal_id": "241000027_2022_01",
        "pp_internal_id": "241000027_2022_01",
        "calc_value": "818.43",
        "tariff": "",
        "service_internal_id": "Услуги",
        "rr": "",
        "recalculation": "",
        "accounting_period_total": "818.43"
    },
    {
        "org_ppa_guid": "7838413520",
        "internal_id": "241000028_2022_01",
        "pp_internal_id": "241000028_2022_01",
        "calc_value": "818.43",
        "tariff": "",
        "service_internal_id": "Услуги",
        "rr": "",
        "recalculation": "",
        "accounting_period_total": "818.43"
    },
    {
        "org_ppa_guid": "7838413520",
        "internal_id": "241000029_2022_01",
        "pp_internal_id": "241000029_2022_01",
        "calc_value": "1363.29",
        "tariff": "",
        "service_internal_id": "Услуги",
        "rr": "",
        "recalculation": "",
        "accounting_period_total": "1363.29"
    },
    {
        "org_ppa_guid": "7838413520",
        "internal_id": "241000030_2022_01",
        "pp_internal_id": "241000030_2022_01",
        "calc_value": "1430.91",
        "tariff": "",
        "service_internal_id": "Услуги",
        "rr": "",
        "recalculation": "",
        "accounting_period_total": "1430.91"
    },
    {
        "org_ppa_guid": "7838413520",
        "internal_id": "241000031_2022_01",
        "pp_internal_id": "241000031_2022_01",
        "calc_value": "1363.29",
        "tariff": "",
        "service_internal_id": "Услуги",
        "rr": "",
        "recalculation": "",
        "accounting_period_total": "1363.29"
    },
    {
        "org_ppa_guid": "7838413520",
        "internal_id": "241000032_2022_01",
        "pp_internal_id": "241000032_2022_01",
        "calc_value": "885.83",
        "tariff": "",
        "service_internal_id": "Услуги",
        "rr": "",
        "recalculation": "",
        "accounting_period_total": "885.83"
    },
    {
        "org_ppa_guid": "7838413520",
        "internal_id": "241000033_2022_01",
        "pp_internal_id": "241000033_2022_01",
        "calc_value": "1582.2",
        "tariff": "",
        "service_internal_id": "Услуги",
        "rr": "",
        "recalculation": "",
        "accounting_period_total": "1582.2"
    },
    {
        "org_ppa_guid": "7838413520",
        "internal_id": "241000034_2022_01",
        "pp_internal_id": "241000034_2022_01",
        "calc_value": "840.97",
        "tariff": "",
        "service_internal_id": "Услуги",
        "rr": "",
        "recalculation": "",
        "accounting_period_total": "840.97"
    },
    {
        "org_ppa_guid": "7838413520",
        "internal_id": "241000035_2022_01",
        "pp_internal_id": "241000035_2022_01",
        "calc_value": "818.43",
        "tariff": "",
        "service_internal_id": "Услуги",
        "rr": "",
        "recalculation": "",
        "accounting_period_total": "818.43"
    },
    {
        "org_ppa_guid": "7838413520",
        "internal_id": "241000036_2022_01",
        "pp_internal_id": "241000036_2022_01",
        "calc_value": "840.97",
        "tariff": "",
        "service_internal_id": "Услуги",
        "rr": "",
        "recalculation": "",
        "accounting_period_total": "840.97"
    },
    {
        "org_ppa_guid": "7838413520",
        "internal_id": "241000037_2022_01",
        "pp_internal_id": "241000037_2022_01",
        "calc_value": "2239.32",
        "tariff": "",
        "service_internal_id": "Услуги",
        "rr": "",
        "recalculation": "",
        "accounting_period_total": "2239.32"
    },
    {
        "org_ppa_guid": "7838413520",
        "internal_id": "241000038_2022_01",
        "pp_internal_id": "241000038_2022_01",
        "calc_value": "5852.94",
        "tariff": "",
        "service_internal_id": "Услуги",
        "rr": "",
        "recalculation": "",
        "accounting_period_total": "5852.94"
    },
    {
        "org_ppa_guid": "7838413520",
        "internal_id": "241000039_2022_01",
        "pp_internal_id": "241000039_2022_01",
        "calc_value": "1498.2",
        "tariff": "",
        "service_internal_id": "Услуги",
        "rr": "",
        "recalculation": "",
        "accounting_period_total": "1498.2"
    },
    {
        "org_ppa_guid": "7838413520",
        "internal_id": "241000040_2022_01",
        "pp_internal_id": "241000040_2022_01",
        "calc_value": "1228.74",
        "tariff": "",
        "service_internal_id": "Услуги",
        "rr": "",
        "recalculation": "",
        "accounting_period_total": "1228.74"
    },
    {
        "org_ppa_guid": "7838413520",
        "internal_id": "241000041_2022_01",
        "pp_internal_id": "241000041_2022_01",
        "calc_value": "773.58",
        "tariff": "",
        "service_internal_id": "Услуги",
        "rr": "",
        "recalculation": "",
        "accounting_period_total": "773.58"
    },
    {
        "org_ppa_guid": "7838413520",
        "internal_id": "241000042_2022_01",
        "pp_internal_id": "241000042_2022_01",
        "calc_value": "773.58",
        "tariff": "",
        "service_internal_id": "Услуги",
        "rr": "",
        "recalculation": "",
        "accounting_period_total": "773.58"
    },
    {
        "org_ppa_guid": "7838413520",
        "internal_id": "241000043_2022_01",
        "pp_internal_id": "241000043_2022_01",
        "calc_value": "1424.99",
        "tariff": "",
        "service_internal_id": "Услуги",
        "rr": "",
        "recalculation": "",
        "accounting_period_total": "1424.99"
    },
    {
        "org_ppa_guid": "7838413520",
        "internal_id": "241000044_2022_01",
        "pp_internal_id": "241000044_2022_01",
        "calc_value": "2441.49",
        "tariff": "",
        "service_internal_id": "Услуги",
        "rr": "",
        "recalculation": "",
        "accounting_period_total": "2441.49"
    },
    {
        "org_ppa_guid": "7838413520",
        "internal_id": "241000045_2022_01",
        "pp_internal_id": "241000045_2022_01",
        "calc_value": "1110.44",
        "tariff": "",
        "service_internal_id": "Услуги",
        "rr": "",
        "recalculation": "",
        "accounting_period_total": "1110.44"
    },
    {
        "org_ppa_guid": "7838413520",
        "internal_id": "241000046_2022_01",
        "pp_internal_id": "241000046_2022_01",
        "calc_value": "2037.12",
        "tariff": "",
        "service_internal_id": "Услуги",
        "rr": "",
        "recalculation": "",
        "accounting_period_total": "2037.12"
    },
    {
        "org_ppa_guid": "7838413520",
        "internal_id": "241000047_2022_01",
        "pp_internal_id": "241000047_2022_01",
        "calc_value": "1222.8",
        "tariff": "",
        "service_internal_id": "Услуги",
        "rr": "",
        "recalculation": "",
        "accounting_period_total": "1222.8"
    },
    {
        "org_ppa_guid": "7838413520",
        "internal_id": "241000048_2022_01",
        "pp_internal_id": "241000048_2022_01",
        "calc_value": "1088.01",
        "tariff": "",
        "service_internal_id": "Услуги",
        "rr": "",
        "recalculation": "",
        "accounting_period_total": "1088.01"
    },
    {
        "org_ppa_guid": "7838413520",
        "internal_id": "241000049_2022_01",
        "pp_internal_id": "241000049_2022_01",
        "calc_value": "1020.62",
        "tariff": "",
        "service_internal_id": "Услуги",
        "rr": "",
        "recalculation": "",
        "accounting_period_total": "1020.62"
    },
    {
        "org_ppa_guid": "7838413520",
        "internal_id": "241000050_2022_01",
        "pp_internal_id": "241000050_2022_01",
        "calc_value": "1043.04",
        "tariff": "",
        "service_internal_id": "Услуги",
        "rr": "",
        "recalculation": "",
        "accounting_period_total": "1043.04"
    },
    {
        "org_ppa_guid": "7838413520",
        "internal_id": "241000051_2022_01",
        "pp_internal_id": "241000051_2022_01",
        "calc_value": "1043.04",
        "tariff": "",
        "service_internal_id": "Услуги",
        "rr": "",
        "recalculation": "",
        "accounting_period_total": "1043.04"
    },
    {
        "org_ppa_guid": "7838413520",
        "internal_id": "241000052_2022_01",
        "pp_internal_id": "241000052_2022_01",
        "calc_value": "930.8",
        "tariff": "",
        "service_internal_id": "Услуги",
        "rr": "",
        "recalculation": "",
        "accounting_period_total": "930.8"
    },
    {
        "org_ppa_guid": "7838413520",
        "internal_id": "241000053_2022_01",
        "pp_internal_id": "241000053_2022_01",
        "calc_value": "1267.65",
        "tariff": "",
        "service_internal_id": "Услуги",
        "rr": "",
        "recalculation": "",
        "accounting_period_total": "1267.65"
    },
    {
        "org_ppa_guid": "7838413520",
        "internal_id": "241000054_2022_01",
        "pp_internal_id": "241000054_2022_01",
        "calc_value": "1357.59",
        "tariff": "",
        "service_internal_id": "Услуги",
        "rr": "",
        "recalculation": "",
        "accounting_period_total": "1357.59"
    },
    {
        "org_ppa_guid": "7838413520",
        "internal_id": "241000055_2022_01",
        "pp_internal_id": "241000055_2022_01",
        "calc_value": "773.58",
        "tariff": "",
        "service_internal_id": "Услуги",
        "rr": "",
        "recalculation": "",
        "accounting_period_total": "773.58"
    },
    {
        "org_ppa_guid": "7838413520",
        "internal_id": "241000056_2022_01",
        "pp_internal_id": "241000056_2022_01",
        "calc_value": "773.58",
        "tariff": "",
        "service_internal_id": "Услуги",
        "rr": "",
        "recalculation": "",
        "accounting_period_total": "773.58"
    },
    {
        "org_ppa_guid": "7838413520",
        "internal_id": "241000057_2022_01",
        "pp_internal_id": "241000057_2022_01",
        "calc_value": "1228.74",
        "tariff": "",
        "service_internal_id": "Услуги",
        "rr": "",
        "recalculation": "",
        "accounting_period_total": "1228.74"
    },
    {
        "org_ppa_guid": "7838413520",
        "internal_id": "241000058_2022_01",
        "pp_internal_id": "241000058_2022_01",
        "calc_value": "863.4",
        "tariff": "",
        "service_internal_id": "Услуги",
        "rr": "",
        "recalculation": "",
        "accounting_period_total": "863.4"
    },
    {
        "org_ppa_guid": "7838413520",
        "internal_id": "241000059_2022_01",
        "pp_internal_id": "241000059_2022_01",
        "calc_value": "818.43",
        "tariff": "",
        "service_internal_id": "Услуги",
        "rr": "",
        "recalculation": "",
        "accounting_period_total": "818.43"
    },
    {
        "org_ppa_guid": "7838413520",
        "internal_id": "241000060_2022_01",
        "pp_internal_id": "241000060_2022_01",
        "calc_value": "818.43",
        "tariff": "",
        "service_internal_id": "Услуги",
        "rr": "",
        "recalculation": "",
        "accounting_period_total": "818.43"
    },
    {
        "org_ppa_guid": "7838413520",
        "internal_id": "241000061_2022_01",
        "pp_internal_id": "241000061_2022_01",
        "calc_value": "840.97",
        "tariff": "",
        "service_internal_id": "Услуги",
        "rr": "",
        "recalculation": "",
        "accounting_period_total": "840.97"
    },
    {
        "org_ppa_guid": "7838413520",
        "internal_id": "241000062_2022_01",
        "pp_internal_id": "241000062_2022_01",
        "calc_value": "1155.41",
        "tariff": "",
        "service_internal_id": "Услуги",
        "rr": "",
        "recalculation": "",
        "accounting_period_total": "1155.41"
    },
    {
        "org_ppa_guid": "7838413520",
        "internal_id": "241000063_2022_01",
        "pp_internal_id": "241000063_2022_01",
        "calc_value": "1380.02",
        "tariff": "",
        "service_internal_id": "Услуги",
        "rr": "",
        "recalculation": "",
        "accounting_period_total": "1380.02"
    },
    {
        "org_ppa_guid": "7838413520",
        "internal_id": "241000064_2022_01",
        "pp_internal_id": "241000064_2022_01",
        "calc_value": "975.65",
        "tariff": "",
        "service_internal_id": "Услуги",
        "rr": "",
        "recalculation": "",
        "accounting_period_total": "975.65"
    },
    {
        "org_ppa_guid": "7838413520",
        "internal_id": "241000065_2022_01",
        "pp_internal_id": "241000065_2022_01",
        "calc_value": "975.65",
        "tariff": "",
        "service_internal_id": "Услуги",
        "rr": "",
        "recalculation": "",
        "accounting_period_total": "975.65"
    },
    {
        "org_ppa_guid": "7838413520",
        "internal_id": "241000066_2022_01",
        "pp_internal_id": "241000066_2022_01",
        "calc_value": "998.19",
        "tariff": "",
        "service_internal_id": "Услуги",
        "rr": "",
        "recalculation": "",
        "accounting_period_total": "998.19"
    },
    {
        "org_ppa_guid": "7838413520",
        "internal_id": "241000067_2022_01",
        "pp_internal_id": "241000067_2022_01",
        "calc_value": "9001.19",
        "tariff": "",
        "service_internal_id": "Услуги",
        "rr": "",
        "recalculation": "",
        "accounting_period_total": "9001.19"
    },
    {
        "org_ppa_guid": "7838413520",
        "internal_id": "241000068_2022_01",
        "pp_internal_id": "241000068_2022_01",
        "calc_value": "1228.74",
        "tariff": "",
        "service_internal_id": "Услуги",
        "rr": "",
        "recalculation": "",
        "accounting_period_total": "1228.74"
    },
    {
        "org_ppa_guid": "7838413520",
        "internal_id": "241000069_2022_01",
        "pp_internal_id": "241000069_2022_01",
        "calc_value": "1969.86",
        "tariff": "",
        "service_internal_id": "Услуги",
        "rr": "",
        "recalculation": "",
        "accounting_period_total": "1969.86"
    },
    {
        "org_ppa_guid": "7838413520",
        "internal_id": "241000070_2022_01",
        "pp_internal_id": "241000070_2022_01",
        "calc_value": "1969.86",
        "tariff": "",
        "service_internal_id": "Услуги",
        "rr": "",
        "recalculation": "",
        "accounting_period_total": "1969.86"
    },
    {
        "org_ppa_guid": "7838413520",
        "internal_id": "241000071_2022_01",
        "pp_internal_id": "241000071_2022_01",
        "calc_value": "796.01",
        "tariff": "",
        "service_internal_id": "Услуги",
        "rr": "",
        "recalculation": "",
        "accounting_period_total": "796.01"
    },
    {
        "org_ppa_guid": "7838413520",
        "internal_id": "241000072_2022_01",
        "pp_internal_id": "241000072_2022_01",
        "calc_value": "863.4",
        "tariff": "",
        "service_internal_id": "Услуги",
        "rr": "",
        "recalculation": "",
        "accounting_period_total": "863.4"
    },
    {
        "org_ppa_guid": "7838413520",
        "internal_id": "241000073_2022_01",
        "pp_internal_id": "241000073_2022_01",
        "calc_value": "2576.4",
        "tariff": "",
        "service_internal_id": "Услуги",
        "rr": "",
        "recalculation": "",
        "accounting_period_total": "2576.4"
    },
    {
        "org_ppa_guid": "7838413520",
        "internal_id": "241000074_2022_01",
        "pp_internal_id": "241000074_2022_01",
        "calc_value": "3317.52",
        "tariff": "",
        "service_internal_id": "Услуги",
        "rr": "",
        "recalculation": "",
        "accounting_period_total": "3317.52"
    },
    {
        "org_ppa_guid": "7838413520",
        "internal_id": "241000075_2022_01",
        "pp_internal_id": "241000075_2022_01",
        "calc_value": "3317.52",
        "tariff": "",
        "service_internal_id": "Услуги",
        "rr": "",
        "recalculation": "",
        "accounting_period_total": "3317.52"
    },
    {
        "org_ppa_guid": "7838413520",
        "internal_id": "241000076_2022_01",
        "pp_internal_id": "241000076_2022_01",
        "calc_value": "1200.37",
        "tariff": "",
        "service_internal_id": "Услуги",
        "rr": "",
        "recalculation": "",
        "accounting_period_total": "1200.37"
    },
    {
        "org_ppa_guid": "7838413520",
        "internal_id": "241000077_2022_01",
        "pp_internal_id": "241000077_2022_01",
        "calc_value": "840.97",
        "tariff": "",
        "service_internal_id": "Услуги",
        "rr": "",
        "recalculation": "",
        "accounting_period_total": "840.97"
    },
    {
        "org_ppa_guid": "7838413520",
        "internal_id": "241000078_2022_01",
        "pp_internal_id": "241000078_2022_01",
        "calc_value": "1700.4",
        "tariff": "",
        "service_internal_id": "Услуги",
        "rr": "",
        "recalculation": "",
        "accounting_period_total": "1700.4"
    },
    {
        "org_ppa_guid": "7838413520",
        "internal_id": "241000079_2022_01",
        "pp_internal_id": "241000079_2022_01",
        "calc_value": "1088.01",
        "tariff": "",
        "service_internal_id": "Услуги",
        "rr": "",
        "recalculation": "",
        "accounting_period_total": "1088.01"
    },
    {
        "org_ppa_guid": "7838413520",
        "internal_id": "241000080_2022_01",
        "pp_internal_id": "241000080_2022_01",
        "calc_value": "2172.03",
        "tariff": "",
        "service_internal_id": "Услуги",
        "rr": "",
        "recalculation": "",
        "accounting_period_total": "2172.03"
    },
    {
        "org_ppa_guid": "7838413520",
        "internal_id": "241000081_2022_01",
        "pp_internal_id": "241000081_2022_01",
        "calc_value": "930.8",
        "tariff": "",
        "service_internal_id": "Услуги",
        "rr": "",
        "recalculation": "",
        "accounting_period_total": "930.8"
    },
    {
        "org_ppa_guid": "7838413520",
        "internal_id": "241000082_2022_01",
        "pp_internal_id": "241000082_2022_01",
        "calc_value": "863.4",
        "tariff": "",
        "service_internal_id": "Услуги",
        "rr": "",
        "recalculation": "",
        "accounting_period_total": "863.4"
    },
    {
        "org_ppa_guid": "7838413520",
        "internal_id": "241000083_2022_01",
        "pp_internal_id": "241000083_2022_01",
        "calc_value": "1633.11",
        "tariff": "",
        "service_internal_id": "Услуги",
        "rr": "",
        "recalculation": "",
        "accounting_period_total": "1633.11"
    },
    {
        "org_ppa_guid": "7838413520",
        "internal_id": "241000084_2022_01",
        "pp_internal_id": "241000084_2022_01",
        "calc_value": "3182.97",
        "tariff": "",
        "service_internal_id": "Услуги",
        "rr": "",
        "recalculation": "",
        "accounting_period_total": "3182.97"
    },
    {
        "org_ppa_guid": "7838413520",
        "internal_id": "241000085_2022_01",
        "pp_internal_id": "241000085_2022_01",
        "calc_value": "1492.26",
        "tariff": "",
        "service_internal_id": "Услуги",
        "rr": "",
        "recalculation": "",
        "accounting_period_total": "1492.26"
    },
    {
        "org_ppa_guid": "7838413520",
        "internal_id": "241000086_2022_01",
        "pp_internal_id": "241000086_2022_01",
        "calc_value": "2576.4",
        "tariff": "",
        "service_internal_id": "Услуги",
        "rr": "",
        "recalculation": "",
        "accounting_period_total": "2576.4"
    },
    {
        "org_ppa_guid": "7838413520",
        "internal_id": "241000087_2022_01",
        "pp_internal_id": "241000087_2022_01",
        "calc_value": "1834.95",
        "tariff": "",
        "service_internal_id": "Услуги",
        "rr": "",
        "recalculation": "",
        "accounting_period_total": "1834.95"
    },
    {
        "org_ppa_guid": "7838413520",
        "internal_id": "241000088_2022_01",
        "pp_internal_id": "241000088_2022_01",
        "calc_value": "1363.29",
        "tariff": "",
        "service_internal_id": "Услуги",
        "rr": "",
        "recalculation": "",
        "accounting_period_total": "1363.29"
    },
    {
        "org_ppa_guid": "7838413520",
        "internal_id": "241000089_2022_01",
        "pp_internal_id": "241000089_2022_01",
        "calc_value": "818.43",
        "tariff": "",
        "service_internal_id": "Услуги",
        "rr": "",
        "recalculation": "",
        "accounting_period_total": "818.43"
    },
    {
        "org_ppa_guid": "7838413520",
        "internal_id": "241000090_2022_01",
        "pp_internal_id": "241000090_2022_01",
        "calc_value": "1430.91",
        "tariff": "",
        "service_internal_id": "Услуги",
        "rr": "",
        "recalculation": "",
        "accounting_period_total": "1430.91"
    },
    {
        "org_ppa_guid": "7838413520",
        "internal_id": "241000091_2022_01",
        "pp_internal_id": "241000091_2022_01",
        "calc_value": "796.01",
        "tariff": "",
        "service_internal_id": "Услуги",
        "rr": "",
        "recalculation": "",
        "accounting_period_total": "796.01"
    },
    {
        "org_ppa_guid": "7838413520",
        "internal_id": "241000092_2022_01",
        "pp_internal_id": "241000092_2022_01",
        "calc_value": "1363.29",
        "tariff": "",
        "service_internal_id": "Услуги",
        "rr": "",
        "recalculation": "",
        "accounting_period_total": "1363.29"
    },
    {
        "org_ppa_guid": "7838413520",
        "internal_id": "241000093_2022_01",
        "pp_internal_id": "241000093_2022_01",
        "calc_value": "1363.29",
        "tariff": "",
        "service_internal_id": "Услуги",
        "rr": "",
        "recalculation": "",
        "accounting_period_total": "1363.29"
    },
    {
        "org_ppa_guid": "7838413520",
        "internal_id": "241000094_2022_01",
        "pp_internal_id": "241000094_2022_01",
        "calc_value": "953.22",
        "tariff": "",
        "service_internal_id": "Услуги",
        "rr": "",
        "recalculation": "",
        "accounting_period_total": "953.22"
    },
    {
        "org_ppa_guid": "7838413520",
        "internal_id": "241000095_2022_01",
        "pp_internal_id": "241000095_2022_01",
        "calc_value": "953.22",
        "tariff": "",
        "service_internal_id": "Услуги",
        "rr": "",
        "recalculation": "",
        "accounting_period_total": "953.22"
    },
    {
        "org_ppa_guid": "7838413520",
        "internal_id": "241000096_2022_01",
        "pp_internal_id": "241000096_2022_01",
        "calc_value": "1228.74",
        "tariff": "",
        "service_internal_id": "Услуги",
        "rr": "",
        "recalculation": "",
        "accounting_period_total": "1228.74"
    },
    {
        "org_ppa_guid": "7838413520",
        "internal_id": "241000097_2022_01",
        "pp_internal_id": "241000097_2022_01",
        "calc_value": "1296.03",
        "tariff": "",
        "service_internal_id": "Услуги",
        "rr": "",
        "recalculation": "",
        "accounting_period_total": "1296.03"
    },
    {
        "org_ppa_guid": "7838413520",
        "internal_id": "241000098_2022_01",
        "pp_internal_id": "241000098_2022_01",
        "calc_value": "3233.51",
        "tariff": "",
        "service_internal_id": "Услуги",
        "rr": "",
        "recalculation": "",
        "accounting_period_total": "3233.51"
    },
    {
        "org_ppa_guid": "7838413520",
        "internal_id": "241000099_2022_01",
        "pp_internal_id": "241000099_2022_01",
        "calc_value": "1296.03",
        "tariff": "",
        "service_internal_id": "Услуги",
        "rr": "",
        "recalculation": "",
        "accounting_period_total": "1296.03"
    },
    {
        "org_ppa_guid": "7838413520",
        "internal_id": "241000100_2022_01",
        "pp_internal_id": "241000100_2022_01",
        "calc_value": "1296.03",
        "tariff": "",
        "service_internal_id": "Услуги",
        "rr": "",
        "recalculation": "",
        "accounting_period_total": "1296.03"
    },
    {
        "org_ppa_guid": "7838413520",
        "internal_id": "241000101_2022_01",
        "pp_internal_id": "241000101_2022_01",
        "calc_value": "908.37",
        "tariff": "",
        "service_internal_id": "Услуги",
        "rr": "",
        "recalculation": "",
        "accounting_period_total": "908.37"
    },
    {
        "org_ppa_guid": "7838413520",
        "internal_id": "241000102_2022_01",
        "pp_internal_id": "241000102_2022_01",
        "calc_value": "818.43",
        "tariff": "",
        "service_internal_id": "Услуги",
        "rr": "",
        "recalculation": "",
        "accounting_period_total": "818.43"
    },
    {
        "org_ppa_guid": "7838413520",
        "internal_id": "241000103_2022_01",
        "pp_internal_id": "241000103_2022_01",
        "calc_value": "1363.29",
        "tariff": "",
        "service_internal_id": "Услуги",
        "rr": "",
        "recalculation": "",
        "accounting_period_total": "1363.29"
    },
    {
        "org_ppa_guid": "7838413520",
        "internal_id": "241000104_2022_01",
        "pp_internal_id": "241000104_2022_01",
        "calc_value": "1363.29",
        "tariff": "",
        "service_internal_id": "Услуги",
        "rr": "",
        "recalculation": "",
        "accounting_period_total": "1363.29"
    },
    {
        "org_ppa_guid": "7838413520",
        "internal_id": "241000105_2022_01",
        "pp_internal_id": "241000105_2022_01",
        "calc_value": "818.43",
        "tariff": "",
        "service_internal_id": "Услуги",
        "rr": "",
        "recalculation": "",
        "accounting_period_total": "818.43"
    },
    {
        "org_ppa_guid": "7838413520",
        "internal_id": "241000106_2022_01",
        "pp_internal_id": "241000106_2022_01",
        "calc_value": "1363.29",
        "tariff": "",
        "service_internal_id": "Услуги",
        "rr": "",
        "recalculation": "",
        "accounting_period_total": "1363.29"
    },
    {
        "org_ppa_guid": "7838413520",
        "internal_id": "241000107_2022_01",
        "pp_internal_id": "241000107_2022_01",
        "calc_value": "818.43",
        "tariff": "",
        "service_internal_id": "Услуги",
        "rr": "",
        "recalculation": "",
        "accounting_period_total": "818.43"
    },
    {
        "org_ppa_guid": "7838413520",
        "internal_id": "241000108_2022_01",
        "pp_internal_id": "241000108_2022_01",
        "calc_value": "1363.29",
        "tariff": "",
        "service_internal_id": "Услуги",
        "rr": "",
        "recalculation": "",
        "accounting_period_total": "1363.29"
    },
    {
        "org_ppa_guid": "7838413520",
        "internal_id": "241000109_2022_01",
        "pp_internal_id": "241000109_2022_01",
        "calc_value": "840.97",
        "tariff": "",
        "service_internal_id": "Услуги",
        "rr": "",
        "recalculation": "",
        "accounting_period_total": "840.97"
    },
    {
        "org_ppa_guid": "7838413520",
        "internal_id": "241000110_2022_01",
        "pp_internal_id": "241000110_2022_01",
        "calc_value": "1902.57",
        "tariff": "",
        "service_internal_id": "Услуги",
        "rr": "",
        "recalculation": "",
        "accounting_period_total": "1902.57"
    },
    {
        "org_ppa_guid": "7838413520",
        "internal_id": "241000111_2022_01",
        "pp_internal_id": "241000111_2022_01",
        "calc_value": "1633.11",
        "tariff": "",
        "service_internal_id": "Услуги",
        "rr": "",
        "recalculation": "",
        "accounting_period_total": "1633.11"
    },
    {
        "org_ppa_guid": "7838413520",
        "internal_id": "241000112_2022_01",
        "pp_internal_id": "241000112_2022_01",
        "calc_value": "1767.66",
        "tariff": "",
        "service_internal_id": "Услуги",
        "rr": "",
        "recalculation": "",
        "accounting_period_total": "1767.66"
    },
    {
        "org_ppa_guid": "7838413520",
        "internal_id": "241000113_2022_01",
        "pp_internal_id": "241000113_2022_01",
        "calc_value": "840.97",
        "tariff": "",
        "service_internal_id": "Услуги",
        "rr": "",
        "recalculation": "",
        "accounting_period_total": "840.97"
    },
    {
        "org_ppa_guid": "7838413520",
        "internal_id": "241000114_2022_01",
        "pp_internal_id": "241000114_2022_01",
        "calc_value": "818.43",
        "tariff": "",
        "service_internal_id": "Услуги",
        "rr": "",
        "recalculation": "",
        "accounting_period_total": "818.43"
    },
    {
        "org_ppa_guid": "7838413520",
        "internal_id": "241000115_2022_01",
        "pp_internal_id": "241000115_2022_01",
        "calc_value": "818.43",
        "tariff": "",
        "service_internal_id": "Услуги",
        "rr": "",
        "recalculation": "",
        "accounting_period_total": "818.43"
    },
    {
        "org_ppa_guid": "7838413520",
        "internal_id": "241000116_2022_01",
        "pp_internal_id": "241000116_2022_01",
        "calc_value": "1363.29",
        "tariff": "",
        "service_internal_id": "Услуги",
        "rr": "",
        "recalculation": "",
        "accounting_period_total": "1363.29"
    },
    {
        "org_ppa_guid": "7838413520",
        "internal_id": "241000117_2022_01",
        "pp_internal_id": "241000117_2022_01",
        "calc_value": "1363.29",
        "tariff": "",
        "service_internal_id": "Услуги",
        "rr": "",
        "recalculation": "",
        "accounting_period_total": "1363.29"
    },
    {
        "org_ppa_guid": "7838413520",
        "internal_id": "241000118_2022_01",
        "pp_internal_id": "241000118_2022_01",
        "calc_value": "1363.29",
        "tariff": "",
        "service_internal_id": "Услуги",
        "rr": "",
        "recalculation": "",
        "accounting_period_total": "1363.29"
    },
    {
        "org_ppa_guid": "7838413520",
        "internal_id": "241000119_2022_01",
        "pp_internal_id": "241000119_2022_01",
        "calc_value": "818.43",
        "tariff": "",
        "service_internal_id": "Услуги",
        "rr": "",
        "recalculation": "",
        "accounting_period_total": "818.43"
    },
    {
        "org_ppa_guid": "7838413520",
        "internal_id": "241000120_2022_01",
        "pp_internal_id": "241000120_2022_01",
        "calc_value": "840.97",
        "tariff": "",
        "service_internal_id": "Услуги",
        "rr": "",
        "recalculation": "",
        "accounting_period_total": "840.97"
    },
    {
        "org_ppa_guid": "7838413520",
        "internal_id": "241000121_2022_01",
        "pp_internal_id": "241000121_2022_01",
        "calc_value": "908.37",
        "tariff": "",
        "service_internal_id": "Услуги",
        "rr": "",
        "recalculation": "",
        "accounting_period_total": "908.37"
    },
    {
        "org_ppa_guid": "7838413520",
        "internal_id": "241000122_2022_01",
        "pp_internal_id": "241000122_2022_01",
        "calc_value": "773.58",
        "tariff": "",
        "service_internal_id": "Услуги",
        "rr": "",
        "recalculation": "",
        "accounting_period_total": "773.58"
    },
    {
        "org_ppa_guid": "7838413520",
        "internal_id": "241000123_2022_01",
        "pp_internal_id": "241000123_2022_01",
        "calc_value": "773.58",
        "tariff": "",
        "service_internal_id": "Услуги",
        "rr": "",
        "recalculation": "",
        "accounting_period_total": "773.58"
    },
    {
        "org_ppa_guid": "7838413520",
        "internal_id": "241000124_2022_01",
        "pp_internal_id": "241000124_2022_01",
        "calc_value": "1363.29",
        "tariff": "",
        "service_internal_id": "Услуги",
        "rr": "",
        "recalculation": "",
        "accounting_period_total": "1363.29"
    },
    {
        "org_ppa_guid": "7838413520",
        "internal_id": "241000125_2022_01",
        "pp_internal_id": "241000125_2022_01",
        "calc_value": "773.58",
        "tariff": "",
        "service_internal_id": "Услуги",
        "rr": "",
        "recalculation": "",
        "accounting_period_total": "773.58"
    },
    {
        "org_ppa_guid": "7838413520",
        "internal_id": "241000126_2022_01",
        "pp_internal_id": "241000126_2022_01",
        "calc_value": "773.58",
        "tariff": "",
        "service_internal_id": "Услуги",
        "rr": "",
        "recalculation": "",
        "accounting_period_total": "773.58"
    },
    {
        "org_ppa_guid": "7838413520",
        "internal_id": "241000311_2022_01",
        "pp_internal_id": "241000311_2022_01",
        "calc_value": "1430.91",
        "tariff": "",
        "service_internal_id": "Услуги",
        "rr": "",
        "recalculation": "",
        "accounting_period_total": "1430.91"
    },
    {
        "org_ppa_guid": "7838413520",
        "internal_id": "241001031_2022_01",
        "pp_internal_id": "241001031_2022_01",
        "calc_value": "1363.29",
        "tariff": "",
        "service_internal_id": "Услуги",
        "rr": "",
        "recalculation": "",
        "accounting_period_total": "1363.29"
    },
    {
        "org_ppa_guid": "7838413520",
        "internal_id": "241001191_2022_01",
        "pp_internal_id": "241001191_2022_01",
        "calc_value": "818.43",
        "tariff": "",
        "service_internal_id": "Услуги",
        "rr": "",
        "recalculation": "",
        "accounting_period_total": "818.43"
    },
    {
        "org_ppa_guid": "7838413520",
        "internal_id": "241100031_2022_01",
        "pp_internal_id": "241100031_2022_01",
        "calc_value": "1296.03",
        "tariff": "",
        "service_internal_id": "Услуги",
        "rr": "",
        "recalculation": "",
        "accounting_period_total": "1296.03"
    },
    {
        "org_ppa_guid": "7838413520",
        "internal_id": "241100032_2022_01",
        "pp_internal_id": "241100032_2022_01",
        "calc_value": "818.43",
        "tariff": "",
        "service_internal_id": "Услуги",
        "rr": "",
        "recalculation": "",
        "accounting_period_total": "818.43"
    },
    {
        "org_ppa_guid": "7838413520",
        "internal_id": "241200061_2022_01",
        "pp_internal_id": "241200061_2022_01",
        "calc_value": "773.58",
        "tariff": "",
        "service_internal_id": "Услуги",
        "rr": "",
        "recalculation": "",
        "accounting_period_total": "773.58"
    },
    {
        "org_ppa_guid": "7838413520",
        "internal_id": "241200301_2022_01",
        "pp_internal_id": "241200301_2022_01",
        "calc_value": "1296.03",
        "tariff": "",
        "service_internal_id": "Услуги",
        "rr": "",
        "recalculation": "",
        "accounting_period_total": "1296.03"
    },
    {
        "org_ppa_guid": "7838413520",
        "internal_id": "241200341_2022_01",
        "pp_internal_id": "241200341_2022_01",
        "calc_value": "1020.62",
        "tariff": "",
        "service_internal_id": "Услуги",
        "rr": "",
        "recalculation": "",
        "accounting_period_total": "1020.62"
    },
    {
        "org_ppa_guid": "7838413520",
        "internal_id": "241200391_2022_01",
        "pp_internal_id": "241200391_2022_01",
        "calc_value": "824.37",
        "tariff": "",
        "service_internal_id": "Услуги",
        "rr": "",
        "recalculation": "",
        "accounting_period_total": "824.37"
    },
    {
        "org_ppa_guid": "7838413520",
        "internal_id": "241200511_2022_01",
        "pp_internal_id": "241200511_2022_01",
        "calc_value": "1469.84",
        "tariff": "",
        "service_internal_id": "Услуги",
        "rr": "",
        "recalculation": "",
        "accounting_period_total": "1469.84"
    },
    {
        "org_ppa_guid": "7838413520",
        "internal_id": "241200521_2022_01",
        "pp_internal_id": "241200521_2022_01",
        "calc_value": "863.4",
        "tariff": "",
        "service_internal_id": "Услуги",
        "rr": "",
        "recalculation": "",
        "accounting_period_total": "863.4"
    },
    {
        "org_ppa_guid": "7838413520",
        "internal_id": "241200581_2022_01",
        "pp_internal_id": "241200581_2022_01",
        "calc_value": "638.79",
        "tariff": "",
        "service_internal_id": "Услуги",
        "rr": "",
        "recalculation": "",
        "accounting_period_total": "638.79"
    },
    {
        "org_ppa_guid": "7838413520",
        "internal_id": "241200591_2022_01",
        "pp_internal_id": "241200591_2022_01",
        "calc_value": "6142.98",
        "tariff": "",
        "service_internal_id": "Услуги",
        "rr": "",
        "recalculation": "",
        "accounting_period_total": "6142.98"
    },
    {
        "org_ppa_guid": "7838413520",
        "internal_id": "241200681_2022_01",
        "pp_internal_id": "241200681_2022_01",
        "calc_value": "661.22",
        "tariff": "",
        "service_internal_id": "Услуги",
        "rr": "",
        "recalculation": "",
        "accounting_period_total": "661.22"
    },
    {
        "org_ppa_guid": "7838413520",
        "internal_id": "241200682_2022_01",
        "pp_internal_id": "241200682_2022_01",
        "calc_value": "638.79",
        "tariff": "",
        "service_internal_id": "Услуги",
        "rr": "",
        "recalculation": "",
        "accounting_period_total": "638.79"
    },
    {
        "org_ppa_guid": "7838413520",
        "internal_id": "241200701_2022_01",
        "pp_internal_id": "241200701_2022_01",
        "calc_value": "1093.83",
        "tariff": "",
        "service_internal_id": "Услуги",
        "rr": "",
        "recalculation": "",
        "accounting_period_total": "1093.83"
    },
    {
        "org_ppa_guid": "7838413520",
        "internal_id": "241200731_2022_01",
        "pp_internal_id": "241200731_2022_01",
        "calc_value": "683.64",
        "tariff": "",
        "service_internal_id": "Услуги",
        "rr": "",
        "recalculation": "",
        "accounting_period_total": "683.64"
    },
    {
        "org_ppa_guid": "7838413520",
        "internal_id": "241200861_2022_01",
        "pp_internal_id": "241200861_2022_01",
        "calc_value": "683.64",
        "tariff": "",
        "service_internal_id": "Услуги",
        "rr": "",
        "recalculation": "",
        "accounting_period_total": "683.64"
    },
    {
        "org_ppa_guid": "7838413520",
        "internal_id": "241200871_2022_01",
        "pp_internal_id": "241200871_2022_01",
        "calc_value": "683.64",
        "tariff": "",
        "service_internal_id": "Услуги",
        "rr": "",
        "recalculation": "",
        "accounting_period_total": "683.64"
    },
    {
        "org_ppa_guid": "7838413520",
        "internal_id": "241200901_2022_01",
        "pp_internal_id": "241200901_2022_01",
        "calc_value": "891.66",
        "tariff": "",
        "service_internal_id": "Услуги",
        "rr": "",
        "recalculation": "",
        "accounting_period_total": "891.66"
    },
    {
        "org_ppa_guid": "7838413520",
        "internal_id": "241200902_2022_01",
        "pp_internal_id": "241200902_2022_01",
        "calc_value": "824.37",
        "tariff": "",
        "service_internal_id": "Услуги",
        "rr": "",
        "recalculation": "",
        "accounting_period_total": "824.37"
    },
    {
        "org_ppa_guid": "7838413520",
        "internal_id": "241200931_2022_01",
        "pp_internal_id": "241200931_2022_01",
        "calc_value": "1767.66",
        "tariff": "",
        "service_internal_id": "Услуги",
        "rr": "",
        "recalculation": "",
        "accounting_period_total": "1767.66"
    },
    {
        "org_ppa_guid": "7838413520",
        "internal_id": "42_2022_01",
        "pp_internal_id": "42_2022_01",
        "calc_value": "424150.75",
        "tariff": "",
        "service_internal_id": "Услуги",
        "rr": "",
        "recalculation": "",
        "accounting_period_total": "424192.75"
    }
]