[
    {
        "org_ppa_guid": "7838413520",
        "internal_id": "42_2022_01",
        "account_internal_id": "42_2022_01",
        "gis_id": "42_2022_01",
        "month": "01.01.2022",
        "credit": "42.0",
        "saldo": "42.0",
        "payment_value": "42.0",
        "payment_date": "01.01.2022",
        "bill_value": "",
        "account_number": "",
        "bank_bik": ""
    },
    {
        "org_ppa_guid": "7838413520",
        "internal_id": "240000001_2022_01",
        "account_internal_id": "240000001_2022_01",
        "gis_id": "240000001_2022_01",
        "month": "01.01.2022",
        "credit": "85000.4",
        "saldo": "84566.16",
        "payment_value": "43527.81",
        "payment_date": "01.01.2022",
        "bill_value": "",
        "account_number": "",
        "bank_bik": ""
    },
    {
        "org_ppa_guid": "7838413520",
        "internal_id": "240000002_2022_01",
        "account_internal_id": "240000002_2022_01",
        "gis_id": "240000002_2022_01",
        "month": "01.01.2022",
        "credit": "42.0",
        "saldo": "9236.99",
        "payment_value": "42.0",
        "payment_date": "01.01.2022",
        "bill_value": "",
        "account_number": "",
        "bank_bik": ""
    },
    {
        "org_ppa_guid": "7838413520",
        "internal_id": "240000003_2022_01",
        "account_internal_id": "240000003_2022_01",
        "gis_id": "240000003_2022_01",
        "month": "01.01.2022",
        "credit": "15682.64",
        "saldo": "15182.12",
        "payment_value": "15682.64",
        "payment_date": "01.01.2022",
        "bill_value": "",
        "account_number": "",
        "bank_bik": ""
    },
    {
        "org_ppa_guid": "7838413520",
        "internal_id": "240000004_2022_01",
        "account_internal_id": "240000004_2022_01",
        "gis_id": "240000004_2022_01",
        "month": "01.01.2022",
        "credit": "8985.86",
        "saldo": "8738.14",
        "payment_value": "8985.86",
        "payment_date": "01.01.2022",
        "bill_value": "",
        "account_number": "",
        "bank_bik": ""
    },
    {
        "org_ppa_guid": "7838413520",
        "internal_id": "240000005_2022_01",
        "account_internal_id": "240000005_2022_01",
        "gis_id": "240000005_2022_01",
        "month": "01.01.2022",
        "credit": "15379.73",
        "saldo": "30293.09",
        "payment_value": "42.0",
        "payment_date": "01.01.2022",
        "bill_value": "",
        "account_number": "",
        "bank_bik": ""
    },
    {
        "org_ppa_guid": "7838413520",
        "internal_id": "240000006_2022_01",
        "account_internal_id": "240000006_2022_01",
        "gis_id": "240000006_2022_01",
        "month": "01.01.2022",
        "credit": "45881.43",
        "saldo": "89408.55",
        "payment_value": "42.0",
        "payment_date": "01.01.2022",
        "bill_value": "",
        "account_number": "",
        "bank_bik": ""
    },
    {
        "org_ppa_guid": "7838413520",
        "internal_id": "240000007_2022_01",
        "account_internal_id": "240000007_2022_01",
        "gis_id": "240000007_2022_01",
        "month": "01.01.2022",
        "credit": "42.0",
        "saldo": "42.0",
        "payment_value": "42.0",
        "payment_date": "01.01.2022",
        "bill_value": "",
        "account_number": "",
        "bank_bik": ""
    },
    {
        "org_ppa_guid": "7838413520",
        "internal_id": "240000008_2022_01",
        "account_internal_id": "240000008_2022_01",
        "gis_id": "240000008_2022_01",
        "month": "01.01.2022",
        "credit": "42.0",
        "saldo": "18908.85",
        "payment_value": "42.0",
        "payment_date": "01.01.2022",
        "bill_value": "",
        "account_number": "",
        "bank_bik": ""
    },
    {
        "org_ppa_guid": "7838413520",
        "internal_id": "240000009_2022_01",
        "account_internal_id": "240000009_2022_01",
        "gis_id": "240000009_2022_01",
        "month": "01.01.2022",
        "credit": "13141.24",
        "saldo": "27325.95",
        "payment_value": "42.0",
        "payment_date": "01.01.2022",
        "bill_value": "",
        "account_number": "",
        "bank_bik": ""
    },
    {
        "org_ppa_guid": "7838413520",
        "internal_id": "240000010_2022_01",
        "account_internal_id": "240000010_2022_01",
        "gis_id": "240000010_2022_01",
        "month": "01.01.2022",
        "credit": "14955.36",
        "saldo": "14695.74",
        "payment_value": "14954.36",
        "payment_date": "01.01.2022",
        "bill_value": "",
        "account_number": "",
        "bank_bik": ""
    },
    {
        "org_ppa_guid": "7838413520",
        "internal_id": "240000011_2022_01",
        "account_internal_id": "240000011_2022_01",
        "gis_id": "240000011_2022_01",
        "month": "01.01.2022",
        "credit": "33662.86",
        "saldo": "36884.3",
        "payment_value": "31497.8",
        "payment_date": "01.01.2022",
        "bill_value": "",
        "account_number": "",
        "bank_bik": ""
    },
    {
        "org_ppa_guid": "7838413520",
        "internal_id": "240000012_2022_01",
        "account_internal_id": "240000012_2022_01",
        "gis_id": "240000012_2022_01",
        "month": "01.01.2022",
        "credit": "16521.68",
        "saldo": "15837.61",
        "payment_value": "16521.68",
        "payment_date": "01.01.2022",
        "bill_value": "",
        "account_number": "",
        "bank_bik": ""
    },
    {
        "org_ppa_guid": "7838413520",
        "internal_id": "240000013_2022_01",
        "account_internal_id": "240000013_2022_01",
        "gis_id": "240000013_2022_01",
        "month": "01.01.2022",
        "credit": "16878.14",
        "saldo": "16365.57",
        "payment_value": "16878.14",
        "payment_date": "01.01.2022",
        "bill_value": "",
        "account_number": "",
        "bank_bik": ""
    },
    {
        "org_ppa_guid": "7838413520",
        "internal_id": "240000014_2022_01",
        "account_internal_id": "240000014_2022_01",
        "gis_id": "240000014_2022_01",
        "month": "01.01.2022",
        "credit": "0.0",
        "saldo": "0.0",
        "payment_value": "42.0",
        "payment_date": "01.01.2022",
        "bill_value": "",
        "account_number": "",
        "bank_bik": ""
    },
    {
        "org_ppa_guid": "7838413520",
        "internal_id": "240000015_2022_01",
        "account_internal_id": "240000015_2022_01",
        "gis_id": "240000015_2022_01",
        "month": "01.01.2022",
        "credit": "17765.22",
        "saldo": "18081.55",
        "payment_value": "17765.22",
        "payment_date": "01.01.2022",
        "bill_value": "",
        "account_number": "",
        "bank_bik": ""
    },
    {
        "org_ppa_guid": "7838413520",
        "internal_id": "240000016_2022_01",
        "account_internal_id": "240000016_2022_01",
        "gis_id": "240000016_2022_01",
        "month": "01.01.2022",
        "credit": "14200.51",
        "saldo": "28007.74",
        "payment_value": "42.0",
        "payment_date": "01.01.2022",
        "bill_value": "",
        "account_number": "",
        "bank_bik": ""
    },
    {
        "org_ppa_guid": "7838413520",
        "internal_id": "240000017_2022_01",
        "account_internal_id": "240000017_2022_01",
        "gis_id": "240000017_2022_01",
        "month": "01.01.2022",
        "credit": "45377.0",
        "saldo": "31240.43",
        "payment_value": "30666.0",
        "payment_date": "01.01.2022",
        "bill_value": "",
        "account_number": "",
        "bank_bik": ""
    },
    {
        "org_ppa_guid": "7838413520",
        "internal_id": "240000018_2022_01",
        "account_internal_id": "240000018_2022_01",
        "gis_id": "240000018_2022_01",
        "month": "01.01.2022",
        "credit": "10182.87",
        "saldo": "25756.78",
        "payment_value": "42.0",
        "payment_date": "01.01.2022",
        "bill_value": "",
        "account_number": "",
        "bank_bik": ""
    },
    {
        "org_ppa_guid": "7838413520",
        "internal_id": "240000019_2022_01",
        "account_internal_id": "240000019_2022_01",
        "gis_id": "240000019_2022_01",
        "month": "01.01.2022",
        "credit": "42.0",
        "saldo": "13776.13",
        "payment_value": "42.0",
        "payment_date": "01.01.2022",
        "bill_value": "",
        "account_number": "",
        "bank_bik": ""
    },
    {
        "org_ppa_guid": "7838413520",
        "internal_id": "240000020_2022_01",
        "account_internal_id": "240000020_2022_01",
        "gis_id": "240000020_2022_01",
        "month": "01.01.2022",
        "credit": "18874.71",
        "saldo": "18302.25",
        "payment_value": "18874.71",
        "payment_date": "01.01.2022",
        "bill_value": "",
        "account_number": "",
        "bank_bik": ""
    },
    {
        "org_ppa_guid": "7838413520",
        "internal_id": "240000021_2022_01",
        "account_internal_id": "240000021_2022_01",
        "gis_id": "240000021_2022_01",
        "month": "01.01.2022",
        "credit": "16862.2",
        "saldo": "15982.81",
        "payment_value": "16862.2",
        "payment_date": "01.01.2022",
        "bill_value": "",
        "account_number": "",
        "bank_bik": ""
    },
    {
        "org_ppa_guid": "7838413520",
        "internal_id": "240000022_2022_01",
        "account_internal_id": "240000022_2022_01",
        "gis_id": "240000022_2022_01",
        "month": "01.01.2022",
        "credit": "13824.42",
        "saldo": "13472.23",
        "payment_value": "13824.42",
        "payment_date": "01.01.2022",
        "bill_value": "",
        "account_number": "",
        "bank_bik": ""
    },
    {
        "org_ppa_guid": "7838413520",
        "internal_id": "240000023_2022_01",
        "account_internal_id": "240000023_2022_01",
        "gis_id": "240000023_2022_01",
        "month": "01.01.2022",
        "credit": "42.0",
        "saldo": "19429.03",
        "payment_value": "42.0",
        "payment_date": "01.01.2022",
        "bill_value": "",
        "account_number": "",
        "bank_bik": ""
    },
    {
        "org_ppa_guid": "7838413520",
        "internal_id": "240000024_2022_01",
        "account_internal_id": "240000024_2022_01",
        "gis_id": "240000024_2022_01",
        "month": "01.01.2022",
        "credit": "15356.62",
        "saldo": "15151.38",
        "payment_value": "15356.62",
        "payment_date": "01.01.2022",
        "bill_value": "",
        "account_number": "",
        "bank_bik": ""
    },
    {
        "org_ppa_guid": "7838413520",
        "internal_id": "240000025_2022_01",
        "account_internal_id": "240000025_2022_01",
        "gis_id": "240000025_2022_01",
        "month": "01.01.2022",
        "credit": "13930.23",
        "saldo": "27509.41",
        "payment_value": "42.0",
        "payment_date": "01.01.2022",
        "bill_value": "",
        "account_number": "",
        "bank_bik": ""
    },
    {
        "org_ppa_guid": "7838413520",
        "internal_id": "240000026_2022_01",
        "account_internal_id": "240000026_2022_01",
        "gis_id": "240000026_2022_01",
        "month": "01.01.2022",
        "credit": "16687.72",
        "saldo": "16134.49",
        "payment_value": "16687.72",
        "payment_date": "01.01.2022",
        "bill_value": "",
        "account_number": "",
        "bank_bik": ""
    },
    {
        "org_ppa_guid": "7838413520",
        "internal_id": "240000027_2022_01",
        "account_internal_id": "240000027_2022_01",
        "gis_id": "240000027_2022_01",
        "month": "01.01.2022",
        "credit": "17540.46",
        "saldo": "34530.16",
        "payment_value": "42.0",
        "payment_date": "01.01.2022",
        "bill_value": "",
        "account_number": "",
        "bank_bik": ""
    },
    {
        "org_ppa_guid": "7838413520",
        "internal_id": "240000028_2022_01",
        "account_internal_id": "240000028_2022_01",
        "gis_id": "240000028_2022_01",
        "month": "01.01.2022",
        "credit": "40752.78",
        "saldo": "59044.54",
        "payment_value": "42.0",
        "payment_date": "01.01.2022",
        "bill_value": "",
        "account_number": "",
        "bank_bik": ""
    },
    {
        "org_ppa_guid": "7838413520",
        "internal_id": "240000029_2022_01",
        "account_internal_id": "240000029_2022_01",
        "gis_id": "240000029_2022_01",
        "month": "01.01.2022",
        "credit": "21096.92",
        "saldo": "41553.05",
        "payment_value": "42.0",
        "payment_date": "01.01.2022",
        "bill_value": "",
        "account_number": "",
        "bank_bik": ""
    },
    {
        "org_ppa_guid": "7838413520",
        "internal_id": "240000030_2022_01",
        "account_internal_id": "240000030_2022_01",
        "gis_id": "240000030_2022_01",
        "month": "01.01.2022",
        "credit": "18891.78",
        "saldo": "18357.26",
        "payment_value": "18891.78",
        "payment_date": "01.01.2022",
        "bill_value": "",
        "account_number": "",
        "bank_bik": ""
    },
    {
        "org_ppa_guid": "7838413520",
        "internal_id": "240000031_2022_01",
        "account_internal_id": "240000031_2022_01",
        "gis_id": "240000031_2022_01",
        "month": "01.01.2022",
        "credit": "11183.68",
        "saldo": "22039.92",
        "payment_value": "42.0",
        "payment_date": "01.01.2022",
        "bill_value": "",
        "account_number": "",
        "bank_bik": ""
    },
    {
        "org_ppa_guid": "7838413520",
        "internal_id": "240000032_2022_01",
        "account_internal_id": "240000032_2022_01",
        "gis_id": "240000032_2022_01",
        "month": "01.01.2022",
        "credit": "2093.7",
        "saldo": "1555.18",
        "payment_value": "19167.38",
        "payment_date": "01.01.2022",
        "bill_value": "",
        "account_number": "",
        "bank_bik": ""
    },
    {
        "org_ppa_guid": "7838413520",
        "internal_id": "240000033_2022_01",
        "account_internal_id": "240000033_2022_01",
        "gis_id": "240000033_2022_01",
        "month": "01.01.2022",
        "credit": "42.0",
        "saldo": "17790.34",
        "payment_value": "42.0",
        "payment_date": "01.01.2022",
        "bill_value": "",
        "account_number": "",
        "bank_bik": ""
    },
    {
        "org_ppa_guid": "7838413520",
        "internal_id": "240000034_2022_01",
        "account_internal_id": "240000034_2022_01",
        "gis_id": "240000034_2022_01",
        "month": "01.01.2022",
        "credit": "18704.8",
        "saldo": "17999.24",
        "payment_value": "9691.18",
        "payment_date": "01.01.2022",
        "bill_value": "",
        "account_number": "",
        "bank_bik": ""
    },
    {
        "org_ppa_guid": "7838413520",
        "internal_id": "240000035_2022_01",
        "account_internal_id": "240000035_2022_01",
        "gis_id": "240000035_2022_01",
        "month": "01.01.2022",
        "credit": "40234.64",
        "saldo": "38900.76",
        "payment_value": "21455.55",
        "payment_date": "01.01.2022",
        "bill_value": "",
        "account_number": "",
        "bank_bik": ""
    },
    {
        "org_ppa_guid": "7838413520",
        "internal_id": "240000036_2022_01",
        "account_internal_id": "240000036_2022_01",
        "gis_id": "240000036_2022_01",
        "month": "01.01.2022",
        "credit": "23275.24",
        "saldo": "22096.98",
        "payment_value": "23275.24",
        "payment_date": "01.01.2022",
        "bill_value": "",
        "account_number": "",
        "bank_bik": ""
    },
    {
        "org_ppa_guid": "7838413520",
        "internal_id": "240000037_2022_01",
        "account_internal_id": "240000037_2022_01",
        "gis_id": "240000037_2022_01",
        "month": "01.01.2022",
        "credit": "42.0",
        "saldo": "28976.85",
        "payment_value": "42.0",
        "payment_date": "01.01.2022",
        "bill_value": "",
        "account_number": "",
        "bank_bik": ""
    },
    {
        "org_ppa_guid": "7838413520",
        "internal_id": "240000039_2022_01",
        "account_internal_id": "240000039_2022_01",
        "gis_id": "240000039_2022_01",
        "month": "01.01.2022",
        "credit": "42.0",
        "saldo": "18973.14",
        "payment_value": "42.0",
        "payment_date": "01.01.2022",
        "bill_value": "",
        "account_number": "",
        "bank_bik": ""
    },
    {
        "org_ppa_guid": "7838413520",
        "internal_id": "240000040_2022_01",
        "account_internal_id": "240000040_2022_01",
        "gis_id": "240000040_2022_01",
        "month": "01.01.2022",
        "credit": "-85880.86",
        "saldo": "-77019.66",
        "payment_value": "42.0",
        "payment_date": "01.01.2022",
        "bill_value": "",
        "account_number": "",
        "bank_bik": ""
    },
    {
        "org_ppa_guid": "7838413520",
        "internal_id": "240000041_2022_01",
        "account_internal_id": "240000041_2022_01",
        "gis_id": "240000041_2022_01",
        "month": "01.01.2022",
        "credit": "26938.89",
        "saldo": "25678.26",
        "payment_value": "26938.89",
        "payment_date": "01.01.2022",
        "bill_value": "",
        "account_number": "",
        "bank_bik": ""
    },
    {
        "org_ppa_guid": "7838413520",
        "internal_id": "240000042_2022_01",
        "account_internal_id": "240000042_2022_01",
        "gis_id": "240000042_2022_01",
        "month": "01.01.2022",
        "credit": "24065.6",
        "saldo": "20223.69",
        "payment_value": "24065.6",
        "payment_date": "01.01.2022",
        "bill_value": "",
        "account_number": "",
        "bank_bik": ""
    },
    {
        "org_ppa_guid": "7838413520",
        "internal_id": "240000043_2022_01",
        "account_internal_id": "240000043_2022_01",
        "gis_id": "240000043_2022_01",
        "month": "01.01.2022",
        "credit": "42.0",
        "saldo": "39287.03",
        "payment_value": "42.0",
        "payment_date": "01.01.2022",
        "bill_value": "",
        "account_number": "",
        "bank_bik": ""
    },
    {
        "org_ppa_guid": "7838413520",
        "internal_id": "240000044_2022_01",
        "account_internal_id": "240000044_2022_01",
        "gis_id": "240000044_2022_01",
        "month": "01.01.2022",
        "credit": "-30218.74",
        "saldo": "-10377.28",
        "payment_value": "42.0",
        "payment_date": "01.01.2022",
        "bill_value": "",
        "account_number": "",
        "bank_bik": ""
    },
    {
        "org_ppa_guid": "7838413520",
        "internal_id": "240000045_2022_01",
        "account_internal_id": "240000045_2022_01",
        "gis_id": "240000045_2022_01",
        "month": "01.01.2022",
        "credit": "42.0",
        "saldo": "14705.04",
        "payment_value": "42.0",
        "payment_date": "01.01.2022",
        "bill_value": "",
        "account_number": "",
        "bank_bik": ""
    },
    {
        "org_ppa_guid": "7838413520",
        "internal_id": "240000046_2022_01",
        "account_internal_id": "240000046_2022_01",
        "gis_id": "240000046_2022_01",
        "month": "01.01.2022",
        "credit": "19863.02",
        "saldo": "38184.54",
        "payment_value": "42.0",
        "payment_date": "01.01.2022",
        "bill_value": "",
        "account_number": "",
        "bank_bik": ""
    },
    {
        "org_ppa_guid": "7838413520",
        "internal_id": "240000047_2022_01",
        "account_internal_id": "240000047_2022_01",
        "gis_id": "240000047_2022_01",
        "month": "01.01.2022",
        "credit": "23166.38",
        "saldo": "23523.42",
        "payment_value": "23166.38",
        "payment_date": "01.01.2022",
        "bill_value": "",
        "account_number": "",
        "bank_bik": ""
    },
    {
        "org_ppa_guid": "7838413520",
        "internal_id": "240000048_2022_01",
        "account_internal_id": "240000048_2022_01",
        "gis_id": "240000048_2022_01",
        "month": "01.01.2022",
        "credit": "42.0",
        "saldo": "9365.3",
        "payment_value": "42.0",
        "payment_date": "01.01.2022",
        "bill_value": "",
        "account_number": "",
        "bank_bik": ""
    },
    {
        "org_ppa_guid": "7838413520",
        "internal_id": "240000049_2022_01",
        "account_internal_id": "240000049_2022_01",
        "gis_id": "240000049_2022_01",
        "month": "01.01.2022",
        "credit": "-31592.89",
        "saldo": "-13864.77",
        "payment_value": "42.0",
        "payment_date": "01.01.2022",
        "bill_value": "",
        "account_number": "",
        "bank_bik": ""
    },
    {
        "org_ppa_guid": "7838413520",
        "internal_id": "240000050_2022_01",
        "account_internal_id": "240000050_2022_01",
        "gis_id": "240000050_2022_01",
        "month": "01.01.2022",
        "credit": "19936.31",
        "saldo": "18981.19",
        "payment_value": "19936.31",
        "payment_date": "01.01.2022",
        "bill_value": "",
        "account_number": "",
        "bank_bik": ""
    },
    {
        "org_ppa_guid": "7838413520",
        "internal_id": "240000051_2022_01",
        "account_internal_id": "240000051_2022_01",
        "gis_id": "240000051_2022_01",
        "month": "01.01.2022",
        "credit": "11112.91",
        "saldo": "9768.8",
        "payment_value": "11112.91",
        "payment_date": "01.01.2022",
        "bill_value": "",
        "account_number": "",
        "bank_bik": ""
    },
    {
        "org_ppa_guid": "7838413520",
        "internal_id": "240000052_2022_01",
        "account_internal_id": "240000052_2022_01",
        "gis_id": "240000052_2022_01",
        "month": "01.01.2022",
        "credit": "19592.76",
        "saldo": "19415.39",
        "payment_value": "20775.64",
        "payment_date": "01.01.2022",
        "bill_value": "",
        "account_number": "",
        "bank_bik": ""
    },
    {
        "org_ppa_guid": "7838413520",
        "internal_id": "240000053_2022_01",
        "account_internal_id": "240000053_2022_01",
        "gis_id": "240000053_2022_01",
        "month": "01.01.2022",
        "credit": "47860.13",
        "saldo": "18287.0",
        "payment_value": "57500.12",
        "payment_date": "01.01.2022",
        "bill_value": "",
        "account_number": "",
        "bank_bik": ""
    },
    {
        "org_ppa_guid": "7838413520",
        "internal_id": "240000054_2022_01",
        "account_internal_id": "240000054_2022_01",
        "gis_id": "240000054_2022_01",
        "month": "01.01.2022",
        "credit": "-33526.16",
        "saldo": "-14671.64",
        "payment_value": "42.0",
        "payment_date": "01.01.2022",
        "bill_value": "",
        "account_number": "",
        "bank_bik": ""
    },
    {
        "org_ppa_guid": "7838413520",
        "internal_id": "240000055_2022_01",
        "account_internal_id": "240000055_2022_01",
        "gis_id": "240000055_2022_01",
        "month": "01.01.2022",
        "credit": "42.0",
        "saldo": "26788.22",
        "payment_value": "42.0",
        "payment_date": "01.01.2022",
        "bill_value": "",
        "account_number": "",
        "bank_bik": ""
    },
    {
        "org_ppa_guid": "7838413520",
        "internal_id": "240000056_2022_01",
        "account_internal_id": "240000056_2022_01",
        "gis_id": "240000056_2022_01",
        "month": "01.01.2022",
        "credit": "9981.59",
        "saldo": "19620.54",
        "payment_value": "42.0",
        "payment_date": "01.01.2022",
        "bill_value": "",
        "account_number": "",
        "bank_bik": ""
    },
    {
        "org_ppa_guid": "7838413520",
        "internal_id": "240000057_2022_01",
        "account_internal_id": "240000057_2022_01",
        "gis_id": "240000057_2022_01",
        "month": "01.01.2022",
        "credit": "42.0",
        "saldo": "17826.65",
        "payment_value": "42.0",
        "payment_date": "01.01.2022",
        "bill_value": "",
        "account_number": "",
        "bank_bik": ""
    },
    {
        "org_ppa_guid": "7838413520",
        "internal_id": "240000058_2022_01",
        "account_internal_id": "240000058_2022_01",
        "gis_id": "240000058_2022_01",
        "month": "01.01.2022",
        "credit": "262.62",
        "saldo": "38636.7",
        "payment_value": "42.0",
        "payment_date": "01.01.2022",
        "bill_value": "",
        "account_number": "",
        "bank_bik": ""
    },
    {
        "org_ppa_guid": "7838413520",
        "internal_id": "240000059_2022_01",
        "account_internal_id": "240000059_2022_01",
        "gis_id": "240000059_2022_01",
        "month": "01.01.2022",
        "credit": "42.0",
        "saldo": "26497.47",
        "payment_value": "42.0",
        "payment_date": "01.01.2022",
        "bill_value": "",
        "account_number": "",
        "bank_bik": ""
    },
    {
        "org_ppa_guid": "7838413520",
        "internal_id": "240000060_2022_01",
        "account_internal_id": "240000060_2022_01",
        "gis_id": "240000060_2022_01",
        "month": "01.01.2022",
        "credit": "30474.02",
        "saldo": "59582.37",
        "payment_value": "42.0",
        "payment_date": "01.01.2022",
        "bill_value": "",
        "account_number": "",
        "bank_bik": ""
    },
    {
        "org_ppa_guid": "7838413520",
        "internal_id": "240000061_2022_01",
        "account_internal_id": "240000061_2022_01",
        "gis_id": "240000061_2022_01",
        "month": "01.01.2022",
        "credit": "15834.0",
        "saldo": "15595.38",
        "payment_value": "15089.39",
        "payment_date": "01.01.2022",
        "bill_value": "",
        "account_number": "",
        "bank_bik": ""
    },
    {
        "org_ppa_guid": "7838413520",
        "internal_id": "240000062_2022_01",
        "account_internal_id": "240000062_2022_01",
        "gis_id": "240000062_2022_01",
        "month": "01.01.2022",
        "credit": "19594.5",
        "saldo": "34689.74",
        "payment_value": "42.0",
        "payment_date": "01.01.2022",
        "bill_value": "",
        "account_number": "",
        "bank_bik": ""
    },
    {
        "org_ppa_guid": "7838413520",
        "internal_id": "240000063_2022_01",
        "account_internal_id": "240000063_2022_01",
        "gis_id": "240000063_2022_01",
        "month": "01.01.2022",
        "credit": "15060.54",
        "saldo": "14480.34",
        "payment_value": "17711.4",
        "payment_date": "01.01.2022",
        "bill_value": "",
        "account_number": "",
        "bank_bik": ""
    },
    {
        "org_ppa_guid": "7838413520",
        "internal_id": "240000064_2022_01",
        "account_internal_id": "240000064_2022_01",
        "gis_id": "240000064_2022_01",
        "month": "01.01.2022",
        "credit": "15456.36",
        "saldo": "15007.21",
        "payment_value": "15486.36",
        "payment_date": "01.01.2022",
        "bill_value": "",
        "account_number": "",
        "bank_bik": ""
    },
    {
        "org_ppa_guid": "7838413520",
        "internal_id": "240000065_2022_01",
        "account_internal_id": "240000065_2022_01",
        "gis_id": "240000065_2022_01",
        "month": "01.01.2022",
        "credit": "16716.68",
        "saldo": "32996.34",
        "payment_value": "42.0",
        "payment_date": "01.01.2022",
        "bill_value": "",
        "account_number": "",
        "bank_bik": ""
    },
    {
        "org_ppa_guid": "7838413520",
        "internal_id": "240000066_2022_01",
        "account_internal_id": "240000066_2022_01",
        "gis_id": "240000066_2022_01",
        "month": "01.01.2022",
        "credit": "42.0",
        "saldo": "16349.04",
        "payment_value": "42.0",
        "payment_date": "01.01.2022",
        "bill_value": "",
        "account_number": "",
        "bank_bik": ""
    },
    {
        "org_ppa_guid": "7838413520",
        "internal_id": "240000067_2022_01",
        "account_internal_id": "240000067_2022_01",
        "gis_id": "240000067_2022_01",
        "month": "01.01.2022",
        "credit": "13880.68",
        "saldo": "13513.33",
        "payment_value": "13880.68",
        "payment_date": "01.01.2022",
        "bill_value": "",
        "account_number": "",
        "bank_bik": ""
    },
    {
        "org_ppa_guid": "7838413520",
        "internal_id": "240000068_2022_01",
        "account_internal_id": "240000068_2022_01",
        "gis_id": "240000068_2022_01",
        "month": "01.01.2022",
        "credit": "18233.07",
        "saldo": "17600.51",
        "payment_value": "18233.07",
        "payment_date": "01.01.2022",
        "bill_value": "",
        "account_number": "",
        "bank_bik": ""
    },
    {
        "org_ppa_guid": "7838413520",
        "internal_id": "240000069_2022_01",
        "account_internal_id": "240000069_2022_01",
        "gis_id": "240000069_2022_01",
        "month": "01.01.2022",
        "credit": "42.0",
        "saldo": "19337.48",
        "payment_value": "42.0",
        "payment_date": "01.01.2022",
        "bill_value": "",
        "account_number": "",
        "bank_bik": ""
    },
    {
        "org_ppa_guid": "7838413520",
        "internal_id": "240000070_2022_01",
        "account_internal_id": "240000070_2022_01",
        "gis_id": "240000070_2022_01",
        "month": "01.01.2022",
        "credit": "13856.58",
        "saldo": "13466.42",
        "payment_value": "13856.58",
        "payment_date": "01.01.2022",
        "bill_value": "",
        "account_number": "",
        "bank_bik": ""
    },
    {
        "org_ppa_guid": "7838413520",
        "internal_id": "240000071_2022_01",
        "account_internal_id": "240000071_2022_01",
        "gis_id": "240000071_2022_01",
        "month": "01.01.2022",
        "credit": "15514.33",
        "saldo": "30596.97",
        "payment_value": "42.0",
        "payment_date": "01.01.2022",
        "bill_value": "",
        "account_number": "",
        "bank_bik": ""
    },
    {
        "org_ppa_guid": "7838413520",
        "internal_id": "240000072_2022_01",
        "account_internal_id": "240000072_2022_01",
        "gis_id": "240000072_2022_01",
        "month": "01.01.2022",
        "credit": "-15462.79",
        "saldo": "-16608.11",
        "payment_value": "19590.22",
        "payment_date": "01.01.2022",
        "bill_value": "",
        "account_number": "",
        "bank_bik": ""
    },
    {
        "org_ppa_guid": "7838413520",
        "internal_id": "240000073_2022_01",
        "account_internal_id": "240000073_2022_01",
        "gis_id": "240000073_2022_01",
        "month": "01.01.2022",
        "credit": "17133.51",
        "saldo": "13925.37",
        "payment_value": "17133.51",
        "payment_date": "01.01.2022",
        "bill_value": "",
        "account_number": "",
        "bank_bik": ""
    },
    {
        "org_ppa_guid": "7838413520",
        "internal_id": "240000074_2022_01",
        "account_internal_id": "240000074_2022_01",
        "gis_id": "240000074_2022_01",
        "month": "01.01.2022",
        "credit": "14978.23",
        "saldo": "30527.93",
        "payment_value": "42.0",
        "payment_date": "01.01.2022",
        "bill_value": "",
        "account_number": "",
        "bank_bik": ""
    },
    {
        "org_ppa_guid": "7838413520",
        "internal_id": "240000075_2022_01",
        "account_internal_id": "240000075_2022_01",
        "gis_id": "240000075_2022_01",
        "month": "01.01.2022",
        "credit": "42.0",
        "saldo": "16604.89",
        "payment_value": "42.0",
        "payment_date": "01.01.2022",
        "bill_value": "",
        "account_number": "",
        "bank_bik": ""
    },
    {
        "org_ppa_guid": "7838413520",
        "internal_id": "240000076_2022_01",
        "account_internal_id": "240000076_2022_01",
        "gis_id": "240000076_2022_01",
        "month": "01.01.2022",
        "credit": "14702.43",
        "saldo": "14639.71",
        "payment_value": "7567.34",
        "payment_date": "01.01.2022",
        "bill_value": "",
        "account_number": "",
        "bank_bik": ""
    },
    {
        "org_ppa_guid": "7838413520",
        "internal_id": "240000077_2022_01",
        "account_internal_id": "240000077_2022_01",
        "gis_id": "240000077_2022_01",
        "month": "01.01.2022",
        "credit": "-2289.66",
        "saldo": "19993.29",
        "payment_value": "42.0",
        "payment_date": "01.01.2022",
        "bill_value": "",
        "account_number": "",
        "bank_bik": ""
    },
    {
        "org_ppa_guid": "7838413520",
        "internal_id": "240000078_2022_01",
        "account_internal_id": "240000078_2022_01",
        "gis_id": "240000078_2022_01",
        "month": "01.01.2022",
        "credit": "38869.93",
        "saldo": "72191.24",
        "payment_value": "42.0",
        "payment_date": "01.01.2022",
        "bill_value": "",
        "account_number": "",
        "bank_bik": ""
    },
    {
        "org_ppa_guid": "7838413520",
        "internal_id": "240000079_2022_01",
        "account_internal_id": "240000079_2022_01",
        "gis_id": "240000079_2022_01",
        "month": "01.01.2022",
        "credit": "12575.78",
        "saldo": "11655.06",
        "payment_value": "12575.78",
        "payment_date": "01.01.2022",
        "bill_value": "",
        "account_number": "",
        "bank_bik": ""
    },
    {
        "org_ppa_guid": "7838413520",
        "internal_id": "240000080_2022_01",
        "account_internal_id": "240000080_2022_01",
        "gis_id": "240000080_2022_01",
        "month": "01.01.2022",
        "credit": "39173.2",
        "saldo": "53984.29",
        "payment_value": "42.0",
        "payment_date": "01.01.2022",
        "bill_value": "",
        "account_number": "",
        "bank_bik": ""
    },
    {
        "org_ppa_guid": "7838413520",
        "internal_id": "240000081_2022_01",
        "account_internal_id": "240000081_2022_01",
        "gis_id": "240000081_2022_01",
        "month": "01.01.2022",
        "credit": "9913.95",
        "saldo": "9421.39",
        "payment_value": "9913.95",
        "payment_date": "01.01.2022",
        "bill_value": "",
        "account_number": "",
        "bank_bik": ""
    },
    {
        "org_ppa_guid": "7838413520",
        "internal_id": "240000082_2022_01",
        "account_internal_id": "240000082_2022_01",
        "gis_id": "240000082_2022_01",
        "month": "01.01.2022",
        "credit": "42.0",
        "saldo": "14086.47",
        "payment_value": "42.0",
        "payment_date": "01.01.2022",
        "bill_value": "",
        "account_number": "",
        "bank_bik": ""
    },
    {
        "org_ppa_guid": "7838413520",
        "internal_id": "240000083_2022_01",
        "account_internal_id": "240000083_2022_01",
        "gis_id": "240000083_2022_01",
        "month": "01.01.2022",
        "credit": "8610.71",
        "saldo": "17775.09",
        "payment_value": "42.0",
        "payment_date": "01.01.2022",
        "bill_value": "",
        "account_number": "",
        "bank_bik": ""
    },
    {
        "org_ppa_guid": "7838413520",
        "internal_id": "240000084_2022_01",
        "account_internal_id": "240000084_2022_01",
        "gis_id": "240000084_2022_01",
        "month": "01.01.2022",
        "credit": "25586.29",
        "saldo": "24566.42",
        "payment_value": "25586.29",
        "payment_date": "01.01.2022",
        "bill_value": "",
        "account_number": "",
        "bank_bik": ""
    },
    {
        "org_ppa_guid": "7838413520",
        "internal_id": "240000085_2022_01",
        "account_internal_id": "240000085_2022_01",
        "gis_id": "240000085_2022_01",
        "month": "01.01.2022",
        "credit": "42.0",
        "saldo": "25051.54",
        "payment_value": "42.0",
        "payment_date": "01.01.2022",
        "bill_value": "",
        "account_number": "",
        "bank_bik": ""
    },
    {
        "org_ppa_guid": "7838413520",
        "internal_id": "240000086_2022_01",
        "account_internal_id": "240000086_2022_01",
        "gis_id": "240000086_2022_01",
        "month": "01.01.2022",
        "credit": "17671.59",
        "saldo": "37003.37",
        "payment_value": "42.0",
        "payment_date": "01.01.2022",
        "bill_value": "",
        "account_number": "",
        "bank_bik": ""
    },
    {
        "org_ppa_guid": "7838413520",
        "internal_id": "241000001_2022_01",
        "account_internal_id": "241000001_2022_01",
        "gis_id": "241000001_2022_01",
        "month": "01.01.2022",
        "credit": "1630.25",
        "saldo": "1618.46",
        "payment_value": "1630.25",
        "payment_date": "01.01.2022",
        "bill_value": "",
        "account_number": "",
        "bank_bik": ""
    },
    {
        "org_ppa_guid": "7838413520",
        "internal_id": "241000002_2022_01",
        "account_internal_id": "241000002_2022_01",
        "gis_id": "241000002_2022_01",
        "month": "01.01.2022",
        "credit": "1630.25",
        "saldo": "1618.46",
        "payment_value": "1630.25",
        "payment_date": "01.01.2022",
        "bill_value": "",
        "account_number": "",
        "bank_bik": ""
    },
    {
        "org_ppa_guid": "7838413520",
        "internal_id": "241000003_2022_01",
        "account_internal_id": "241000003_2022_01",
        "gis_id": "241000003_2022_01",
        "month": "01.01.2022",
        "credit": "10588.34",
        "saldo": "16252.25",
        "payment_value": "42.0",
        "payment_date": "01.01.2022",
        "bill_value": "",
        "account_number": "",
        "bank_bik": ""
    },
    {
        "org_ppa_guid": "7838413520",
        "internal_id": "241000004_2022_01",
        "account_internal_id": "241000004_2022_01",
        "gis_id": "241000004_2022_01",
        "month": "01.01.2022",
        "credit": "2309.02",
        "saldo": "2292.34",
        "payment_value": "2309.02",
        "payment_date": "01.01.2022",
        "bill_value": "",
        "account_number": "",
        "bank_bik": ""
    },
    {
        "org_ppa_guid": "7838413520",
        "internal_id": "241000005_2022_01",
        "account_internal_id": "241000005_2022_01",
        "gis_id": "241000005_2022_01",
        "month": "01.01.2022",
        "credit": "2173.41",
        "saldo": "2157.7",
        "payment_value": "2173.41",
        "payment_date": "01.01.2022",
        "bill_value": "",
        "account_number": "",
        "bank_bik": ""
    },
    {
        "org_ppa_guid": "7838413520",
        "internal_id": "241000006_2022_01",
        "account_internal_id": "241000006_2022_01",
        "gis_id": "241000006_2022_01",
        "month": "01.01.2022",
        "credit": "2037.79",
        "saldo": "2023.07",
        "payment_value": "2037.79",
        "payment_date": "01.01.2022",
        "bill_value": "",
        "account_number": "",
        "bank_bik": ""
    },
    {
        "org_ppa_guid": "7838413520",
        "internal_id": "241000007_2022_01",
        "account_internal_id": "241000007_2022_01",
        "gis_id": "241000007_2022_01",
        "month": "01.01.2022",
        "credit": "302.92",
        "saldo": "2730.61",
        "payment_value": "42.0",
        "payment_date": "01.01.2022",
        "bill_value": "",
        "account_number": "",
        "bank_bik": ""
    },
    {
        "org_ppa_guid": "7838413520",
        "internal_id": "241000008_2022_01",
        "account_internal_id": "241000008_2022_01",
        "gis_id": "241000008_2022_01",
        "month": "01.01.2022",
        "credit": "-1612.98",
        "saldo": "274.74",
        "payment_value": "42.0",
        "payment_date": "01.01.2022",
        "bill_value": "",
        "account_number": "",
        "bank_bik": ""
    },
    {
        "org_ppa_guid": "7838413520",
        "internal_id": "241000009_2022_01",
        "account_internal_id": "241000009_2022_01",
        "gis_id": "241000009_2022_01",
        "month": "01.01.2022",
        "credit": "42.0",
        "saldo": "1887.72",
        "payment_value": "42.0",
        "payment_date": "01.01.2022",
        "bill_value": "",
        "account_number": "",
        "bank_bik": ""
    },
    {
        "org_ppa_guid": "7838413520",
        "internal_id": "241000010_2022_01",
        "account_internal_id": "241000010_2022_01",
        "gis_id": "241000010_2022_01",
        "month": "01.01.2022",
        "credit": "5469.95",
        "saldo": "7357.67",
        "payment_value": "42.0",
        "payment_date": "01.01.2022",
        "bill_value": "",
        "account_number": "",
        "bank_bik": ""
    },
    {
        "org_ppa_guid": "7838413520",
        "internal_id": "241000011_2022_01",
        "account_internal_id": "241000011_2022_01",
        "gis_id": "241000011_2022_01",
        "month": "01.01.2022",
        "credit": "1901.46",
        "saldo": "1887.72",
        "payment_value": "1901.46",
        "payment_date": "01.01.2022",
        "bill_value": "",
        "account_number": "",
        "bank_bik": ""
    },
    {
        "org_ppa_guid": "7838413520",
        "internal_id": "241000012_2022_01",
        "account_internal_id": "241000012_2022_01",
        "gis_id": "241000012_2022_01",
        "month": "01.01.2022",
        "credit": "1854.35",
        "saldo": "1840.61",
        "payment_value": "1901.46",
        "payment_date": "01.01.2022",
        "bill_value": "",
        "account_number": "",
        "bank_bik": ""
    },
    {
        "org_ppa_guid": "7838413520",
        "internal_id": "241000013_2022_01",
        "account_internal_id": "241000013_2022_01",
        "gis_id": "241000013_2022_01",
        "month": "01.01.2022",
        "credit": "1854.35",
        "saldo": "1840.61",
        "payment_value": "1901.46",
        "payment_date": "01.01.2022",
        "bill_value": "",
        "account_number": "",
        "bank_bik": ""
    },
    {
        "org_ppa_guid": "7838413520",
        "internal_id": "241000014_2022_01",
        "account_internal_id": "241000014_2022_01",
        "gis_id": "241000014_2022_01",
        "month": "01.01.2022",
        "credit": "-1832.85",
        "saldo": "459.49",
        "payment_value": "42.0",
        "payment_date": "01.01.2022",
        "bill_value": "",
        "account_number": "",
        "bank_bik": ""
    },
    {
        "org_ppa_guid": "7838413520",
        "internal_id": "241000015_2022_01",
        "account_internal_id": "241000015_2022_01",
        "gis_id": "241000015_2022_01",
        "month": "01.01.2022",
        "credit": "-1267.01",
        "saldo": "486.09",
        "payment_value": "42.0",
        "payment_date": "01.01.2022",
        "bill_value": "",
        "account_number": "",
        "bank_bik": ""
    },
    {
        "org_ppa_guid": "7838413520",
        "internal_id": "241000016_2022_01",
        "account_internal_id": "241000016_2022_01",
        "gis_id": "241000016_2022_01",
        "month": "01.01.2022",
        "credit": "42.0",
        "saldo": "2023.07",
        "payment_value": "42.0",
        "payment_date": "01.01.2022",
        "bill_value": "",
        "account_number": "",
        "bank_bik": ""
    },
    {
        "org_ppa_guid": "7838413520",
        "internal_id": "241000017_2022_01",
        "account_internal_id": "241000017_2022_01",
        "gis_id": "241000017_2022_01",
        "month": "01.01.2022",
        "credit": "42.0",
        "saldo": "2696.96",
        "payment_value": "42.0",
        "payment_date": "01.01.2022",
        "bill_value": "",
        "account_number": "",
        "bank_bik": ""
    },
    {
        "org_ppa_guid": "7838413520",
        "internal_id": "241000018_2022_01",
        "account_internal_id": "241000018_2022_01",
        "gis_id": "241000018_2022_01",
        "month": "01.01.2022",
        "credit": "42.0",
        "saldo": "3236.22",
        "payment_value": "42.0",
        "payment_date": "01.01.2022",
        "bill_value": "",
        "account_number": "",
        "bank_bik": ""
    },
    {
        "org_ppa_guid": "7838413520",
        "internal_id": "241000019_2022_01",
        "account_internal_id": "241000019_2022_01",
        "gis_id": "241000019_2022_01",
        "month": "01.01.2022",
        "credit": "42.0",
        "saldo": "2696.96",
        "payment_value": "42.0",
        "payment_date": "01.01.2022",
        "bill_value": "",
        "account_number": "",
        "bank_bik": ""
    },
    {
        "org_ppa_guid": "7838413520",
        "internal_id": "241000020_2022_01",
        "account_internal_id": "241000020_2022_01",
        "gis_id": "241000020_2022_01",
        "month": "01.01.2022",
        "credit": "2119.57",
        "saldo": "4277.27",
        "payment_value": "42.0",
        "payment_date": "01.01.2022",
        "bill_value": "",
        "account_number": "",
        "bank_bik": ""
    },
    {
        "org_ppa_guid": "7838413520",
        "internal_id": "241000021_2022_01",
        "account_internal_id": "241000021_2022_01",
        "gis_id": "241000021_2022_01",
        "month": "01.01.2022",
        "credit": "1722.11",
        "saldo": "3475.21",
        "payment_value": "42.0",
        "payment_date": "01.01.2022",
        "bill_value": "",
        "account_number": "",
        "bank_bik": ""
    },
    {
        "org_ppa_guid": "7838413520",
        "internal_id": "241000022_2022_01",
        "account_internal_id": "241000022_2022_01",
        "gis_id": "241000022_2022_01",
        "month": "01.01.2022",
        "credit": "1854.35",
        "saldo": "3742.07",
        "payment_value": "42.0",
        "payment_date": "01.01.2022",
        "bill_value": "",
        "account_number": "",
        "bank_bik": ""
    },
    {
        "org_ppa_guid": "7838413520",
        "internal_id": "241000023_2022_01",
        "account_internal_id": "241000023_2022_01",
        "gis_id": "241000023_2022_01",
        "month": "01.01.2022",
        "credit": "20.0",
        "saldo": "1907.72",
        "payment_value": "42.0",
        "payment_date": "01.01.2022",
        "bill_value": "",
        "account_number": "",
        "bank_bik": ""
    },
    {
        "org_ppa_guid": "7838413520",
        "internal_id": "241000024_2022_01",
        "account_internal_id": "241000024_2022_01",
        "gis_id": "241000024_2022_01",
        "month": "01.01.2022",
        "credit": "42.0",
        "saldo": "1887.72",
        "payment_value": "42.0",
        "payment_date": "01.01.2022",
        "bill_value": "",
        "account_number": "",
        "bank_bik": ""
    },
    {
        "org_ppa_guid": "7838413520",
        "internal_id": "241000025_2022_01",
        "account_internal_id": "241000025_2022_01",
        "gis_id": "241000025_2022_01",
        "month": "01.01.2022",
        "credit": "9193.51",
        "saldo": "1887.72",
        "payment_value": "9193.51",
        "payment_date": "01.01.2022",
        "bill_value": "",
        "account_number": "",
        "bank_bik": ""
    },
    {
        "org_ppa_guid": "7838413520",
        "internal_id": "241000026_2022_01",
        "account_internal_id": "241000026_2022_01",
        "gis_id": "241000026_2022_01",
        "month": "01.01.2022",
        "credit": "1901.46",
        "saldo": "3789.18",
        "payment_value": "42.0",
        "payment_date": "01.01.2022",
        "bill_value": "",
        "account_number": "",
        "bank_bik": ""
    },
    {
        "org_ppa_guid": "7838413520",
        "internal_id": "241000027_2022_01",
        "account_internal_id": "241000027_2022_01",
        "gis_id": "241000027_2022_01",
        "month": "01.01.2022",
        "credit": "1901.46",
        "saldo": "3789.18",
        "payment_value": "42.0",
        "payment_date": "01.01.2022",
        "bill_value": "",
        "account_number": "",
        "bank_bik": ""
    },
    {
        "org_ppa_guid": "7838413520",
        "internal_id": "241000028_2022_01",
        "account_internal_id": "241000028_2022_01",
        "gis_id": "241000028_2022_01",
        "month": "01.01.2022",
        "credit": "1901.46",
        "saldo": "3789.18",
        "payment_value": "42.0",
        "payment_date": "01.01.2022",
        "bill_value": "",
        "account_number": "",
        "bank_bik": ""
    },
    {
        "org_ppa_guid": "7838413520",
        "internal_id": "241000029_2022_01",
        "account_internal_id": "241000029_2022_01",
        "gis_id": "241000029_2022_01",
        "month": "01.01.2022",
        "credit": "1901.46",
        "saldo": "1887.72",
        "payment_value": "1901.46",
        "payment_date": "01.01.2022",
        "bill_value": "",
        "account_number": "",
        "bank_bik": ""
    },
    {
        "org_ppa_guid": "7838413520",
        "internal_id": "241000030_2022_01",
        "account_internal_id": "241000030_2022_01",
        "gis_id": "241000030_2022_01",
        "month": "01.01.2022",
        "credit": "2037.79",
        "saldo": "2023.07",
        "payment_value": "2037.79",
        "payment_date": "01.01.2022",
        "bill_value": "",
        "account_number": "",
        "bank_bik": ""
    },
    {
        "org_ppa_guid": "7838413520",
        "internal_id": "241000031_2022_01",
        "account_internal_id": "241000031_2022_01",
        "gis_id": "241000031_2022_01",
        "month": "01.01.2022",
        "credit": "1901.46",
        "saldo": "1887.72",
        "payment_value": "1901.46",
        "payment_date": "01.01.2022",
        "bill_value": "",
        "account_number": "",
        "bank_bik": ""
    },
    {
        "org_ppa_guid": "7838413520",
        "internal_id": "241000032_2022_01",
        "account_internal_id": "241000032_2022_01",
        "gis_id": "241000032_2022_01",
        "month": "01.01.2022",
        "credit": "42.0",
        "saldo": "2292.34",
        "payment_value": "42.0",
        "payment_date": "01.01.2022",
        "bill_value": "",
        "account_number": "",
        "bank_bik": ""
    },
    {
        "org_ppa_guid": "7838413520",
        "internal_id": "241000033_2022_01",
        "account_internal_id": "241000033_2022_01",
        "gis_id": "241000033_2022_01",
        "month": "01.01.2022",
        "credit": "42.0",
        "saldo": "6473.12",
        "payment_value": "42.0",
        "payment_date": "01.01.2022",
        "bill_value": "",
        "account_number": "",
        "bank_bik": ""
    },
    {
        "org_ppa_guid": "7838413520",
        "internal_id": "241000034_2022_01",
        "account_internal_id": "241000034_2022_01",
        "gis_id": "241000034_2022_01",
        "month": "01.01.2022",
        "credit": "3481.58",
        "saldo": "5504.65",
        "payment_value": "42.0",
        "payment_date": "01.01.2022",
        "bill_value": "",
        "account_number": "",
        "bank_bik": ""
    },
    {
        "org_ppa_guid": "7838413520",
        "internal_id": "241000035_2022_01",
        "account_internal_id": "241000035_2022_01",
        "gis_id": "241000035_2022_01",
        "month": "01.01.2022",
        "credit": "3470.03",
        "saldo": "5357.75",
        "payment_value": "42.0",
        "payment_date": "01.01.2022",
        "bill_value": "",
        "account_number": "",
        "bank_bik": ""
    },
    {
        "org_ppa_guid": "7838413520",
        "internal_id": "241000036_2022_01",
        "account_internal_id": "241000036_2022_01",
        "gis_id": "241000036_2022_01",
        "month": "01.01.2022",
        "credit": "42.0",
        "saldo": "2023.07",
        "payment_value": "42.0",
        "payment_date": "01.01.2022",
        "bill_value": "",
        "account_number": "",
        "bank_bik": ""
    },
    {
        "org_ppa_guid": "7838413520",
        "internal_id": "241000037_2022_01",
        "account_internal_id": "241000037_2022_01",
        "gis_id": "241000037_2022_01",
        "month": "01.01.2022",
        "credit": "3667.35",
        "saldo": "-26.5",
        "payment_value": "7334.7",
        "payment_date": "01.01.2022",
        "bill_value": "",
        "account_number": "",
        "bank_bik": ""
    },
    {
        "org_ppa_guid": "7838413520",
        "internal_id": "241000038_2022_01",
        "account_internal_id": "241000038_2022_01",
        "gis_id": "241000038_2022_01",
        "month": "01.01.2022",
        "credit": "16861.65",
        "saldo": "6502.5",
        "payment_value": "14000.0",
        "payment_date": "01.01.2022",
        "bill_value": "",
        "account_number": "",
        "bank_bik": ""
    },
    {
        "org_ppa_guid": "7838413520",
        "internal_id": "241000039_2022_01",
        "account_internal_id": "241000039_2022_01",
        "gis_id": "241000039_2022_01",
        "month": "01.01.2022",
        "credit": "2173.41",
        "saldo": "2157.7",
        "payment_value": "2173.41",
        "payment_date": "01.01.2022",
        "bill_value": "",
        "account_number": "",
        "bank_bik": ""
    },
    {
        "org_ppa_guid": "7838413520",
        "internal_id": "241000040_2022_01",
        "account_internal_id": "241000040_2022_01",
        "gis_id": "241000040_2022_01",
        "month": "01.01.2022",
        "credit": "-2726.93",
        "saldo": "-2738.72",
        "payment_value": "1630.25",
        "payment_date": "01.01.2022",
        "bill_value": "",
        "account_number": "",
        "bank_bik": ""
    },
    {
        "org_ppa_guid": "7838413520",
        "internal_id": "241000041_2022_01",
        "account_internal_id": "241000041_2022_01",
        "gis_id": "241000041_2022_01",
        "month": "01.01.2022",
        "credit": "1630.25",
        "saldo": "3248.71",
        "payment_value": "42.0",
        "payment_date": "01.01.2022",
        "bill_value": "",
        "account_number": "",
        "bank_bik": ""
    },
    {
        "org_ppa_guid": "7838413520",
        "internal_id": "241000042_2022_01",
        "account_internal_id": "241000042_2022_01",
        "gis_id": "241000042_2022_01",
        "month": "01.01.2022",
        "credit": "42.0",
        "saldo": "1618.46",
        "payment_value": "42.0",
        "payment_date": "01.01.2022",
        "bill_value": "",
        "account_number": "",
        "bank_bik": ""
    },
    {
        "org_ppa_guid": "7838413520",
        "internal_id": "241000043_2022_01",
        "account_internal_id": "241000043_2022_01",
        "gis_id": "241000043_2022_01",
        "month": "01.01.2022",
        "credit": "5569.52",
        "saldo": "11098.8",
        "payment_value": "42.0",
        "payment_date": "01.01.2022",
        "bill_value": "",
        "account_number": "",
        "bank_bik": ""
    },
    {
        "org_ppa_guid": "7838413520",
        "internal_id": "241000044_2022_01",
        "account_internal_id": "241000044_2022_01",
        "gis_id": "241000044_2022_01",
        "month": "01.01.2022",
        "credit": "4074.89",
        "saldo": "4045.44",
        "payment_value": "4074.89",
        "payment_date": "01.01.2022",
        "bill_value": "",
        "account_number": "",
        "bank_bik": ""
    },
    {
        "org_ppa_guid": "7838413520",
        "internal_id": "241000045_2022_01",
        "account_internal_id": "241000045_2022_01",
        "gis_id": "241000045_2022_01",
        "month": "01.01.2022",
        "credit": "40.02",
        "saldo": "3680.87",
        "payment_value": "42.0",
        "payment_date": "01.01.2022",
        "bill_value": "",
        "account_number": "",
        "bank_bik": ""
    },
    {
        "org_ppa_guid": "7838413520",
        "internal_id": "241000046_2022_01",
        "account_internal_id": "241000046_2022_01",
        "gis_id": "241000046_2022_01",
        "month": "01.01.2022",
        "credit": "3344.85",
        "saldo": "3321.3",
        "payment_value": "3259.77",
        "payment_date": "01.01.2022",
        "bill_value": "",
        "account_number": "",
        "bank_bik": ""
    },
    {
        "org_ppa_guid": "7838413520",
        "internal_id": "241000047_2022_01",
        "account_internal_id": "241000047_2022_01",
        "gis_id": "241000047_2022_01",
        "month": "01.01.2022",
        "credit": "8539.78",
        "saldo": "12855.19",
        "payment_value": "42.0",
        "payment_date": "01.01.2022",
        "bill_value": "",
        "account_number": "",
        "bank_bik": ""
    },
    {
        "org_ppa_guid": "7838413520",
        "internal_id": "241000048_2022_01",
        "account_internal_id": "241000048_2022_01",
        "gis_id": "241000048_2022_01",
        "month": "01.01.2022",
        "credit": "3444.21",
        "saldo": "6950.4",
        "payment_value": "42.0",
        "payment_date": "01.01.2022",
        "bill_value": "",
        "account_number": "",
        "bank_bik": ""
    },
    {
        "org_ppa_guid": "7838413520",
        "internal_id": "241000049_2022_01",
        "account_internal_id": "241000049_2022_01",
        "gis_id": "241000049_2022_01",
        "month": "01.01.2022",
        "credit": "42.0",
        "saldo": "3101.58",
        "payment_value": "42.0",
        "payment_date": "01.01.2022",
        "bill_value": "",
        "account_number": "",
        "bank_bik": ""
    },
    {
        "org_ppa_guid": "7838413520",
        "internal_id": "241000050_2022_01",
        "account_internal_id": "241000050_2022_01",
        "gis_id": "241000050_2022_01",
        "month": "01.01.2022",
        "credit": "9377.44",
        "saldo": "12613.66",
        "payment_value": "42.0",
        "payment_date": "01.01.2022",
        "bill_value": "",
        "account_number": "",
        "bank_bik": ""
    },
    {
        "org_ppa_guid": "7838413520",
        "internal_id": "241000051_2022_01",
        "account_internal_id": "241000051_2022_01",
        "gis_id": "241000051_2022_01",
        "month": "01.01.2022",
        "credit": "-7072.59",
        "saldo": "-3836.37",
        "payment_value": "42.0",
        "payment_date": "01.01.2022",
        "bill_value": "",
        "account_number": "",
        "bank_bik": ""
    },
    {
        "org_ppa_guid": "7838413520",
        "internal_id": "241000052_2022_01",
        "account_internal_id": "241000052_2022_01",
        "gis_id": "241000052_2022_01",
        "month": "01.01.2022",
        "credit": "-8932.26",
        "saldo": "-6369.93",
        "payment_value": "42.0",
        "payment_date": "01.01.2022",
        "bill_value": "",
        "account_number": "",
        "bank_bik": ""
    },
    {
        "org_ppa_guid": "7838413520",
        "internal_id": "241000053_2022_01",
        "account_internal_id": "241000053_2022_01",
        "gis_id": "241000053_2022_01",
        "month": "01.01.2022",
        "credit": "-591.55",
        "saldo": "3993.15",
        "payment_value": "42.0",
        "payment_date": "01.01.2022",
        "bill_value": "",
        "account_number": "",
        "bank_bik": ""
    },
    {
        "org_ppa_guid": "7838413520",
        "internal_id": "241000054_2022_01",
        "account_internal_id": "241000054_2022_01",
        "gis_id": "241000054_2022_01",
        "month": "01.01.2022",
        "credit": "-7864.96",
        "saldo": "-2740.32",
        "payment_value": "42.0",
        "payment_date": "01.01.2022",
        "bill_value": "",
        "account_number": "",
        "bank_bik": ""
    },
    {
        "org_ppa_guid": "7838413520",
        "internal_id": "241000055_2022_01",
        "account_internal_id": "241000055_2022_01",
        "gis_id": "241000055_2022_01",
        "month": "01.01.2022",
        "credit": "42.0",
        "saldo": "1618.46",
        "payment_value": "42.0",
        "payment_date": "01.01.2022",
        "bill_value": "",
        "account_number": "",
        "bank_bik": ""
    },
    {
        "org_ppa_guid": "7838413520",
        "internal_id": "241000056_2022_01",
        "account_internal_id": "241000056_2022_01",
        "gis_id": "241000056_2022_01",
        "month": "01.01.2022",
        "credit": "42.0",
        "saldo": "1618.46",
        "payment_value": "42.0",
        "payment_date": "01.01.2022",
        "bill_value": "",
        "account_number": "",
        "bank_bik": ""
    },
    {
        "org_ppa_guid": "7838413520",
        "internal_id": "241000057_2022_01",
        "account_internal_id": "241000057_2022_01",
        "gis_id": "241000057_2022_01",
        "month": "01.01.2022",
        "credit": "3220.11",
        "saldo": "3208.32",
        "payment_value": "1630.25",
        "payment_date": "01.01.2022",
        "bill_value": "",
        "account_number": "",
        "bank_bik": ""
    },
    {
        "org_ppa_guid": "7838413520",
        "internal_id": "241000058_2022_01",
        "account_internal_id": "241000058_2022_01",
        "gis_id": "241000058_2022_01",
        "month": "01.01.2022",
        "credit": "42.0",
        "saldo": "2157.7",
        "payment_value": "42.0",
        "payment_date": "01.01.2022",
        "bill_value": "",
        "account_number": "",
        "bank_bik": ""
    },
    {
        "org_ppa_guid": "7838413520",
        "internal_id": "241000059_2022_01",
        "account_internal_id": "241000059_2022_01",
        "gis_id": "241000059_2022_01",
        "month": "01.01.2022",
        "credit": "-2593.54",
        "saldo": "-705.82",
        "payment_value": "42.0",
        "payment_date": "01.01.2022",
        "bill_value": "",
        "account_number": "",
        "bank_bik": ""
    },
    {
        "org_ppa_guid": "7838413520",
        "internal_id": "241000060_2022_01",
        "account_internal_id": "241000060_2022_01",
        "gis_id": "241000060_2022_01",
        "month": "01.01.2022",
        "credit": "-2593.54",
        "saldo": "-705.82",
        "payment_value": "42.0",
        "payment_date": "01.01.2022",
        "bill_value": "",
        "account_number": "",
        "bank_bik": ""
    },
    {
        "org_ppa_guid": "7838413520",
        "internal_id": "241000061_2022_01",
        "account_internal_id": "241000061_2022_01",
        "gis_id": "241000061_2022_01",
        "month": "01.01.2022",
        "credit": "2037.79",
        "saldo": "4060.86",
        "payment_value": "42.0",
        "payment_date": "01.01.2022",
        "bill_value": "",
        "account_number": "",
        "bank_bik": ""
    },
    {
        "org_ppa_guid": "7838413520",
        "internal_id": "241000062_2022_01",
        "account_internal_id": "241000062_2022_01",
        "gis_id": "241000062_2022_01",
        "month": "01.01.2022",
        "credit": "42.0",
        "saldo": "3910.81",
        "payment_value": "42.0",
        "payment_date": "01.01.2022",
        "bill_value": "",
        "account_number": "",
        "bank_bik": ""
    },
    {
        "org_ppa_guid": "7838413520",
        "internal_id": "241000063_2022_01",
        "account_internal_id": "241000063_2022_01",
        "gis_id": "241000063_2022_01",
        "month": "01.01.2022",
        "credit": "42.0",
        "saldo": "5259.28",
        "payment_value": "42.0",
        "payment_date": "01.01.2022",
        "bill_value": "",
        "account_number": "",
        "bank_bik": ""
    },
    {
        "org_ppa_guid": "7838413520",
        "internal_id": "241000064_2022_01",
        "account_internal_id": "241000064_2022_01",
        "gis_id": "241000064_2022_01",
        "month": "01.01.2022",
        "credit": "42.0",
        "saldo": "2831.62",
        "payment_value": "42.0",
        "payment_date": "01.01.2022",
        "bill_value": "",
        "account_number": "",
        "bank_bik": ""
    },
    {
        "org_ppa_guid": "7838413520",
        "internal_id": "241000065_2022_01",
        "account_internal_id": "241000065_2022_01",
        "gis_id": "241000065_2022_01",
        "month": "01.01.2022",
        "credit": "2852.23",
        "saldo": "5683.85",
        "payment_value": "42.0",
        "payment_date": "01.01.2022",
        "bill_value": "",
        "account_number": "",
        "bank_bik": ""
    },
    {
        "org_ppa_guid": "7838413520",
        "internal_id": "241000066_2022_01",
        "account_internal_id": "241000066_2022_01",
        "gis_id": "241000066_2022_01",
        "month": "01.01.2022",
        "credit": "42.0",
        "saldo": "2966.95",
        "payment_value": "42.0",
        "payment_date": "01.01.2022",
        "bill_value": "",
        "account_number": "",
        "bank_bik": ""
    },
    {
        "org_ppa_guid": "7838413520",
        "internal_id": "241000067_2022_01",
        "account_internal_id": "241000067_2022_01",
        "gis_id": "241000067_2022_01",
        "month": "01.01.2022",
        "credit": "21564.73",
        "saldo": "7282.36",
        "payment_value": "21564.73",
        "payment_date": "01.01.2022",
        "bill_value": "",
        "account_number": "",
        "bank_bik": ""
    },
    {
        "org_ppa_guid": "7838413520",
        "internal_id": "241000068_2022_01",
        "account_internal_id": "241000068_2022_01",
        "gis_id": "241000068_2022_01",
        "month": "01.01.2022",
        "credit": "1630.25",
        "saldo": "1618.46",
        "payment_value": "1630.25",
        "payment_date": "01.01.2022",
        "bill_value": "",
        "account_number": "",
        "bank_bik": ""
    },
    {
        "org_ppa_guid": "7838413520",
        "internal_id": "241000069_2022_01",
        "account_internal_id": "241000069_2022_01",
        "gis_id": "241000069_2022_01",
        "month": "01.01.2022",
        "credit": "3124.15",
        "saldo": "3101.58",
        "payment_value": "3124.15",
        "payment_date": "01.01.2022",
        "bill_value": "",
        "account_number": "",
        "bank_bik": ""
    },
    {
        "org_ppa_guid": "7838413520",
        "internal_id": "241000070_2022_01",
        "account_internal_id": "241000070_2022_01",
        "gis_id": "241000070_2022_01",
        "month": "01.01.2022",
        "credit": "3124.15",
        "saldo": "3101.58",
        "payment_value": "3124.15",
        "payment_date": "01.01.2022",
        "bill_value": "",
        "account_number": "",
        "bank_bik": ""
    },
    {
        "org_ppa_guid": "7838413520",
        "internal_id": "241000071_2022_01",
        "account_internal_id": "241000071_2022_01",
        "gis_id": "241000071_2022_01",
        "month": "01.01.2022",
        "credit": "42.0",
        "saldo": "1753.1",
        "payment_value": "42.0",
        "payment_date": "01.01.2022",
        "bill_value": "",
        "account_number": "",
        "bank_bik": ""
    },
    {
        "org_ppa_guid": "7838413520",
        "internal_id": "241000072_2022_01",
        "account_internal_id": "241000072_2022_01",
        "gis_id": "241000072_2022_01",
        "month": "01.01.2022",
        "credit": "42.0",
        "saldo": "2157.7",
        "payment_value": "42.0",
        "payment_date": "01.01.2022",
        "bill_value": "",
        "account_number": "",
        "bank_bik": ""
    },
    {
        "org_ppa_guid": "7838413520",
        "internal_id": "241000073_2022_01",
        "account_internal_id": "241000073_2022_01",
        "gis_id": "241000073_2022_01",
        "month": "01.01.2022",
        "credit": "4346.81",
        "saldo": "4315.41",
        "payment_value": "4346.81",
        "payment_date": "01.01.2022",
        "bill_value": "",
        "account_number": "",
        "bank_bik": ""
    },
    {
        "org_ppa_guid": "7838413520",
        "internal_id": "241000074_2022_01",
        "account_internal_id": "241000074_2022_01",
        "gis_id": "241000074_2022_01",
        "month": "01.01.2022",
        "credit": "5840.74",
        "saldo": "5798.54",
        "payment_value": "5840.74",
        "payment_date": "01.01.2022",
        "bill_value": "",
        "account_number": "",
        "bank_bik": ""
    },
    {
        "org_ppa_guid": "7838413520",
        "internal_id": "241000075_2022_01",
        "account_internal_id": "241000075_2022_01",
        "gis_id": "241000075_2022_01",
        "month": "01.01.2022",
        "credit": "5840.74",
        "saldo": "5798.54",
        "payment_value": "5840.74",
        "payment_date": "01.01.2022",
        "bill_value": "",
        "account_number": "",
        "bank_bik": ""
    },
    {
        "org_ppa_guid": "7838413520",
        "internal_id": "241000076_2022_01",
        "account_internal_id": "241000076_2022_01",
        "gis_id": "241000076_2022_01",
        "month": "01.01.2022",
        "credit": "42.0",
        "saldo": "4180.77",
        "payment_value": "42.0",
        "payment_date": "01.01.2022",
        "bill_value": "",
        "account_number": "",
        "bank_bik": ""
    },
    {
        "org_ppa_guid": "7838413520",
        "internal_id": "241000077_2022_01",
        "account_internal_id": "241000077_2022_01",
        "gis_id": "241000077_2022_01",
        "month": "01.01.2022",
        "credit": "42.0",
        "saldo": "2023.07",
        "payment_value": "42.0",
        "payment_date": "01.01.2022",
        "bill_value": "",
        "account_number": "",
        "bank_bik": ""
    },
    {
        "org_ppa_guid": "7838413520",
        "internal_id": "241000078_2022_01",
        "account_internal_id": "241000078_2022_01",
        "gis_id": "241000078_2022_01",
        "month": "01.01.2022",
        "credit": "2465.66",
        "saldo": "2447.01",
        "payment_value": "2580.98",
        "payment_date": "01.01.2022",
        "bill_value": "",
        "account_number": "",
        "bank_bik": ""
    },
    {
        "org_ppa_guid": "7838413520",
        "internal_id": "241000079_2022_01",
        "account_internal_id": "241000079_2022_01",
        "gis_id": "241000079_2022_01",
        "month": "01.01.2022",
        "credit": "-31263.3",
        "saldo": "-27757.11",
        "payment_value": "42.0",
        "payment_date": "01.01.2022",
        "bill_value": "",
        "account_number": "",
        "bank_bik": ""
    },
    {
        "org_ppa_guid": "7838413520",
        "internal_id": "241000080_2022_01",
        "account_internal_id": "241000080_2022_01",
        "gis_id": "241000080_2022_01",
        "month": "01.01.2022",
        "credit": "7030.6",
        "saldo": "7005.09",
        "payment_value": "3531.7",
        "payment_date": "01.01.2022",
        "bill_value": "",
        "account_number": "",
        "bank_bik": ""
    },
    {
        "org_ppa_guid": "7838413520",
        "internal_id": "241000081_2022_01",
        "account_internal_id": "241000081_2022_01",
        "gis_id": "241000081_2022_01",
        "month": "01.01.2022",
        "credit": "5070.62",
        "saldo": "7632.95",
        "payment_value": "42.0",
        "payment_date": "01.01.2022",
        "bill_value": "",
        "account_number": "",
        "bank_bik": ""
    },
    {
        "org_ppa_guid": "7838413520",
        "internal_id": "241000082_2022_01",
        "account_internal_id": "241000082_2022_01",
        "gis_id": "241000082_2022_01",
        "month": "01.01.2022",
        "credit": "4269.89",
        "saldo": "6427.59",
        "payment_value": "42.0",
        "payment_date": "01.01.2022",
        "bill_value": "",
        "account_number": "",
        "bank_bik": ""
    },
    {
        "org_ppa_guid": "7838413520",
        "internal_id": "241000083_2022_01",
        "account_internal_id": "241000083_2022_01",
        "gis_id": "241000083_2022_01",
        "month": "01.01.2022",
        "credit": "2445.36",
        "saldo": "2427.69",
        "payment_value": "2445.36",
        "payment_date": "01.01.2022",
        "bill_value": "",
        "account_number": "",
        "bank_bik": ""
    },
    {
        "org_ppa_guid": "7838413520",
        "internal_id": "241000084_2022_01",
        "account_internal_id": "241000084_2022_01",
        "gis_id": "241000084_2022_01",
        "month": "01.01.2022",
        "credit": "5569.52",
        "saldo": "5529.28",
        "payment_value": "5569.52",
        "payment_date": "01.01.2022",
        "bill_value": "",
        "account_number": "",
        "bank_bik": ""
    },
    {
        "org_ppa_guid": "7838413520",
        "internal_id": "241000085_2022_01",
        "account_internal_id": "241000085_2022_01",
        "gis_id": "241000085_2022_01",
        "month": "01.01.2022",
        "credit": "42.0",
        "saldo": "5933.19",
        "payment_value": "42.0",
        "payment_date": "01.01.2022",
        "bill_value": "",
        "account_number": "",
        "bank_bik": ""
    },
    {
        "org_ppa_guid": "7838413520",
        "internal_id": "241000086_2022_01",
        "account_internal_id": "241000086_2022_01",
        "gis_id": "241000086_2022_01",
        "month": "01.01.2022",
        "credit": "8585.93",
        "saldo": "8554.53",
        "payment_value": "4346.81",
        "payment_date": "01.01.2022",
        "bill_value": "",
        "account_number": "",
        "bank_bik": ""
    },
    {
        "org_ppa_guid": "7838413520",
        "internal_id": "241000087_2022_01",
        "account_internal_id": "241000087_2022_01",
        "gis_id": "241000087_2022_01",
        "month": "01.01.2022",
        "credit": "2852.23",
        "saldo": "2831.62",
        "payment_value": "2852.23",
        "payment_date": "01.01.2022",
        "bill_value": "",
        "account_number": "",
        "bank_bik": ""
    },
    {
        "org_ppa_guid": "7838413520",
        "internal_id": "241000088_2022_01",
        "account_internal_id": "241000088_2022_01",
        "gis_id": "241000088_2022_01",
        "month": "01.01.2022",
        "credit": "1844.42",
        "saldo": "1887.72",
        "payment_value": "1844.42",
        "payment_date": "01.01.2022",
        "bill_value": "",
        "account_number": "",
        "bank_bik": ""
    },
    {
        "org_ppa_guid": "7838413520",
        "internal_id": "241000089_2022_01",
        "account_internal_id": "241000089_2022_01",
        "gis_id": "241000089_2022_01",
        "month": "01.01.2022",
        "credit": "1901.46",
        "saldo": "3789.18",
        "payment_value": "42.0",
        "payment_date": "01.01.2022",
        "bill_value": "",
        "account_number": "",
        "bank_bik": ""
    },
    {
        "org_ppa_guid": "7838413520",
        "internal_id": "241000090_2022_01",
        "account_internal_id": "241000090_2022_01",
        "gis_id": "241000090_2022_01",
        "month": "01.01.2022",
        "credit": "2037.79",
        "saldo": "2023.07",
        "payment_value": "2037.79",
        "payment_date": "01.01.2022",
        "bill_value": "",
        "account_number": "",
        "bank_bik": ""
    },
    {
        "org_ppa_guid": "7838413520",
        "internal_id": "241000091_2022_01",
        "account_internal_id": "241000091_2022_01",
        "gis_id": "241000091_2022_01",
        "month": "01.01.2022",
        "credit": "-10413.85",
        "saldo": "-8660.75",
        "payment_value": "42.0",
        "payment_date": "01.01.2022",
        "bill_value": "",
        "account_number": "",
        "bank_bik": ""
    },
    {
        "org_ppa_guid": "7838413520",
        "internal_id": "241000092_2022_01",
        "account_internal_id": "241000092_2022_01",
        "gis_id": "241000092_2022_01",
        "month": "01.01.2022",
        "credit": "1901.46",
        "saldo": "1887.72",
        "payment_value": "1901.46",
        "payment_date": "01.01.2022",
        "bill_value": "",
        "account_number": "",
        "bank_bik": ""
    },
    {
        "org_ppa_guid": "7838413520",
        "internal_id": "241000093_2022_01",
        "account_internal_id": "241000093_2022_01",
        "gis_id": "241000093_2022_01",
        "month": "01.01.2022",
        "credit": "1901.46",
        "saldo": "1887.72",
        "payment_value": "1901.46",
        "payment_date": "01.01.2022",
        "bill_value": "",
        "account_number": "",
        "bank_bik": ""
    },
    {
        "org_ppa_guid": "7838413520",
        "internal_id": "241000094_2022_01",
        "account_internal_id": "241000094_2022_01",
        "gis_id": "241000094_2022_01",
        "month": "01.01.2022",
        "credit": "42.0",
        "saldo": "2696.96",
        "payment_value": "42.0",
        "payment_date": "01.01.2022",
        "bill_value": "",
        "account_number": "",
        "bank_bik": ""
    },
    {
        "org_ppa_guid": "7838413520",
        "internal_id": "241000095_2022_01",
        "account_internal_id": "241000095_2022_01",
        "gis_id": "241000095_2022_01",
        "month": "01.01.2022",
        "credit": "42.0",
        "saldo": "2696.96",
        "payment_value": "42.0",
        "payment_date": "01.01.2022",
        "bill_value": "",
        "account_number": "",
        "bank_bik": ""
    },
    {
        "org_ppa_guid": "7838413520",
        "internal_id": "241000096_2022_01",
        "account_internal_id": "241000096_2022_01",
        "gis_id": "241000096_2022_01",
        "month": "01.01.2022",
        "credit": "1630.25",
        "saldo": "1618.46",
        "payment_value": "1630.25",
        "payment_date": "01.01.2022",
        "bill_value": "",
        "account_number": "",
        "bank_bik": ""
    },
    {
        "org_ppa_guid": "7838413520",
        "internal_id": "241000097_2022_01",
        "account_internal_id": "241000097_2022_01",
        "gis_id": "241000097_2022_01",
        "month": "01.01.2022",
        "credit": "1765.87",
        "saldo": "1753.1",
        "payment_value": "1765.87",
        "payment_date": "01.01.2022",
        "bill_value": "",
        "account_number": "",
        "bank_bik": ""
    },
    {
        "org_ppa_guid": "7838413520",
        "internal_id": "241000098_2022_01",
        "account_internal_id": "241000098_2022_01",
        "gis_id": "241000098_2022_01",
        "month": "01.01.2022",
        "credit": "7406.46",
        "saldo": "2039.18",
        "payment_value": "7255.0",
        "payment_date": "01.01.2022",
        "bill_value": "",
        "account_number": "",
        "bank_bik": ""
    },
    {
        "org_ppa_guid": "7838413520",
        "internal_id": "241000099_2022_01",
        "account_internal_id": "241000099_2022_01",
        "gis_id": "241000099_2022_01",
        "month": "01.01.2022",
        "credit": "1765.87",
        "saldo": "1753.1",
        "payment_value": "1765.87",
        "payment_date": "01.01.2022",
        "bill_value": "",
        "account_number": "",
        "bank_bik": ""
    },
    {
        "org_ppa_guid": "7838413520",
        "internal_id": "241000100_2022_01",
        "account_internal_id": "241000100_2022_01",
        "gis_id": "241000100_2022_01",
        "month": "01.01.2022",
        "credit": "1765.87",
        "saldo": "1753.1",
        "payment_value": "1765.87",
        "payment_date": "01.01.2022",
        "bill_value": "",
        "account_number": "",
        "bank_bik": ""
    },
    {
        "org_ppa_guid": "7838413520",
        "internal_id": "241000101_2022_01",
        "account_internal_id": "241000101_2022_01",
        "gis_id": "241000101_2022_01",
        "month": "01.01.2022",
        "credit": "-395.62",
        "saldo": "1959.24",
        "payment_value": "42.0",
        "payment_date": "01.01.2022",
        "bill_value": "",
        "account_number": "",
        "bank_bik": ""
    },
    {
        "org_ppa_guid": "7838413520",
        "internal_id": "241000102_2022_01",
        "account_internal_id": "241000102_2022_01",
        "gis_id": "241000102_2022_01",
        "month": "01.01.2022",
        "credit": "387.16",
        "saldo": "2274.88",
        "payment_value": "42.0",
        "payment_date": "01.01.2022",
        "bill_value": "",
        "account_number": "",
        "bank_bik": ""
    },
    {
        "org_ppa_guid": "7838413520",
        "internal_id": "241000103_2022_01",
        "account_internal_id": "241000103_2022_01",
        "gis_id": "241000103_2022_01",
        "month": "01.01.2022",
        "credit": "30.0",
        "saldo": "16.26",
        "payment_value": "1901.46",
        "payment_date": "01.01.2022",
        "bill_value": "",
        "account_number": "",
        "bank_bik": ""
    },
    {
        "org_ppa_guid": "7838413520",
        "internal_id": "241000104_2022_01",
        "account_internal_id": "241000104_2022_01",
        "gis_id": "241000104_2022_01",
        "month": "01.01.2022",
        "credit": "61.69",
        "saldo": "47.95",
        "payment_value": "1901.46",
        "payment_date": "01.01.2022",
        "bill_value": "",
        "account_number": "",
        "bank_bik": ""
    },
    {
        "org_ppa_guid": "7838413520",
        "internal_id": "241000105_2022_01",
        "account_internal_id": "241000105_2022_01",
        "gis_id": "241000105_2022_01",
        "month": "01.01.2022",
        "credit": "42.0",
        "saldo": "1887.72",
        "payment_value": "42.0",
        "payment_date": "01.01.2022",
        "bill_value": "",
        "account_number": "",
        "bank_bik": ""
    },
    {
        "org_ppa_guid": "7838413520",
        "internal_id": "241000106_2022_01",
        "account_internal_id": "241000106_2022_01",
        "gis_id": "241000106_2022_01",
        "month": "01.01.2022",
        "credit": "1901.46",
        "saldo": "1887.72",
        "payment_value": "1901.46",
        "payment_date": "01.01.2022",
        "bill_value": "",
        "account_number": "",
        "bank_bik": ""
    },
    {
        "org_ppa_guid": "7838413520",
        "internal_id": "241000107_2022_01",
        "account_internal_id": "241000107_2022_01",
        "gis_id": "241000107_2022_01",
        "month": "01.01.2022",
        "credit": "42.0",
        "saldo": "1887.72",
        "payment_value": "42.0",
        "payment_date": "01.01.2022",
        "bill_value": "",
        "account_number": "",
        "bank_bik": ""
    },
    {
        "org_ppa_guid": "7838413520",
        "internal_id": "241000108_2022_01",
        "account_internal_id": "241000108_2022_01",
        "gis_id": "241000108_2022_01",
        "month": "01.01.2022",
        "credit": "30.0",
        "saldo": "16.26",
        "payment_value": "1901.46",
        "payment_date": "01.01.2022",
        "bill_value": "",
        "account_number": "",
        "bank_bik": ""
    },
    {
        "org_ppa_guid": "7838413520",
        "internal_id": "241000109_2022_01",
        "account_internal_id": "241000109_2022_01",
        "gis_id": "241000109_2022_01",
        "month": "01.01.2022",
        "credit": "2037.79",
        "saldo": "4060.86",
        "payment_value": "42.0",
        "payment_date": "01.01.2022",
        "bill_value": "",
        "account_number": "",
        "bank_bik": ""
    },
    {
        "org_ppa_guid": "7838413520",
        "internal_id": "241000110_2022_01",
        "account_internal_id": "241000110_2022_01",
        "gis_id": "241000110_2022_01",
        "month": "01.01.2022",
        "credit": "47211.33",
        "saldo": "47189.73",
        "payment_value": "2988.55",
        "payment_date": "01.01.2022",
        "bill_value": "",
        "account_number": "",
        "bank_bik": ""
    },
    {
        "org_ppa_guid": "7838413520",
        "internal_id": "241000111_2022_01",
        "account_internal_id": "241000111_2022_01",
        "gis_id": "241000111_2022_01",
        "month": "01.01.2022",
        "credit": "29960.94",
        "saldo": "29943.27",
        "payment_value": "2445.36",
        "payment_date": "01.01.2022",
        "bill_value": "",
        "account_number": "",
        "bank_bik": ""
    },
    {
        "org_ppa_guid": "7838413520",
        "internal_id": "241000112_2022_01",
        "account_internal_id": "241000112_2022_01",
        "gis_id": "241000112_2022_01",
        "month": "01.01.2022",
        "credit": "33952.56",
        "saldo": "33932.93",
        "payment_value": "2716.59",
        "payment_date": "01.01.2022",
        "bill_value": "",
        "account_number": "",
        "bank_bik": ""
    },
    {
        "org_ppa_guid": "7838413520",
        "internal_id": "241000113_2022_01",
        "account_internal_id": "241000113_2022_01",
        "gis_id": "241000113_2022_01",
        "month": "01.01.2022",
        "credit": "42.0",
        "saldo": "2023.07",
        "payment_value": "42.0",
        "payment_date": "01.01.2022",
        "bill_value": "",
        "account_number": "",
        "bank_bik": ""
    },
    {
        "org_ppa_guid": "7838413520",
        "internal_id": "241000114_2022_01",
        "account_internal_id": "241000114_2022_01",
        "gis_id": "241000114_2022_01",
        "month": "01.01.2022",
        "credit": "-16598.54",
        "saldo": "-14710.82",
        "payment_value": "42.0",
        "payment_date": "01.01.2022",
        "bill_value": "",
        "account_number": "",
        "bank_bik": ""
    },
    {
        "org_ppa_guid": "7838413520",
        "internal_id": "241000115_2022_01",
        "account_internal_id": "241000115_2022_01",
        "gis_id": "241000115_2022_01",
        "month": "01.01.2022",
        "credit": "1901.46",
        "saldo": "3789.18",
        "payment_value": "42.0",
        "payment_date": "01.01.2022",
        "bill_value": "",
        "account_number": "",
        "bank_bik": ""
    },
    {
        "org_ppa_guid": "7838413520",
        "internal_id": "241000116_2022_01",
        "account_internal_id": "241000116_2022_01",
        "gis_id": "241000116_2022_01",
        "month": "01.01.2022",
        "credit": "1688.51",
        "saldo": "1674.77",
        "payment_value": "1901.46",
        "payment_date": "01.01.2022",
        "bill_value": "",
        "account_number": "",
        "bank_bik": ""
    },
    {
        "org_ppa_guid": "7838413520",
        "internal_id": "241000117_2022_01",
        "account_internal_id": "241000117_2022_01",
        "gis_id": "241000117_2022_01",
        "month": "01.01.2022",
        "credit": "1688.51",
        "saldo": "1674.77",
        "payment_value": "1901.46",
        "payment_date": "01.01.2022",
        "bill_value": "",
        "account_number": "",
        "bank_bik": ""
    },
    {
        "org_ppa_guid": "7838413520",
        "internal_id": "241000118_2022_01",
        "account_internal_id": "241000118_2022_01",
        "gis_id": "241000118_2022_01",
        "month": "01.01.2022",
        "credit": "3755.81",
        "saldo": "3742.07",
        "payment_value": "1901.46",
        "payment_date": "01.01.2022",
        "bill_value": "",
        "account_number": "",
        "bank_bik": ""
    },
    {
        "org_ppa_guid": "7838413520",
        "internal_id": "241000119_2022_01",
        "account_internal_id": "241000119_2022_01",
        "gis_id": "241000119_2022_01",
        "month": "01.01.2022",
        "credit": "1834.16",
        "saldo": "3721.88",
        "payment_value": "42.0",
        "payment_date": "01.01.2022",
        "bill_value": "",
        "account_number": "",
        "bank_bik": ""
    },
    {
        "org_ppa_guid": "7838413520",
        "internal_id": "241000120_2022_01",
        "account_internal_id": "241000120_2022_01",
        "gis_id": "241000120_2022_01",
        "month": "01.01.2022",
        "credit": "1965.67",
        "saldo": "3988.74",
        "payment_value": "42.0",
        "payment_date": "01.01.2022",
        "bill_value": "",
        "account_number": "",
        "bank_bik": ""
    },
    {
        "org_ppa_guid": "7838413520",
        "internal_id": "241000121_2022_01",
        "account_internal_id": "241000121_2022_01",
        "gis_id": "241000121_2022_01",
        "month": "01.01.2022",
        "credit": "7034.61",
        "saldo": "9462.3",
        "payment_value": "42.0",
        "payment_date": "01.01.2022",
        "bill_value": "",
        "account_number": "",
        "bank_bik": ""
    },
    {
        "org_ppa_guid": "7838413520",
        "internal_id": "241000122_2022_01",
        "account_internal_id": "241000122_2022_01",
        "gis_id": "241000122_2022_01",
        "month": "01.01.2022",
        "credit": "42.0",
        "saldo": "1618.46",
        "payment_value": "42.0",
        "payment_date": "01.01.2022",
        "bill_value": "",
        "account_number": "",
        "bank_bik": ""
    },
    {
        "org_ppa_guid": "7838413520",
        "internal_id": "241000123_2022_01",
        "account_internal_id": "241000123_2022_01",
        "gis_id": "241000123_2022_01",
        "month": "01.01.2022",
        "credit": "42.0",
        "saldo": "1618.46",
        "payment_value": "42.0",
        "payment_date": "01.01.2022",
        "bill_value": "",
        "account_number": "",
        "bank_bik": ""
    },
    {
        "org_ppa_guid": "7838413520",
        "internal_id": "241000124_2022_01",
        "account_internal_id": "241000124_2022_01",
        "gis_id": "241000124_2022_01",
        "month": "01.01.2022",
        "credit": "1901.46",
        "saldo": "1887.72",
        "payment_value": "1901.46",
        "payment_date": "01.01.2022",
        "bill_value": "",
        "account_number": "",
        "bank_bik": ""
    },
    {
        "org_ppa_guid": "7838413520",
        "internal_id": "241000125_2022_01",
        "account_internal_id": "241000125_2022_01",
        "gis_id": "241000125_2022_01",
        "month": "01.01.2022",
        "credit": "-11316.29",
        "saldo": "-9697.83",
        "payment_value": "42.0",
        "payment_date": "01.01.2022",
        "bill_value": "",
        "account_number": "",
        "bank_bik": ""
    },
    {
        "org_ppa_guid": "7838413520",
        "internal_id": "241000126_2022_01",
        "account_internal_id": "241000126_2022_01",
        "gis_id": "241000126_2022_01",
        "month": "01.01.2022",
        "credit": "3202.8",
        "saldo": "4821.26",
        "payment_value": "42.0",
        "payment_date": "01.01.2022",
        "bill_value": "",
        "account_number": "",
        "bank_bik": ""
    },
    {
        "org_ppa_guid": "7838413520",
        "internal_id": "241000311_2022_01",
        "account_internal_id": "241000311_2022_01",
        "gis_id": "241000311_2022_01",
        "month": "01.01.2022",
        "credit": "2037.79",
        "saldo": "2023.07",
        "payment_value": "2037.79",
        "payment_date": "01.01.2022",
        "bill_value": "",
        "account_number": "",
        "bank_bik": ""
    },
    {
        "org_ppa_guid": "7838413520",
        "internal_id": "241001031_2022_01",
        "account_internal_id": "241001031_2022_01",
        "gis_id": "241001031_2022_01",
        "month": "01.01.2022",
        "credit": "30.0",
        "saldo": "16.26",
        "payment_value": "1901.46",
        "payment_date": "01.01.2022",
        "bill_value": "",
        "account_number": "",
        "bank_bik": ""
    },
    {
        "org_ppa_guid": "7838413520",
        "internal_id": "241001191_2022_01",
        "account_internal_id": "241001191_2022_01",
        "gis_id": "241001191_2022_01",
        "month": "01.01.2022",
        "credit": "-5418.57",
        "saldo": "-3530.85",
        "payment_value": "42.0",
        "payment_date": "01.01.2022",
        "bill_value": "",
        "account_number": "",
        "bank_bik": ""
    },
    {
        "org_ppa_guid": "7838413520",
        "internal_id": "241100031_2022_01",
        "account_internal_id": "241100031_2022_01",
        "gis_id": "241100031_2022_01",
        "month": "01.01.2022",
        "credit": "1789.06",
        "saldo": "1776.29",
        "payment_value": "1765.87",
        "payment_date": "01.01.2022",
        "bill_value": "",
        "account_number": "",
        "bank_bik": ""
    },
    {
        "org_ppa_guid": "7838413520",
        "internal_id": "241100032_2022_01",
        "account_internal_id": "241100032_2022_01",
        "gis_id": "241100032_2022_01",
        "month": "01.01.2022",
        "credit": "1930.9",
        "saldo": "3818.62",
        "payment_value": "42.0",
        "payment_date": "01.01.2022",
        "bill_value": "",
        "account_number": "",
        "bank_bik": ""
    },
    {
        "org_ppa_guid": "7838413520",
        "internal_id": "241200061_2022_01",
        "account_internal_id": "241200061_2022_01",
        "gis_id": "241200061_2022_01",
        "month": "01.01.2022",
        "credit": "1641.18",
        "saldo": "2632.89",
        "payment_value": "42.0",
        "payment_date": "01.01.2022",
        "bill_value": "",
        "account_number": "",
        "bank_bik": ""
    },
    {
        "org_ppa_guid": "7838413520",
        "internal_id": "241200301_2022_01",
        "account_internal_id": "241200301_2022_01",
        "gis_id": "241200301_2022_01",
        "month": "01.01.2022",
        "credit": "1086.98",
        "saldo": "1074.22",
        "payment_value": "1086.98",
        "payment_date": "01.01.2022",
        "bill_value": "",
        "account_number": "",
        "bank_bik": ""
    },
    {
        "org_ppa_guid": "7838413520",
        "internal_id": "241200341_2022_01",
        "account_internal_id": "241200341_2022_01",
        "gis_id": "241200341_2022_01",
        "month": "01.01.2022",
        "credit": "7364.65",
        "saldo": "9265.13",
        "payment_value": "42.0",
        "payment_date": "01.01.2022",
        "bill_value": "",
        "account_number": "",
        "bank_bik": ""
    },
    {
        "org_ppa_guid": "7838413520",
        "internal_id": "241200391_2022_01",
        "account_internal_id": "241200391_2022_01",
        "gis_id": "241200391_2022_01",
        "month": "01.01.2022",
        "credit": "-45.58",
        "saldo": "-51.46",
        "payment_value": "501.73",
        "payment_date": "01.01.2022",
        "bill_value": "",
        "account_number": "",
        "bank_bik": ""
    },
    {
        "org_ppa_guid": "7838413520",
        "internal_id": "241200511_2022_01",
        "account_internal_id": "241200511_2022_01",
        "gis_id": "241200511_2022_01",
        "month": "01.01.2022",
        "credit": "3450.54",
        "saldo": "7003.57",
        "payment_value": "42.0",
        "payment_date": "01.01.2022",
        "bill_value": "",
        "account_number": "",
        "bank_bik": ""
    },
    {
        "org_ppa_guid": "7838413520",
        "internal_id": "241200521_2022_01",
        "account_internal_id": "241200521_2022_01",
        "gis_id": "241200521_2022_01",
        "month": "01.01.2022",
        "credit": "-50.64",
        "saldo": "1271.47",
        "payment_value": "42.0",
        "payment_date": "01.01.2022",
        "bill_value": "",
        "account_number": "",
        "bank_bik": ""
    },
    {
        "org_ppa_guid": "7838413520",
        "internal_id": "241200581_2022_01",
        "account_internal_id": "241200581_2022_01",
        "gis_id": "241200581_2022_01",
        "month": "01.01.2022",
        "credit": "26364.25",
        "saldo": "26860.1",
        "payment_value": "42.0",
        "payment_date": "01.01.2022",
        "bill_value": "",
        "account_number": "",
        "bank_bik": ""
    },
    {
        "org_ppa_guid": "7838413520",
        "internal_id": "241200591_2022_01",
        "account_internal_id": "241200591_2022_01",
        "gis_id": "241200591_2022_01",
        "month": "01.01.2022",
        "credit": "9099.73",
        "saldo": "1900.48",
        "payment_value": "9099.73",
        "payment_date": "01.01.2022",
        "bill_value": "",
        "account_number": "",
        "bank_bik": ""
    },
    {
        "org_ppa_guid": "7838413520",
        "internal_id": "241200681_2022_01",
        "account_internal_id": "241200681_2022_01",
        "gis_id": "241200681_2022_01",
        "month": "01.01.2022",
        "credit": "2769.24",
        "saldo": "3347.59",
        "payment_value": "42.0",
        "payment_date": "01.01.2022",
        "bill_value": "",
        "account_number": "",
        "bank_bik": ""
    },
    {
        "org_ppa_guid": "7838413520",
        "internal_id": "241200682_2022_01",
        "account_internal_id": "241200682_2022_01",
        "gis_id": "241200682_2022_01",
        "month": "01.01.2022",
        "credit": "7086.93",
        "saldo": "7582.78",
        "payment_value": "42.0",
        "payment_date": "01.01.2022",
        "bill_value": "",
        "account_number": "",
        "bank_bik": ""
    },
    {
        "org_ppa_guid": "7838413520",
        "internal_id": "241200701_2022_01",
        "account_internal_id": "241200701_2022_01",
        "gis_id": "241200701_2022_01",
        "month": "01.01.2022",
        "credit": "836.09",
        "saldo": "826.28",
        "payment_value": "836.09",
        "payment_date": "01.01.2022",
        "bill_value": "",
        "account_number": "",
        "bank_bik": ""
    },
    {
        "org_ppa_guid": "7838413520",
        "internal_id": "241200731_2022_01",
        "account_internal_id": "241200731_2022_01",
        "gis_id": "241200731_2022_01",
        "month": "01.01.2022",
        "credit": "668.7",
        "saldo": "1329.56",
        "payment_value": "42.0",
        "payment_date": "01.01.2022",
        "bill_value": "",
        "account_number": "",
        "bank_bik": ""
    },
    {
        "org_ppa_guid": "7838413520",
        "internal_id": "241200861_2022_01",
        "account_internal_id": "241200861_2022_01",
        "gis_id": "241200861_2022_01",
        "month": "01.01.2022",
        "credit": "1298.96",
        "saldo": "1959.82",
        "payment_value": "42.0",
        "payment_date": "01.01.2022",
        "bill_value": "",
        "account_number": "",
        "bank_bik": ""
    },
    {
        "org_ppa_guid": "7838413520",
        "internal_id": "241200871_2022_01",
        "account_internal_id": "241200871_2022_01",
        "gis_id": "241200871_2022_01",
        "month": "01.01.2022",
        "credit": "-297.77",
        "saldo": "363.09",
        "payment_value": "42.0",
        "payment_date": "01.01.2022",
        "bill_value": "",
        "account_number": "",
        "bank_bik": ""
    },
    {
        "org_ppa_guid": "7838413520",
        "internal_id": "241200901_2022_01",
        "account_internal_id": "241200901_2022_01",
        "gis_id": "241200901_2022_01",
        "month": "01.01.2022",
        "credit": "585.23",
        "saldo": "-6.88",
        "payment_value": "1170.46",
        "payment_date": "01.01.2022",
        "bill_value": "",
        "account_number": "",
        "bank_bik": ""
    },
    {
        "org_ppa_guid": "7838413520",
        "internal_id": "241200902_2022_01",
        "account_internal_id": "241200902_2022_01",
        "gis_id": "241200902_2022_01",
        "month": "01.01.2022",
        "credit": "501.73",
        "saldo": "-5.88",
        "payment_value": "1003.46",
        "payment_date": "01.01.2022",
        "bill_value": "",
        "account_number": "",
        "bank_bik": ""
    },
    {
        "org_ppa_guid": "7838413520",
        "internal_id": "241200931_2022_01",
        "account_internal_id": "241200931_2022_01",
        "gis_id": "241200931_2022_01",
        "month": "01.01.2022",
        "credit": "1672.19",
        "saldo": "1652.56",
        "payment_value": "1672.19",
        "payment_date": "01.01.2022",
        "bill_value": "",
        "account_number": "",
        "bank_bik": ""
    },
    {
        "org_ppa_guid": "7838413520",
        "internal_id": "42_2022_01",
        "account_internal_id": "42_2022_01",
        "gis_id": "42_2022_01",
        "month": "01.01.2022",
        "credit": "0.0",
        "saldo": "0.0",
        "payment_value": "0.0",
        "payment_date": "",
        "bill_value": "",
        "account_number": "",
        "bank_bik": ""
    }
]