[
    {
        "org_ppa_guid": "7838413520",
        "internal_id": "42_2022_06",
        "account_internal_id": "42_2022_06",
        "gis_id": "42_2022_06",
        "month": "15.06.2022",
        "credit": "42.0",
        "saldo": "42.0",
        "payment_value": "42.0",
        "payment_date": "15.06.2022",
        "bill_value": "",
        "account_number": "",
        "bank_bik": ""
    },
    {
        "org_ppa_guid": "7838413520",
        "internal_id": "240000001_2022_06",
        "account_internal_id": "240000001_2022_06",
        "gis_id": "240000001_2022_06",
        "month": "15.06.2022",
        "credit": "425.88",
        "saldo": "425.88",
        "payment_value": "4367.37",
        "payment_date": "15.06.2022",
        "bill_value": "",
        "account_number": "",
        "bank_bik": ""
    },
    {
        "org_ppa_guid": "7838413520",
        "internal_id": "240000002_2022_06",
        "account_internal_id": "240000002_2022_06",
        "gis_id": "240000002_2022_06",
        "month": "15.06.2022",
        "credit": "1925.43",
        "saldo": "932.25",
        "payment_value": "1919.14",
        "payment_date": "15.06.2022",
        "bill_value": "",
        "account_number": "",
        "bank_bik": ""
    },
    {
        "org_ppa_guid": "7838413520",
        "internal_id": "240000003_2022_06",
        "account_internal_id": "240000003_2022_06",
        "gis_id": "240000003_2022_06",
        "month": "15.06.2022",
        "credit": "-310.28",
        "saldo": "-310.28",
        "payment_value": "1476.21",
        "payment_date": "15.06.2022",
        "bill_value": "",
        "account_number": "",
        "bank_bik": ""
    },
    {
        "org_ppa_guid": "7838413520",
        "internal_id": "240000004_2022_06",
        "account_internal_id": "240000004_2022_06",
        "gis_id": "240000004_2022_06",
        "month": "15.06.2022",
        "credit": "2343.96",
        "saldo": "2343.96",
        "payment_value": "916.71",
        "payment_date": "15.06.2022",
        "bill_value": "",
        "account_number": "",
        "bank_bik": ""
    },
    {
        "org_ppa_guid": "7838413520",
        "internal_id": "240000005_2022_06",
        "account_internal_id": "240000005_2022_06",
        "gis_id": "240000005_2022_06",
        "month": "15.06.2022",
        "credit": "5835.58",
        "saldo": "2737.7",
        "payment_value": "4563.69",
        "payment_date": "15.06.2022",
        "bill_value": "",
        "account_number": "",
        "bank_bik": ""
    },
    {
        "org_ppa_guid": "7838413520",
        "internal_id": "240000006_2022_06",
        "account_internal_id": "240000006_2022_06",
        "gis_id": "240000006_2022_06",
        "month": "15.06.2022",
        "credit": "9856.62",
        "saldo": "5008.4",
        "payment_value": "9475.69",
        "payment_date": "15.06.2022",
        "bill_value": "",
        "account_number": "",
        "bank_bik": ""
    },
    {
        "org_ppa_guid": "7838413520",
        "internal_id": "240000008_2022_06",
        "account_internal_id": "240000008_2022_06",
        "gis_id": "240000008_2022_06",
        "month": "15.06.2022",
        "credit": "5514.33",
        "saldo": "3426.07",
        "payment_value": "4112.42",
        "payment_date": "15.06.2022",
        "bill_value": "",
        "account_number": "",
        "bank_bik": ""
    },
    {
        "org_ppa_guid": "7838413520",
        "internal_id": "240000009_2022_06",
        "account_internal_id": "240000009_2022_06",
        "gis_id": "240000009_2022_06",
        "month": "15.06.2022",
        "credit": "-833.68",
        "saldo": "-833.68",
        "payment_value": "1298.19",
        "payment_date": "15.06.2022",
        "bill_value": "",
        "account_number": "",
        "bank_bik": ""
    },
    {
        "org_ppa_guid": "7838413520",
        "internal_id": "240000010_2022_06",
        "account_internal_id": "240000010_2022_06",
        "gis_id": "240000010_2022_06",
        "month": "15.06.2022",
        "credit": "1025.38",
        "saldo": "1025.38",
        "payment_value": "1463.5",
        "payment_date": "15.06.2022",
        "bill_value": "",
        "account_number": "",
        "bank_bik": ""
    },
    {
        "org_ppa_guid": "7838413520",
        "internal_id": "240000011_2022_06",
        "account_internal_id": "240000011_2022_06",
        "gis_id": "240000011_2022_06",
        "month": "15.06.2022",
        "credit": "2304.18",
        "saldo": "2388.9",
        "payment_value": "3194.85",
        "payment_date": "15.06.2022",
        "bill_value": "",
        "account_number": "",
        "bank_bik": ""
    },
    {
        "org_ppa_guid": "7838413520",
        "internal_id": "240000012_2022_06",
        "account_internal_id": "240000012_2022_06",
        "gis_id": "240000012_2022_06",
        "month": "15.06.2022",
        "credit": "2938.6",
        "saldo": "2938.6",
        "payment_value": "1614.93",
        "payment_date": "15.06.2022",
        "bill_value": "",
        "account_number": "",
        "bank_bik": ""
    },
    {
        "org_ppa_guid": "7838413520",
        "internal_id": "240000013_2022_06",
        "account_internal_id": "240000013_2022_06",
        "gis_id": "240000013_2022_06",
        "month": "15.06.2022",
        "credit": "302.08",
        "saldo": "302.08",
        "payment_value": "1460.03",
        "payment_date": "15.06.2022",
        "bill_value": "",
        "account_number": "",
        "bank_bik": ""
    },
    {
        "org_ppa_guid": "7838413520",
        "internal_id": "240000014_2022_06",
        "account_internal_id": "240000014_2022_06",
        "gis_id": "240000014_2022_06",
        "month": "15.06.2022",
        "credit": "1218.23",
        "saldo": "2982.29",
        "payment_value": "42.0",
        "payment_date": "15.06.2022",
        "bill_value": "",
        "account_number": "",
        "bank_bik": ""
    },
    {
        "org_ppa_guid": "7838413520",
        "internal_id": "240000015_2022_06",
        "account_internal_id": "240000015_2022_06",
        "gis_id": "240000015_2022_06",
        "month": "15.06.2022",
        "credit": "243.88",
        "saldo": "243.88",
        "payment_value": "1603.37",
        "payment_date": "15.06.2022",
        "bill_value": "",
        "account_number": "",
        "bank_bik": ""
    },
    {
        "org_ppa_guid": "7838413520",
        "internal_id": "240000016_2022_06",
        "account_internal_id": "240000016_2022_06",
        "gis_id": "240000016_2022_06",
        "month": "15.06.2022",
        "credit": "2554.63",
        "saldo": "2582.25",
        "payment_value": "1427.78",
        "payment_date": "15.06.2022",
        "bill_value": "",
        "account_number": "",
        "bank_bik": ""
    },
    {
        "org_ppa_guid": "7838413520",
        "internal_id": "240000017_2022_06",
        "account_internal_id": "240000017_2022_06",
        "gis_id": "240000017_2022_06",
        "month": "15.06.2022",
        "credit": "7788.33",
        "saldo": "-74.09",
        "payment_value": "9623.01",
        "payment_date": "15.06.2022",
        "bill_value": "",
        "account_number": "",
        "bank_bik": ""
    },
    {
        "org_ppa_guid": "7838413520",
        "internal_id": "240000018_2022_06",
        "account_internal_id": "240000018_2022_06",
        "gis_id": "240000018_2022_06",
        "month": "15.06.2022",
        "credit": "5115.99",
        "saldo": "656.08",
        "payment_value": "6062.13",
        "payment_date": "15.06.2022",
        "bill_value": "",
        "account_number": "",
        "bank_bik": ""
    },
    {
        "org_ppa_guid": "7838413520",
        "internal_id": "240000019_2022_06",
        "account_internal_id": "240000019_2022_06",
        "gis_id": "240000019_2022_06",
        "month": "15.06.2022",
        "credit": "1773.03",
        "saldo": "1773.03",
        "payment_value": "1451.94",
        "payment_date": "15.06.2022",
        "bill_value": "",
        "account_number": "",
        "bank_bik": ""
    },
    {
        "org_ppa_guid": "7838413520",
        "internal_id": "240000020_2022_06",
        "account_internal_id": "240000020_2022_06",
        "gis_id": "240000020_2022_06",
        "month": "15.06.2022",
        "credit": "1262.87",
        "saldo": "-563.17",
        "payment_value": "3578.54",
        "payment_date": "15.06.2022",
        "bill_value": "",
        "account_number": "",
        "bank_bik": ""
    },
    {
        "org_ppa_guid": "7838413520",
        "internal_id": "240000021_2022_06",
        "account_internal_id": "240000021_2022_06",
        "gis_id": "240000021_2022_06",
        "month": "15.06.2022",
        "credit": "678.65",
        "saldo": "678.65",
        "payment_value": "1589.5",
        "payment_date": "15.06.2022",
        "bill_value": "",
        "account_number": "",
        "bank_bik": ""
    },
    {
        "org_ppa_guid": "7838413520",
        "internal_id": "240000022_2022_06",
        "account_internal_id": "240000022_2022_06",
        "gis_id": "240000022_2022_06",
        "month": "15.06.2022",
        "credit": "1809.9",
        "saldo": "1809.9",
        "payment_value": "1441.53",
        "payment_date": "15.06.2022",
        "bill_value": "",
        "account_number": "",
        "bank_bik": ""
    },
    {
        "org_ppa_guid": "7838413520",
        "internal_id": "240000023_2022_06",
        "account_internal_id": "240000023_2022_06",
        "gis_id": "240000023_2022_06",
        "month": "15.06.2022",
        "credit": "1401.18",
        "saldo": "1401.18",
        "payment_value": "1742.09",
        "payment_date": "15.06.2022",
        "bill_value": "",
        "account_number": "",
        "bank_bik": ""
    },
    {
        "org_ppa_guid": "7838413520",
        "internal_id": "240000024_2022_06",
        "account_internal_id": "240000024_2022_06",
        "gis_id": "240000024_2022_06",
        "month": "15.06.2022",
        "credit": "-908.27",
        "saldo": "-908.27",
        "payment_value": "1480.84",
        "payment_date": "15.06.2022",
        "bill_value": "",
        "account_number": "",
        "bank_bik": ""
    },
    {
        "org_ppa_guid": "7838413520",
        "internal_id": "240000025_2022_06",
        "account_internal_id": "240000025_2022_06",
        "gis_id": "240000025_2022_06",
        "month": "15.06.2022",
        "credit": "3047.1",
        "saldo": "1531.08",
        "payment_value": "2904.38",
        "payment_date": "15.06.2022",
        "bill_value": "",
        "account_number": "",
        "bank_bik": ""
    },
    {
        "org_ppa_guid": "7838413520",
        "internal_id": "240000026_2022_06",
        "account_internal_id": "240000026_2022_06",
        "gis_id": "240000026_2022_06",
        "month": "15.06.2022",
        "credit": "2647.12",
        "saldo": "2647.12",
        "payment_value": "1693.54",
        "payment_date": "15.06.2022",
        "bill_value": "",
        "account_number": "",
        "bank_bik": ""
    },
    {
        "org_ppa_guid": "7838413520",
        "internal_id": "240000027_2022_06",
        "account_internal_id": "240000027_2022_06",
        "gis_id": "240000027_2022_06",
        "month": "15.06.2022",
        "credit": "4362.76",
        "saldo": "6040.12",
        "payment_value": "42.0",
        "payment_date": "15.06.2022",
        "bill_value": "",
        "account_number": "",
        "bank_bik": ""
    },
    {
        "org_ppa_guid": "7838413520",
        "internal_id": "240000028_2022_06",
        "account_internal_id": "240000028_2022_06",
        "gis_id": "240000028_2022_06",
        "month": "15.06.2022",
        "credit": "7371.62",
        "saldo": "7105.37",
        "payment_value": "1810.67",
        "payment_date": "15.06.2022",
        "bill_value": "",
        "account_number": "",
        "bank_bik": ""
    },
    {
        "org_ppa_guid": "7838413520",
        "internal_id": "240000029_2022_06",
        "account_internal_id": "240000029_2022_06",
        "gis_id": "240000029_2022_06",
        "month": "15.06.2022",
        "credit": "2342.66",
        "saldo": "275.15",
        "payment_value": "4113.63",
        "payment_date": "15.06.2022",
        "bill_value": "",
        "account_number": "",
        "bank_bik": ""
    },
    {
        "org_ppa_guid": "7838413520",
        "internal_id": "240000030_2022_06",
        "account_internal_id": "240000030_2022_06",
        "gis_id": "240000030_2022_06",
        "month": "15.06.2022",
        "credit": "575.75",
        "saldo": "575.75",
        "payment_value": "1937.46",
        "payment_date": "15.06.2022",
        "bill_value": "",
        "account_number": "",
        "bank_bik": ""
    },
    {
        "org_ppa_guid": "7838413520",
        "internal_id": "240000031_2022_06",
        "account_internal_id": "240000031_2022_06",
        "gis_id": "240000031_2022_06",
        "month": "15.06.2022",
        "credit": "-598.62",
        "saldo": "-598.62",
        "payment_value": "927.11",
        "payment_date": "15.06.2022",
        "bill_value": "",
        "account_number": "",
        "bank_bik": ""
    },
    {
        "org_ppa_guid": "7838413520",
        "internal_id": "240000032_2022_06",
        "account_internal_id": "240000032_2022_06",
        "gis_id": "240000032_2022_06",
        "month": "15.06.2022",
        "credit": "2833.55",
        "saldo": "2833.55",
        "payment_value": "1992.94",
        "payment_date": "15.06.2022",
        "bill_value": "",
        "account_number": "",
        "bank_bik": ""
    },
    {
        "org_ppa_guid": "7838413520",
        "internal_id": "240000033_2022_06",
        "account_internal_id": "240000033_2022_06",
        "gis_id": "240000033_2022_06",
        "month": "15.06.2022",
        "credit": "711.98",
        "saldo": "711.98",
        "payment_value": "1925.9",
        "payment_date": "15.06.2022",
        "bill_value": "",
        "account_number": "",
        "bank_bik": ""
    },
    {
        "org_ppa_guid": "7838413520",
        "internal_id": "240000034_2022_06",
        "account_internal_id": "240000034_2022_06",
        "gis_id": "240000034_2022_06",
        "month": "15.06.2022",
        "credit": "5089.03",
        "saldo": "4106.1",
        "payment_value": "1900.79",
        "payment_date": "15.06.2022",
        "bill_value": "",
        "account_number": "",
        "bank_bik": ""
    },
    {
        "org_ppa_guid": "7838413520",
        "internal_id": "240000035_2022_06",
        "account_internal_id": "240000035_2022_06",
        "gis_id": "240000035_2022_06",
        "month": "15.06.2022",
        "credit": "5471.34",
        "saldo": "3181.39",
        "payment_value": "4275.96",
        "payment_date": "15.06.2022",
        "bill_value": "",
        "account_number": "",
        "bank_bik": ""
    },
    {
        "org_ppa_guid": "7838413520",
        "internal_id": "240000036_2022_06",
        "account_internal_id": "240000036_2022_06",
        "gis_id": "240000036_2022_06",
        "month": "15.06.2022",
        "credit": "5682.46",
        "saldo": "6549.16",
        "payment_value": "1061.51",
        "payment_date": "15.06.2022",
        "bill_value": "",
        "account_number": "",
        "bank_bik": ""
    },
    {
        "org_ppa_guid": "7838413520",
        "internal_id": "240000037_2022_06",
        "account_internal_id": "240000037_2022_06",
        "gis_id": "240000037_2022_06",
        "month": "15.06.2022",
        "credit": "4617.21",
        "saldo": "4617.21",
        "payment_value": "2899.25",
        "payment_date": "15.06.2022",
        "bill_value": "",
        "account_number": "",
        "bank_bik": ""
    },
    {
        "org_ppa_guid": "7838413520",
        "internal_id": "240000039_2022_06",
        "account_internal_id": "240000039_2022_06",
        "gis_id": "240000039_2022_06",
        "month": "15.06.2022",
        "credit": "2668.3",
        "saldo": "668.0",
        "payment_value": "3914.64",
        "payment_date": "15.06.2022",
        "bill_value": "",
        "account_number": "",
        "bank_bik": ""
    },
    {
        "org_ppa_guid": "7838413520",
        "internal_id": "240000040_2022_06",
        "account_internal_id": "240000040_2022_06",
        "gis_id": "240000040_2022_06",
        "month": "15.06.2022",
        "credit": "-870.09",
        "saldo": "33.9",
        "payment_value": "42.0",
        "payment_date": "15.06.2022",
        "bill_value": "",
        "account_number": "",
        "bank_bik": ""
    },
    {
        "org_ppa_guid": "7838413520",
        "internal_id": "240000041_2022_06",
        "account_internal_id": "240000041_2022_06",
        "gis_id": "240000041_2022_06",
        "month": "15.06.2022",
        "credit": "12698.76",
        "saldo": "12698.76",
        "payment_value": "2485.4",
        "payment_date": "15.06.2022",
        "bill_value": "",
        "account_number": "",
        "bank_bik": ""
    },
    {
        "org_ppa_guid": "7838413520",
        "internal_id": "240000042_2022_06",
        "account_internal_id": "240000042_2022_06",
        "gis_id": "240000042_2022_06",
        "month": "15.06.2022",
        "credit": "616.79",
        "saldo": "2762.33",
        "payment_value": "42.0",
        "payment_date": "15.06.2022",
        "bill_value": "",
        "account_number": "",
        "bank_bik": ""
    },
    {
        "org_ppa_guid": "7838413520",
        "internal_id": "240000043_2022_06",
        "account_internal_id": "240000043_2022_06",
        "gis_id": "240000043_2022_06",
        "month": "15.06.2022",
        "credit": "13167.75",
        "saldo": "16772.16",
        "payment_value": "42.0",
        "payment_date": "15.06.2022",
        "bill_value": "",
        "account_number": "",
        "bank_bik": ""
    },
    {
        "org_ppa_guid": "7838413520",
        "internal_id": "240000044_2022_06",
        "account_internal_id": "240000044_2022_06",
        "gis_id": "240000044_2022_06",
        "month": "15.06.2022",
        "credit": "17885.33",
        "saldo": "19931.45",
        "payment_value": "42.0",
        "payment_date": "15.06.2022",
        "bill_value": "",
        "account_number": "",
        "bank_bik": ""
    },
    {
        "org_ppa_guid": "7838413520",
        "internal_id": "240000045_2022_06",
        "account_internal_id": "240000045_2022_06",
        "gis_id": "240000045_2022_06",
        "month": "15.06.2022",
        "credit": "7881.6",
        "saldo": "7881.6",
        "payment_value": "1547.88",
        "payment_date": "15.06.2022",
        "bill_value": "",
        "account_number": "",
        "bank_bik": ""
    },
    {
        "org_ppa_guid": "7838413520",
        "internal_id": "240000046_2022_06",
        "account_internal_id": "240000046_2022_06",
        "gis_id": "240000046_2022_06",
        "month": "15.06.2022",
        "credit": "2916.26",
        "saldo": "1256.87",
        "payment_value": "3337.9",
        "payment_date": "15.06.2022",
        "bill_value": "",
        "account_number": "",
        "bank_bik": ""
    },
    {
        "org_ppa_guid": "7838413520",
        "internal_id": "240000047_2022_06",
        "account_internal_id": "240000047_2022_06",
        "gis_id": "240000047_2022_06",
        "month": "15.06.2022",
        "credit": "1064.32",
        "saldo": "1064.32",
        "payment_value": "1990.63",
        "payment_date": "15.06.2022",
        "bill_value": "",
        "account_number": "",
        "bank_bik": ""
    },
    {
        "org_ppa_guid": "7838413520",
        "internal_id": "240000048_2022_06",
        "account_internal_id": "240000048_2022_06",
        "gis_id": "240000048_2022_06",
        "month": "15.06.2022",
        "credit": "685.72",
        "saldo": "1610.52",
        "payment_value": "42.0",
        "payment_date": "15.06.2022",
        "bill_value": "",
        "account_number": "",
        "bank_bik": ""
    },
    {
        "org_ppa_guid": "7838413520",
        "internal_id": "240000049_2022_06",
        "account_internal_id": "240000049_2022_06",
        "gis_id": "240000049_2022_06",
        "month": "15.06.2022",
        "credit": "13329.21",
        "saldo": "3225.6",
        "payment_value": "12022.57",
        "payment_date": "15.06.2022",
        "bill_value": "",
        "account_number": "",
        "bank_bik": ""
    },
    {
        "org_ppa_guid": "7838413520",
        "internal_id": "240000050_2022_06",
        "account_internal_id": "240000050_2022_06",
        "gis_id": "240000050_2022_06",
        "month": "15.06.2022",
        "credit": "-38.39",
        "saldo": "-38.39",
        "payment_value": "1991.79",
        "payment_date": "15.06.2022",
        "bill_value": "",
        "account_number": "",
        "bank_bik": ""
    },
    {
        "org_ppa_guid": "7838413520",
        "internal_id": "240000051_2022_06",
        "account_internal_id": "240000051_2022_06",
        "gis_id": "240000051_2022_06",
        "month": "15.06.2022",
        "credit": "-35.05",
        "saldo": "-35.05",
        "payment_value": "915.55",
        "payment_date": "15.06.2022",
        "bill_value": "",
        "account_number": "",
        "bank_bik": ""
    },
    {
        "org_ppa_guid": "7838413520",
        "internal_id": "240000052_2022_06",
        "account_internal_id": "240000052_2022_06",
        "gis_id": "240000052_2022_06",
        "month": "15.06.2022",
        "credit": "5581.89",
        "saldo": "5581.89",
        "payment_value": "1921.27",
        "payment_date": "15.06.2022",
        "bill_value": "",
        "account_number": "",
        "bank_bik": ""
    },
    {
        "org_ppa_guid": "7838413520",
        "internal_id": "240000053_2022_06",
        "account_internal_id": "240000053_2022_06",
        "gis_id": "240000053_2022_06",
        "month": "15.06.2022",
        "credit": "3032.93",
        "saldo": "1110.8",
        "payment_value": "4764.73",
        "payment_date": "15.06.2022",
        "bill_value": "",
        "account_number": "",
        "bank_bik": ""
    },
    {
        "org_ppa_guid": "7838413520",
        "internal_id": "240000054_2022_06",
        "account_internal_id": "240000054_2022_06",
        "gis_id": "240000054_2022_06",
        "month": "15.06.2022",
        "credit": "3756.25",
        "saldo": "5668.27",
        "payment_value": "42.0",
        "payment_date": "15.06.2022",
        "bill_value": "",
        "account_number": "",
        "bank_bik": ""
    },
    {
        "org_ppa_guid": "7838413520",
        "internal_id": "240000055_2022_06",
        "account_internal_id": "240000055_2022_06",
        "gis_id": "240000055_2022_06",
        "month": "15.06.2022",
        "credit": "4597.72",
        "saldo": "4597.72",
        "payment_value": "2665.74",
        "payment_date": "15.06.2022",
        "bill_value": "",
        "account_number": "",
        "bank_bik": ""
    },
    {
        "org_ppa_guid": "7838413520",
        "internal_id": "240000056_2022_06",
        "account_internal_id": "240000056_2022_06",
        "gis_id": "240000056_2022_06",
        "month": "15.06.2022",
        "credit": "2771.72",
        "saldo": "2755.39",
        "payment_value": "923.79",
        "payment_date": "15.06.2022",
        "bill_value": "",
        "account_number": "",
        "bank_bik": ""
    },
    {
        "org_ppa_guid": "7838413520",
        "internal_id": "240000057_2022_06",
        "account_internal_id": "240000057_2022_06",
        "gis_id": "240000057_2022_06",
        "month": "15.06.2022",
        "credit": "3440.05",
        "saldo": "3440.05",
        "payment_value": "1900.46",
        "payment_date": "15.06.2022",
        "bill_value": "",
        "account_number": "",
        "bank_bik": ""
    },
    {
        "org_ppa_guid": "7838413520",
        "internal_id": "240000058_2022_06",
        "account_internal_id": "240000058_2022_06",
        "gis_id": "240000058_2022_06",
        "month": "15.06.2022",
        "credit": "7047.73",
        "saldo": "7052.44",
        "payment_value": "4044.76",
        "payment_date": "15.06.2022",
        "bill_value": "",
        "account_number": "",
        "bank_bik": ""
    },
    {
        "org_ppa_guid": "7838413520",
        "internal_id": "240000059_2022_06",
        "account_internal_id": "240000059_2022_06",
        "gis_id": "240000059_2022_06",
        "month": "15.06.2022",
        "credit": "9855.42",
        "saldo": "7305.46",
        "payment_value": "4694.34",
        "payment_date": "15.06.2022",
        "bill_value": "",
        "account_number": "",
        "bank_bik": ""
    },
    {
        "org_ppa_guid": "7838413520",
        "internal_id": "240000060_2022_06",
        "account_internal_id": "240000060_2022_06",
        "gis_id": "240000060_2022_06",
        "month": "15.06.2022",
        "credit": "-71.83",
        "saldo": "3106.01",
        "payment_value": "42.0",
        "payment_date": "15.06.2022",
        "bill_value": "",
        "account_number": "",
        "bank_bik": ""
    },
    {
        "org_ppa_guid": "7838413520",
        "internal_id": "240000061_2022_06",
        "account_internal_id": "240000061_2022_06",
        "gis_id": "240000061_2022_06",
        "month": "15.06.2022",
        "credit": "3129.53",
        "saldo": "3129.53",
        "payment_value": "1478.52",
        "payment_date": "15.06.2022",
        "bill_value": "",
        "account_number": "",
        "bank_bik": ""
    },
    {
        "org_ppa_guid": "7838413520",
        "internal_id": "240000062_2022_06",
        "account_internal_id": "240000062_2022_06",
        "gis_id": "240000062_2022_06",
        "month": "15.06.2022",
        "credit": "541.1",
        "saldo": "-131.78",
        "payment_value": "1964.13",
        "payment_date": "15.06.2022",
        "bill_value": "",
        "account_number": "",
        "bank_bik": ""
    },
    {
        "org_ppa_guid": "7838413520",
        "internal_id": "240000063_2022_06",
        "account_internal_id": "240000063_2022_06",
        "gis_id": "240000063_2022_06",
        "month": "15.06.2022",
        "credit": "1061.36",
        "saldo": "1144.27",
        "payment_value": "1684.61",
        "payment_date": "15.06.2022",
        "bill_value": "",
        "account_number": "",
        "bank_bik": ""
    },
    {
        "org_ppa_guid": "7838413520",
        "internal_id": "240000064_2022_06",
        "account_internal_id": "240000064_2022_06",
        "gis_id": "240000064_2022_06",
        "month": "15.06.2022",
        "credit": "2201.46",
        "saldo": "2201.46",
        "payment_value": "1458.87",
        "payment_date": "15.06.2022",
        "bill_value": "",
        "account_number": "",
        "bank_bik": ""
    },
    {
        "org_ppa_guid": "7838413520",
        "internal_id": "240000065_2022_06",
        "account_internal_id": "240000065_2022_06",
        "gis_id": "240000065_2022_06",
        "month": "15.06.2022",
        "credit": "3665.75",
        "saldo": "2026.19",
        "payment_value": "3251.02",
        "payment_date": "15.06.2022",
        "bill_value": "",
        "account_number": "",
        "bank_bik": ""
    },
    {
        "org_ppa_guid": "7838413520",
        "internal_id": "240000066_2022_06",
        "account_internal_id": "240000066_2022_06",
        "gis_id": "240000066_2022_06",
        "month": "15.06.2022",
        "credit": "5266.92",
        "saldo": "5266.92",
        "payment_value": "1765.21",
        "payment_date": "15.06.2022",
        "bill_value": "",
        "account_number": "",
        "bank_bik": ""
    },
    {
        "org_ppa_guid": "7838413520",
        "internal_id": "240000067_2022_06",
        "account_internal_id": "240000067_2022_06",
        "gis_id": "240000067_2022_06",
        "month": "15.06.2022",
        "credit": "1710.51",
        "saldo": "3124.3",
        "payment_value": "42.0",
        "payment_date": "15.06.2022",
        "bill_value": "",
        "account_number": "",
        "bank_bik": ""
    },
    {
        "org_ppa_guid": "7838413520",
        "internal_id": "240000068_2022_06",
        "account_internal_id": "240000068_2022_06",
        "gis_id": "240000068_2022_06",
        "month": "15.06.2022",
        "credit": "1871.01",
        "saldo": "27.27",
        "payment_value": "3489.88",
        "payment_date": "15.06.2022",
        "bill_value": "",
        "account_number": "",
        "bank_bik": ""
    },
    {
        "org_ppa_guid": "7838413520",
        "internal_id": "240000069_2022_06",
        "account_internal_id": "240000069_2022_06",
        "gis_id": "240000069_2022_06",
        "month": "15.06.2022",
        "credit": "5047.32",
        "saldo": "6805.6",
        "payment_value": "42.0",
        "payment_date": "15.06.2022",
        "bill_value": "",
        "account_number": "",
        "bank_bik": ""
    },
    {
        "org_ppa_guid": "7838413520",
        "internal_id": "240000070_2022_06",
        "account_internal_id": "240000070_2022_06",
        "gis_id": "240000070_2022_06",
        "month": "15.06.2022",
        "credit": "230.13",
        "saldo": "230.13",
        "payment_value": "1443.84",
        "payment_date": "15.06.2022",
        "bill_value": "",
        "account_number": "",
        "bank_bik": ""
    },
    {
        "org_ppa_guid": "7838413520",
        "internal_id": "240000071_2022_06",
        "account_internal_id": "240000071_2022_06",
        "gis_id": "240000071_2022_06",
        "month": "15.06.2022",
        "credit": "2689.46",
        "saldo": "992.61",
        "payment_value": "3294.44",
        "payment_date": "15.06.2022",
        "bill_value": "",
        "account_number": "",
        "bank_bik": ""
    },
    {
        "org_ppa_guid": "7838413520",
        "internal_id": "240000072_2022_06",
        "account_internal_id": "240000072_2022_06",
        "gis_id": "240000072_2022_06",
        "month": "15.06.2022",
        "credit": "1455.56",
        "saldo": "1481.14",
        "payment_value": "1719.98",
        "payment_date": "15.06.2022",
        "bill_value": "",
        "account_number": "",
        "bank_bik": ""
    },
    {
        "org_ppa_guid": "7838413520",
        "internal_id": "240000073_2022_06",
        "account_internal_id": "240000073_2022_06",
        "gis_id": "240000073_2022_06",
        "month": "15.06.2022",
        "credit": "1926.37",
        "saldo": "3362.12",
        "payment_value": "42.0",
        "payment_date": "15.06.2022",
        "bill_value": "",
        "account_number": "",
        "bank_bik": ""
    },
    {
        "org_ppa_guid": "7838413520",
        "internal_id": "240000074_2022_06",
        "account_internal_id": "240000074_2022_06",
        "gis_id": "240000074_2022_06",
        "month": "15.06.2022",
        "credit": "4545.73",
        "saldo": "4545.73",
        "payment_value": "1596.44",
        "payment_date": "15.06.2022",
        "bill_value": "",
        "account_number": "",
        "bank_bik": ""
    },
    {
        "org_ppa_guid": "7838413520",
        "internal_id": "240000075_2022_06",
        "account_internal_id": "240000075_2022_06",
        "gis_id": "240000075_2022_06",
        "month": "15.06.2022",
        "credit": "6167.83",
        "saldo": "6167.83",
        "payment_value": "1742.09",
        "payment_date": "15.06.2022",
        "bill_value": "",
        "account_number": "",
        "bank_bik": ""
    },
    {
        "org_ppa_guid": "7838413520",
        "internal_id": "240000076_2022_06",
        "account_internal_id": "240000076_2022_06",
        "gis_id": "240000076_2022_06",
        "month": "15.06.2022",
        "credit": "1155.26",
        "saldo": "1892.79",
        "payment_value": "42.0",
        "payment_date": "15.06.2022",
        "bill_value": "",
        "account_number": "",
        "bank_bik": ""
    },
    {
        "org_ppa_guid": "7838413520",
        "internal_id": "240000077_2022_06",
        "account_internal_id": "240000077_2022_06",
        "gis_id": "240000077_2022_06",
        "month": "15.06.2022",
        "credit": "1403.49",
        "saldo": "3604.51",
        "payment_value": "42.0",
        "payment_date": "15.06.2022",
        "bill_value": "",
        "account_number": "",
        "bank_bik": ""
    },
    {
        "org_ppa_guid": "7838413520",
        "internal_id": "240000078_2022_06",
        "account_internal_id": "240000078_2022_06",
        "gis_id": "240000078_2022_06",
        "month": "15.06.2022",
        "credit": "10190.87",
        "saldo": "5055.15",
        "payment_value": "8275.42",
        "payment_date": "15.06.2022",
        "bill_value": "",
        "account_number": "",
        "bank_bik": ""
    },
    {
        "org_ppa_guid": "7838413520",
        "internal_id": "240000079_2022_06",
        "account_internal_id": "240000079_2022_06",
        "gis_id": "240000079_2022_06",
        "month": "15.06.2022",
        "credit": "496.32",
        "saldo": "496.32",
        "payment_value": "735.3",
        "payment_date": "15.06.2022",
        "bill_value": "",
        "account_number": "",
        "bank_bik": ""
    },
    {
        "org_ppa_guid": "7838413520",
        "internal_id": "240000080_2022_06",
        "account_internal_id": "240000080_2022_06",
        "gis_id": "240000080_2022_06",
        "month": "15.06.2022",
        "credit": "290.59",
        "saldo": "1749.46",
        "payment_value": "42.0",
        "payment_date": "15.06.2022",
        "bill_value": "",
        "account_number": "",
        "bank_bik": ""
    },
    {
        "org_ppa_guid": "7838413520",
        "internal_id": "240000081_2022_06",
        "account_internal_id": "240000081_2022_06",
        "gis_id": "240000081_2022_06",
        "month": "15.06.2022",
        "credit": "251.97",
        "saldo": "251.97",
        "payment_value": "923.64",
        "payment_date": "15.06.2022",
        "bill_value": "",
        "account_number": "",
        "bank_bik": ""
    },
    {
        "org_ppa_guid": "7838413520",
        "internal_id": "240000082_2022_06",
        "account_internal_id": "240000082_2022_06",
        "gis_id": "240000082_2022_06",
        "month": "15.06.2022",
        "credit": "2538.72",
        "saldo": "2538.72",
        "payment_value": "1448.47",
        "payment_date": "15.06.2022",
        "bill_value": "",
        "account_number": "",
        "bank_bik": ""
    },
    {
        "org_ppa_guid": "7838413520",
        "internal_id": "240000083_2022_06",
        "account_internal_id": "240000083_2022_06",
        "gis_id": "240000083_2022_06",
        "month": "15.06.2022",
        "credit": "645.7",
        "saldo": "79.87",
        "payment_value": "1483.69",
        "payment_date": "15.06.2022",
        "bill_value": "",
        "account_number": "",
        "bank_bik": ""
    },
    {
        "org_ppa_guid": "7838413520",
        "internal_id": "240000084_2022_06",
        "account_internal_id": "240000084_2022_06",
        "gis_id": "240000084_2022_06",
        "month": "15.06.2022",
        "credit": "5015.7",
        "saldo": "5015.7",
        "payment_value": "2438.0",
        "payment_date": "15.06.2022",
        "bill_value": "",
        "account_number": "",
        "bank_bik": ""
    },
    {
        "org_ppa_guid": "7838413520",
        "internal_id": "240000085_2022_06",
        "account_internal_id": "240000085_2022_06",
        "gis_id": "240000085_2022_06",
        "month": "15.06.2022",
        "credit": "3878.57",
        "saldo": "3878.57",
        "payment_value": "2426.44",
        "payment_date": "15.06.2022",
        "bill_value": "",
        "account_number": "",
        "bank_bik": ""
    },
    {
        "org_ppa_guid": "7838413520",
        "internal_id": "240000086_2022_06",
        "account_internal_id": "240000086_2022_06",
        "gis_id": "240000086_2022_06",
        "month": "15.06.2022",
        "credit": "4330.04",
        "saldo": "3074.31",
        "payment_value": "3178.16",
        "payment_date": "15.06.2022",
        "bill_value": "",
        "account_number": "",
        "bank_bik": ""
    },
    {
        "org_ppa_guid": "7838413520",
        "internal_id": "241000001_2022_06",
        "account_internal_id": "241000001_2022_06",
        "gis_id": "241000001_2022_06",
        "month": "15.06.2022",
        "credit": "269.58",
        "saldo": "269.58",
        "payment_value": "269.58",
        "payment_date": "15.06.2022",
        "bill_value": "",
        "account_number": "",
        "bank_bik": ""
    },
    {
        "org_ppa_guid": "7838413520",
        "internal_id": "241000002_2022_06",
        "account_internal_id": "241000002_2022_06",
        "gis_id": "241000002_2022_06",
        "month": "15.06.2022",
        "credit": "269.58",
        "saldo": "269.58",
        "payment_value": "269.58",
        "payment_date": "15.06.2022",
        "bill_value": "",
        "account_number": "",
        "bank_bik": ""
    },
    {
        "org_ppa_guid": "7838413520",
        "internal_id": "241000003_2022_06",
        "account_internal_id": "241000003_2022_06",
        "gis_id": "241000003_2022_06",
        "month": "15.06.2022",
        "credit": "-1663.82",
        "saldo": "-720.41",
        "payment_value": "42.0",
        "payment_date": "15.06.2022",
        "bill_value": "",
        "account_number": "",
        "bank_bik": ""
    },
    {
        "org_ppa_guid": "7838413520",
        "internal_id": "241000004_2022_06",
        "account_internal_id": "241000004_2022_06",
        "gis_id": "241000004_2022_06",
        "month": "15.06.2022",
        "credit": "745.31",
        "saldo": "745.31",
        "payment_value": "381.83",
        "payment_date": "15.06.2022",
        "bill_value": "",
        "account_number": "",
        "bank_bik": ""
    },
    {
        "org_ppa_guid": "7838413520",
        "internal_id": "241000005_2022_06",
        "account_internal_id": "241000005_2022_06",
        "gis_id": "241000005_2022_06",
        "month": "15.06.2022",
        "credit": "701.49",
        "saldo": "701.49",
        "payment_value": "359.4",
        "payment_date": "15.06.2022",
        "bill_value": "",
        "account_number": "",
        "bank_bik": ""
    },
    {
        "org_ppa_guid": "7838413520",
        "internal_id": "241000006_2022_06",
        "account_internal_id": "241000006_2022_06",
        "gis_id": "241000006_2022_06",
        "month": "15.06.2022",
        "credit": "336.97",
        "saldo": "336.97",
        "payment_value": "336.97",
        "payment_date": "15.06.2022",
        "bill_value": "",
        "account_number": "",
        "bank_bik": ""
    },
    {
        "org_ppa_guid": "7838413520",
        "internal_id": "241000007_2022_06",
        "account_internal_id": "241000007_2022_06",
        "gis_id": "241000007_2022_06",
        "month": "15.06.2022",
        "credit": "895.67",
        "saldo": "891.61",
        "payment_value": "408.43",
        "payment_date": "15.06.2022",
        "bill_value": "",
        "account_number": "",
        "bank_bik": ""
    },
    {
        "org_ppa_guid": "7838413520",
        "internal_id": "241000008_2022_06",
        "account_internal_id": "241000008_2022_06",
        "gis_id": "241000008_2022_06",
        "month": "15.06.2022",
        "credit": "204.28",
        "saldo": "518.71",
        "payment_value": "42.0",
        "payment_date": "15.06.2022",
        "bill_value": "",
        "account_number": "",
        "bank_bik": ""
    },
    {
        "org_ppa_guid": "7838413520",
        "internal_id": "241000009_2022_06",
        "account_internal_id": "241000009_2022_06",
        "gis_id": "241000009_2022_06",
        "month": "15.06.2022",
        "credit": "105.15",
        "saldo": "419.58",
        "payment_value": "42.0",
        "payment_date": "15.06.2022",
        "bill_value": "",
        "account_number": "",
        "bank_bik": ""
    },
    {
        "org_ppa_guid": "7838413520",
        "internal_id": "241000010_2022_06",
        "account_internal_id": "241000010_2022_06",
        "gis_id": "241000010_2022_06",
        "month": "15.06.2022",
        "credit": "2195.29",
        "saldo": "924.77",
        "payment_value": "1584.95",
        "payment_date": "15.06.2022",
        "bill_value": "",
        "account_number": "",
        "bank_bik": ""
    },
    {
        "org_ppa_guid": "7838413520",
        "internal_id": "241000011_2022_06",
        "account_internal_id": "241000011_2022_06",
        "gis_id": "241000011_2022_06",
        "month": "15.06.2022",
        "credit": "943.29",
        "saldo": "1257.72",
        "payment_value": "42.0",
        "payment_date": "15.06.2022",
        "bill_value": "",
        "account_number": "",
        "bank_bik": ""
    },
    {
        "org_ppa_guid": "7838413520",
        "internal_id": "241000012_2022_06",
        "account_internal_id": "241000012_2022_06",
        "gis_id": "241000012_2022_06",
        "month": "15.06.2022",
        "credit": "906.63",
        "saldo": "906.63",
        "payment_value": "314.43",
        "payment_date": "15.06.2022",
        "bill_value": "",
        "account_number": "",
        "bank_bik": ""
    },
    {
        "org_ppa_guid": "7838413520",
        "internal_id": "241000013_2022_06",
        "account_internal_id": "241000013_2022_06",
        "gis_id": "241000013_2022_06",
        "month": "15.06.2022",
        "credit": "906.63",
        "saldo": "906.63",
        "payment_value": "314.43",
        "payment_date": "15.06.2022",
        "bill_value": "",
        "account_number": "",
        "bank_bik": ""
    },
    {
        "org_ppa_guid": "7838413520",
        "internal_id": "241000014_2022_06",
        "account_internal_id": "241000014_2022_06",
        "gis_id": "241000014_2022_06",
        "month": "15.06.2022",
        "credit": "557.08",
        "saldo": "557.08",
        "payment_value": "381.83",
        "payment_date": "15.06.2022",
        "bill_value": "",
        "account_number": "",
        "bank_bik": ""
    },
    {
        "org_ppa_guid": "7838413520",
        "internal_id": "241000015_2022_06",
        "account_internal_id": "241000015_2022_06",
        "gis_id": "241000015_2022_06",
        "month": "15.06.2022",
        "credit": "584.02",
        "saldo": "584.02",
        "payment_value": "292.01",
        "payment_date": "15.06.2022",
        "bill_value": "",
        "account_number": "",
        "bank_bik": ""
    },
    {
        "org_ppa_guid": "7838413520",
        "internal_id": "241000016_2022_06",
        "account_internal_id": "241000016_2022_06",
        "gis_id": "241000016_2022_06",
        "month": "15.06.2022",
        "credit": "673.94",
        "saldo": "673.94",
        "payment_value": "336.97",
        "payment_date": "15.06.2022",
        "bill_value": "",
        "account_number": "",
        "bank_bik": ""
    },
    {
        "org_ppa_guid": "7838413520",
        "internal_id": "241000017_2022_06",
        "account_internal_id": "241000017_2022_06",
        "gis_id": "241000017_2022_06",
        "month": "15.06.2022",
        "credit": "1433.93",
        "saldo": "1883.15",
        "payment_value": "42.0",
        "payment_date": "15.06.2022",
        "bill_value": "",
        "account_number": "",
        "bank_bik": ""
    },
    {
        "org_ppa_guid": "7838413520",
        "internal_id": "241000018_2022_06",
        "account_internal_id": "241000018_2022_06",
        "gis_id": "241000018_2022_06",
        "month": "15.06.2022",
        "credit": "1703.07",
        "saldo": "2242.11",
        "payment_value": "42.0",
        "payment_date": "15.06.2022",
        "bill_value": "",
        "account_number": "",
        "bank_bik": ""
    },
    {
        "org_ppa_guid": "7838413520",
        "internal_id": "241000019_2022_06",
        "account_internal_id": "241000019_2022_06",
        "gis_id": "241000019_2022_06",
        "month": "15.06.2022",
        "credit": "1433.93",
        "saldo": "1883.15",
        "payment_value": "42.0",
        "payment_date": "15.06.2022",
        "bill_value": "",
        "account_number": "",
        "bank_bik": ""
    },
    {
        "org_ppa_guid": "7838413520",
        "internal_id": "241000020_2022_06",
        "account_internal_id": "241000020_2022_06",
        "gis_id": "241000020_2022_06",
        "month": "15.06.2022",
        "credit": "718.8",
        "saldo": "555.57",
        "payment_value": "522.63",
        "payment_date": "15.06.2022",
        "bill_value": "",
        "account_number": "",
        "bank_bik": ""
    },
    {
        "org_ppa_guid": "7838413520",
        "internal_id": "241000021_2022_06",
        "account_internal_id": "241000021_2022_06",
        "gis_id": "241000021_2022_06",
        "month": "15.06.2022",
        "credit": "584.02",
        "saldo": "451.4",
        "payment_value": "424.63",
        "payment_date": "15.06.2022",
        "bill_value": "",
        "account_number": "",
        "bank_bik": ""
    },
    {
        "org_ppa_guid": "7838413520",
        "internal_id": "241000022_2022_06",
        "account_internal_id": "241000022_2022_06",
        "gis_id": "241000022_2022_06",
        "month": "15.06.2022",
        "credit": "628.86",
        "saldo": "628.86",
        "payment_value": "314.43",
        "payment_date": "15.06.2022",
        "bill_value": "",
        "account_number": "",
        "bank_bik": ""
    },
    {
        "org_ppa_guid": "7838413520",
        "internal_id": "241000023_2022_06",
        "account_internal_id": "241000023_2022_06",
        "gis_id": "241000023_2022_06",
        "month": "15.06.2022",
        "credit": "691.51",
        "saldo": "689.77",
        "payment_value": "316.17",
        "payment_date": "15.06.2022",
        "bill_value": "",
        "account_number": "",
        "bank_bik": ""
    },
    {
        "org_ppa_guid": "7838413520",
        "internal_id": "241000024_2022_06",
        "account_internal_id": "241000024_2022_06",
        "gis_id": "241000024_2022_06",
        "month": "15.06.2022",
        "credit": "555.73",
        "saldo": "555.73",
        "payment_value": "314.43",
        "payment_date": "15.06.2022",
        "bill_value": "",
        "account_number": "",
        "bank_bik": ""
    },
    {
        "org_ppa_guid": "7838413520",
        "internal_id": "241000025_2022_06",
        "account_internal_id": "241000025_2022_06",
        "gis_id": "241000025_2022_06",
        "month": "15.06.2022",
        "credit": "795.43",
        "saldo": "795.43",
        "payment_value": "314.43",
        "payment_date": "15.06.2022",
        "bill_value": "",
        "account_number": "",
        "bank_bik": ""
    },
    {
        "org_ppa_guid": "7838413520",
        "internal_id": "241000026_2022_06",
        "account_internal_id": "241000026_2022_06",
        "gis_id": "241000026_2022_06",
        "month": "15.06.2022",
        "credit": "1014.78",
        "saldo": "690.38",
        "payment_value": "638.83",
        "payment_date": "15.06.2022",
        "bill_value": "",
        "account_number": "",
        "bank_bik": ""
    },
    {
        "org_ppa_guid": "7838413520",
        "internal_id": "241000027_2022_06",
        "account_internal_id": "241000027_2022_06",
        "gis_id": "241000027_2022_06",
        "month": "15.06.2022",
        "credit": "1014.78",
        "saldo": "1011.8",
        "payment_value": "317.41",
        "payment_date": "15.06.2022",
        "bill_value": "",
        "account_number": "",
        "bank_bik": ""
    },
    {
        "org_ppa_guid": "7838413520",
        "internal_id": "241000028_2022_06",
        "account_internal_id": "241000028_2022_06",
        "gis_id": "241000028_2022_06",
        "month": "15.06.2022",
        "credit": "1492.61",
        "saldo": "840.76",
        "payment_value": "966.28",
        "payment_date": "15.06.2022",
        "bill_value": "",
        "account_number": "",
        "bank_bik": ""
    },
    {
        "org_ppa_guid": "7838413520",
        "internal_id": "241000029_2022_06",
        "account_internal_id": "241000029_2022_06",
        "gis_id": "241000029_2022_06",
        "month": "15.06.2022",
        "credit": "723.94",
        "saldo": "406.81",
        "payment_value": "631.56",
        "payment_date": "15.06.2022",
        "bill_value": "",
        "account_number": "",
        "bank_bik": ""
    },
    {
        "org_ppa_guid": "7838413520",
        "internal_id": "241000030_2022_06",
        "account_internal_id": "241000030_2022_06",
        "gis_id": "241000030_2022_06",
        "month": "15.06.2022",
        "credit": "765.2",
        "saldo": "425.64",
        "payment_value": "676.53",
        "payment_date": "15.06.2022",
        "bill_value": "",
        "account_number": "",
        "bank_bik": ""
    },
    {
        "org_ppa_guid": "7838413520",
        "internal_id": "241000031_2022_06",
        "account_internal_id": "241000031_2022_06",
        "gis_id": "241000031_2022_06",
        "month": "15.06.2022",
        "credit": "314.43",
        "saldo": "628.86",
        "payment_value": "42.0",
        "payment_date": "15.06.2022",
        "bill_value": "",
        "account_number": "",
        "bank_bik": ""
    },
    {
        "org_ppa_guid": "7838413520",
        "internal_id": "241000032_2022_06",
        "account_internal_id": "241000032_2022_06",
        "gis_id": "241000032_2022_06",
        "month": "15.06.2022",
        "credit": "1020.98",
        "saldo": "634.6",
        "payment_value": "768.21",
        "payment_date": "15.06.2022",
        "bill_value": "",
        "account_number": "",
        "bank_bik": ""
    },
    {
        "org_ppa_guid": "7838413520",
        "internal_id": "241000033_2022_06",
        "account_internal_id": "241000033_2022_06",
        "gis_id": "241000033_2022_06",
        "month": "15.06.2022",
        "credit": "2892.1",
        "saldo": "1800.89",
        "payment_value": "2169.41",
        "payment_date": "15.06.2022",
        "bill_value": "",
        "account_number": "",
        "bank_bik": ""
    },
    {
        "org_ppa_guid": "7838413520",
        "internal_id": "241000034_2022_06",
        "account_internal_id": "241000034_2022_06",
        "gis_id": "241000034_2022_06",
        "month": "15.06.2022",
        "credit": "1136.31",
        "saldo": "968.56",
        "payment_value": "504.72",
        "payment_date": "15.06.2022",
        "bill_value": "",
        "account_number": "",
        "bank_bik": ""
    },
    {
        "org_ppa_guid": "7838413520",
        "internal_id": "241000035_2022_06",
        "account_internal_id": "241000035_2022_06",
        "gis_id": "241000035_2022_06",
        "month": "15.06.2022",
        "credit": "1203.65",
        "saldo": "1016.14",
        "payment_value": "501.94",
        "payment_date": "15.06.2022",
        "bill_value": "",
        "account_number": "",
        "bank_bik": ""
    },
    {
        "org_ppa_guid": "7838413520",
        "internal_id": "241000036_2022_06",
        "account_internal_id": "241000036_2022_06",
        "gis_id": "241000036_2022_06",
        "month": "15.06.2022",
        "credit": "933.76",
        "saldo": "561.8",
        "payment_value": "708.93",
        "payment_date": "15.06.2022",
        "bill_value": "",
        "account_number": "",
        "bank_bik": ""
    },
    {
        "org_ppa_guid": "7838413520",
        "internal_id": "241000037_2022_06",
        "account_internal_id": "241000037_2022_06",
        "gis_id": "241000037_2022_06",
        "month": "15.06.2022",
        "credit": "606.44",
        "saldo": "606.44",
        "payment_value": "606.44",
        "payment_date": "15.06.2022",
        "bill_value": "",
        "account_number": "",
        "bank_bik": ""
    },
    {
        "org_ppa_guid": "7838413520",
        "internal_id": "241000038_2022_06",
        "account_internal_id": "241000038_2022_06",
        "gis_id": "241000038_2022_06",
        "month": "15.06.2022",
        "credit": "2547.33",
        "saldo": "617.01",
        "payment_value": "2536.76",
        "payment_date": "15.06.2022",
        "bill_value": "",
        "account_number": "",
        "bank_bik": ""
    },
    {
        "org_ppa_guid": "7838413520",
        "internal_id": "241000039_2022_06",
        "account_internal_id": "241000039_2022_06",
        "gis_id": "241000039_2022_06",
        "month": "15.06.2022",
        "credit": "2003.29",
        "saldo": "2003.29",
        "payment_value": "359.4",
        "payment_date": "15.06.2022",
        "bill_value": "",
        "account_number": "",
        "bank_bik": ""
    },
    {
        "org_ppa_guid": "7838413520",
        "internal_id": "241000040_2022_06",
        "account_internal_id": "241000040_2022_06",
        "gis_id": "241000040_2022_06",
        "month": "15.06.2022",
        "credit": "725.18",
        "saldo": "725.18",
        "payment_value": "269.58",
        "payment_date": "15.06.2022",
        "bill_value": "",
        "account_number": "",
        "bank_bik": ""
    },
    {
        "org_ppa_guid": "7838413520",
        "internal_id": "241000041_2022_06",
        "account_internal_id": "241000041_2022_06",
        "gis_id": "241000041_2022_06",
        "month": "15.06.2022",
        "credit": "869.94",
        "saldo": "591.82",
        "payment_value": "547.7",
        "payment_date": "15.06.2022",
        "bill_value": "",
        "account_number": "",
        "bank_bik": ""
    },
    {
        "org_ppa_guid": "7838413520",
        "internal_id": "241000042_2022_06",
        "account_internal_id": "241000042_2022_06",
        "gis_id": "241000042_2022_06",
        "month": "15.06.2022",
        "credit": "474.99",
        "saldo": "474.99",
        "payment_value": "269.58",
        "payment_date": "15.06.2022",
        "bill_value": "",
        "account_number": "",
        "bank_bik": ""
    },
    {
        "org_ppa_guid": "7838413520",
        "internal_id": "241000043_2022_06",
        "account_internal_id": "241000043_2022_06",
        "gis_id": "241000043_2022_06",
        "month": "15.06.2022",
        "credit": "2972.18",
        "saldo": "2021.99",
        "payment_value": "1871.18",
        "payment_date": "15.06.2022",
        "bill_value": "",
        "account_number": "",
        "bank_bik": ""
    },
    {
        "org_ppa_guid": "7838413520",
        "internal_id": "241000044_2022_06",
        "account_internal_id": "241000044_2022_06",
        "gis_id": "241000044_2022_06",
        "month": "15.06.2022",
        "credit": "673.83",
        "saldo": "673.83",
        "payment_value": "673.83",
        "payment_date": "15.06.2022",
        "bill_value": "",
        "account_number": "",
        "bank_bik": ""
    },
    {
        "org_ppa_guid": "7838413520",
        "internal_id": "241000045_2022_06",
        "account_internal_id": "241000045_2022_06",
        "gis_id": "241000045_2022_06",
        "month": "15.06.2022",
        "credit": "2425.76",
        "saldo": "2425.76",
        "payment_value": "606.44",
        "payment_date": "15.06.2022",
        "bill_value": "",
        "account_number": "",
        "bank_bik": ""
    },
    {
        "org_ppa_guid": "7838413520",
        "internal_id": "241000046_2022_06",
        "account_internal_id": "241000046_2022_06",
        "gis_id": "241000046_2022_06",
        "month": "15.06.2022",
        "credit": "1166.12",
        "saldo": "1151.69",
        "payment_value": "553.47",
        "payment_date": "15.06.2022",
        "bill_value": "",
        "account_number": "",
        "bank_bik": ""
    },
    {
        "org_ppa_guid": "7838413520",
        "internal_id": "241000047_2022_06",
        "account_internal_id": "241000047_2022_06",
        "gis_id": "241000047_2022_06",
        "month": "15.06.2022",
        "credit": "2512.26",
        "saldo": "1768.08",
        "payment_value": "1462.98",
        "payment_date": "15.06.2022",
        "bill_value": "",
        "account_number": "",
        "bank_bik": ""
    },
    {
        "org_ppa_guid": "7838413520",
        "internal_id": "241000048_2022_06",
        "account_internal_id": "241000048_2022_06",
        "gis_id": "241000048_2022_06",
        "month": "15.06.2022",
        "credit": "1168.02",
        "saldo": "416.22",
        "payment_value": "1335.81",
        "payment_date": "15.06.2022",
        "bill_value": "",
        "account_number": "",
        "bank_bik": ""
    },
    {
        "org_ppa_guid": "7838413520",
        "internal_id": "241000049_2022_06",
        "account_internal_id": "241000049_2022_06",
        "gis_id": "241000049_2022_06",
        "month": "15.06.2022",
        "credit": "1561.62",
        "saldo": "1561.62",
        "payment_value": "516.62",
        "payment_date": "15.06.2022",
        "bill_value": "",
        "account_number": "",
        "bank_bik": ""
    },
    {
        "org_ppa_guid": "7838413520",
        "internal_id": "241000050_2022_06",
        "account_internal_id": "241000050_2022_06",
        "gis_id": "241000050_2022_06",
        "month": "15.06.2022",
        "credit": "3343.91",
        "saldo": "3343.91",
        "payment_value": "539.04",
        "payment_date": "15.06.2022",
        "bill_value": "",
        "account_number": "",
        "bank_bik": ""
    },
    {
        "org_ppa_guid": "7838413520",
        "internal_id": "241000051_2022_06",
        "account_internal_id": "241000051_2022_06",
        "gis_id": "241000051_2022_06",
        "month": "15.06.2022",
        "credit": "3825.07",
        "saldo": "922.28",
        "payment_value": "3441.83",
        "payment_date": "15.06.2022",
        "bill_value": "",
        "account_number": "",
        "bank_bik": ""
    },
    {
        "org_ppa_guid": "7838413520",
        "internal_id": "241000052_2022_06",
        "account_internal_id": "241000052_2022_06",
        "gis_id": "241000052_2022_06",
        "month": "15.06.2022",
        "credit": "1324.25",
        "saldo": "1751.05",
        "payment_value": "42.0",
        "payment_date": "15.06.2022",
        "bill_value": "",
        "account_number": "",
        "bank_bik": ""
    },
    {
        "org_ppa_guid": "7838413520",
        "internal_id": "241000053_2022_06",
        "account_internal_id": "241000053_2022_06",
        "gis_id": "241000053_2022_06",
        "month": "15.06.2022",
        "credit": "3135.32",
        "saldo": "2362.2",
        "payment_value": "1536.77",
        "payment_date": "15.06.2022",
        "bill_value": "",
        "account_number": "",
        "bank_bik": ""
    },
    {
        "org_ppa_guid": "7838413520",
        "internal_id": "241000054_2022_06",
        "account_internal_id": "241000054_2022_06",
        "gis_id": "241000054_2022_06",
        "month": "15.06.2022",
        "credit": "3506.45",
        "saldo": "4360.04",
        "payment_value": "42.0",
        "payment_date": "15.06.2022",
        "bill_value": "",
        "account_number": "",
        "bank_bik": ""
    },
    {
        "org_ppa_guid": "7838413520",
        "internal_id": "241000055_2022_06",
        "account_internal_id": "241000055_2022_06",
        "gis_id": "241000055_2022_06",
        "month": "15.06.2022",
        "credit": "647.52",
        "saldo": "647.52",
        "payment_value": "269.58",
        "payment_date": "15.06.2022",
        "bill_value": "",
        "account_number": "",
        "bank_bik": ""
    },
    {
        "org_ppa_guid": "7838413520",
        "internal_id": "241000056_2022_06",
        "account_internal_id": "241000056_2022_06",
        "gis_id": "241000056_2022_06",
        "month": "15.06.2022",
        "credit": "647.52",
        "saldo": "647.52",
        "payment_value": "269.58",
        "payment_date": "15.06.2022",
        "bill_value": "",
        "account_number": "",
        "bank_bik": ""
    },
    {
        "org_ppa_guid": "7838413520",
        "internal_id": "241000057_2022_06",
        "account_internal_id": "241000057_2022_06",
        "gis_id": "241000057_2022_06",
        "month": "15.06.2022",
        "credit": "1003.67",
        "saldo": "422.7",
        "payment_value": "850.55",
        "payment_date": "15.06.2022",
        "bill_value": "",
        "account_number": "",
        "bank_bik": ""
    },
    {
        "org_ppa_guid": "7838413520",
        "internal_id": "241000058_2022_06",
        "account_internal_id": "241000058_2022_06",
        "gis_id": "241000058_2022_06",
        "month": "15.06.2022",
        "credit": "343.11",
        "saldo": "702.51",
        "payment_value": "42.0",
        "payment_date": "15.06.2022",
        "bill_value": "",
        "account_number": "",
        "bank_bik": ""
    },
    {
        "org_ppa_guid": "7838413520",
        "internal_id": "241000059_2022_06",
        "account_internal_id": "241000059_2022_06",
        "gis_id": "241000059_2022_06",
        "month": "15.06.2022",
        "credit": "109.33",
        "saldo": "423.76",
        "payment_value": "42.0",
        "payment_date": "15.06.2022",
        "bill_value": "",
        "account_number": "",
        "bank_bik": ""
    },
    {
        "org_ppa_guid": "7838413520",
        "internal_id": "241000060_2022_06",
        "account_internal_id": "241000060_2022_06",
        "gis_id": "241000060_2022_06",
        "month": "15.06.2022",
        "credit": "224.02",
        "saldo": "538.45",
        "payment_value": "42.0",
        "payment_date": "15.06.2022",
        "bill_value": "",
        "account_number": "",
        "bank_bik": ""
    },
    {
        "org_ppa_guid": "7838413520",
        "internal_id": "241000061_2022_06",
        "account_internal_id": "241000061_2022_06",
        "gis_id": "241000061_2022_06",
        "month": "15.06.2022",
        "credit": "876.06",
        "saldo": "531.46",
        "payment_value": "681.57",
        "payment_date": "15.06.2022",
        "bill_value": "",
        "account_number": "",
        "bank_bik": ""
    },
    {
        "org_ppa_guid": "7838413520",
        "internal_id": "241000062_2022_06",
        "account_internal_id": "241000062_2022_06",
        "gis_id": "241000062_2022_06",
        "month": "15.06.2022",
        "credit": "1107.27",
        "saldo": "1107.27",
        "payment_value": "651.41",
        "payment_date": "15.06.2022",
        "bill_value": "",
        "account_number": "",
        "bank_bik": ""
    },
    {
        "org_ppa_guid": "7838413520",
        "internal_id": "241000063_2022_06",
        "account_internal_id": "241000063_2022_06",
        "gis_id": "241000063_2022_06",
        "month": "15.06.2022",
        "credit": "1498.15",
        "saldo": "1498.15",
        "payment_value": "876.02",
        "payment_date": "15.06.2022",
        "bill_value": "",
        "account_number": "",
        "bank_bik": ""
    },
    {
        "org_ppa_guid": "7838413520",
        "internal_id": "241000064_2022_06",
        "account_internal_id": "241000064_2022_06",
        "gis_id": "241000064_2022_06",
        "month": "15.06.2022",
        "credit": "1635.21",
        "saldo": "2106.86",
        "payment_value": "42.0",
        "payment_date": "15.06.2022",
        "bill_value": "",
        "account_number": "",
        "bank_bik": ""
    },
    {
        "org_ppa_guid": "7838413520",
        "internal_id": "241000065_2022_06",
        "account_internal_id": "241000065_2022_06",
        "gis_id": "241000065_2022_06",
        "month": "15.06.2022",
        "credit": "2358.25",
        "saldo": "2358.25",
        "payment_value": "471.65",
        "payment_date": "15.06.2022",
        "bill_value": "",
        "account_number": "",
        "bank_bik": ""
    },
    {
        "org_ppa_guid": "7838413520",
        "internal_id": "241000066_2022_06",
        "account_internal_id": "241000066_2022_06",
        "gis_id": "241000066_2022_06",
        "month": "15.06.2022",
        "credit": "1426.83",
        "saldo": "1921.02",
        "payment_value": "42.0",
        "payment_date": "15.06.2022",
        "bill_value": "",
        "account_number": "",
        "bank_bik": ""
    },
    {
        "org_ppa_guid": "7838413520",
        "internal_id": "241000067_2022_06",
        "account_internal_id": "241000067_2022_06",
        "gis_id": "241000067_2022_06",
        "month": "15.06.2022",
        "credit": "2411.24",
        "saldo": "2411.24",
        "payment_value": "1212.99",
        "payment_date": "15.06.2022",
        "bill_value": "",
        "account_number": "",
        "bank_bik": ""
    },
    {
        "org_ppa_guid": "7838413520",
        "internal_id": "241000068_2022_06",
        "account_internal_id": "241000068_2022_06",
        "gis_id": "241000068_2022_06",
        "month": "15.06.2022",
        "credit": "472.59",
        "saldo": "472.59",
        "payment_value": "269.58",
        "payment_date": "15.06.2022",
        "bill_value": "",
        "account_number": "",
        "bank_bik": ""
    },
    {
        "org_ppa_guid": "7838413520",
        "internal_id": "241000069_2022_06",
        "account_internal_id": "241000069_2022_06",
        "gis_id": "241000069_2022_06",
        "month": "15.06.2022",
        "credit": "1056.08",
        "saldo": "1056.1",
        "payment_value": "516.6",
        "payment_date": "15.06.2022",
        "bill_value": "",
        "account_number": "",
        "bank_bik": ""
    },
    {
        "org_ppa_guid": "7838413520",
        "internal_id": "241000070_2022_06",
        "account_internal_id": "241000070_2022_06",
        "gis_id": "241000070_2022_06",
        "month": "15.06.2022",
        "credit": "516.62",
        "saldo": "516.62",
        "payment_value": "516.62",
        "payment_date": "15.06.2022",
        "bill_value": "",
        "account_number": "",
        "bank_bik": ""
    },
    {
        "org_ppa_guid": "7838413520",
        "internal_id": "241000071_2022_06",
        "account_internal_id": "241000071_2022_06",
        "gis_id": "241000071_2022_06",
        "month": "15.06.2022",
        "credit": "524.27",
        "saldo": "816.28",
        "payment_value": "42.0",
        "payment_date": "15.06.2022",
        "bill_value": "",
        "account_number": "",
        "bank_bik": ""
    },
    {
        "org_ppa_guid": "7838413520",
        "internal_id": "241000072_2022_06",
        "account_internal_id": "241000072_2022_06",
        "gis_id": "241000072_2022_06",
        "month": "15.06.2022",
        "credit": "644.45",
        "saldo": "1003.85",
        "payment_value": "42.0",
        "payment_date": "15.06.2022",
        "bill_value": "",
        "account_number": "",
        "bank_bik": ""
    },
    {
        "org_ppa_guid": "7838413520",
        "internal_id": "241000073_2022_06",
        "account_internal_id": "241000073_2022_06",
        "gis_id": "241000073_2022_06",
        "month": "15.06.2022",
        "credit": "718.8",
        "saldo": "718.8",
        "payment_value": "718.8",
        "payment_date": "15.06.2022",
        "bill_value": "",
        "account_number": "",
        "bank_bik": ""
    },
    {
        "org_ppa_guid": "7838413520",
        "internal_id": "241000074_2022_06",
        "account_internal_id": "241000074_2022_06",
        "gis_id": "241000074_2022_06",
        "month": "15.06.2022",
        "credit": "965.84",
        "saldo": "965.84",
        "payment_value": "965.84",
        "payment_date": "15.06.2022",
        "bill_value": "",
        "account_number": "",
        "bank_bik": ""
    },
    {
        "org_ppa_guid": "7838413520",
        "internal_id": "241000075_2022_06",
        "account_internal_id": "241000075_2022_06",
        "gis_id": "241000075_2022_06",
        "month": "15.06.2022",
        "credit": "2479.27",
        "saldo": "1484.23",
        "payment_value": "1960.88",
        "payment_date": "15.06.2022",
        "bill_value": "",
        "account_number": "",
        "bank_bik": ""
    },
    {
        "org_ppa_guid": "7838413520",
        "internal_id": "241000076_2022_06",
        "account_internal_id": "241000076_2022_06",
        "gis_id": "241000076_2022_06",
        "month": "15.06.2022",
        "credit": "1457.52",
        "saldo": "1457.52",
        "payment_value": "696.37",
        "payment_date": "15.06.2022",
        "bill_value": "",
        "account_number": "",
        "bank_bik": ""
    },
    {
        "org_ppa_guid": "7838413520",
        "internal_id": "241000077_2022_06",
        "account_internal_id": "241000077_2022_06",
        "gis_id": "241000077_2022_06",
        "month": "15.06.2022",
        "credit": "665.84",
        "saldo": "665.84",
        "payment_value": "336.97",
        "payment_date": "15.06.2022",
        "bill_value": "",
        "account_number": "",
        "bank_bik": ""
    },
    {
        "org_ppa_guid": "7838413520",
        "internal_id": "241000078_2022_06",
        "account_internal_id": "241000078_2022_06",
        "gis_id": "241000078_2022_06",
        "month": "15.06.2022",
        "credit": "371.6",
        "saldo": "372.83",
        "payment_value": "425.57",
        "payment_date": "15.06.2022",
        "bill_value": "",
        "account_number": "",
        "bank_bik": ""
    },
    {
        "org_ppa_guid": "7838413520",
        "internal_id": "241000079_2022_06",
        "account_internal_id": "241000079_2022_06",
        "gis_id": "241000079_2022_06",
        "month": "15.06.2022",
        "credit": "1610.05",
        "saldo": "2194.06",
        "payment_value": "42.0",
        "payment_date": "15.06.2022",
        "bill_value": "",
        "account_number": "",
        "bank_bik": ""
    },
    {
        "org_ppa_guid": "7838413520",
        "internal_id": "241000080_2022_06",
        "account_internal_id": "241000080_2022_06",
        "gis_id": "241000080_2022_06",
        "month": "15.06.2022",
        "credit": "2344.35",
        "saldo": "1738.84",
        "payment_value": "1189.52",
        "payment_date": "15.06.2022",
        "bill_value": "",
        "account_number": "",
        "bank_bik": ""
    },
    {
        "org_ppa_guid": "7838413520",
        "internal_id": "241000081_2022_06",
        "account_internal_id": "241000081_2022_06",
        "gis_id": "241000081_2022_06",
        "month": "15.06.2022",
        "credit": "1608.53",
        "saldo": "1165.19",
        "payment_value": "870.14",
        "payment_date": "15.06.2022",
        "bill_value": "",
        "account_number": "",
        "bank_bik": ""
    },
    {
        "org_ppa_guid": "7838413520",
        "internal_id": "241000082_2022_06",
        "account_internal_id": "241000082_2022_06",
        "gis_id": "241000082_2022_06",
        "month": "15.06.2022",
        "credit": "1355.12",
        "saldo": "981.79",
        "payment_value": "732.73",
        "payment_date": "15.06.2022",
        "bill_value": "",
        "account_number": "",
        "bank_bik": ""
    },
    {
        "org_ppa_guid": "7838413520",
        "internal_id": "241000083_2022_06",
        "account_internal_id": "241000083_2022_06",
        "gis_id": "241000083_2022_06",
        "month": "15.06.2022",
        "credit": "404.37",
        "saldo": "404.37",
        "payment_value": "404.37",
        "payment_date": "15.06.2022",
        "bill_value": "",
        "account_number": "",
        "bank_bik": ""
    },
    {
        "org_ppa_guid": "7838413520",
        "internal_id": "241000084_2022_06",
        "account_internal_id": "241000084_2022_06",
        "gis_id": "241000084_2022_06",
        "month": "15.06.2022",
        "credit": "1873.05",
        "saldo": "1873.05",
        "payment_value": "920.99",
        "payment_date": "15.06.2022",
        "bill_value": "",
        "account_number": "",
        "bank_bik": ""
    },
    {
        "org_ppa_guid": "7838413520",
        "internal_id": "241000085_2022_06",
        "account_internal_id": "241000085_2022_06",
        "gis_id": "241000085_2022_06",
        "month": "15.06.2022",
        "credit": "1741.4",
        "saldo": "1741.4",
        "payment_value": "988.26",
        "payment_date": "15.06.2022",
        "bill_value": "",
        "account_number": "",
        "bank_bik": ""
    },
    {
        "org_ppa_guid": "7838413520",
        "internal_id": "241000086_2022_06",
        "account_internal_id": "241000086_2022_06",
        "gis_id": "241000086_2022_06",
        "month": "15.06.2022",
        "credit": "2676.21",
        "saldo": "1856.05",
        "payment_value": "1538.96",
        "payment_date": "15.06.2022",
        "bill_value": "",
        "account_number": "",
        "bank_bik": ""
    },
    {
        "org_ppa_guid": "7838413520",
        "internal_id": "241000087_2022_06",
        "account_internal_id": "241000087_2022_06",
        "gis_id": "241000087_2022_06",
        "month": "15.06.2022",
        "credit": "998.83",
        "saldo": "998.83",
        "payment_value": "471.65",
        "payment_date": "15.06.2022",
        "bill_value": "",
        "account_number": "",
        "bank_bik": ""
    },
    {
        "org_ppa_guid": "7838413520",
        "internal_id": "241000088_2022_06",
        "account_internal_id": "241000088_2022_06",
        "gis_id": "241000088_2022_06",
        "month": "15.06.2022",
        "credit": "2201.01",
        "saldo": "2201.01",
        "payment_value": "314.43",
        "payment_date": "15.06.2022",
        "bill_value": "",
        "account_number": "",
        "bank_bik": ""
    },
    {
        "org_ppa_guid": "7838413520",
        "internal_id": "241000089_2022_06",
        "account_internal_id": "241000089_2022_06",
        "gis_id": "241000089_2022_06",
        "month": "15.06.2022",
        "credit": "1130.71",
        "saldo": "1130.71",
        "payment_value": "314.43",
        "payment_date": "15.06.2022",
        "bill_value": "",
        "account_number": "",
        "bank_bik": ""
    },
    {
        "org_ppa_guid": "7838413520",
        "internal_id": "241000090_2022_06",
        "account_internal_id": "241000090_2022_06",
        "gis_id": "241000090_2022_06",
        "month": "15.06.2022",
        "credit": "336.97",
        "saldo": "336.97",
        "payment_value": "336.97",
        "payment_date": "15.06.2022",
        "bill_value": "",
        "account_number": "",
        "bank_bik": ""
    },
    {
        "org_ppa_guid": "7838413520",
        "internal_id": "241000091_2022_06",
        "account_internal_id": "241000091_2022_06",
        "gis_id": "241000091_2022_06",
        "month": "15.06.2022",
        "credit": "1188.02",
        "saldo": "1480.03",
        "payment_value": "42.0",
        "payment_date": "15.06.2022",
        "bill_value": "",
        "account_number": "",
        "bank_bik": ""
    },
    {
        "org_ppa_guid": "7838413520",
        "internal_id": "241000092_2022_06",
        "account_internal_id": "241000092_2022_06",
        "gis_id": "241000092_2022_06",
        "month": "15.06.2022",
        "credit": "314.43",
        "saldo": "314.43",
        "payment_value": "314.43",
        "payment_date": "15.06.2022",
        "bill_value": "",
        "account_number": "",
        "bank_bik": ""
    },
    {
        "org_ppa_guid": "7838413520",
        "internal_id": "241000093_2022_06",
        "account_internal_id": "241000093_2022_06",
        "gis_id": "241000093_2022_06",
        "month": "15.06.2022",
        "credit": "314.43",
        "saldo": "314.43",
        "payment_value": "314.43",
        "payment_date": "15.06.2022",
        "bill_value": "",
        "account_number": "",
        "bank_bik": ""
    },
    {
        "org_ppa_guid": "7838413520",
        "internal_id": "241000094_2022_06",
        "account_internal_id": "241000094_2022_06",
        "gis_id": "241000094_2022_06",
        "month": "15.06.2022",
        "credit": "1807.11",
        "saldo": "1807.11",
        "payment_value": "449.22",
        "payment_date": "15.06.2022",
        "bill_value": "",
        "account_number": "",
        "bank_bik": ""
    },
    {
        "org_ppa_guid": "7838413520",
        "internal_id": "241000095_2022_06",
        "account_internal_id": "241000095_2022_06",
        "gis_id": "241000095_2022_06",
        "month": "15.06.2022",
        "credit": "1807.11",
        "saldo": "1807.11",
        "payment_value": "449.22",
        "payment_date": "15.06.2022",
        "bill_value": "",
        "account_number": "",
        "bank_bik": ""
    },
    {
        "org_ppa_guid": "7838413520",
        "internal_id": "241000096_2022_06",
        "account_internal_id": "241000096_2022_06",
        "gis_id": "241000096_2022_06",
        "month": "15.06.2022",
        "credit": "808.74",
        "saldo": "1078.32",
        "payment_value": "42.0",
        "payment_date": "15.06.2022",
        "bill_value": "",
        "account_number": "",
        "bank_bik": ""
    },
    {
        "org_ppa_guid": "7838413520",
        "internal_id": "241000097_2022_06",
        "account_internal_id": "241000097_2022_06",
        "gis_id": "241000097_2022_06",
        "month": "15.06.2022",
        "credit": "876.03",
        "saldo": "1168.04",
        "payment_value": "42.0",
        "payment_date": "15.06.2022",
        "bill_value": "",
        "account_number": "",
        "bank_bik": ""
    },
    {
        "org_ppa_guid": "7838413520",
        "internal_id": "241000098_2022_06",
        "account_internal_id": "241000098_2022_06",
        "gis_id": "241000098_2022_06",
        "month": "15.06.2022",
        "credit": "1194.79",
        "saldo": "22.32",
        "payment_value": "1486.9",
        "payment_date": "15.06.2022",
        "bill_value": "",
        "account_number": "",
        "bank_bik": ""
    },
    {
        "org_ppa_guid": "7838413520",
        "internal_id": "241000099_2022_06",
        "account_internal_id": "241000099_2022_06",
        "gis_id": "241000099_2022_06",
        "month": "15.06.2022",
        "credit": "979.91",
        "saldo": "979.91",
        "payment_value": "292.01",
        "payment_date": "15.06.2022",
        "bill_value": "",
        "account_number": "",
        "bank_bik": ""
    },
    {
        "org_ppa_guid": "7838413520",
        "internal_id": "241000100_2022_06",
        "account_internal_id": "241000100_2022_06",
        "gis_id": "241000100_2022_06",
        "month": "15.06.2022",
        "credit": "979.91",
        "saldo": "979.91",
        "payment_value": "292.01",
        "payment_date": "15.06.2022",
        "bill_value": "",
        "account_number": "",
        "bank_bik": ""
    },
    {
        "org_ppa_guid": "7838413520",
        "internal_id": "241000101_2022_06",
        "account_internal_id": "241000101_2022_06",
        "gis_id": "241000101_2022_06",
        "month": "15.06.2022",
        "credit": "1496.35",
        "saldo": "729.72",
        "payment_value": "1171.0",
        "payment_date": "15.06.2022",
        "bill_value": "",
        "account_number": "",
        "bank_bik": ""
    },
    {
        "org_ppa_guid": "7838413520",
        "internal_id": "241000102_2022_06",
        "account_internal_id": "241000102_2022_06",
        "gis_id": "241000102_2022_06",
        "month": "15.06.2022",
        "credit": "109.96",
        "saldo": "424.39",
        "payment_value": "42.0",
        "payment_date": "15.06.2022",
        "bill_value": "",
        "account_number": "",
        "bank_bik": ""
    },
    {
        "org_ppa_guid": "7838413520",
        "internal_id": "241000103_2022_06",
        "account_internal_id": "241000103_2022_06",
        "gis_id": "241000103_2022_06",
        "month": "15.06.2022",
        "credit": "332.26",
        "saldo": "332.26",
        "payment_value": "314.43",
        "payment_date": "15.06.2022",
        "bill_value": "",
        "account_number": "",
        "bank_bik": ""
    },
    {
        "org_ppa_guid": "7838413520",
        "internal_id": "241000104_2022_06",
        "account_internal_id": "241000104_2022_06",
        "gis_id": "241000104_2022_06",
        "month": "15.06.2022",
        "credit": "314.43",
        "saldo": "314.43",
        "payment_value": "314.43",
        "payment_date": "15.06.2022",
        "bill_value": "",
        "account_number": "",
        "bank_bik": ""
    },
    {
        "org_ppa_guid": "7838413520",
        "internal_id": "241000105_2022_06",
        "account_internal_id": "241000105_2022_06",
        "gis_id": "241000105_2022_06",
        "month": "15.06.2022",
        "credit": "1449.48",
        "saldo": "1123.0",
        "payment_value": "640.91",
        "payment_date": "15.06.2022",
        "bill_value": "",
        "account_number": "",
        "bank_bik": ""
    },
    {
        "org_ppa_guid": "7838413520",
        "internal_id": "241000106_2022_06",
        "account_internal_id": "241000106_2022_06",
        "gis_id": "241000106_2022_06",
        "month": "15.06.2022",
        "credit": "314.43",
        "saldo": "314.43",
        "payment_value": "314.43",
        "payment_date": "15.06.2022",
        "bill_value": "",
        "account_number": "",
        "bank_bik": ""
    },
    {
        "org_ppa_guid": "7838413520",
        "internal_id": "241000107_2022_06",
        "account_internal_id": "241000107_2022_06",
        "gis_id": "241000107_2022_06",
        "month": "15.06.2022",
        "credit": "828.47",
        "saldo": "508.38",
        "payment_value": "634.52",
        "payment_date": "15.06.2022",
        "bill_value": "",
        "account_number": "",
        "bank_bik": ""
    },
    {
        "org_ppa_guid": "7838413520",
        "internal_id": "241000108_2022_06",
        "account_internal_id": "241000108_2022_06",
        "gis_id": "241000108_2022_06",
        "month": "15.06.2022",
        "credit": "332.26",
        "saldo": "332.26",
        "payment_value": "314.43",
        "payment_date": "15.06.2022",
        "bill_value": "",
        "account_number": "",
        "bank_bik": ""
    },
    {
        "org_ppa_guid": "7838413520",
        "internal_id": "241000109_2022_06",
        "account_internal_id": "241000109_2022_06",
        "gis_id": "241000109_2022_06",
        "month": "15.06.2022",
        "credit": "676.37",
        "saldo": "1013.34",
        "payment_value": "42.0",
        "payment_date": "15.06.2022",
        "bill_value": "",
        "account_number": "",
        "bank_bik": ""
    },
    {
        "org_ppa_guid": "7838413520",
        "internal_id": "241000110_2022_06",
        "account_internal_id": "241000110_2022_06",
        "gis_id": "241000110_2022_06",
        "month": "15.06.2022",
        "credit": "988.38",
        "saldo": "1482.57",
        "payment_value": "42.0",
        "payment_date": "15.06.2022",
        "bill_value": "",
        "account_number": "",
        "bank_bik": ""
    },
    {
        "org_ppa_guid": "7838413520",
        "internal_id": "241000111_2022_06",
        "account_internal_id": "241000111_2022_06",
        "gis_id": "241000111_2022_06",
        "month": "15.06.2022",
        "credit": "808.74",
        "saldo": "1213.11",
        "payment_value": "42.0",
        "payment_date": "15.06.2022",
        "bill_value": "",
        "account_number": "",
        "bank_bik": ""
    },
    {
        "org_ppa_guid": "7838413520",
        "internal_id": "241000112_2022_06",
        "account_internal_id": "241000112_2022_06",
        "gis_id": "241000112_2022_06",
        "month": "15.06.2022",
        "credit": "898.44",
        "saldo": "1347.66",
        "payment_value": "42.0",
        "payment_date": "15.06.2022",
        "bill_value": "",
        "account_number": "",
        "bank_bik": ""
    },
    {
        "org_ppa_guid": "7838413520",
        "internal_id": "241000113_2022_06",
        "account_internal_id": "241000113_2022_06",
        "gis_id": "241000113_2022_06",
        "month": "15.06.2022",
        "credit": "2445.39",
        "saldo": "2445.39",
        "payment_value": "336.97",
        "payment_date": "15.06.2022",
        "bill_value": "",
        "account_number": "",
        "bank_bik": ""
    },
    {
        "org_ppa_guid": "7838413520",
        "internal_id": "241000114_2022_06",
        "account_internal_id": "241000114_2022_06",
        "gis_id": "241000114_2022_06",
        "month": "15.06.2022",
        "credit": "-626.79",
        "saldo": "-312.36",
        "payment_value": "42.0",
        "payment_date": "15.06.2022",
        "bill_value": "",
        "account_number": "",
        "bank_bik": ""
    },
    {
        "org_ppa_guid": "7838413520",
        "internal_id": "241000115_2022_06",
        "account_internal_id": "241000115_2022_06",
        "gis_id": "241000115_2022_06",
        "month": "15.06.2022",
        "credit": "1781.22",
        "saldo": "1451.3",
        "payment_value": "644.35",
        "payment_date": "15.06.2022",
        "bill_value": "",
        "account_number": "",
        "bank_bik": ""
    },
    {
        "org_ppa_guid": "7838413520",
        "internal_id": "241000116_2022_06",
        "account_internal_id": "241000116_2022_06",
        "gis_id": "241000116_2022_06",
        "month": "15.06.2022",
        "credit": "819.93",
        "saldo": "819.93",
        "payment_value": "314.43",
        "payment_date": "15.06.2022",
        "bill_value": "",
        "account_number": "",
        "bank_bik": ""
    },
    {
        "org_ppa_guid": "7838413520",
        "internal_id": "241000117_2022_06",
        "account_internal_id": "241000117_2022_06",
        "gis_id": "241000117_2022_06",
        "month": "15.06.2022",
        "credit": "767.71",
        "saldo": "767.71",
        "payment_value": "314.43",
        "payment_date": "15.06.2022",
        "bill_value": "",
        "account_number": "",
        "bank_bik": ""
    },
    {
        "org_ppa_guid": "7838413520",
        "internal_id": "241000118_2022_06",
        "account_internal_id": "241000118_2022_06",
        "gis_id": "241000118_2022_06",
        "month": "15.06.2022",
        "credit": "1916.11",
        "saldo": "1558.13",
        "payment_value": "672.41",
        "payment_date": "15.06.2022",
        "bill_value": "",
        "account_number": "",
        "bank_bik": ""
    },
    {
        "org_ppa_guid": "7838413520",
        "internal_id": "241000119_2022_06",
        "account_internal_id": "241000119_2022_06",
        "gis_id": "241000119_2022_06",
        "month": "15.06.2022",
        "credit": "1257.72",
        "saldo": "1257.72",
        "payment_value": "314.43",
        "payment_date": "15.06.2022",
        "bill_value": "",
        "account_number": "",
        "bank_bik": ""
    },
    {
        "org_ppa_guid": "7838413520",
        "internal_id": "241000120_2022_06",
        "account_internal_id": "241000120_2022_06",
        "gis_id": "241000120_2022_06",
        "month": "15.06.2022",
        "credit": "1033.51",
        "saldo": "1033.51",
        "payment_value": "336.97",
        "payment_date": "15.06.2022",
        "bill_value": "",
        "account_number": "",
        "bank_bik": ""
    },
    {
        "org_ppa_guid": "7838413520",
        "internal_id": "241000121_2022_06",
        "account_internal_id": "241000121_2022_06",
        "gis_id": "241000121_2022_06",
        "month": "15.06.2022",
        "credit": "2490.73",
        "saldo": "862.04",
        "payment_value": "2033.06",
        "payment_date": "15.06.2022",
        "bill_value": "",
        "account_number": "",
        "bank_bik": ""
    },
    {
        "org_ppa_guid": "7838413520",
        "internal_id": "241000122_2022_06",
        "account_internal_id": "241000122_2022_06",
        "gis_id": "241000122_2022_06",
        "month": "15.06.2022",
        "credit": "1247.57",
        "saldo": "1247.57",
        "payment_value": "269.58",
        "payment_date": "15.06.2022",
        "bill_value": "",
        "account_number": "",
        "bank_bik": ""
    },
    {
        "org_ppa_guid": "7838413520",
        "internal_id": "241000123_2022_06",
        "account_internal_id": "241000123_2022_06",
        "gis_id": "241000123_2022_06",
        "month": "15.06.2022",
        "credit": "1247.57",
        "saldo": "1247.57",
        "payment_value": "269.58",
        "payment_date": "15.06.2022",
        "bill_value": "",
        "account_number": "",
        "bank_bik": ""
    },
    {
        "org_ppa_guid": "7838413520",
        "internal_id": "241000124_2022_06",
        "account_internal_id": "241000124_2022_06",
        "gis_id": "241000124_2022_06",
        "month": "15.06.2022",
        "credit": "943.29",
        "saldo": "1257.72",
        "payment_value": "42.0",
        "payment_date": "15.06.2022",
        "bill_value": "",
        "account_number": "",
        "bank_bik": ""
    },
    {
        "org_ppa_guid": "7838413520",
        "internal_id": "241000125_2022_06",
        "account_internal_id": "241000125_2022_06",
        "gis_id": "241000125_2022_06",
        "month": "15.06.2022",
        "credit": "1245.33",
        "saldo": "1514.91",
        "payment_value": "42.0",
        "payment_date": "15.06.2022",
        "bill_value": "",
        "account_number": "",
        "bank_bik": ""
    },
    {
        "org_ppa_guid": "7838413520",
        "internal_id": "241000126_2022_06",
        "account_internal_id": "241000126_2022_06",
        "gis_id": "241000126_2022_06",
        "month": "15.06.2022",
        "credit": "1474.87",
        "saldo": "1744.45",
        "payment_value": "42.0",
        "payment_date": "15.06.2022",
        "bill_value": "",
        "account_number": "",
        "bank_bik": ""
    },
    {
        "org_ppa_guid": "7838413520",
        "internal_id": "241000311_2022_06",
        "account_internal_id": "241000311_2022_06",
        "gis_id": "241000311_2022_06",
        "month": "15.06.2022",
        "credit": "604.4",
        "saldo": "604.4",
        "payment_value": "336.97",
        "payment_date": "15.06.2022",
        "bill_value": "",
        "account_number": "",
        "bank_bik": ""
    },
    {
        "org_ppa_guid": "7838413520",
        "internal_id": "241001031_2022_06",
        "account_internal_id": "241001031_2022_06",
        "gis_id": "241001031_2022_06",
        "month": "15.06.2022",
        "credit": "309.33",
        "saldo": "309.33",
        "payment_value": "314.43",
        "payment_date": "15.06.2022",
        "bill_value": "",
        "account_number": "",
        "bank_bik": ""
    },
    {
        "org_ppa_guid": "7838413520",
        "internal_id": "241001191_2022_06",
        "account_internal_id": "241001191_2022_06",
        "gis_id": "241001191_2022_06",
        "month": "15.06.2022",
        "credit": "3206.61",
        "saldo": "3521.04",
        "payment_value": "42.0",
        "payment_date": "15.06.2022",
        "bill_value": "",
        "account_number": "",
        "bank_bik": ""
    },
    {
        "org_ppa_guid": "7838413520",
        "internal_id": "241100031_2022_06",
        "account_internal_id": "241100031_2022_06",
        "gis_id": "241100031_2022_06",
        "month": "15.06.2022",
        "credit": "902.36",
        "saldo": "902.36",
        "payment_value": "292.01",
        "payment_date": "15.06.2022",
        "bill_value": "",
        "account_number": "",
        "bank_bik": ""
    },
    {
        "org_ppa_guid": "7838413520",
        "internal_id": "241100032_2022_06",
        "account_internal_id": "241100032_2022_06",
        "gis_id": "241100032_2022_06",
        "month": "15.06.2022",
        "credit": "1083.52",
        "saldo": "766.58",
        "payment_value": "631.37",
        "payment_date": "15.06.2022",
        "bill_value": "",
        "account_number": "",
        "bank_bik": ""
    },
    {
        "org_ppa_guid": "7838413520",
        "internal_id": "241200061_2022_06",
        "account_internal_id": "241200061_2022_06",
        "gis_id": "241200061_2022_06",
        "month": "15.06.2022",
        "credit": "1080.04",
        "saldo": "1073.68",
        "payment_value": "275.94",
        "payment_date": "15.06.2022",
        "bill_value": "",
        "account_number": "",
        "bank_bik": ""
    },
    {
        "org_ppa_guid": "7838413520",
        "internal_id": "241200301_2022_06",
        "account_internal_id": "241200301_2022_06",
        "gis_id": "241200301_2022_06",
        "month": "15.06.2022",
        "credit": "671.56",
        "saldo": "375.5",
        "payment_value": "588.07",
        "payment_date": "15.06.2022",
        "bill_value": "",
        "account_number": "",
        "bank_bik": ""
    },
    {
        "org_ppa_guid": "7838413520",
        "internal_id": "241200341_2022_06",
        "account_internal_id": "241200341_2022_06",
        "gis_id": "241200341_2022_06",
        "month": "15.06.2022",
        "credit": "2652.77",
        "saldo": "3169.39",
        "payment_value": "42.0",
        "payment_date": "15.06.2022",
        "bill_value": "",
        "account_number": "",
        "bank_bik": ""
    },
    {
        "org_ppa_guid": "7838413520",
        "internal_id": "241200391_2022_06",
        "account_internal_id": "241200391_2022_06",
        "gis_id": "241200391_2022_06",
        "month": "15.06.2022",
        "credit": "546.48",
        "saldo": "546.48",
        "payment_value": "134.79",
        "payment_date": "15.06.2022",
        "bill_value": "",
        "account_number": "",
        "bank_bik": ""
    },
    {
        "org_ppa_guid": "7838413520",
        "internal_id": "241200511_2022_06",
        "account_internal_id": "241200511_2022_06",
        "gis_id": "241200511_2022_06",
        "month": "15.06.2022",
        "credit": "1931.68",
        "saldo": "1593.19",
        "payment_value": "1304.33",
        "payment_date": "15.06.2022",
        "bill_value": "",
        "account_number": "",
        "bank_bik": ""
    },
    {
        "org_ppa_guid": "7838413520",
        "internal_id": "241200521_2022_06",
        "account_internal_id": "241200521_2022_06",
        "gis_id": "241200521_2022_06",
        "month": "15.06.2022",
        "credit": "1600.43",
        "saldo": "1219.9",
        "payment_value": "739.93",
        "payment_date": "15.06.2022",
        "bill_value": "",
        "account_number": "",
        "bank_bik": ""
    },
    {
        "org_ppa_guid": "7838413520",
        "internal_id": "241200581_2022_06",
        "account_internal_id": "241200581_2022_06",
        "gis_id": "241200581_2022_06",
        "month": "15.06.2022",
        "credit": "1887.06",
        "saldo": "2021.85",
        "payment_value": "42.0",
        "payment_date": "15.06.2022",
        "bill_value": "",
        "account_number": "",
        "bank_bik": ""
    },
    {
        "org_ppa_guid": "7838413520",
        "internal_id": "241200591_2022_06",
        "account_internal_id": "241200591_2022_06",
        "gis_id": "241200591_2022_06",
        "month": "15.06.2022",
        "credit": "831.61",
        "saldo": "1348.23",
        "payment_value": "42.0",
        "payment_date": "15.06.2022",
        "bill_value": "",
        "account_number": "",
        "bank_bik": ""
    },
    {
        "org_ppa_guid": "7838413520",
        "internal_id": "241200681_2022_06",
        "account_internal_id": "241200681_2022_06",
        "gis_id": "241200681_2022_06",
        "month": "15.06.2022",
        "credit": "103.86",
        "saldo": "261.08",
        "payment_value": "42.0",
        "payment_date": "15.06.2022",
        "bill_value": "",
        "account_number": "",
        "bank_bik": ""
    },
    {
        "org_ppa_guid": "7838413520",
        "internal_id": "241200682_2022_06",
        "account_internal_id": "241200682_2022_06",
        "gis_id": "241200682_2022_06",
        "month": "15.06.2022",
        "credit": "1752.27",
        "saldo": "1887.06",
        "payment_value": "42.0",
        "payment_date": "15.06.2022",
        "bill_value": "",
        "account_number": "",
        "bank_bik": ""
    },
    {
        "org_ppa_guid": "7838413520",
        "internal_id": "241200701_2022_06",
        "account_internal_id": "241200701_2022_06",
        "gis_id": "241200701_2022_06",
        "month": "15.06.2022",
        "credit": "544.07",
        "saldo": "311.23",
        "payment_value": "457.45",
        "payment_date": "15.06.2022",
        "bill_value": "",
        "account_number": "",
        "bank_bik": ""
    },
    {
        "org_ppa_guid": "7838413520",
        "internal_id": "241200731_2022_06",
        "account_internal_id": "241200731_2022_06",
        "gis_id": "241200731_2022_06",
        "month": "15.06.2022",
        "credit": "532.8",
        "saldo": "342.47",
        "payment_value": "369.97",
        "payment_date": "15.06.2022",
        "bill_value": "",
        "account_number": "",
        "bank_bik": ""
    },
    {
        "org_ppa_guid": "7838413520",
        "internal_id": "241200861_2022_06",
        "account_internal_id": "241200861_2022_06",
        "gis_id": "241200861_2022_06",
        "month": "15.06.2022",
        "credit": "720.67",
        "saldo": "720.67",
        "payment_value": "179.64",
        "payment_date": "15.06.2022",
        "bill_value": "",
        "account_number": "",
        "bank_bik": ""
    },
    {
        "org_ppa_guid": "7838413520",
        "internal_id": "241200871_2022_06",
        "account_internal_id": "241200871_2022_06",
        "gis_id": "241200871_2022_06",
        "month": "15.06.2022",
        "credit": "329.53",
        "saldo": "509.17",
        "payment_value": "42.0",
        "payment_date": "15.06.2022",
        "bill_value": "",
        "account_number": "",
        "bank_bik": ""
    },
    {
        "org_ppa_guid": "7838413520",
        "internal_id": "241200901_2022_06",
        "account_internal_id": "241200901_2022_06",
        "gis_id": "241200901_2022_06",
        "month": "15.06.2022",
        "credit": "157.22",
        "saldo": "157.22",
        "payment_value": "157.22",
        "payment_date": "15.06.2022",
        "bill_value": "",
        "account_number": "",
        "bank_bik": ""
    },
    {
        "org_ppa_guid": "7838413520",
        "internal_id": "241200902_2022_06",
        "account_internal_id": "241200902_2022_06",
        "gis_id": "241200902_2022_06",
        "month": "15.06.2022",
        "credit": "135.85",
        "saldo": "135.85",
        "payment_value": "134.79",
        "payment_date": "15.06.2022",
        "bill_value": "",
        "account_number": "",
        "bank_bik": ""
    },
    {
        "org_ppa_guid": "7838413520",
        "internal_id": "241200931_2022_06",
        "account_internal_id": "241200931_2022_06",
        "gis_id": "241200931_2022_06",
        "month": "15.06.2022",
        "credit": "1347.66",
        "saldo": "1796.88",
        "payment_value": "42.0",
        "payment_date": "15.06.2022",
        "bill_value": "",
        "account_number": "",
        "bank_bik": ""
    },
    {
        "org_ppa_guid": "7838413520",
        "internal_id": "42_2022_06",
        "account_internal_id": "42_2022_06",
        "gis_id": "42_2022_06",
        "month": "15.06.2022",
        "credit": "0.0",
        "saldo": "0.0",
        "payment_value": "0.0",
        "payment_date": "",
        "bill_value": "",
        "account_number": "",
        "bank_bik": ""
    }
]