[
    {
        "org_ppa_guid": "7838413520",
        "internal_id": "42_2022_06",
        "account_internal_id": "42_2022_06",
        "gis_id": "42_2022_06",
        "month": "15.06.2022",
        "credit": "42.0",
        "saldo": "42.0",
        "payment_value": "42.0",
        "payment_date": "15.06.2022",
        "bill_value": "",
        "account_number": "",
        "bank_bik": ""
    },
    {
        "org_ppa_guid": "7838413520",
        "internal_id": "240000001_2022_06",
        "account_internal_id": "240000001_2022_06",
        "gis_id": "240000001_2022_06",
        "month": "15.06.2022",
        "credit": "-3682.33",
        "saldo": "685.04",
        "payment_value": "42.0",
        "payment_date": "15.06.2022",
        "bill_value": "",
        "account_number": "",
        "bank_bik": ""
    },
    {
        "org_ppa_guid": "7838413520",
        "internal_id": "240000002_2022_06",
        "account_internal_id": "240000002_2022_06",
        "gis_id": "240000002_2022_06",
        "month": "15.06.2022",
        "credit": "1060.38",
        "saldo": "1125.23",
        "payment_value": "861.11",
        "payment_date": "15.06.2022",
        "bill_value": "",
        "account_number": "",
        "bank_bik": ""
    },
    {
        "org_ppa_guid": "7838413520",
        "internal_id": "240000003_2022_06",
        "account_internal_id": "240000003_2022_06",
        "gis_id": "240000003_2022_06",
        "month": "15.06.2022",
        "credit": "-310.28",
        "saldo": "-222.7",
        "payment_value": "1388.63",
        "payment_date": "15.06.2022",
        "bill_value": "",
        "account_number": "",
        "bank_bik": ""
    },
    {
        "org_ppa_guid": "7838413520",
        "internal_id": "240000004_2022_06",
        "account_internal_id": "240000004_2022_06",
        "gis_id": "240000004_2022_06",
        "month": "15.06.2022",
        "credit": "1359.72",
        "saldo": "2276.43",
        "payment_value": "42.0",
        "payment_date": "15.06.2022",
        "bill_value": "",
        "account_number": "",
        "bank_bik": ""
    },
    {
        "org_ppa_guid": "7838413520",
        "internal_id": "240000005_2022_06",
        "account_internal_id": "240000005_2022_06",
        "gis_id": "240000005_2022_06",
        "month": "15.06.2022",
        "credit": "2737.7",
        "saldo": "4203.51",
        "payment_value": "42.0",
        "payment_date": "15.06.2022",
        "bill_value": "",
        "account_number": "",
        "bank_bik": ""
    },
    {
        "org_ppa_guid": "7838413520",
        "internal_id": "240000006_2022_06",
        "account_internal_id": "240000006_2022_06",
        "gis_id": "240000006_2022_06",
        "month": "15.06.2022",
        "credit": "5008.4",
        "saldo": "9635.87",
        "payment_value": "42.0",
        "payment_date": "15.06.2022",
        "bill_value": "",
        "account_number": "",
        "bank_bik": ""
    },
    {
        "org_ppa_guid": "7838413520",
        "internal_id": "240000008_2022_06",
        "account_internal_id": "240000008_2022_06",
        "gis_id": "240000008_2022_06",
        "month": "15.06.2022",
        "credit": "3426.07",
        "saldo": "3554.94",
        "payment_value": "1895.29",
        "payment_date": "15.06.2022",
        "bill_value": "",
        "account_number": "",
        "bank_bik": ""
    },
    {
        "org_ppa_guid": "7838413520",
        "internal_id": "240000009_2022_06",
        "account_internal_id": "240000009_2022_06",
        "gis_id": "240000009_2022_06",
        "month": "15.06.2022",
        "credit": "-833.68",
        "saldo": "-802.44",
        "payment_value": "1266.95",
        "payment_date": "15.06.2022",
        "bill_value": "",
        "account_number": "",
        "bank_bik": ""
    },
    {
        "org_ppa_guid": "7838413520",
        "internal_id": "240000010_2022_06",
        "account_internal_id": "240000010_2022_06",
        "gis_id": "240000010_2022_06",
        "month": "15.06.2022",
        "credit": "1025.33",
        "saldo": "1095.95",
        "payment_value": "1392.88",
        "payment_date": "15.06.2022",
        "bill_value": "",
        "account_number": "",
        "bank_bik": ""
    },
    {
        "org_ppa_guid": "7838413520",
        "internal_id": "240000011_2022_06",
        "account_internal_id": "240000011_2022_06",
        "gis_id": "240000011_2022_06",
        "month": "15.06.2022",
        "credit": "2445.32",
        "saldo": "2593.09",
        "payment_value": "3131.8",
        "payment_date": "15.06.2022",
        "bill_value": "",
        "account_number": "",
        "bank_bik": ""
    },
    {
        "org_ppa_guid": "7838413520",
        "internal_id": "240000012_2022_06",
        "account_internal_id": "240000012_2022_06",
        "gis_id": "240000012_2022_06",
        "month": "15.06.2022",
        "credit": "2938.6",
        "saldo": "2932.52",
        "payment_value": "1621.01",
        "payment_date": "15.06.2022",
        "bill_value": "",
        "account_number": "",
        "bank_bik": ""
    },
    {
        "org_ppa_guid": "7838413520",
        "internal_id": "240000013_2022_06",
        "account_internal_id": "240000013_2022_06",
        "gis_id": "240000013_2022_06",
        "month": "15.06.2022",
        "credit": "302.08",
        "saldo": "1762.11",
        "payment_value": "42.0",
        "payment_date": "15.06.2022",
        "bill_value": "",
        "account_number": "",
        "bank_bik": ""
    },
    {
        "org_ppa_guid": "7838413520",
        "internal_id": "240000014_2022_06",
        "account_internal_id": "240000014_2022_06",
        "gis_id": "240000014_2022_06",
        "month": "15.06.2022",
        "credit": "4746.35",
        "saldo": "6510.41",
        "payment_value": "42.0",
        "payment_date": "15.06.2022",
        "bill_value": "",
        "account_number": "",
        "bank_bik": ""
    },
    {
        "org_ppa_guid": "7838413520",
        "internal_id": "240000015_2022_06",
        "account_internal_id": "240000015_2022_06",
        "gis_id": "240000015_2022_06",
        "month": "15.06.2022",
        "credit": "243.88",
        "saldo": "282.37",
        "payment_value": "1564.88",
        "payment_date": "15.06.2022",
        "bill_value": "",
        "account_number": "",
        "bank_bik": ""
    },
    {
        "org_ppa_guid": "7838413520",
        "internal_id": "240000016_2022_06",
        "account_internal_id": "240000016_2022_06",
        "gis_id": "240000016_2022_06",
        "month": "15.06.2022",
        "credit": "2439.67",
        "saldo": "3895.07",
        "payment_value": "42.0",
        "payment_date": "15.06.2022",
        "bill_value": "",
        "account_number": "",
        "bank_bik": ""
    },
    {
        "org_ppa_guid": "7838413520",
        "internal_id": "240000017_2022_06",
        "account_internal_id": "240000017_2022_06",
        "gis_id": "240000017_2022_06",
        "month": "15.06.2022",
        "credit": "1686.5",
        "saldo": "3447.09",
        "payment_value": "42.0",
        "payment_date": "15.06.2022",
        "bill_value": "",
        "account_number": "",
        "bank_bik": ""
    },
    {
        "org_ppa_guid": "7838413520",
        "internal_id": "240000018_2022_06",
        "account_internal_id": "240000018_2022_06",
        "gis_id": "240000018_2022_06",
        "month": "15.06.2022",
        "credit": "2258.3",
        "saldo": "3860.52",
        "payment_value": "42.0",
        "payment_date": "15.06.2022",
        "bill_value": "",
        "account_number": "",
        "bank_bik": ""
    },
    {
        "org_ppa_guid": "7838413520",
        "internal_id": "240000019_2022_06",
        "account_internal_id": "240000019_2022_06",
        "gis_id": "240000019_2022_06",
        "month": "15.06.2022",
        "credit": "388.86",
        "saldo": "1840.8",
        "payment_value": "42.0",
        "payment_date": "15.06.2022",
        "bill_value": "",
        "account_number": "",
        "bank_bik": ""
    },
    {
        "org_ppa_guid": "7838413520",
        "internal_id": "240000020_2022_06",
        "account_internal_id": "240000020_2022_06",
        "gis_id": "240000020_2022_06",
        "month": "15.06.2022",
        "credit": "-563.17",
        "saldo": "-584.68",
        "payment_value": "1774.01",
        "payment_date": "15.06.2022",
        "bill_value": "",
        "account_number": "",
        "bank_bik": ""
    },
    {
        "org_ppa_guid": "7838413520",
        "internal_id": "240000021_2022_06",
        "account_internal_id": "240000021_2022_06",
        "gis_id": "240000021_2022_06",
        "month": "15.06.2022",
        "credit": "678.65",
        "saldo": "739.67",
        "payment_value": "1528.48",
        "payment_date": "15.06.2022",
        "bill_value": "",
        "account_number": "",
        "bank_bik": ""
    },
    {
        "org_ppa_guid": "7838413520",
        "internal_id": "240000022_2022_06",
        "account_internal_id": "240000022_2022_06",
        "gis_id": "240000022_2022_06",
        "month": "15.06.2022",
        "credit": "135.75",
        "saldo": "1577.28",
        "payment_value": "42.0",
        "payment_date": "15.06.2022",
        "bill_value": "",
        "account_number": "",
        "bank_bik": ""
    },
    {
        "org_ppa_guid": "7838413520",
        "internal_id": "240000023_2022_06",
        "account_internal_id": "240000023_2022_06",
        "gis_id": "240000023_2022_06",
        "month": "15.06.2022",
        "credit": "-288.39",
        "saldo": "1453.7",
        "payment_value": "42.0",
        "payment_date": "15.06.2022",
        "bill_value": "",
        "account_number": "",
        "bank_bik": ""
    },
    {
        "org_ppa_guid": "7838413520",
        "internal_id": "240000024_2022_06",
        "account_internal_id": "240000024_2022_06",
        "gis_id": "240000024_2022_06",
        "month": "15.06.2022",
        "credit": "-908.27",
        "saldo": "-851.9",
        "payment_value": "1424.47",
        "payment_date": "15.06.2022",
        "bill_value": "",
        "account_number": "",
        "bank_bik": ""
    },
    {
        "org_ppa_guid": "7838413520",
        "internal_id": "240000025_2022_06",
        "account_internal_id": "240000025_2022_06",
        "gis_id": "240000025_2022_06",
        "month": "15.06.2022",
        "credit": "410.67",
        "saldo": "1799.03",
        "payment_value": "42.0",
        "payment_date": "15.06.2022",
        "bill_value": "",
        "account_number": "",
        "bank_bik": ""
    },
    {
        "org_ppa_guid": "7838413520",
        "internal_id": "240000026_2022_06",
        "account_internal_id": "240000026_2022_06",
        "gis_id": "240000026_2022_06",
        "month": "15.06.2022",
        "credit": "2647.12",
        "saldo": "2750.38",
        "payment_value": "1590.28",
        "payment_date": "15.06.2022",
        "bill_value": "",
        "account_number": "",
        "bank_bik": ""
    },
    {
        "org_ppa_guid": "7838413520",
        "internal_id": "240000027_2022_06",
        "account_internal_id": "240000027_2022_06",
        "gis_id": "240000027_2022_06",
        "month": "15.06.2022",
        "credit": "4582.25",
        "saldo": "4639.79",
        "payment_value": "1619.82",
        "payment_date": "15.06.2022",
        "bill_value": "",
        "account_number": "",
        "bank_bik": ""
    },
    {
        "org_ppa_guid": "7838413520",
        "internal_id": "240000028_2022_06",
        "account_internal_id": "240000028_2022_06",
        "gis_id": "240000028_2022_06",
        "month": "15.06.2022",
        "credit": "8649.79",
        "saldo": "7276.25",
        "payment_value": "2917.96",
        "payment_date": "15.06.2022",
        "bill_value": "",
        "account_number": "",
        "bank_bik": ""
    },
    {
        "org_ppa_guid": "7838413520",
        "internal_id": "240000029_2022_06",
        "account_internal_id": "240000029_2022_06",
        "gis_id": "240000029_2022_06",
        "month": "15.06.2022",
        "credit": "275.15",
        "saldo": "347.78",
        "payment_value": "1973.49",
        "payment_date": "15.06.2022",
        "bill_value": "",
        "account_number": "",
        "bank_bik": ""
    },
    {
        "org_ppa_guid": "7838413520",
        "internal_id": "240000030_2022_06",
        "account_internal_id": "240000030_2022_06",
        "gis_id": "240000030_2022_06",
        "month": "15.06.2022",
        "credit": "575.75",
        "saldo": "753.3",
        "payment_value": "1759.91",
        "payment_date": "15.06.2022",
        "bill_value": "",
        "account_number": "",
        "bank_bik": ""
    },
    {
        "org_ppa_guid": "7838413520",
        "internal_id": "240000031_2022_06",
        "account_internal_id": "240000031_2022_06",
        "gis_id": "240000031_2022_06",
        "month": "15.06.2022",
        "credit": "-598.62",
        "saldo": "-670.41",
        "payment_value": "998.9",
        "payment_date": "15.06.2022",
        "bill_value": "",
        "account_number": "",
        "bank_bik": ""
    },
    {
        "org_ppa_guid": "7838413520",
        "internal_id": "240000032_2022_06",
        "account_internal_id": "240000032_2022_06",
        "gis_id": "240000032_2022_06",
        "month": "15.06.2022",
        "credit": "2833.55",
        "saldo": "3034.65",
        "payment_value": "1791.84",
        "payment_date": "15.06.2022",
        "bill_value": "",
        "account_number": "",
        "bank_bik": ""
    },
    {
        "org_ppa_guid": "7838413520",
        "internal_id": "240000033_2022_06",
        "account_internal_id": "240000033_2022_06",
        "gis_id": "240000033_2022_06",
        "month": "15.06.2022",
        "credit": "685.8",
        "saldo": "2611.7",
        "payment_value": "42.0",
        "payment_date": "15.06.2022",
        "bill_value": "",
        "account_number": "",
        "bank_bik": ""
    },
    {
        "org_ppa_guid": "7838413520",
        "internal_id": "240000034_2022_06",
        "account_internal_id": "240000034_2022_06",
        "gis_id": "240000034_2022_06",
        "month": "15.06.2022",
        "credit": "5023.96",
        "saldo": "3271.63",
        "payment_value": "2670.19",
        "payment_date": "15.06.2022",
        "bill_value": "",
        "account_number": "",
        "bank_bik": ""
    },
    {
        "org_ppa_guid": "7838413520",
        "internal_id": "240000035_2022_06",
        "account_internal_id": "240000035_2022_06",
        "gis_id": "240000035_2022_06",
        "month": "15.06.2022",
        "credit": "5167.4",
        "saldo": "1093.58",
        "payment_value": "6059.83",
        "payment_date": "15.06.2022",
        "bill_value": "",
        "account_number": "",
        "bank_bik": ""
    },
    {
        "org_ppa_guid": "7838413520",
        "internal_id": "240000036_2022_06",
        "account_internal_id": "240000036_2022_06",
        "gis_id": "240000036_2022_06",
        "month": "15.06.2022",
        "credit": "7627.03",
        "saldo": "5157.09",
        "payment_value": "4398.15",
        "payment_date": "15.06.2022",
        "bill_value": "",
        "account_number": "",
        "bank_bik": ""
    },
    {
        "org_ppa_guid": "7838413520",
        "internal_id": "240000037_2022_06",
        "account_internal_id": "240000037_2022_06",
        "gis_id": "240000037_2022_06",
        "month": "15.06.2022",
        "credit": "1816.86",
        "saldo": "4716.11",
        "payment_value": "42.0",
        "payment_date": "15.06.2022",
        "bill_value": "",
        "account_number": "",
        "bank_bik": ""
    },
    {
        "org_ppa_guid": "7838413520",
        "internal_id": "240000039_2022_06",
        "account_internal_id": "240000039_2022_06",
        "gis_id": "240000039_2022_06",
        "month": "15.06.2022",
        "credit": "716.5",
        "saldo": "2630.84",
        "payment_value": "42.0",
        "payment_date": "15.06.2022",
        "bill_value": "",
        "account_number": "",
        "bank_bik": ""
    },
    {
        "org_ppa_guid": "7838413520",
        "internal_id": "240000040_2022_06",
        "account_internal_id": "240000040_2022_06",
        "gis_id": "240000040_2022_06",
        "month": "15.06.2022",
        "credit": "937.89",
        "saldo": "1841.88",
        "payment_value": "42.0",
        "payment_date": "15.06.2022",
        "bill_value": "",
        "account_number": "",
        "bank_bik": ""
    },
    {
        "org_ppa_guid": "7838413520",
        "internal_id": "240000041_2022_06",
        "account_internal_id": "240000041_2022_06",
        "gis_id": "240000041_2022_06",
        "month": "15.06.2022",
        "credit": "10197.14",
        "saldo": "12682.54",
        "payment_value": "42.0",
        "payment_date": "15.06.2022",
        "bill_value": "",
        "account_number": "",
        "bank_bik": ""
    },
    {
        "org_ppa_guid": "7838413520",
        "internal_id": "240000042_2022_06",
        "account_internal_id": "240000042_2022_06",
        "gis_id": "240000042_2022_06",
        "month": "15.06.2022",
        "credit": "348.06",
        "saldo": "241.29",
        "payment_value": "2252.31",
        "payment_date": "15.06.2022",
        "bill_value": "",
        "account_number": "",
        "bank_bik": ""
    },
    {
        "org_ppa_guid": "7838413520",
        "internal_id": "240000043_2022_06",
        "account_internal_id": "240000043_2022_06",
        "gis_id": "240000043_2022_06",
        "month": "15.06.2022",
        "credit": "8454.27",
        "saldo": "12058.68",
        "payment_value": "42.0",
        "payment_date": "15.06.2022",
        "bill_value": "",
        "account_number": "",
        "bank_bik": ""
    },
    {
        "org_ppa_guid": "7838413520",
        "internal_id": "240000044_2022_06",
        "account_internal_id": "240000044_2022_06",
        "gis_id": "240000044_2022_06",
        "month": "15.06.2022",
        "credit": "21977.57",
        "saldo": "-4286.11",
        "payment_value": "28309.8",
        "payment_date": "15.06.2022",
        "bill_value": "",
        "account_number": "",
        "bank_bik": ""
    },
    {
        "org_ppa_guid": "7838413520",
        "internal_id": "240000045_2022_06",
        "account_internal_id": "240000045_2022_06",
        "gis_id": "240000045_2022_06",
        "month": "15.06.2022",
        "credit": "6593.82",
        "saldo": "8141.7",
        "payment_value": "42.0",
        "payment_date": "15.06.2022",
        "bill_value": "",
        "account_number": "",
        "bank_bik": ""
    },
    {
        "org_ppa_guid": "7838413520",
        "internal_id": "240000046_2022_06",
        "account_internal_id": "240000046_2022_06",
        "gis_id": "240000046_2022_06",
        "month": "15.06.2022",
        "credit": "1256.87",
        "saldo": "2935.38",
        "payment_value": "42.0",
        "payment_date": "15.06.2022",
        "bill_value": "",
        "account_number": "",
        "bank_bik": ""
    },
    {
        "org_ppa_guid": "7838413520",
        "internal_id": "240000047_2022_06",
        "account_internal_id": "240000047_2022_06",
        "gis_id": "240000047_2022_06",
        "month": "15.06.2022",
        "credit": "1064.32",
        "saldo": "959.15",
        "payment_value": "2095.8",
        "payment_date": "15.06.2022",
        "bill_value": "",
        "account_number": "",
        "bank_bik": ""
    },
    {
        "org_ppa_guid": "7838413520",
        "internal_id": "240000048_2022_06",
        "account_internal_id": "240000048_2022_06",
        "gis_id": "240000048_2022_06",
        "month": "15.06.2022",
        "credit": "679.68",
        "saldo": "736.02",
        "payment_value": "868.46",
        "payment_date": "15.06.2022",
        "bill_value": "",
        "account_number": "",
        "bank_bik": ""
    },
    {
        "org_ppa_guid": "7838413520",
        "internal_id": "240000049_2022_06",
        "account_internal_id": "240000049_2022_06",
        "gis_id": "240000049_2022_06",
        "month": "15.06.2022",
        "credit": "5144.56",
        "saldo": "7063.52",
        "payment_value": "42.0",
        "payment_date": "15.06.2022",
        "bill_value": "",
        "account_number": "",
        "bank_bik": ""
    },
    {
        "org_ppa_guid": "7838413520",
        "internal_id": "240000050_2022_06",
        "account_internal_id": "240000050_2022_06",
        "gis_id": "240000050_2022_06",
        "month": "15.06.2022",
        "credit": "-38.39",
        "saldo": "1953.4",
        "payment_value": "42.0",
        "payment_date": "15.06.2022",
        "bill_value": "",
        "account_number": "",
        "bank_bik": ""
    },
    {
        "org_ppa_guid": "7838413520",
        "internal_id": "240000051_2022_06",
        "account_internal_id": "240000051_2022_06",
        "gis_id": "240000051_2022_06",
        "month": "15.06.2022",
        "credit": "-35.05",
        "saldo": "880.5",
        "payment_value": "42.0",
        "payment_date": "15.06.2022",
        "bill_value": "",
        "account_number": "",
        "bank_bik": ""
    },
    {
        "org_ppa_guid": "7838413520",
        "internal_id": "240000052_2022_06",
        "account_internal_id": "240000052_2022_06",
        "gis_id": "240000052_2022_06",
        "month": "15.06.2022",
        "credit": "5581.89",
        "saldo": "3424.97",
        "payment_value": "4078.19",
        "payment_date": "15.06.2022",
        "bill_value": "",
        "account_number": "",
        "bank_bik": ""
    },
    {
        "org_ppa_guid": "7838413520",
        "internal_id": "240000053_2022_06",
        "account_internal_id": "240000053_2022_06",
        "gis_id": "240000053_2022_06",
        "month": "15.06.2022",
        "credit": "3953.4",
        "saldo": "1316.38",
        "payment_value": "5479.62",
        "payment_date": "15.06.2022",
        "bill_value": "",
        "account_number": "",
        "bank_bik": ""
    },
    {
        "org_ppa_guid": "7838413520",
        "internal_id": "240000054_2022_06",
        "account_internal_id": "240000054_2022_06",
        "gis_id": "240000054_2022_06",
        "month": "15.06.2022",
        "credit": "7580.29",
        "saldo": "-4077.33",
        "payment_value": "13569.64",
        "payment_date": "15.06.2022",
        "bill_value": "",
        "account_number": "",
        "bank_bik": ""
    },
    {
        "org_ppa_guid": "7838413520",
        "internal_id": "240000055_2022_06",
        "account_internal_id": "240000055_2022_06",
        "gis_id": "240000055_2022_06",
        "month": "15.06.2022",
        "credit": "4597.72",
        "saldo": "4650.08",
        "payment_value": "2613.38",
        "payment_date": "15.06.2022",
        "bill_value": "",
        "account_number": "",
        "bank_bik": ""
    },
    {
        "org_ppa_guid": "7838413520",
        "internal_id": "240000056_2022_06",
        "account_internal_id": "240000056_2022_06",
        "gis_id": "240000056_2022_06",
        "month": "15.06.2022",
        "credit": "2423.31",
        "saldo": "2444.18",
        "payment_value": "886.59",
        "payment_date": "15.06.2022",
        "bill_value": "",
        "account_number": "",
        "bank_bik": ""
    },
    {
        "org_ppa_guid": "7838413520",
        "internal_id": "240000057_2022_06",
        "account_internal_id": "240000057_2022_06",
        "gis_id": "240000057_2022_06",
        "month": "15.06.2022",
        "credit": "1609.25",
        "saldo": "3509.71",
        "payment_value": "42.0",
        "payment_date": "15.06.2022",
        "bill_value": "",
        "account_number": "",
        "bank_bik": ""
    },
    {
        "org_ppa_guid": "7838413520",
        "internal_id": "240000058_2022_06",
        "account_internal_id": "240000058_2022_06",
        "gis_id": "240000058_2022_06",
        "month": "15.06.2022",
        "credit": "3335.07",
        "saldo": "7384.54",
        "payment_value": "42.0",
        "payment_date": "15.06.2022",
        "bill_value": "",
        "account_number": "",
        "bank_bik": ""
    },
    {
        "org_ppa_guid": "7838413520",
        "internal_id": "240000059_2022_06",
        "account_internal_id": "240000059_2022_06",
        "gis_id": "240000059_2022_06",
        "month": "15.06.2022",
        "credit": "5157.64",
        "saldo": "7302.02",
        "payment_value": "42.0",
        "payment_date": "15.06.2022",
        "bill_value": "",
        "account_number": "",
        "bank_bik": ""
    },
    {
        "org_ppa_guid": "7838413520",
        "internal_id": "240000060_2022_06",
        "account_internal_id": "240000060_2022_06",
        "gis_id": "240000060_2022_06",
        "month": "15.06.2022",
        "credit": "6283.85",
        "saldo": "9461.69",
        "payment_value": "42.0",
        "payment_date": "15.06.2022",
        "bill_value": "",
        "account_number": "",
        "bank_bik": ""
    },
    {
        "org_ppa_guid": "7838413520",
        "internal_id": "240000061_2022_06",
        "account_internal_id": "240000061_2022_06",
        "gis_id": "240000061_2022_06",
        "month": "15.06.2022",
        "credit": "3129.53",
        "saldo": "3134.07",
        "payment_value": "1473.98",
        "payment_date": "15.06.2022",
        "bill_value": "",
        "account_number": "",
        "bank_bik": ""
    },
    {
        "org_ppa_guid": "7838413520",
        "internal_id": "240000062_2022_06",
        "account_internal_id": "240000062_2022_06",
        "gis_id": "240000062_2022_06",
        "month": "15.06.2022",
        "credit": "-505.14",
        "saldo": "786.11",
        "payment_value": "42.0",
        "payment_date": "15.06.2022",
        "bill_value": "",
        "account_number": "",
        "bank_bik": ""
    },
    {
        "org_ppa_guid": "7838413520",
        "internal_id": "240000063_2022_06",
        "account_internal_id": "240000063_2022_06",
        "gis_id": "240000063_2022_06",
        "month": "15.06.2022",
        "credit": "1188.49",
        "saldo": "2956.01",
        "payment_value": "42.0",
        "payment_date": "15.06.2022",
        "bill_value": "",
        "account_number": "",
        "bank_bik": ""
    },
    {
        "org_ppa_guid": "7838413520",
        "internal_id": "240000064_2022_06",
        "account_internal_id": "240000064_2022_06",
        "gis_id": "240000064_2022_06",
        "month": "15.06.2022",
        "credit": "2201.46",
        "saldo": "3660.33",
        "payment_value": "42.0",
        "payment_date": "15.06.2022",
        "bill_value": "",
        "account_number": "",
        "bank_bik": ""
    },
    {
        "org_ppa_guid": "7838413520",
        "internal_id": "240000065_2022_06",
        "account_internal_id": "240000065_2022_06",
        "gis_id": "240000065_2022_06",
        "month": "15.06.2022",
        "credit": "3637.65",
        "saldo": "2104.46",
        "payment_value": "3144.65",
        "payment_date": "15.06.2022",
        "bill_value": "",
        "account_number": "",
        "bank_bik": ""
    },
    {
        "org_ppa_guid": "7838413520",
        "internal_id": "240000066_2022_06",
        "account_internal_id": "240000066_2022_06",
        "gis_id": "240000066_2022_06",
        "month": "15.06.2022",
        "credit": "3348.95",
        "saldo": "5114.16",
        "payment_value": "42.0",
        "payment_date": "15.06.2022",
        "bill_value": "",
        "account_number": "",
        "bank_bik": ""
    },
    {
        "org_ppa_guid": "7838413520",
        "internal_id": "240000067_2022_06",
        "account_internal_id": "240000067_2022_06",
        "gis_id": "240000067_2022_06",
        "month": "15.06.2022",
        "credit": "423.58",
        "saldo": "563.43",
        "payment_value": "1273.94",
        "payment_date": "15.06.2022",
        "bill_value": "",
        "account_number": "",
        "bank_bik": ""
    },
    {
        "org_ppa_guid": "7838413520",
        "internal_id": "240000068_2022_06",
        "account_internal_id": "240000068_2022_06",
        "gis_id": "240000068_2022_06",
        "month": "15.06.2022",
        "credit": "27.27",
        "saldo": "1673.41",
        "payment_value": "42.0",
        "payment_date": "15.06.2022",
        "bill_value": "",
        "account_number": "",
        "bank_bik": ""
    },
    {
        "org_ppa_guid": "7838413520",
        "internal_id": "240000069_2022_06",
        "account_internal_id": "240000069_2022_06",
        "gis_id": "240000069_2022_06",
        "month": "15.06.2022",
        "credit": "3123.96",
        "saldo": "4882.24",
        "payment_value": "42.0",
        "payment_date": "15.06.2022",
        "bill_value": "",
        "account_number": "",
        "bank_bik": ""
    },
    {
        "org_ppa_guid": "7838413520",
        "internal_id": "240000070_2022_06",
        "account_internal_id": "240000070_2022_06",
        "gis_id": "240000070_2022_06",
        "month": "15.06.2022",
        "credit": "230.13",
        "saldo": "1673.97",
        "payment_value": "42.0",
        "payment_date": "15.06.2022",
        "bill_value": "",
        "account_number": "",
        "bank_bik": ""
    },
    {
        "org_ppa_guid": "7838413520",
        "internal_id": "240000071_2022_06",
        "account_internal_id": "240000071_2022_06",
        "gis_id": "240000071_2022_06",
        "month": "15.06.2022",
        "credit": "1033.66",
        "saldo": "1192.93",
        "payment_value": "1438.32",
        "payment_date": "15.06.2022",
        "bill_value": "",
        "account_number": "",
        "bank_bik": ""
    },
    {
        "org_ppa_guid": "7838413520",
        "internal_id": "240000072_2022_06",
        "account_internal_id": "240000072_2022_06",
        "gis_id": "240000072_2022_06",
        "month": "15.06.2022",
        "credit": "1500.09",
        "saldo": "1443.12",
        "payment_value": "1802.53",
        "payment_date": "15.06.2022",
        "bill_value": "",
        "account_number": "",
        "bank_bik": ""
    },
    {
        "org_ppa_guid": "7838413520",
        "internal_id": "240000073_2022_06",
        "account_internal_id": "240000073_2022_06",
        "gis_id": "240000073_2022_06",
        "month": "15.06.2022",
        "credit": "1926.37",
        "saldo": "2068.52",
        "payment_value": "1293.6",
        "payment_date": "15.06.2022",
        "bill_value": "",
        "account_number": "",
        "bank_bik": ""
    },
    {
        "org_ppa_guid": "7838413520",
        "internal_id": "240000074_2022_06",
        "account_internal_id": "240000074_2022_06",
        "gis_id": "240000074_2022_06",
        "month": "15.06.2022",
        "credit": "4651.05",
        "saldo": "6247.49",
        "payment_value": "42.0",
        "payment_date": "15.06.2022",
        "bill_value": "",
        "account_number": "",
        "bank_bik": ""
    },
    {
        "org_ppa_guid": "7838413520",
        "internal_id": "240000075_2022_06",
        "account_internal_id": "240000075_2022_06",
        "gis_id": "240000075_2022_06",
        "month": "15.06.2022",
        "credit": "6428.45",
        "saldo": "6594.58",
        "payment_value": "1575.96",
        "payment_date": "15.06.2022",
        "bill_value": "",
        "account_number": "",
        "bank_bik": ""
    },
    {
        "org_ppa_guid": "7838413520",
        "internal_id": "240000076_2022_06",
        "account_internal_id": "240000076_2022_06",
        "gis_id": "240000076_2022_06",
        "month": "15.06.2022",
        "credit": "2630.32",
        "saldo": "3367.85",
        "payment_value": "42.0",
        "payment_date": "15.06.2022",
        "bill_value": "",
        "account_number": "",
        "bank_bik": ""
    },
    {
        "org_ppa_guid": "7838413520",
        "internal_id": "240000077_2022_06",
        "account_internal_id": "240000077_2022_06",
        "gis_id": "240000077_2022_06",
        "month": "15.06.2022",
        "credit": "2025.25",
        "saldo": "4226.27",
        "payment_value": "42.0",
        "payment_date": "15.06.2022",
        "bill_value": "",
        "account_number": "",
        "bank_bik": ""
    },
    {
        "org_ppa_guid": "7838413520",
        "internal_id": "240000078_2022_06",
        "account_internal_id": "240000078_2022_06",
        "gis_id": "240000078_2022_06",
        "month": "15.06.2022",
        "credit": "7618.05",
        "saldo": "10757.75",
        "payment_value": "42.0",
        "payment_date": "15.06.2022",
        "bill_value": "",
        "account_number": "",
        "bank_bik": ""
    },
    {
        "org_ppa_guid": "7838413520",
        "internal_id": "240000079_2022_06",
        "account_internal_id": "240000079_2022_06",
        "gis_id": "240000079_2022_06",
        "month": "15.06.2022",
        "credit": "496.32",
        "saldo": "380.92",
        "payment_value": "850.7",
        "payment_date": "15.06.2022",
        "bill_value": "",
        "account_number": "",
        "bank_bik": ""
    },
    {
        "org_ppa_guid": "7838413520",
        "internal_id": "240000080_2022_06",
        "account_internal_id": "240000080_2022_06",
        "gis_id": "240000080_2022_06",
        "month": "15.06.2022",
        "credit": "2076.0",
        "saldo": "3534.87",
        "payment_value": "42.0",
        "payment_date": "15.06.2022",
        "bill_value": "",
        "account_number": "",
        "bank_bik": ""
    },
    {
        "org_ppa_guid": "7838413520",
        "internal_id": "240000081_2022_06",
        "account_internal_id": "240000081_2022_06",
        "gis_id": "240000081_2022_06",
        "month": "15.06.2022",
        "credit": "251.97",
        "saldo": "310.63",
        "payment_value": "864.98",
        "payment_date": "15.06.2022",
        "bill_value": "",
        "account_number": "",
        "bank_bik": ""
    },
    {
        "org_ppa_guid": "7838413520",
        "internal_id": "240000082_2022_06",
        "account_internal_id": "240000082_2022_06",
        "gis_id": "240000082_2022_06",
        "month": "15.06.2022",
        "credit": "1268.06",
        "saldo": "2716.53",
        "payment_value": "42.0",
        "payment_date": "15.06.2022",
        "bill_value": "",
        "account_number": "",
        "bank_bik": ""
    },
    {
        "org_ppa_guid": "7838413520",
        "internal_id": "240000083_2022_06",
        "account_internal_id": "240000083_2022_06",
        "gis_id": "240000083_2022_06",
        "month": "15.06.2022",
        "credit": "79.87",
        "saldo": "167.41",
        "payment_value": "830.32",
        "payment_date": "15.06.2022",
        "bill_value": "",
        "account_number": "",
        "bank_bik": ""
    },
    {
        "org_ppa_guid": "7838413520",
        "internal_id": "240000084_2022_06",
        "account_internal_id": "240000084_2022_06",
        "gis_id": "240000084_2022_06",
        "month": "15.06.2022",
        "credit": "5015.7",
        "saldo": "5051.87",
        "payment_value": "2401.83",
        "payment_date": "15.06.2022",
        "bill_value": "",
        "account_number": "",
        "bank_bik": ""
    },
    {
        "org_ppa_guid": "7838413520",
        "internal_id": "240000085_2022_06",
        "account_internal_id": "240000085_2022_06",
        "gis_id": "240000085_2022_06",
        "month": "15.06.2022",
        "credit": "1577.18",
        "saldo": "4003.62",
        "payment_value": "42.0",
        "payment_date": "15.06.2022",
        "bill_value": "",
        "account_number": "",
        "bank_bik": ""
    },
    {
        "org_ppa_guid": "7838413520",
        "internal_id": "240000086_2022_06",
        "account_internal_id": "240000086_2022_06",
        "gis_id": "240000086_2022_06",
        "month": "15.06.2022",
        "credit": "3074.31",
        "saldo": "3168.11",
        "payment_value": "1828.63",
        "payment_date": "15.06.2022",
        "bill_value": "",
        "account_number": "",
        "bank_bik": ""
    },
    {
        "org_ppa_guid": "7838413520",
        "internal_id": "241000001_2022_06",
        "account_internal_id": "241000001_2022_06",
        "gis_id": "241000001_2022_06",
        "month": "15.06.2022",
        "credit": "269.58",
        "saldo": "539.16",
        "payment_value": "42.0",
        "payment_date": "15.06.2022",
        "bill_value": "",
        "account_number": "",
        "bank_bik": ""
    },
    {
        "org_ppa_guid": "7838413520",
        "internal_id": "241000002_2022_06",
        "account_internal_id": "241000002_2022_06",
        "gis_id": "241000002_2022_06",
        "month": "15.06.2022",
        "credit": "269.58",
        "saldo": "539.16",
        "payment_value": "42.0",
        "payment_date": "15.06.2022",
        "bill_value": "",
        "account_number": "",
        "bank_bik": ""
    },
    {
        "org_ppa_guid": "7838413520",
        "internal_id": "241000003_2022_06",
        "account_internal_id": "241000003_2022_06",
        "gis_id": "241000003_2022_06",
        "month": "15.06.2022",
        "credit": "223.0",
        "saldo": "1166.41",
        "payment_value": "42.0",
        "payment_date": "15.06.2022",
        "bill_value": "",
        "account_number": "",
        "bank_bik": ""
    },
    {
        "org_ppa_guid": "7838413520",
        "internal_id": "241000004_2022_06",
        "account_internal_id": "241000004_2022_06",
        "gis_id": "241000004_2022_06",
        "month": "15.06.2022",
        "credit": "745.31",
        "saldo": "800.38",
        "payment_value": "326.76",
        "payment_date": "15.06.2022",
        "bill_value": "",
        "account_number": "",
        "bank_bik": ""
    },
    {
        "org_ppa_guid": "7838413520",
        "internal_id": "241000005_2022_06",
        "account_internal_id": "241000005_2022_06",
        "gis_id": "241000005_2022_06",
        "month": "15.06.2022",
        "credit": "701.49",
        "saldo": "753.33",
        "payment_value": "307.56",
        "payment_date": "15.06.2022",
        "bill_value": "",
        "account_number": "",
        "bank_bik": ""
    },
    {
        "org_ppa_guid": "7838413520",
        "internal_id": "241000006_2022_06",
        "account_internal_id": "241000006_2022_06",
        "gis_id": "241000006_2022_06",
        "month": "15.06.2022",
        "credit": "336.97",
        "saldo": "385.57",
        "payment_value": "288.37",
        "payment_date": "15.06.2022",
        "bill_value": "",
        "account_number": "",
        "bank_bik": ""
    },
    {
        "org_ppa_guid": "7838413520",
        "internal_id": "241000007_2022_06",
        "account_internal_id": "241000007_2022_06",
        "gis_id": "241000007_2022_06",
        "month": "15.06.2022",
        "credit": "891.03",
        "saldo": "949.35",
        "payment_value": "346.05",
        "payment_date": "15.06.2022",
        "bill_value": "",
        "account_number": "",
        "bank_bik": ""
    },
    {
        "org_ppa_guid": "7838413520",
        "internal_id": "241000008_2022_06",
        "account_internal_id": "241000008_2022_06",
        "gis_id": "241000008_2022_06",
        "month": "15.06.2022",
        "credit": "562.34",
        "saldo": "876.77",
        "payment_value": "42.0",
        "payment_date": "15.06.2022",
        "bill_value": "",
        "account_number": "",
        "bank_bik": ""
    },
    {
        "org_ppa_guid": "7838413520",
        "internal_id": "241000009_2022_06",
        "account_internal_id": "241000009_2022_06",
        "gis_id": "241000009_2022_06",
        "month": "15.06.2022",
        "credit": "537.26",
        "saldo": "851.69",
        "payment_value": "42.0",
        "payment_date": "15.06.2022",
        "bill_value": "",
        "account_number": "",
        "bank_bik": ""
    },
    {
        "org_ppa_guid": "7838413520",
        "internal_id": "241000010_2022_06",
        "account_internal_id": "241000010_2022_06",
        "gis_id": "241000010_2022_06",
        "month": "15.06.2022",
        "credit": "1239.2",
        "saldo": "725.31",
        "payment_value": "828.32",
        "payment_date": "15.06.2022",
        "bill_value": "",
        "account_number": "",
        "bank_bik": ""
    },
    {
        "org_ppa_guid": "7838413520",
        "internal_id": "241000011_2022_06",
        "account_internal_id": "241000011_2022_06",
        "gis_id": "241000011_2022_06",
        "month": "15.06.2022",
        "credit": "620.22",
        "saldo": "665.58",
        "payment_value": "269.07",
        "payment_date": "15.06.2022",
        "bill_value": "",
        "account_number": "",
        "bank_bik": ""
    },
    {
        "org_ppa_guid": "7838413520",
        "internal_id": "241000012_2022_06",
        "account_internal_id": "241000012_2022_06",
        "gis_id": "241000012_2022_06",
        "month": "15.06.2022",
        "credit": "315.86",
        "saldo": "361.22",
        "payment_value": "269.07",
        "payment_date": "15.06.2022",
        "bill_value": "",
        "account_number": "",
        "bank_bik": ""
    },
    {
        "org_ppa_guid": "7838413520",
        "internal_id": "241000013_2022_06",
        "account_internal_id": "241000013_2022_06",
        "gis_id": "241000013_2022_06",
        "month": "15.06.2022",
        "credit": "315.86",
        "saldo": "361.22",
        "payment_value": "269.07",
        "payment_date": "15.06.2022",
        "bill_value": "",
        "account_number": "",
        "bank_bik": ""
    },
    {
        "org_ppa_guid": "7838413520",
        "internal_id": "241000014_2022_06",
        "account_internal_id": "241000014_2022_06",
        "gis_id": "241000014_2022_06",
        "month": "15.06.2022",
        "credit": "557.08",
        "saldo": "612.15",
        "payment_value": "326.76",
        "payment_date": "15.06.2022",
        "bill_value": "",
        "account_number": "",
        "bank_bik": ""
    },
    {
        "org_ppa_guid": "7838413520",
        "internal_id": "241000015_2022_06",
        "account_internal_id": "241000015_2022_06",
        "gis_id": "241000015_2022_06",
        "month": "15.06.2022",
        "credit": "584.02",
        "saldo": "626.14",
        "payment_value": "249.89",
        "payment_date": "15.06.2022",
        "bill_value": "",
        "account_number": "",
        "bank_bik": ""
    },
    {
        "org_ppa_guid": "7838413520",
        "internal_id": "241000016_2022_06",
        "account_internal_id": "241000016_2022_06",
        "gis_id": "241000016_2022_06",
        "month": "15.06.2022",
        "credit": "673.94",
        "saldo": "722.54",
        "payment_value": "288.37",
        "payment_date": "15.06.2022",
        "bill_value": "",
        "account_number": "",
        "bank_bik": ""
    },
    {
        "org_ppa_guid": "7838413520",
        "internal_id": "241000017_2022_06",
        "account_internal_id": "241000017_2022_06",
        "gis_id": "241000017_2022_06",
        "month": "15.06.2022",
        "credit": "976.44",
        "saldo": "1425.66",
        "payment_value": "42.0",
        "payment_date": "15.06.2022",
        "bill_value": "",
        "account_number": "",
        "bank_bik": ""
    },
    {
        "org_ppa_guid": "7838413520",
        "internal_id": "241000018_2022_06",
        "account_internal_id": "241000018_2022_06",
        "gis_id": "241000018_2022_06",
        "month": "15.06.2022",
        "credit": "1155.04",
        "saldo": "1694.08",
        "payment_value": "42.0",
        "payment_date": "15.06.2022",
        "bill_value": "",
        "account_number": "",
        "bank_bik": ""
    },
    {
        "org_ppa_guid": "7838413520",
        "internal_id": "241000019_2022_06",
        "account_internal_id": "241000019_2022_06",
        "gis_id": "241000019_2022_06",
        "month": "15.06.2022",
        "credit": "976.44",
        "saldo": "1425.66",
        "payment_value": "42.0",
        "payment_date": "15.06.2022",
        "bill_value": "",
        "account_number": "",
        "bank_bik": ""
    },
    {
        "org_ppa_guid": "7838413520",
        "internal_id": "241000020_2022_06",
        "account_internal_id": "241000020_2022_06",
        "gis_id": "241000020_2022_06",
        "month": "15.06.2022",
        "credit": "555.57",
        "saldo": "607.41",
        "payment_value": "307.56",
        "payment_date": "15.06.2022",
        "bill_value": "",
        "account_number": "",
        "bank_bik": ""
    },
    {
        "org_ppa_guid": "7838413520",
        "internal_id": "241000021_2022_06",
        "account_internal_id": "241000021_2022_06",
        "gis_id": "241000021_2022_06",
        "month": "15.06.2022",
        "credit": "451.4",
        "saldo": "493.52",
        "payment_value": "249.89",
        "payment_date": "15.06.2022",
        "bill_value": "",
        "account_number": "",
        "bank_bik": ""
    },
    {
        "org_ppa_guid": "7838413520",
        "internal_id": "241000022_2022_06",
        "account_internal_id": "241000022_2022_06",
        "gis_id": "241000022_2022_06",
        "month": "15.06.2022",
        "credit": "628.86",
        "saldo": "674.22",
        "payment_value": "269.07",
        "payment_date": "15.06.2022",
        "bill_value": "",
        "account_number": "",
        "bank_bik": ""
    },
    {
        "org_ppa_guid": "7838413520",
        "internal_id": "241000023_2022_06",
        "account_internal_id": "241000023_2022_06",
        "gis_id": "241000023_2022_06",
        "month": "15.06.2022",
        "credit": "414.93",
        "saldo": "729.36",
        "payment_value": "42.0",
        "payment_date": "15.06.2022",
        "bill_value": "",
        "account_number": "",
        "bank_bik": ""
    },
    {
        "org_ppa_guid": "7838413520",
        "internal_id": "241000024_2022_06",
        "account_internal_id": "241000024_2022_06",
        "gis_id": "241000024_2022_06",
        "month": "15.06.2022",
        "credit": "276.99",
        "saldo": "591.42",
        "payment_value": "42.0",
        "payment_date": "15.06.2022",
        "bill_value": "",
        "account_number": "",
        "bank_bik": ""
    },
    {
        "org_ppa_guid": "7838413520",
        "internal_id": "241000025_2022_06",
        "account_internal_id": "241000025_2022_06",
        "gis_id": "241000025_2022_06",
        "month": "15.06.2022",
        "credit": "795.43",
        "saldo": "840.79",
        "payment_value": "269.07",
        "payment_date": "15.06.2022",
        "bill_value": "",
        "account_number": "",
        "bank_bik": ""
    },
    {
        "org_ppa_guid": "7838413520",
        "internal_id": "241000026_2022_06",
        "account_internal_id": "241000026_2022_06",
        "gis_id": "241000026_2022_06",
        "month": "15.06.2022",
        "credit": "690.38",
        "saldo": "1004.81",
        "payment_value": "42.0",
        "payment_date": "15.06.2022",
        "bill_value": "",
        "account_number": "",
        "bank_bik": ""
    },
    {
        "org_ppa_guid": "7838413520",
        "internal_id": "241000027_2022_06",
        "account_internal_id": "241000027_2022_06",
        "gis_id": "241000027_2022_06",
        "month": "15.06.2022",
        "credit": "690.38",
        "saldo": "1004.81",
        "payment_value": "42.0",
        "payment_date": "15.06.2022",
        "bill_value": "",
        "account_number": "",
        "bank_bik": ""
    },
    {
        "org_ppa_guid": "7838413520",
        "internal_id": "241000028_2022_06",
        "account_internal_id": "241000028_2022_06",
        "gis_id": "241000028_2022_06",
        "month": "15.06.2022",
        "credit": "840.76",
        "saldo": "1155.19",
        "payment_value": "42.0",
        "payment_date": "15.06.2022",
        "bill_value": "",
        "account_number": "",
        "bank_bik": ""
    },
    {
        "org_ppa_guid": "7838413520",
        "internal_id": "241000029_2022_06",
        "account_internal_id": "241000029_2022_06",
        "gis_id": "241000029_2022_06",
        "month": "15.06.2022",
        "credit": "406.81",
        "saldo": "452.17",
        "payment_value": "269.07",
        "payment_date": "15.06.2022",
        "bill_value": "",
        "account_number": "",
        "bank_bik": ""
    },
    {
        "org_ppa_guid": "7838413520",
        "internal_id": "241000030_2022_06",
        "account_internal_id": "241000030_2022_06",
        "gis_id": "241000030_2022_06",
        "month": "15.06.2022",
        "credit": "425.64",
        "saldo": "474.24",
        "payment_value": "288.37",
        "payment_date": "15.06.2022",
        "bill_value": "",
        "account_number": "",
        "bank_bik": ""
    },
    {
        "org_ppa_guid": "7838413520",
        "internal_id": "241000031_2022_06",
        "account_internal_id": "241000031_2022_06",
        "gis_id": "241000031_2022_06",
        "month": "15.06.2022",
        "credit": "314.43",
        "saldo": "359.81",
        "payment_value": "269.05",
        "payment_date": "15.06.2022",
        "bill_value": "",
        "account_number": "",
        "bank_bik": ""
    },
    {
        "org_ppa_guid": "7838413520",
        "internal_id": "241000032_2022_06",
        "account_internal_id": "241000032_2022_06",
        "gis_id": "241000032_2022_06",
        "month": "15.06.2022",
        "credit": "634.6",
        "saldo": "689.67",
        "payment_value": "326.76",
        "payment_date": "15.06.2022",
        "bill_value": "",
        "account_number": "",
        "bank_bik": ""
    },
    {
        "org_ppa_guid": "7838413520",
        "internal_id": "241000033_2022_06",
        "account_internal_id": "241000033_2022_06",
        "gis_id": "241000033_2022_06",
        "month": "15.06.2022",
        "credit": "1800.89",
        "saldo": "1956.41",
        "payment_value": "922.68",
        "payment_date": "15.06.2022",
        "bill_value": "",
        "account_number": "",
        "bank_bik": ""
    },
    {
        "org_ppa_guid": "7838413520",
        "internal_id": "241000034_2022_06",
        "account_internal_id": "241000034_2022_06",
        "gis_id": "241000034_2022_06",
        "month": "15.06.2022",
        "credit": "758.47",
        "saldo": "1095.44",
        "payment_value": "42.0",
        "payment_date": "15.06.2022",
        "bill_value": "",
        "account_number": "",
        "bank_bik": ""
    },
    {
        "org_ppa_guid": "7838413520",
        "internal_id": "241000035_2022_06",
        "account_internal_id": "241000035_2022_06",
        "gis_id": "241000035_2022_06",
        "month": "15.06.2022",
        "credit": "956.95",
        "saldo": "1271.38",
        "payment_value": "42.0",
        "payment_date": "15.06.2022",
        "bill_value": "",
        "account_number": "",
        "bank_bik": ""
    },
    {
        "org_ppa_guid": "7838413520",
        "internal_id": "241000036_2022_06",
        "account_internal_id": "241000036_2022_06",
        "gis_id": "241000036_2022_06",
        "month": "15.06.2022",
        "credit": "632.84",
        "saldo": "681.44",
        "payment_value": "288.37",
        "payment_date": "15.06.2022",
        "bill_value": "",
        "account_number": "",
        "bank_bik": ""
    },
    {
        "org_ppa_guid": "7838413520",
        "internal_id": "241000037_2022_06",
        "account_internal_id": "241000037_2022_06",
        "gis_id": "241000037_2022_06",
        "month": "15.06.2022",
        "credit": "1212.88",
        "saldo": "1382.7",
        "payment_value": "436.62",
        "payment_date": "15.06.2022",
        "bill_value": "",
        "account_number": "",
        "bank_bik": ""
    },
    {
        "org_ppa_guid": "7838413520",
        "internal_id": "241000038_2022_06",
        "account_internal_id": "241000038_2022_06",
        "gis_id": "241000038_2022_06",
        "month": "15.06.2022",
        "credit": "1223.45",
        "saldo": "1829.89",
        "payment_value": "42.0",
        "payment_date": "15.06.2022",
        "bill_value": "",
        "account_number": "",
        "bank_bik": ""
    },
    {
        "org_ppa_guid": "7838413520",
        "internal_id": "241000039_2022_06",
        "account_internal_id": "241000039_2022_06",
        "gis_id": "241000039_2022_06",
        "month": "15.06.2022",
        "credit": "1689.14",
        "saldo": "2048.54",
        "payment_value": "42.0",
        "payment_date": "15.06.2022",
        "bill_value": "",
        "account_number": "",
        "bank_bik": ""
    },
    {
        "org_ppa_guid": "7838413520",
        "internal_id": "241000040_2022_06",
        "account_internal_id": "241000040_2022_06",
        "gis_id": "241000040_2022_06",
        "month": "15.06.2022",
        "credit": "483.17",
        "saldo": "752.75",
        "payment_value": "42.0",
        "payment_date": "15.06.2022",
        "bill_value": "",
        "account_number": "",
        "bank_bik": ""
    },
    {
        "org_ppa_guid": "7838413520",
        "internal_id": "241000041_2022_06",
        "account_internal_id": "241000041_2022_06",
        "gis_id": "241000041_2022_06",
        "month": "15.06.2022",
        "credit": "591.82",
        "saldo": "861.4",
        "payment_value": "42.0",
        "payment_date": "15.06.2022",
        "bill_value": "",
        "account_number": "",
        "bank_bik": ""
    },
    {
        "org_ppa_guid": "7838413520",
        "internal_id": "241000042_2022_06",
        "account_internal_id": "241000042_2022_06",
        "gis_id": "241000042_2022_06",
        "month": "15.06.2022",
        "credit": "473.3",
        "saldo": "742.88",
        "payment_value": "42.0",
        "payment_date": "15.06.2022",
        "bill_value": "",
        "account_number": "",
        "bank_bik": ""
    },
    {
        "org_ppa_guid": "7838413520",
        "internal_id": "241000043_2022_06",
        "account_internal_id": "241000043_2022_06",
        "gis_id": "241000043_2022_06",
        "month": "15.06.2022",
        "credit": "2021.99",
        "saldo": "2942.98",
        "payment_value": "42.0",
        "payment_date": "15.06.2022",
        "bill_value": "",
        "account_number": "",
        "bank_bik": ""
    },
    {
        "org_ppa_guid": "7838413520",
        "internal_id": "241000044_2022_06",
        "account_internal_id": "241000044_2022_06",
        "gis_id": "241000044_2022_06",
        "month": "15.06.2022",
        "credit": "673.83",
        "saldo": "1347.66",
        "payment_value": "42.0",
        "payment_date": "15.06.2022",
        "bill_value": "",
        "account_number": "",
        "bank_bik": ""
    },
    {
        "org_ppa_guid": "7838413520",
        "internal_id": "241000045_2022_06",
        "account_internal_id": "241000045_2022_06",
        "gis_id": "241000045_2022_06",
        "month": "15.06.2022",
        "credit": "1903.4",
        "saldo": "2509.84",
        "payment_value": "42.0",
        "payment_date": "15.06.2022",
        "bill_value": "",
        "account_number": "",
        "bank_bik": ""
    },
    {
        "org_ppa_guid": "7838413520",
        "internal_id": "241000046_2022_06",
        "account_internal_id": "241000046_2022_06",
        "gis_id": "241000046_2022_06",
        "month": "15.06.2022",
        "credit": "686.33",
        "saldo": "1225.37",
        "payment_value": "42.0",
        "payment_date": "15.06.2022",
        "bill_value": "",
        "account_number": "",
        "bank_bik": ""
    },
    {
        "org_ppa_guid": "7838413520",
        "internal_id": "241000047_2022_06",
        "account_internal_id": "241000047_2022_06",
        "gis_id": "241000047_2022_06",
        "month": "15.06.2022",
        "credit": "1768.08",
        "saldo": "1871.76",
        "payment_value": "615.12",
        "payment_date": "15.06.2022",
        "bill_value": "",
        "account_number": "",
        "bank_bik": ""
    },
    {
        "org_ppa_guid": "7838413520",
        "internal_id": "241000048_2022_06",
        "account_internal_id": "241000048_2022_06",
        "gis_id": "241000048_2022_06",
        "month": "15.06.2022",
        "credit": "464.59",
        "saldo": "548.82",
        "payment_value": "499.78",
        "payment_date": "15.06.2022",
        "bill_value": "",
        "account_number": "",
        "bank_bik": ""
    },
    {
        "org_ppa_guid": "7838413520",
        "internal_id": "241000049_2022_06",
        "account_internal_id": "241000049_2022_06",
        "gis_id": "241000049_2022_06",
        "month": "15.06.2022",
        "credit": "1566.56",
        "saldo": "2083.18",
        "payment_value": "42.0",
        "payment_date": "15.06.2022",
        "bill_value": "",
        "account_number": "",
        "bank_bik": ""
    },
    {
        "org_ppa_guid": "7838413520",
        "internal_id": "241000050_2022_06",
        "account_internal_id": "241000050_2022_06",
        "gis_id": "241000050_2022_06",
        "month": "15.06.2022",
        "credit": "3882.95",
        "saldo": "1016.99",
        "payment_value": "3405.0",
        "payment_date": "15.06.2022",
        "bill_value": "",
        "account_number": "",
        "bank_bik": ""
    },
    {
        "org_ppa_guid": "7838413520",
        "internal_id": "241000051_2022_06",
        "account_internal_id": "241000051_2022_06",
        "gis_id": "241000051_2022_06",
        "month": "15.06.2022",
        "credit": "1461.32",
        "saldo": "2000.36",
        "payment_value": "42.0",
        "payment_date": "15.06.2022",
        "bill_value": "",
        "account_number": "",
        "bank_bik": ""
    },
    {
        "org_ppa_guid": "7838413520",
        "internal_id": "241000052_2022_06",
        "account_internal_id": "241000052_2022_06",
        "gis_id": "241000052_2022_06",
        "month": "15.06.2022",
        "credit": "2177.85",
        "saldo": "-504.19",
        "payment_value": "3108.84",
        "payment_date": "15.06.2022",
        "bill_value": "",
        "account_number": "",
        "bank_bik": ""
    },
    {
        "org_ppa_guid": "7838413520",
        "internal_id": "241000053_2022_06",
        "account_internal_id": "241000053_2022_06",
        "gis_id": "241000053_2022_06",
        "month": "15.06.2022",
        "credit": "1769.48",
        "saldo": "2533.13",
        "payment_value": "42.0",
        "payment_date": "15.06.2022",
        "bill_value": "",
        "account_number": "",
        "bank_bik": ""
    },
    {
        "org_ppa_guid": "7838413520",
        "internal_id": "241000054_2022_06",
        "account_internal_id": "241000054_2022_06",
        "gis_id": "241000054_2022_06",
        "month": "15.06.2022",
        "credit": "5213.63",
        "saldo": "948.78",
        "payment_value": "5118.44",
        "payment_date": "15.06.2022",
        "bill_value": "",
        "account_number": "",
        "bank_bik": ""
    },
    {
        "org_ppa_guid": "7838413520",
        "internal_id": "241000055_2022_06",
        "account_internal_id": "241000055_2022_06",
        "gis_id": "241000055_2022_06",
        "month": "15.06.2022",
        "credit": "409.44",
        "saldo": "679.02",
        "payment_value": "42.0",
        "payment_date": "15.06.2022",
        "bill_value": "",
        "account_number": "",
        "bank_bik": ""
    },
    {
        "org_ppa_guid": "7838413520",
        "internal_id": "241000056_2022_06",
        "account_internal_id": "241000056_2022_06",
        "gis_id": "241000056_2022_06",
        "month": "15.06.2022",
        "credit": "409.44",
        "saldo": "679.02",
        "payment_value": "42.0",
        "payment_date": "15.06.2022",
        "bill_value": "",
        "account_number": "",
        "bank_bik": ""
    },
    {
        "org_ppa_guid": "7838413520",
        "internal_id": "241000057_2022_06",
        "account_internal_id": "241000057_2022_06",
        "gis_id": "241000057_2022_06",
        "month": "15.06.2022",
        "credit": "692.28",
        "saldo": "526.58",
        "payment_value": "435.28",
        "payment_date": "15.06.2022",
        "bill_value": "",
        "account_number": "",
        "bank_bik": ""
    },
    {
        "org_ppa_guid": "7838413520",
        "internal_id": "241000058_2022_06",
        "account_internal_id": "241000058_2022_06",
        "gis_id": "241000058_2022_06",
        "month": "15.06.2022",
        "credit": "376.08",
        "saldo": "427.92",
        "payment_value": "307.56",
        "payment_date": "15.06.2022",
        "bill_value": "",
        "account_number": "",
        "bank_bik": ""
    },
    {
        "org_ppa_guid": "7838413520",
        "internal_id": "241000059_2022_06",
        "account_internal_id": "241000059_2022_06",
        "gis_id": "241000059_2022_06",
        "month": "15.06.2022",
        "credit": "738.19",
        "saldo": "1052.62",
        "payment_value": "42.0",
        "payment_date": "15.06.2022",
        "bill_value": "",
        "account_number": "",
        "bank_bik": ""
    },
    {
        "org_ppa_guid": "7838413520",
        "internal_id": "241000060_2022_06",
        "account_internal_id": "241000060_2022_06",
        "gis_id": "241000060_2022_06",
        "month": "15.06.2022",
        "credit": "852.88",
        "saldo": "1167.31",
        "payment_value": "42.0",
        "payment_date": "15.06.2022",
        "bill_value": "",
        "account_number": "",
        "bank_bik": ""
    },
    {
        "org_ppa_guid": "7838413520",
        "internal_id": "241000061_2022_06",
        "account_internal_id": "241000061_2022_06",
        "gis_id": "241000061_2022_06",
        "month": "15.06.2022",
        "credit": "868.43",
        "saldo": "616.66",
        "payment_value": "588.74",
        "payment_date": "15.06.2022",
        "bill_value": "",
        "account_number": "",
        "bank_bik": ""
    },
    {
        "org_ppa_guid": "7838413520",
        "internal_id": "241000062_2022_06",
        "account_internal_id": "241000062_2022_06",
        "gis_id": "241000062_2022_06",
        "month": "15.06.2022",
        "credit": "583.09",
        "saldo": "1234.5",
        "payment_value": "42.0",
        "payment_date": "15.06.2022",
        "bill_value": "",
        "account_number": "",
        "bank_bik": ""
    },
    {
        "org_ppa_guid": "7838413520",
        "internal_id": "241000063_2022_06",
        "account_internal_id": "241000063_2022_06",
        "gis_id": "241000063_2022_06",
        "month": "15.06.2022",
        "credit": "789.49",
        "saldo": "1665.51",
        "payment_value": "42.0",
        "payment_date": "15.06.2022",
        "bill_value": "",
        "account_number": "",
        "bank_bik": ""
    },
    {
        "org_ppa_guid": "7838413520",
        "internal_id": "241000064_2022_06",
        "account_internal_id": "241000064_2022_06",
        "gis_id": "241000064_2022_06",
        "month": "15.06.2022",
        "credit": "1219.96",
        "saldo": "1691.61",
        "payment_value": "42.0",
        "payment_date": "15.06.2022",
        "bill_value": "",
        "account_number": "",
        "bank_bik": ""
    },
    {
        "org_ppa_guid": "7838413520",
        "internal_id": "241000065_2022_06",
        "account_internal_id": "241000065_2022_06",
        "gis_id": "241000065_2022_06",
        "month": "15.06.2022",
        "credit": "2362.76",
        "saldo": "2430.79",
        "payment_value": "403.62",
        "payment_date": "15.06.2022",
        "bill_value": "",
        "account_number": "",
        "bank_bik": ""
    },
    {
        "org_ppa_guid": "7838413520",
        "internal_id": "241000066_2022_06",
        "account_internal_id": "241000066_2022_06",
        "gis_id": "241000066_2022_06",
        "month": "15.06.2022",
        "credit": "977.99",
        "saldo": "1472.18",
        "payment_value": "42.0",
        "payment_date": "15.06.2022",
        "bill_value": "",
        "account_number": "",
        "bank_bik": ""
    },
    {
        "org_ppa_guid": "7838413520",
        "internal_id": "241000067_2022_06",
        "account_internal_id": "241000067_2022_06",
        "gis_id": "241000067_2022_06",
        "month": "15.06.2022",
        "credit": "2401.36",
        "saldo": "3614.35",
        "payment_value": "42.0",
        "payment_date": "15.06.2022",
        "bill_value": "",
        "account_number": "",
        "bank_bik": ""
    },
    {
        "org_ppa_guid": "7838413520",
        "internal_id": "241000068_2022_06",
        "account_internal_id": "241000068_2022_06",
        "gis_id": "241000068_2022_06",
        "month": "15.06.2022",
        "credit": "472.59",
        "saldo": "511.47",
        "payment_value": "230.7",
        "payment_date": "15.06.2022",
        "bill_value": "",
        "account_number": "",
        "bank_bik": ""
    },
    {
        "org_ppa_guid": "7838413520",
        "internal_id": "241000069_2022_06",
        "account_internal_id": "241000069_2022_06",
        "gis_id": "241000069_2022_06",
        "month": "15.06.2022",
        "credit": "1053.49",
        "saldo": "1128.01",
        "payment_value": "442.1",
        "payment_date": "15.06.2022",
        "bill_value": "",
        "account_number": "",
        "bank_bik": ""
    },
    {
        "org_ppa_guid": "7838413520",
        "internal_id": "241000070_2022_06",
        "account_internal_id": "241000070_2022_06",
        "gis_id": "241000070_2022_06",
        "month": "15.06.2022",
        "credit": "516.62",
        "saldo": "591.14",
        "payment_value": "442.1",
        "payment_date": "15.06.2022",
        "bill_value": "",
        "account_number": "",
        "bank_bik": ""
    },
    {
        "org_ppa_guid": "7838413520",
        "internal_id": "241000071_2022_06",
        "account_internal_id": "241000071_2022_06",
        "gis_id": "241000071_2022_06",
        "month": "15.06.2022",
        "credit": "238.67",
        "saldo": "530.68",
        "payment_value": "42.0",
        "payment_date": "15.06.2022",
        "bill_value": "",
        "account_number": "",
        "bank_bik": ""
    },
    {
        "org_ppa_guid": "7838413520",
        "internal_id": "241000072_2022_06",
        "account_internal_id": "241000072_2022_06",
        "gis_id": "241000072_2022_06",
        "month": "15.06.2022",
        "credit": "293.18",
        "saldo": "652.58",
        "payment_value": "42.0",
        "payment_date": "15.06.2022",
        "bill_value": "",
        "account_number": "",
        "bank_bik": ""
    },
    {
        "org_ppa_guid": "7838413520",
        "internal_id": "241000073_2022_06",
        "account_internal_id": "241000073_2022_06",
        "gis_id": "241000073_2022_06",
        "month": "15.06.2022",
        "credit": "718.8",
        "saldo": "822.48",
        "payment_value": "615.12",
        "payment_date": "15.06.2022",
        "bill_value": "",
        "account_number": "",
        "bank_bik": ""
    },
    {
        "org_ppa_guid": "7838413520",
        "internal_id": "241000074_2022_06",
        "account_internal_id": "241000074_2022_06",
        "gis_id": "241000074_2022_06",
        "month": "15.06.2022",
        "credit": "965.84",
        "saldo": "1105.15",
        "payment_value": "826.53",
        "payment_date": "15.06.2022",
        "bill_value": "",
        "account_number": "",
        "bank_bik": ""
    },
    {
        "org_ppa_guid": "7838413520",
        "internal_id": "241000075_2022_06",
        "account_internal_id": "241000075_2022_06",
        "gis_id": "241000075_2022_06",
        "month": "15.06.2022",
        "credit": "1484.23",
        "saldo": "2450.07",
        "payment_value": "42.0",
        "payment_date": "15.06.2022",
        "bill_value": "",
        "account_number": "",
        "bank_bik": ""
    },
    {
        "org_ppa_guid": "7838413520",
        "internal_id": "241000076_2022_06",
        "account_internal_id": "241000076_2022_06",
        "gis_id": "241000076_2022_06",
        "month": "15.06.2022",
        "credit": "856.35",
        "saldo": "1552.72",
        "payment_value": "42.0",
        "payment_date": "15.06.2022",
        "bill_value": "",
        "account_number": "",
        "bank_bik": ""
    },
    {
        "org_ppa_guid": "7838413520",
        "internal_id": "241000077_2022_06",
        "account_internal_id": "241000077_2022_06",
        "gis_id": "241000077_2022_06",
        "month": "15.06.2022",
        "credit": "370.23",
        "saldo": "707.2",
        "payment_value": "42.0",
        "payment_date": "15.06.2022",
        "bill_value": "",
        "account_number": "",
        "bank_bik": ""
    },
    {
        "org_ppa_guid": "7838413520",
        "internal_id": "241000078_2022_06",
        "account_internal_id": "241000078_2022_06",
        "gis_id": "241000078_2022_06",
        "month": "15.06.2022",
        "credit": "379.34",
        "saldo": "806.14",
        "payment_value": "42.0",
        "payment_date": "15.06.2022",
        "bill_value": "",
        "account_number": "",
        "bank_bik": ""
    },
    {
        "org_ppa_guid": "7838413520",
        "internal_id": "241000079_2022_06",
        "account_internal_id": "241000079_2022_06",
        "gis_id": "241000079_2022_06",
        "month": "15.06.2022",
        "credit": "2778.07",
        "saldo": "3362.08",
        "payment_value": "42.0",
        "payment_date": "15.06.2022",
        "bill_value": "",
        "account_number": "",
        "bank_bik": ""
    },
    {
        "org_ppa_guid": "7838413520",
        "internal_id": "241000080_2022_06",
        "account_internal_id": "241000080_2022_06",
        "gis_id": "241000080_2022_06",
        "month": "15.06.2022",
        "credit": "1225.97",
        "saldo": "1809.98",
        "payment_value": "42.0",
        "payment_date": "15.06.2022",
        "bill_value": "",
        "account_number": "",
        "bank_bik": ""
    },
    {
        "org_ppa_guid": "7838413520",
        "internal_id": "241000081_2022_06",
        "account_internal_id": "241000081_2022_06",
        "gis_id": "241000081_2022_06",
        "month": "15.06.2022",
        "credit": "1165.19",
        "saldo": "1226.75",
        "payment_value": "365.24",
        "payment_date": "15.06.2022",
        "bill_value": "",
        "account_number": "",
        "bank_bik": ""
    },
    {
        "org_ppa_guid": "7838413520",
        "internal_id": "241000082_2022_06",
        "account_internal_id": "241000082_2022_06",
        "gis_id": "241000082_2022_06",
        "month": "15.06.2022",
        "credit": "981.79",
        "saldo": "1033.63",
        "payment_value": "307.56",
        "payment_date": "15.06.2022",
        "bill_value": "",
        "account_number": "",
        "bank_bik": ""
    },
    {
        "org_ppa_guid": "7838413520",
        "internal_id": "241000083_2022_06",
        "account_internal_id": "241000083_2022_06",
        "gis_id": "241000083_2022_06",
        "month": "15.06.2022",
        "credit": "404.37",
        "saldo": "462.69",
        "payment_value": "346.05",
        "payment_date": "15.06.2022",
        "bill_value": "",
        "account_number": "",
        "bank_bik": ""
    },
    {
        "org_ppa_guid": "7838413520",
        "internal_id": "241000084_2022_06",
        "account_internal_id": "241000084_2022_06",
        "gis_id": "241000084_2022_06",
        "month": "15.06.2022",
        "credit": "1873.05",
        "saldo": "2005.89",
        "payment_value": "788.15",
        "payment_date": "15.06.2022",
        "bill_value": "",
        "account_number": "",
        "bank_bik": ""
    },
    {
        "org_ppa_guid": "7838413520",
        "internal_id": "241000085_2022_06",
        "account_internal_id": "241000085_2022_06",
        "gis_id": "241000085_2022_06",
        "month": "15.06.2022",
        "credit": "1735.19",
        "saldo": "2723.45",
        "payment_value": "42.0",
        "payment_date": "15.06.2022",
        "bill_value": "",
        "account_number": "",
        "bank_bik": ""
    },
    {
        "org_ppa_guid": "7838413520",
        "internal_id": "241000086_2022_06",
        "account_internal_id": "241000086_2022_06",
        "gis_id": "241000086_2022_06",
        "month": "15.06.2022",
        "credit": "2574.85",
        "saldo": "1404.11",
        "payment_value": "1889.54",
        "payment_date": "15.06.2022",
        "bill_value": "",
        "account_number": "",
        "bank_bik": ""
    },
    {
        "org_ppa_guid": "7838413520",
        "internal_id": "241000087_2022_06",
        "account_internal_id": "241000087_2022_06",
        "gis_id": "241000087_2022_06",
        "month": "15.06.2022",
        "credit": "998.83",
        "saldo": "1066.86",
        "payment_value": "403.62",
        "payment_date": "15.06.2022",
        "bill_value": "",
        "account_number": "",
        "bank_bik": ""
    },
    {
        "org_ppa_guid": "7838413520",
        "internal_id": "241000088_2022_06",
        "account_internal_id": "241000088_2022_06",
        "gis_id": "241000088_2022_06",
        "month": "15.06.2022",
        "credit": "2201.01",
        "saldo": "2515.44",
        "payment_value": "42.0",
        "payment_date": "15.06.2022",
        "bill_value": "",
        "account_number": "",
        "bank_bik": ""
    },
    {
        "org_ppa_guid": "7838413520",
        "internal_id": "241000089_2022_06",
        "account_internal_id": "241000089_2022_06",
        "gis_id": "241000089_2022_06",
        "month": "15.06.2022",
        "credit": "1130.71",
        "saldo": "1176.07",
        "payment_value": "269.07",
        "payment_date": "15.06.2022",
        "bill_value": "",
        "account_number": "",
        "bank_bik": ""
    },
    {
        "org_ppa_guid": "7838413520",
        "internal_id": "241000090_2022_06",
        "account_internal_id": "241000090_2022_06",
        "gis_id": "241000090_2022_06",
        "month": "15.06.2022",
        "credit": "336.97",
        "saldo": "385.57",
        "payment_value": "288.37",
        "payment_date": "15.06.2022",
        "bill_value": "",
        "account_number": "",
        "bank_bik": ""
    },
    {
        "org_ppa_guid": "7838413520",
        "internal_id": "241000091_2022_06",
        "account_internal_id": "241000091_2022_06",
        "gis_id": "241000091_2022_06",
        "month": "15.06.2022",
        "credit": "1772.04",
        "saldo": "2064.05",
        "payment_value": "42.0",
        "payment_date": "15.06.2022",
        "bill_value": "",
        "account_number": "",
        "bank_bik": ""
    },
    {
        "org_ppa_guid": "7838413520",
        "internal_id": "241000092_2022_06",
        "account_internal_id": "241000092_2022_06",
        "gis_id": "241000092_2022_06",
        "month": "15.06.2022",
        "credit": "314.43",
        "saldo": "359.79",
        "payment_value": "269.07",
        "payment_date": "15.06.2022",
        "bill_value": "",
        "account_number": "",
        "bank_bik": ""
    },
    {
        "org_ppa_guid": "7838413520",
        "internal_id": "241000093_2022_06",
        "account_internal_id": "241000093_2022_06",
        "gis_id": "241000093_2022_06",
        "month": "15.06.2022",
        "credit": "314.43",
        "saldo": "359.79",
        "payment_value": "269.07",
        "payment_date": "15.06.2022",
        "bill_value": "",
        "account_number": "",
        "bank_bik": ""
    },
    {
        "org_ppa_guid": "7838413520",
        "internal_id": "241000094_2022_06",
        "account_internal_id": "241000094_2022_06",
        "gis_id": "241000094_2022_06",
        "month": "15.06.2022",
        "credit": "1865.32",
        "saldo": "2314.54",
        "payment_value": "42.0",
        "payment_date": "15.06.2022",
        "bill_value": "",
        "account_number": "",
        "bank_bik": ""
    },
    {
        "org_ppa_guid": "7838413520",
        "internal_id": "241000095_2022_06",
        "account_internal_id": "241000095_2022_06",
        "gis_id": "241000095_2022_06",
        "month": "15.06.2022",
        "credit": "1865.32",
        "saldo": "2314.54",
        "payment_value": "42.0",
        "payment_date": "15.06.2022",
        "bill_value": "",
        "account_number": "",
        "bank_bik": ""
    },
    {
        "org_ppa_guid": "7838413520",
        "internal_id": "241000096_2022_06",
        "account_internal_id": "241000096_2022_06",
        "gis_id": "241000096_2022_06",
        "month": "15.06.2022",
        "credit": "1078.32",
        "saldo": "1117.2",
        "payment_value": "230.7",
        "payment_date": "15.06.2022",
        "bill_value": "",
        "account_number": "",
        "bank_bik": ""
    },
    {
        "org_ppa_guid": "7838413520",
        "internal_id": "241000097_2022_06",
        "account_internal_id": "241000097_2022_06",
        "gis_id": "241000097_2022_06",
        "month": "15.06.2022",
        "credit": "1168.04",
        "saldo": "1210.16",
        "payment_value": "249.89",
        "payment_date": "15.06.2022",
        "bill_value": "",
        "account_number": "",
        "bank_bik": ""
    },
    {
        "org_ppa_guid": "7838413520",
        "internal_id": "241000098_2022_06",
        "account_internal_id": "241000098_2022_06",
        "gis_id": "241000098_2022_06",
        "month": "15.06.2022",
        "credit": "336.75",
        "saldo": "651.18",
        "payment_value": "42.0",
        "payment_date": "15.06.2022",
        "bill_value": "",
        "account_number": "",
        "bank_bik": ""
    },
    {
        "org_ppa_guid": "7838413520",
        "internal_id": "241000099_2022_06",
        "account_internal_id": "241000099_2022_06",
        "gis_id": "241000099_2022_06",
        "month": "15.06.2022",
        "credit": "1271.92",
        "saldo": "1056.52",
        "payment_value": "507.41",
        "payment_date": "15.06.2022",
        "bill_value": "",
        "account_number": "",
        "bank_bik": ""
    },
    {
        "org_ppa_guid": "7838413520",
        "internal_id": "241000100_2022_06",
        "account_internal_id": "241000100_2022_06",
        "gis_id": "241000100_2022_06",
        "month": "15.06.2022",
        "credit": "1271.92",
        "saldo": "1056.52",
        "payment_value": "507.41",
        "payment_date": "15.06.2022",
        "bill_value": "",
        "account_number": "",
        "bank_bik": ""
    },
    {
        "org_ppa_guid": "7838413520",
        "internal_id": "241000101_2022_06",
        "account_internal_id": "241000101_2022_06",
        "gis_id": "241000101_2022_06",
        "month": "15.06.2022",
        "credit": "1134.09",
        "saldo": "1538.46",
        "payment_value": "42.0",
        "payment_date": "15.06.2022",
        "bill_value": "",
        "account_number": "",
        "bank_bik": ""
    },
    {
        "org_ppa_guid": "7838413520",
        "internal_id": "241000102_2022_06",
        "account_internal_id": "241000102_2022_06",
        "gis_id": "241000102_2022_06",
        "month": "15.06.2022",
        "credit": "738.82",
        "saldo": "1053.25",
        "payment_value": "42.0",
        "payment_date": "15.06.2022",
        "bill_value": "",
        "account_number": "",
        "bank_bik": ""
    },
    {
        "org_ppa_guid": "7838413520",
        "internal_id": "241000103_2022_06",
        "account_internal_id": "241000103_2022_06",
        "gis_id": "241000103_2022_06",
        "month": "15.06.2022",
        "credit": "332.26",
        "saldo": "383.49",
        "payment_value": "263.2",
        "payment_date": "15.06.2022",
        "bill_value": "",
        "account_number": "",
        "bank_bik": ""
    },
    {
        "org_ppa_guid": "7838413520",
        "internal_id": "241000104_2022_06",
        "account_internal_id": "241000104_2022_06",
        "gis_id": "241000104_2022_06",
        "month": "15.06.2022",
        "credit": "314.43",
        "saldo": "359.79",
        "payment_value": "269.07",
        "payment_date": "15.06.2022",
        "bill_value": "",
        "account_number": "",
        "bank_bik": ""
    },
    {
        "org_ppa_guid": "7838413520",
        "internal_id": "241000105_2022_06",
        "account_internal_id": "241000105_2022_06",
        "gis_id": "241000105_2022_06",
        "month": "15.06.2022",
        "credit": "1112.28",
        "saldo": "1426.71",
        "payment_value": "42.0",
        "payment_date": "15.06.2022",
        "bill_value": "",
        "account_number": "",
        "bank_bik": ""
    },
    {
        "org_ppa_guid": "7838413520",
        "internal_id": "241000106_2022_06",
        "account_internal_id": "241000106_2022_06",
        "gis_id": "241000106_2022_06",
        "month": "15.06.2022",
        "credit": "314.43",
        "saldo": "359.79",
        "payment_value": "269.07",
        "payment_date": "15.06.2022",
        "bill_value": "",
        "account_number": "",
        "bank_bik": ""
    },
    {
        "org_ppa_guid": "7838413520",
        "internal_id": "241000107_2022_06",
        "account_internal_id": "241000107_2022_06",
        "gis_id": "241000107_2022_06",
        "month": "15.06.2022",
        "credit": "510.24",
        "saldo": "824.67",
        "payment_value": "42.0",
        "payment_date": "15.06.2022",
        "bill_value": "",
        "account_number": "",
        "bank_bik": ""
    },
    {
        "org_ppa_guid": "7838413520",
        "internal_id": "241000108_2022_06",
        "account_internal_id": "241000108_2022_06",
        "gis_id": "241000108_2022_06",
        "month": "15.06.2022",
        "credit": "332.26",
        "saldo": "377.62",
        "payment_value": "269.07",
        "payment_date": "15.06.2022",
        "bill_value": "",
        "account_number": "",
        "bank_bik": ""
    },
    {
        "org_ppa_guid": "7838413520",
        "internal_id": "241000109_2022_06",
        "account_internal_id": "241000109_2022_06",
        "gis_id": "241000109_2022_06",
        "month": "15.06.2022",
        "credit": "1013.34",
        "saldo": "1061.94",
        "payment_value": "288.37",
        "payment_date": "15.06.2022",
        "bill_value": "",
        "account_number": "",
        "bank_bik": ""
    },
    {
        "org_ppa_guid": "7838413520",
        "internal_id": "241000110_2022_06",
        "account_internal_id": "241000110_2022_06",
        "gis_id": "241000110_2022_06",
        "month": "15.06.2022",
        "credit": "988.38",
        "saldo": "1059.66",
        "payment_value": "422.91",
        "payment_date": "15.06.2022",
        "bill_value": "",
        "account_number": "",
        "bank_bik": ""
    },
    {
        "org_ppa_guid": "7838413520",
        "internal_id": "241000111_2022_06",
        "account_internal_id": "241000111_2022_06",
        "gis_id": "241000111_2022_06",
        "month": "15.06.2022",
        "credit": "808.74",
        "saldo": "867.06",
        "payment_value": "346.05",
        "payment_date": "15.06.2022",
        "bill_value": "",
        "account_number": "",
        "bank_bik": ""
    },
    {
        "org_ppa_guid": "7838413520",
        "internal_id": "241000112_2022_06",
        "account_internal_id": "241000112_2022_06",
        "gis_id": "241000112_2022_06",
        "month": "15.06.2022",
        "credit": "898.44",
        "saldo": "963.23",
        "payment_value": "384.43",
        "payment_date": "15.06.2022",
        "bill_value": "",
        "account_number": "",
        "bank_bik": ""
    },
    {
        "org_ppa_guid": "7838413520",
        "internal_id": "241000113_2022_06",
        "account_internal_id": "241000113_2022_06",
        "gis_id": "241000113_2022_06",
        "month": "15.06.2022",
        "credit": "2153.86",
        "saldo": "2490.83",
        "payment_value": "42.0",
        "payment_date": "15.06.2022",
        "bill_value": "",
        "account_number": "",
        "bank_bik": ""
    },
    {
        "org_ppa_guid": "7838413520",
        "internal_id": "241000114_2022_06",
        "account_internal_id": "241000114_2022_06",
        "gis_id": "241000114_2022_06",
        "month": "15.06.2022",
        "credit": "2.07",
        "saldo": "316.5",
        "payment_value": "42.0",
        "payment_date": "15.06.2022",
        "bill_value": "",
        "account_number": "",
        "bank_bik": ""
    },
    {
        "org_ppa_guid": "7838413520",
        "internal_id": "241000115_2022_06",
        "account_internal_id": "241000115_2022_06",
        "gis_id": "241000115_2022_06",
        "month": "15.06.2022",
        "credit": "1218.92",
        "saldo": "1533.35",
        "payment_value": "42.0",
        "payment_date": "15.06.2022",
        "bill_value": "",
        "account_number": "",
        "bank_bik": ""
    },
    {
        "org_ppa_guid": "7838413520",
        "internal_id": "241000116_2022_06",
        "account_internal_id": "241000116_2022_06",
        "gis_id": "241000116_2022_06",
        "month": "15.06.2022",
        "credit": "819.93",
        "saldo": "865.29",
        "payment_value": "269.07",
        "payment_date": "15.06.2022",
        "bill_value": "",
        "account_number": "",
        "bank_bik": ""
    },
    {
        "org_ppa_guid": "7838413520",
        "internal_id": "241000117_2022_06",
        "account_internal_id": "241000117_2022_06",
        "gis_id": "241000117_2022_06",
        "month": "15.06.2022",
        "credit": "767.71",
        "saldo": "813.07",
        "payment_value": "269.07",
        "payment_date": "15.06.2022",
        "bill_value": "",
        "account_number": "",
        "bank_bik": ""
    },
    {
        "org_ppa_guid": "7838413520",
        "internal_id": "241000118_2022_06",
        "account_internal_id": "241000118_2022_06",
        "gis_id": "241000118_2022_06",
        "month": "15.06.2022",
        "credit": "1872.56",
        "saldo": "1352.16",
        "payment_value": "834.83",
        "payment_date": "15.06.2022",
        "bill_value": "",
        "account_number": "",
        "bank_bik": ""
    },
    {
        "org_ppa_guid": "7838413520",
        "internal_id": "241000119_2022_06",
        "account_internal_id": "241000119_2022_06",
        "gis_id": "241000119_2022_06",
        "month": "15.06.2022",
        "credit": "1260.73",
        "saldo": "1575.16",
        "payment_value": "42.0",
        "payment_date": "15.06.2022",
        "bill_value": "",
        "account_number": "",
        "bank_bik": ""
    },
    {
        "org_ppa_guid": "7838413520",
        "internal_id": "241000120_2022_06",
        "account_internal_id": "241000120_2022_06",
        "gis_id": "241000120_2022_06",
        "month": "15.06.2022",
        "credit": "1036.73",
        "saldo": "1373.7",
        "payment_value": "42.0",
        "payment_date": "15.06.2022",
        "bill_value": "",
        "account_number": "",
        "bank_bik": ""
    },
    {
        "org_ppa_guid": "7838413520",
        "internal_id": "241000121_2022_06",
        "account_internal_id": "241000121_2022_06",
        "gis_id": "241000121_2022_06",
        "month": "15.06.2022",
        "credit": "1266.41",
        "saldo": "841.35",
        "payment_value": "829.43",
        "payment_date": "15.06.2022",
        "bill_value": "",
        "account_number": "",
        "bank_bik": ""
    },
    {
        "org_ppa_guid": "7838413520",
        "internal_id": "241000122_2022_06",
        "account_internal_id": "241000122_2022_06",
        "gis_id": "241000122_2022_06",
        "month": "15.06.2022",
        "credit": "1517.15",
        "saldo": "1556.03",
        "payment_value": "230.7",
        "payment_date": "15.06.2022",
        "bill_value": "",
        "account_number": "",
        "bank_bik": ""
    },
    {
        "org_ppa_guid": "7838413520",
        "internal_id": "241000123_2022_06",
        "account_internal_id": "241000123_2022_06",
        "gis_id": "241000123_2022_06",
        "month": "15.06.2022",
        "credit": "1517.15",
        "saldo": "1556.03",
        "payment_value": "230.7",
        "payment_date": "15.06.2022",
        "bill_value": "",
        "account_number": "",
        "bank_bik": ""
    },
    {
        "org_ppa_guid": "7838413520",
        "internal_id": "241000124_2022_06",
        "account_internal_id": "241000124_2022_06",
        "gis_id": "241000124_2022_06",
        "month": "15.06.2022",
        "credit": "1257.72",
        "saldo": "1303.08",
        "payment_value": "269.07",
        "payment_date": "15.06.2022",
        "bill_value": "",
        "account_number": "",
        "bank_bik": ""
    },
    {
        "org_ppa_guid": "7838413520",
        "internal_id": "241000125_2022_06",
        "account_internal_id": "241000125_2022_06",
        "gis_id": "241000125_2022_06",
        "month": "15.06.2022",
        "credit": "1784.49",
        "saldo": "-1187.88",
        "payment_value": "3241.95",
        "payment_date": "15.06.2022",
        "bill_value": "",
        "account_number": "",
        "bank_bik": ""
    },
    {
        "org_ppa_guid": "7838413520",
        "internal_id": "241000126_2022_06",
        "account_internal_id": "241000126_2022_06",
        "gis_id": "241000126_2022_06",
        "month": "15.06.2022",
        "credit": "2014.03",
        "saldo": "2283.61",
        "payment_value": "42.0",
        "payment_date": "15.06.2022",
        "bill_value": "",
        "account_number": "",
        "bank_bik": ""
    },
    {
        "org_ppa_guid": "7838413520",
        "internal_id": "241000311_2022_06",
        "account_internal_id": "241000311_2022_06",
        "gis_id": "241000311_2022_06",
        "month": "15.06.2022",
        "credit": "604.4",
        "saldo": "941.37",
        "payment_value": "42.0",
        "payment_date": "15.06.2022",
        "bill_value": "",
        "account_number": "",
        "bank_bik": ""
    },
    {
        "org_ppa_guid": "7838413520",
        "internal_id": "241001031_2022_06",
        "account_internal_id": "241001031_2022_06",
        "gis_id": "241001031_2022_06",
        "month": "15.06.2022",
        "credit": "309.8",
        "saldo": "357.14",
        "payment_value": "267.09",
        "payment_date": "15.06.2022",
        "bill_value": "",
        "account_number": "",
        "bank_bik": ""
    },
    {
        "org_ppa_guid": "7838413520",
        "internal_id": "241001191_2022_06",
        "account_internal_id": "241001191_2022_06",
        "gis_id": "241001191_2022_06",
        "month": "15.06.2022",
        "credit": "3835.47",
        "saldo": "-188.41",
        "payment_value": "4338.31",
        "payment_date": "15.06.2022",
        "bill_value": "",
        "account_number": "",
        "bank_bik": ""
    },
    {
        "org_ppa_guid": "7838413520",
        "internal_id": "241100031_2022_06",
        "account_internal_id": "241100031_2022_06",
        "gis_id": "241100031_2022_06",
        "month": "15.06.2022",
        "credit": "902.36",
        "saldo": "944.48",
        "payment_value": "249.89",
        "payment_date": "15.06.2022",
        "bill_value": "",
        "account_number": "",
        "bank_bik": ""
    },
    {
        "org_ppa_guid": "7838413520",
        "internal_id": "241100032_2022_06",
        "account_internal_id": "241100032_2022_06",
        "gis_id": "241100032_2022_06",
        "month": "15.06.2022",
        "credit": "766.58",
        "saldo": "1081.01",
        "payment_value": "42.0",
        "payment_date": "15.06.2022",
        "bill_value": "",
        "account_number": "",
        "bank_bik": ""
    },
    {
        "org_ppa_guid": "7838413520",
        "internal_id": "241200061_2022_06",
        "account_internal_id": "241200061_2022_06",
        "gis_id": "241200061_2022_06",
        "month": "15.06.2022",
        "credit": "1041.22",
        "saldo": "1310.8",
        "payment_value": "42.0",
        "payment_date": "15.06.2022",
        "bill_value": "",
        "account_number": "",
        "bank_bik": ""
    },
    {
        "org_ppa_guid": "7838413520",
        "internal_id": "241200301_2022_06",
        "account_internal_id": "241200301_2022_06",
        "gis_id": "241200301_2022_06",
        "month": "15.06.2022",
        "credit": "375.5",
        "saldo": "409.1",
        "payment_value": "258.41",
        "payment_date": "15.06.2022",
        "bill_value": "",
        "account_number": "",
        "bank_bik": ""
    },
    {
        "org_ppa_guid": "7838413520",
        "internal_id": "241200341_2022_06",
        "account_internal_id": "241200341_2022_06",
        "gis_id": "241200341_2022_06",
        "month": "15.06.2022",
        "credit": "3686.01",
        "saldo": "4202.63",
        "payment_value": "42.0",
        "payment_date": "15.06.2022",
        "bill_value": "",
        "account_number": "",
        "bank_bik": ""
    },
    {
        "org_ppa_guid": "7838413520",
        "internal_id": "241200391_2022_06",
        "account_internal_id": "241200391_2022_06",
        "gis_id": "241200391_2022_06",
        "month": "15.06.2022",
        "credit": "546.48",
        "saldo": "561.99",
        "payment_value": "119.28",
        "payment_date": "15.06.2022",
        "bill_value": "",
        "account_number": "",
        "bank_bik": ""
    },
    {
        "org_ppa_guid": "7838413520",
        "internal_id": "241200511_2022_06",
        "account_internal_id": "241200511_2022_06",
        "gis_id": "241200511_2022_06",
        "month": "15.06.2022",
        "credit": "1593.19",
        "saldo": "1704.34",
        "payment_value": "854.69",
        "payment_date": "15.06.2022",
        "bill_value": "",
        "account_number": "",
        "bank_bik": ""
    },
    {
        "org_ppa_guid": "7838413520",
        "internal_id": "241200521_2022_06",
        "account_internal_id": "241200521_2022_06",
        "gis_id": "241200521_2022_06",
        "month": "15.06.2022",
        "credit": "899.67",
        "saldo": "1259.07",
        "payment_value": "42.0",
        "payment_date": "15.06.2022",
        "bill_value": "",
        "account_number": "",
        "bank_bik": ""
    },
    {
        "org_ppa_guid": "7838413520",
        "internal_id": "241200581_2022_06",
        "account_internal_id": "241200581_2022_06",
        "gis_id": "241200581_2022_06",
        "month": "15.06.2022",
        "credit": "2156.64",
        "saldo": "2291.43",
        "payment_value": "42.0",
        "payment_date": "15.06.2022",
        "bill_value": "",
        "account_number": "",
        "bank_bik": ""
    },
    {
        "org_ppa_guid": "7838413520",
        "internal_id": "241200591_2022_06",
        "account_internal_id": "241200591_2022_06",
        "gis_id": "241200591_2022_06",
        "month": "15.06.2022",
        "credit": "1348.23",
        "saldo": "1864.85",
        "payment_value": "42.0",
        "payment_date": "15.06.2022",
        "bill_value": "",
        "account_number": "",
        "bank_bik": ""
    },
    {
        "org_ppa_guid": "7838413520",
        "internal_id": "241200681_2022_06",
        "account_internal_id": "241200681_2022_06",
        "gis_id": "241200681_2022_06",
        "month": "15.06.2022",
        "credit": "285.09",
        "saldo": "442.31",
        "payment_value": "42.0",
        "payment_date": "15.06.2022",
        "bill_value": "",
        "account_number": "",
        "bank_bik": ""
    },
    {
        "org_ppa_guid": "7838413520",
        "internal_id": "241200682_2022_06",
        "account_internal_id": "241200682_2022_06",
        "gis_id": "241200682_2022_06",
        "month": "15.06.2022",
        "credit": "2021.85",
        "saldo": "2156.64",
        "payment_value": "42.0",
        "payment_date": "15.06.2022",
        "bill_value": "",
        "account_number": "",
        "bank_bik": ""
    },
    {
        "org_ppa_guid": "7838413520",
        "internal_id": "241200701_2022_06",
        "account_internal_id": "241200701_2022_06",
        "gis_id": "241200701_2022_06",
        "month": "15.06.2022",
        "credit": "311.55",
        "saldo": "536.16",
        "payment_value": "42.0",
        "payment_date": "15.06.2022",
        "bill_value": "",
        "account_number": "",
        "bank_bik": ""
    },
    {
        "org_ppa_guid": "7838413520",
        "internal_id": "241200731_2022_06",
        "account_internal_id": "241200731_2022_06",
        "gis_id": "241200731_2022_06",
        "month": "15.06.2022",
        "credit": "522.11",
        "saldo": "383.29",
        "payment_value": "318.46",
        "payment_date": "15.06.2022",
        "bill_value": "",
        "account_number": "",
        "bank_bik": ""
    },
    {
        "org_ppa_guid": "7838413520",
        "internal_id": "241200861_2022_06",
        "account_internal_id": "241200861_2022_06",
        "gis_id": "241200861_2022_06",
        "month": "15.06.2022",
        "credit": "720.67",
        "saldo": "741.34",
        "payment_value": "158.97",
        "payment_date": "15.06.2022",
        "bill_value": "",
        "account_number": "",
        "bank_bik": ""
    },
    {
        "org_ppa_guid": "7838413520",
        "internal_id": "241200871_2022_06",
        "account_internal_id": "241200871_2022_06",
        "gis_id": "241200871_2022_06",
        "month": "15.06.2022",
        "credit": "688.81",
        "saldo": "868.45",
        "payment_value": "42.0",
        "payment_date": "15.06.2022",
        "bill_value": "",
        "account_number": "",
        "bank_bik": ""
    },
    {
        "org_ppa_guid": "7838413520",
        "internal_id": "241200901_2022_06",
        "account_internal_id": "241200901_2022_06",
        "gis_id": "241200901_2022_06",
        "month": "15.06.2022",
        "credit": "314.44",
        "saldo": "352.55",
        "payment_value": "119.11",
        "payment_date": "15.06.2022",
        "bill_value": "",
        "account_number": "",
        "bank_bik": ""
    },
    {
        "org_ppa_guid": "7838413520",
        "internal_id": "241200902_2022_06",
        "account_internal_id": "241200902_2022_06",
        "gis_id": "241200902_2022_06",
        "month": "15.06.2022",
        "credit": "270.64",
        "saldo": "303.31",
        "payment_value": "102.12",
        "payment_date": "15.06.2022",
        "bill_value": "",
        "account_number": "",
        "bank_bik": ""
    },
    {
        "org_ppa_guid": "7838413520",
        "internal_id": "241200931_2022_06",
        "account_internal_id": "241200931_2022_06",
        "gis_id": "241200931_2022_06",
        "month": "15.06.2022",
        "credit": "1056.21",
        "saldo": "1107.9",
        "payment_value": "397.53",
        "payment_date": "15.06.2022",
        "bill_value": "",
        "account_number": "",
        "bank_bik": ""
    },
    {
        "org_ppa_guid": "7838413520",
        "internal_id": "42_2022_06",
        "account_internal_id": "42_2022_06",
        "gis_id": "42_2022_06",
        "month": "15.06.2022",
        "credit": "0.0",
        "saldo": "0.0",
        "payment_value": "0.0",
        "payment_date": "",
        "bill_value": "",
        "account_number": "",
        "bank_bik": ""
    }
]